L,h,sample,n_imp,B,B_round,B_abs_round,gap,homo,lumo,E0,abs_E0,IPR0,PR0,IPR0_scaled_L2,Wimp0,f_mask,Wimp_ratio,Wimp_excess
16,-3.7,0,8,1.2678044355278186e-15,0,0,0.1640629620115674,-0.08203148100578339,0.08203148100578399,-0.08203148100578339,0.08203148100578339,0.026085638577354003,38.335270077234775,6.677923475802625,0.7589883015402065,0.27734375,2.7366338759759556,0.48164455154020647
16,-3.7,1,8,-7.465468627324088e-16,0,0,0.19160054997704845,-0.09580027498852425,0.0958002749885242,0.0958002749885242,0.0958002749885242,0.03407733018712585,29.34502188137356,8.723796527904218,0.7934925220152997,0.234375,3.3855680939319455,0.5591175220152997
16,-3.7,2,8,-2.8199813816378786e-15,0,0,0.11298589277051097,-0.05649294638525533,0.05649294638525564,-0.05649294638525533,0.05649294638525533,0.02779694443579158,35.975177138980484,7.116017775562645,0.7750764394866866,0.22265625,3.4810450615542416,0.5524201894866866
16,-3.7,3,8,4.6383089104676285e-15,0,0,0.15062006341416984,-0.07531003170708483,0.07531003170708499,-0.07531003170708483,0.07531003170708483,0.03751629735666583,26.655082469707573,9.604172123306453,0.7050348470571254,0.22265625,3.166472295554809,0.4823785970571254
16,-3.7,4,8,-1.6377647891008318e-15,0,0,0.16189312117421484,-0.0809465605871075,0.08094656058710735,0.08094656058710735,0.08094656058710735,0.026777667593759935,37.3445520039629,6.855082904002543,0.7954773892609941,0.25390625,3.1329571023202227,0.5415711392609941
16,-3.7,5,8,-1.512420012591766e-15,0,0,0.19376423094254466,-0.09688211547127244,0.09688211547127222,0.09688211547127222,0.09688211547127222,0.024082646790028597,41.52367506440568,6.165157578247321,0.7694972189111178,0.2578125,2.9847164854734265,0.5116847189111178
16,-3.7,6,8,-2.9652046249060913e-15,0,0,0.16724868464210402,-0.08362434232105233,0.0836243423210517,0.0836243423210517,0.0836243423210517,0.03171596486887544,31.529862141490547,8.119287006432113,0.7679085441645934,0.24609375,3.1203902747005703,0.5218147941645934
16,-3.7,7,8,-6.570937623162474e-17,0,0,0.15542606466957543,-0.07771303233478824,0.07771303233478717,0.07771303233478717,0.07771303233478717,0.029540663005681308,33.85164374298838,7.562409729454415,0.7663632919200536,0.26171875,2.9281940706199063,0.5046445419200536
16,-3.7,8,8,-3.021526947390341e-15,0,0,0.1538386718638196,-0.07691933593190939,0.07691933593191021,-0.07691933593190939,0.07691933593190939,0.03461856669136981,28.886233474515674,8.862353072990672,0.7106370564091995,0.2421875,2.934243329689598,0.4684495564091995
16,-3.7,9,8,9.144094709207611e-16,0,0,0.15893363679304953,-0.07946681839652482,0.07946681839652471,0.07946681839652471,0.07946681839652471,0.03223424068163366,31.022911626076475,8.251965614498216,0.7561344704096751,0.28125,2.688478117012178,0.4748844704096751
16,-3.7,10,8,2.23080571408205e-15,0,0,0.15607999318366694,-0.07803999659183385,0.07803999659183308,0.07803999659183308,0.07803999659183308,0.035659574186405966,28.04295964872225,9.128850991719927,0.7438318623614103,0.24609375,3.0225548692781117,0.4977381123614103
16,-3.7,11,8,7.531730183187911e-16,0,0,0.1708525098666207,-0.08542625493331049,0.08542625493331021,0.08542625493331021,0.08542625493331021,0.026976194620928706,37.069720694563,6.905905822957749,0.8085745421450756,0.26953125,2.9999287360744833,0.5390432921450756
16,-3.7,12,8,2.6040791454482545e-15,0,0,0.16939466316884205,-0.08469733158442154,0.08469733158442051,0.08469733158442051,0.08469733158442051,0.04229357973501686,23.644250646678003,10.827156412164316,0.7496237761737918,0.25390625,2.9523644107767804,0.49571752617379183
16,-3.7,13,8,5.654319433712919e-15,0,0,0.1816398207813914,-0.09081991039069558,0.09081991039069583,-0.09081991039069558,0.09081991039069558,0.02541627147051336,39.34487405676903,6.506565496451421,0.812932700329492,0.28125,2.890427378949305,0.531682700329492
16,-3.7,14,8,-1.5057938570053837e-15,0,0,0.15249042763983148,-0.07624521381991613,0.07624521381991535,0.07624521381991535,0.07624521381991535,0.03196525161027217,31.283970862868028,8.183104412229676,0.8055198699533004,0.2421875,3.3260175275491113,0.5633323699533004
16,-3.7,15,8,3.5068928440928462e-15,0,0,0.12358537250408257,-0.06179268625204116,0.06179268625204141,-0.06179268625204116,0.06179268625204116,0.020860059692991498,47.938501361814275,5.340175281405823,0.7422452110444416,0.25,2.9689808441777665,0.49224521104444163
16,-3.7,16,8,5.161775201791832e-15,0,0,0.17452973873613398,-0.08726486936806706,0.08726486936806692,0.08726486936806692,0.08726486936806692,0.03733356697476145,26.785546654998928,9.557393145538931,0.7414258553238312,0.25,2.965703421295325,0.4914258553238312
16,-3.7,17,8,1.0485891215450031e-15,0,0,0.1233118362020969,-0.06165591810104813,0.06165591810104878,-0.06165591810104813,0.06165591810104813,0.022146705942051616,45.15344189860871,5.669556721165214,0.8167489662774936,0.26171875,3.1207124681647516,0.5550302162774936
16,-3.7,18,8,-4.787949590793429e-15,0,0,0.13618915844172774,-0.06809457922086404,0.06809457922086372,0.06809457922086372,0.06809457922086372,0.032645304443198825,30.6322767410532,8.3571979374589,0.8068703493160327,0.24609375,3.2787112607127677,0.5607765993160327
16,-3.7,19,8,-2.1916009601959544e-15,0,0,0.17957083857535927,-0.08978541928767944,0.08978541928767984,-0.08978541928767944,0.08978541928767944,0.02870709979622671,34.834588206344726,7.349017547834038,0.6821075998396497,0.22265625,3.0635007992798307,0.45945134983964975
16,-3.7,20,8,-1.0822720791091133e-16,0,0,0.1389011030674132,-0.06945055153370683,0.06945055153370637,0.06945055153370637,0.06945055153370637,0.024387011984018825,41.00543357486006,6.243075067908819,0.7612035712617613,0.2421875,3.143034100693724,0.5190160712617613
16,-3.7,21,8,-1.5477595090524718e-15,0,0,0.18167697510529612,-0.09083848755264852,0.0908384875526476,0.0908384875526476,0.0908384875526476,0.03353908932418752,29.81595565502806,8.586006866992005,0.8009842282915849,0.26171875,3.060477051382772,0.5392654782915849
16,-3.7,22,8,1.1706208202608776e-15,0,0,0.16979174601030592,-0.08489587300515222,0.0848958730051537,-0.08489587300515222,0.08489587300515222,0.04823014801368085,20.733919367536306,12.346917891502297,0.7363106113928053,0.234375,3.141591941942636,0.5019356113928053
16,-3.7,23,8,1.8763063902105957e-15,0,0,0.17192457944225667,-0.08596228972112878,0.08596228972112789,0.08596228972112789,0.08596228972112789,0.03415158354849282,29.281219085494854,8.742805388414162,0.8070696890092803,0.2734375,2.9515691483767967,0.5336321890092803
16,-3.7,24,8,4.638308910467629e-17,0,0,0.16505563887623365,-0.08252781943811695,0.08252781943811668,0.08252781943811668,0.08252781943811668,0.04005356525903949,24.966566484972645,10.25371270631411,0.7452013217693282,0.265625,2.8054637996021765,0.4795763217693282
16,-3.7,25,8,6.449458104078798e-16,0,0,0.13541398897946066,-0.06770699448973026,0.0677069944897304,-0.06770699448973026,0.06770699448973026,0.03429199205579867,29.16132718020104,8.77874996628446,0.788548213878228,0.234375,3.364472379213773,0.554173213878228
16,-3.7,26,8,3.1142931255996934e-15,0,0,0.07815148770067873,-0.03907574385033973,0.03907574385033899,0.03907574385033899,0.03907574385033899,0.03986177032784398,25.086693134185428,10.204613203928059,0.7953660095186905,0.25,3.181464038074762,0.5453660095186905
16,-3.7,27,8,-4.216443671467954e-15,0,0,0.16400063844595858,-0.08200031922297932,0.08200031922297926,0.08200031922297926,0.08200031922297926,0.04166352429801781,24.001810140856858,10.66586222029256,0.7649060300370691,0.24609375,3.1081895823728525,0.5188122800370691
16,-3.7,28,8,-2.8702297281679445e-15,0,0,0.16525085559518893,-0.0826254277975944,0.08262542779759452,-0.0826254277975944,0.0826254277975944,0.036975399955654895,27.045008335252998,9.465702388647653,0.7593018806329408,0.24609375,3.085417165746553,0.5132081306329408
16,-3.7,29,8,3.38927858243456e-15,0,0,0.14371099916686175,-0.0718554995834309,0.07185549958343085,0.07185549958343085,0.07185549958343085,0.028799127932726133,34.72327364689545,7.37257675077789,0.7720665628759832,0.2578125,2.994682425700783,0.5142540628759832
16,-3.68,0,8,-2.4229642260871374e-15,0,0,0.1514395559956233,-0.0757197779978116,0.07571977799781171,-0.0757197779978116,0.0757197779978116,0.026466186425114176,37.78406091219415,6.775343724829229,0.7616467022833925,0.27734375,2.746219095557021,0.4843029522833925
16,-3.68,1,8,2.8001029148787317e-15,0,0,0.1787739665749128,-0.0893869832874562,0.08938698328745658,-0.0893869832874562,0.0893869832874562,0.03376115356963148,29.619840978997548,8.64285531382566,0.7988053756418867,0.234375,3.4082362694053834,0.5644303756418867
16,-3.68,2,8,-2.3970117833738066e-15,0,0,0.10171108275331903,-0.0508555413766589,0.05085554137666013,-0.0508555413766589,0.0508555413766589,0.02794231259680465,35.788018494731006,7.153232024781991,0.777097030025034,0.22265625,3.4901199944983987,0.554440780025034
16,-3.68,3,8,-1.683043518941111e-15,0,0,0.13889930202830536,-0.06944965101415229,0.06944965101415307,-0.06944965101415229,0.06944965101415229,0.03860798947609355,25.901374652498028,9.883645305879948,0.707615160901274,0.22265625,3.178061073521511,0.48495891090127397
16,-3.68,4,8,-2.6648189049900923e-15,0,0,0.14867659407099154,-0.07433829703549528,0.07433829703549626,-0.07433829703549528,0.07433829703549528,0.026856513240517493,37.2349154577272,6.875267389572478,0.8011300589273027,0.25390625,3.1552199243906074,0.5472238089273027
16,-3.68,5,8,-3.271112141144075e-15,0,0,0.1813318587106811,-0.09066592935534103,0.09066592935534008,0.09066592935534008,0.09066592935534008,0.024017977692234675,41.63547875736903,6.148602289212077,0.7764362753140716,0.2578125,3.011631613339429,0.5186237753140716
16,-3.68,6,8,-5.032565167857377e-15,0,0,0.15444135193822794,-0.07722067596911468,0.07722067596911328,0.07722067596911328,0.07722067596911328,0.031655895879874885,31.589691973802143,8.10390934524797,0.7738610990899519,0.24609375,3.144578434397265,0.5277673490899519
16,-3.68,7,8,4.468237583750482e-15,0,0,0.14311562989695256,-0.07155781494847606,0.0715578149484765,-0.07155781494847606,0.07155781494847606,0.03016086403001665,33.15554882661125,7.721181191684263,0.7689712578481722,0.26171875,2.9381588359571955,0.5072525078481722
16,-3.68,8,8,-2.611809660299034e-16,0,0,0.14206372333327227,-0.0710318616666368,0.07103186166663546,0.07103186166663546,0.07103186166663546,0.03536152553939531,28.27932292926467,9.0525505380852,0.7136063942892424,0.2421875,2.946503821581388,0.47141889428924244
16,-3.68,9,8,-1.117611575569819e-15,0,0,0.146490703560877,-0.0732453517804384,0.0732453517804386,-0.0732453517804384,0.0732453517804384,0.03250656540291832,30.763016258562455,8.32168074314709,0.7592372183272352,0.28125,2.6995101096079477,0.47798721832723523
16,-3.68,10,8,2.721141227474342e-15,0,0,0.14385515811486166,-0.07192757905743134,0.0719275790574303,0.0719275790574303,0.0719275790574303,0.035800608477422606,27.93248613722984,9.164955770220187,0.746467228692315,0.24609375,3.033263659448137,0.500373478692315
16,-3.68,11,8,3.3384780562722955e-15,0,0,0.15821864757521115,-0.0791093237876057,0.07910932378760543,0.07910932378760543,0.07910932378760543,0.026909442291569177,37.161676900056136,6.888817226641709,0.8169887285385392,0.26953125,3.031146587041537,0.5474574785385392
16,-3.68,12,8,1.9011544736595294e-15,0,0,0.15740971058960102,-0.07870485529480042,0.07870485529480058,-0.07870485529480042,0.07870485529480042,0.04328303415508301,23.103740750174826,11.08045674370125,0.7534167376196748,0.25390625,2.9673028435482576,0.49951048761967476
16,-3.68,13,8,-4.676961484721525e-16,0,0,0.16816189904436946,-0.08408094952218474,0.08408094952218471,0.08408094952218471,0.08408094952218471,0.025816985360842856,38.73418937273444,6.609148252375771,0.8156744025539333,0.28125,2.900175653525096,0.5344244025539333
16,-3.68,14,8,5.213680087218494e-15,0,0,0.13927386851000617,-0.0696369342550029,0.06963693425500328,-0.0696369342550029,0.0696369342550029,0.032573204101333485,30.700080866747214,8.338740249941372,0.8093567639085077,0.2421875,3.341860186460935,0.5671692639085077
16,-3.68,15,8,-2.5353327812395375e-15,0,0,0.11315962346010347,-0.056579811730051555,0.05657981173005191,-0.056579811730051555,0.056579811730051555,0.020793728397888595,48.09142357084651,5.32319446985948,0.7470934905898592,0.25,2.9883739623594368,0.4970934905898592
16,-3.68,16,8,-3.796787150997073e-15,0,0,0.1622873129406267,-0.08114365647031294,0.08114365647031378,-0.08114365647031294,0.08114365647031294,0.03771683455933411,26.513359662430137,9.655509647189533,0.7452245581590637,0.25,2.980898232636255,0.49522455815906374
16,-3.68,17,8,5.454430406857052e-15,0,0,0.11045153173439927,-0.05522576586719958,0.05522576586719969,-0.05522576586719958,0.05522576586719958,0.02175346378165853,45.96969062201265,5.568886728104584,0.8174009241221982,0.26171875,3.1232035309743695,0.5556821741221982
16,-3.68,18,8,2.0165600167890215e-15,0,0,0.12382652717639242,-0.06191326358819673,0.0619132635881957,0.0619132635881957,0.0619132635881957,0.03251174882774739,30.758111638293126,8.323007699903332,0.8062584979178216,0.24609375,3.2762250074121004,0.5601647479178216
16,-3.68,19,8,3.586406711129435e-15,0,0,0.1707852754426516,-0.0853926377213256,0.08539263772132598,-0.0853926377213256,0.0853926377213256,0.030044975086789896,33.283435819511716,7.691513622218213,0.6894110046526268,0.22265625,3.0963020559837275,0.46675475465262684
16,-3.68,20,8,6.570937623162474e-16,0,0,0.12647612046369813,-0.06323806023184936,0.06323806023184878,0.06323806023184878,0.06323806023184878,0.02486507632370068,40.217049285580856,6.365459538867374,0.7628978252064648,0.2421875,3.150029729884758,0.5207103252064648
16,-3.68,21,8,6.0717672356550056e-15,0,0,0.16891101032583614,-0.08445550516291762,0.08445550516291851,-0.08445550516291762,0.08445550516291762,0.03294963542785455,30.349349454550644,8.435106669530764,0.8037690028479217,0.26171875,3.0711173840159396,0.5420502528479217
16,-3.68,22,8,-1.3716142063811417e-15,0,0,0.15766424634931273,-0.07883212317465595,0.07883212317465678,-0.07883212317465595,0.07883212317465595,0.0479003150992523,20.876689389786698,12.262480665408589,0.7397597315940944,0.234375,3.1563081881348025,0.5053847315940944
16,-3.68,23,8,4.837093578059098e-16,0,0,0.15863346879796789,-0.07931673439898383,0.07931673439898405,-0.07931673439898383,0.07931673439898383,0.03458697632641278,28.91261700827943,8.854265939561671,0.81257547859195,0.2734375,2.9717046074219886,0.53913797859195
16,-3.68,24,8,3.2192072557174137e-16,0,0,0.15265061832784857,-0.07632530916392444,0.07632530916392413,0.07632530916392413,0.07632530916392413,0.03961363225946411,25.243835088136596,10.141089858422813,0.7489485706535722,0.265625,2.819571089519331,0.48332357065357223
16,-3.68,25,8,2.5632178526655632e-15,0,0,0.12394325014619753,-0.061971625073098835,0.061971625073098696,0.061971625073098696,0.061971625073098696,0.034770365516902844,28.760123315754967,8.901213572327128,0.7884765025897698,0.234375,3.3641664110496845,0.5541015025897698
16,-3.68,26,8,3.8210830548138084e-16,0,0,0.06526730267333739,-0.03263365133666872,0.03263365133666867,0.03263365133666867,0.03263365133666867,0.03951411032487357,25.307415294898192,10.115612243167634,0.796048632620047,0.25,3.184194530480188,0.546048632620047
16,-3.68,27,8,1.0380977085332311e-15,0,0,0.1514833013085311,-0.07574165065426595,0.07574165065426516,0.07574165065426516,0.07574165065426516,0.04191552378208267,23.85750933708868,10.730374088213164,0.768070139498696,0.24609375,3.121046916058193,0.521976389498696
16,-3.68,28,8,1.4356670437161708e-16,0,0,0.1528362804619931,-0.07641814023099659,0.07641814023099651,0.07641814023099651,0.07641814023099651,0.037009854434594425,27.01983067151068,9.474522735256173,0.7688653455443267,0.24609375,3.124278229513455,0.5227715955443267
16,-3.68,29,8,1.3683011285879504e-15,0,0,0.130944681885919,-0.0654723409429598,0.06547234094295923,0.06547234094295923,0.06547234094295923,0.029066186901939295,34.40423758966747,7.4409438468964595,0.7739806871031983,0.2578125,3.0021069075517994,0.5161681871031983
16,-3.66,0,8,-3.0767449106101937e-15,0,0,0.13867565807753068,-0.06933782903876508,0.06933782903876559,-0.06933782903876508,0.06933782903876508,0.026847373664109393,37.247591235966546,6.872927658012005,0.7640905071540423,0.27734375,2.7550305610061243,0.48674675715404225
16,-3.66,1,8,2.694636605128813e-16,0,0,0.16574702610219627,-0.08287351305109839,0.0828735130510979,0.0828735130510979,0.0828735130510979,0.03353723478003909,29.817604419646027,8.585532103690007,0.8033431134307712,0.234375,3.4275972839712905,0.5689681134307712
16,-3.66,2,8,6.480380163481915e-15,0,0,0.09058151904303821,-0.04529075952151846,0.04529075952151976,-0.04529075952151846,0.04529075952151846,0.028079551318483262,35.613104663170084,7.188365137531715,0.7786125917404173,0.22265625,3.496926727816611,0.5559563417404173
16,-3.66,3,8,1.40971460100284e-15,0,0,0.127055891905683,-0.06352794595284157,0.06352794595284142,0.06352794595284142,0.06352794595284142,0.03974276829627939,25.161810383843275,10.174148683847523,0.7099531978300914,0.22265625,3.1885617306053224,0.48729694783009136
16,-3.66,4,8,-4.355869028598082e-15,0,0,0.13527815251207503,-0.06763907625603788,0.06763907625603717,0.06763907625603717,0.06763907625603717,0.027014227616274387,37.017530695475536,6.915642269766243,0.8059384734665059,0.25390625,3.174157680114239,0.5520322234665059
16,-3.66,5,8,1.225286603848532e-15,0,0,0.1686634774635294,-0.08433173873176478,0.0843317387317646,0.0843317387317646,0.0843317387317646,0.02401056200637129,41.64833791623229,6.146703873631051,0.7826081344176891,0.2578125,3.0355709456201274,0.5247956344176891
16,-3.66,6,8,-3.4809404013795154e-15,0,0,0.1414181460796969,-0.07070907303984955,0.07070907303984736,0.07070907303984736,0.07070907303984736,0.03165455333657426,31.59103176618137,8.103565654163011,0.7791029088159067,0.24609375,3.1658784866170175,0.5330091588159067
16,-3.66,7,8,3.8210830548138084e-16,0,0,0.1306724935701322,-0.06533624678506651,0.06533624678506568,0.06533624678506568,0.06533624678506568,0.03081540941070275,32.45129690383675,7.888744809139904,0.7713963917050617,0.26171875,2.947425019052176,0.5096776417050617
16,-3.66,8,8,-1.5991122148469348e-15,0,0,0.13015493263212527,-0.06507746631606268,0.0650774663160626,0.0650774663160626,0.0650774663160626,0.036088298548738296,27.70981288157631,9.238604428477004,0.7162565761846862,0.2421875,2.957446508117414,0.4740690761846862
16,-3.66,9,8,-3.3219126673063397e-15,0,0,0.13389744651720145,-0.06694872325860074,0.06694872325860071,0.06694872325860071,0.06694872325860071,0.03275246116131181,30.532056662087736,8.384630057295823,0.7620924520013597,0.28125,2.70966205156039,0.48084245200135967
16,-3.66,10,8,5.34289012115295e-15,0,0,0.13152256611863483,-0.06576128305931725,0.0657612830593176,-0.06576128305931725,0.06576128305931725,0.035928453003210556,27.833093729658785,9.197683968821902,0.7487427995484635,0.24609375,3.0425104235620104,0.5026490495484635
16,-3.66,11,8,2.701262760715195e-15,0,0,0.14529431007749533,-0.0726471550387478,0.07264715503874754,0.07264715503874754,0.07264715503874754,0.026930882862980756,37.132091253295,6.8943060129230735,0.8239174051996564,0.26953125,3.0568529816103194,0.5543861551996564
16,-3.66,12,8,2.538921948848828e-15,0,0,0.14528160066768592,-0.07264080033384267,0.07264080033384325,-0.07264080033384267,0.07264080033384267,0.04425636608855797,22.59561930590907,11.32962971867084,0.7570043594680412,0.25390625,2.981432554212593,0.5030981094680412
16,-3.66,13,8,-2.378513765695156e-15,0,0,0.15453082053810013,-0.0772654102690502,0.07726541026904994,0.07726541026904994,0.07726541026904994,0.026217987614779028,38.14175270402149,6.711804829383431,0.8181107428372167,0.28125,2.9088381967545485,0.5368607428372167
16,-3.66,14,8,4.762825417528396e-15,0,0,0.12592599357072054,-0.06296299678536052,0.06296299678536003,0.06296299678536003,0.06296299678536003,0.03308047354142427,30.22931333639383,8.468601226604614,0.812520066007685,0.2421875,3.3549215628704414,0.570332566007685
16,-3.66,15,8,-3.115949664496289e-15,0,0,0.10282787565040785,-0.05141393782520379,0.05141393782520406,-0.05141393782520379,0.05141393782520379,0.020636164899320405,48.45861645702067,5.282858214226024,0.7513053286451066,0.25,3.0052213145804263,0.5013053286451066
16,-3.66,16,8,3.716168924696088e-15,0,0,0.14986255228400203,-0.07493127614200099,0.07493127614200105,-0.07493127614200099,0.07493127614200099,0.03813654068604711,26.221570756307916,9.76295441562806,0.7487802036782287,0.25,2.995120814712915,0.49878020367822873
16,-3.66,17,8,1.8089404750823753e-15,0,0,0.09755331348895901,-0.048776656744479036,0.04877665674447997,-0.048776656744479036,0.048776656744479036,0.02139762875531767,46.734150378764895,5.477792961361324,0.8178482200114726,0.26171875,3.1249126018348803,0.5561294700114726
16,-3.66,18,8,3.025944384447929e-16,0,0,0.11145653479246626,-0.05572826739623362,0.055728267396232635,0.055728267396232635,0.055728267396232635,0.03233140584645045,30.92967886238038,8.276839896691316,0.8053680433665656,0.24609375,3.2726066524101713,0.5592742933665656
16,-3.66,19,8,1.9618942332013672e-15,0,0,0.16205394479612834,-0.08102697239806407,0.08102697239806426,-0.08102697239806407,0.08102697239806407,0.031208544311713583,32.0425070138458,7.989387343798677,0.6961883679961439,0.22265625,3.1267407404739096,0.4735321179961439
16,-3.66,20,8,6.758678698109973e-16,0,0,0.1139459047471883,-0.056972952373593816,0.05697295237359448,-0.056972952373593816,0.056972952373593816,0.025359763914321536,39.43254374837714,6.492099562066313,0.7644287748160284,0.2421875,3.1563510702081174,0.5222412748160284
16,-3.66,21,8,-2.9508479544689296e-15,0,0,0.15603269621720517,-0.07801634810860246,0.07801634810860272,-0.07801634810860246,0.07801634810860246,0.03240354185115801,30.860823936882774,8.295306713896451,0.8060190031520453,0.26171875,3.079714400103337,0.5443002531520453
16,-3.66,22,8,-3.5460975979789417e-15,0,0,0.14537188333739748,-0.07268594166869836,0.07268594166869911,-0.07268594166869836,0.07268594166869836,0.047475361971092596,21.063557147998004,12.153692664599705,0.7432009617936319,0.234375,3.1709907703194964,0.5088259617936319
16,-3.66,23,8,-3.567080424002486e-15,0,0,0.14513095282359362,-0.07256547641179611,0.0725654764117975,-0.07256547641179611,0.07256547641179611,0.03495172083834118,28.610894571549238,8.947640534615342,0.8170935068207817,0.2734375,2.9882276820874303,0.5436560068207817
16,-3.66,24,8,-3.670890194855809e-15,0,0,0.14007930811287211,-0.0700396540564355,0.07003965405643663,-0.0700396540564355,0.0700396540564355,0.03917035805536403,25.529508782804168,10.027611662173191,0.7525610920325488,0.265625,2.83317117000489,0.48693609203254884
16,-3.66,25,8,-1.987846675914698e-16,0,0,0.11249621022545385,-0.056248105112726654,0.056248105112727195,-0.056248105112726654,0.056248105112726654,0.035264592280655045,28.35705548617858,9.027735623847692,0.7880367879170772,0.234375,3.362290295112863,0.5536617879170772
16,-3.66,26,8,1.3914926731402886e-15,0,0,0.05239372699830568,-0.026196863499151804,0.02619686349915388,-0.026196863499151804,0.026196863499151804,0.03904099043234465,25.6141042767071,9.99449355068023,0.7964633390492619,0.25,3.1858533561970477,0.5464633390492619
16,-3.66,27,8,5.9149482201106235e-15,0,0,0.13881521499991223,-0.06940760749995564,0.0694076074999566,-0.06940760749995564,0.06940760749995564,0.04214675553781253,23.726618745370246,10.789569417680008,0.7709736150838815,0.24609375,3.1328451660551377,0.5248798650838815
16,-3.66,28,8,-3.162884933233164e-15,0,0,0.1401266664728908,-0.07006333323644448,0.07006333323644631,-0.07006333323644448,0.07006333323644448,0.036917687030941976,27.08728743384887,9.450927879921146,0.7774703633651455,0.24609375,3.1592446511345598,0.5313766133651455
16,-3.66,29,8,5.1711622555392075e-15,0,0,0.11806738215348747,-0.0590336910767438,0.05903369107674367,0.05903369107674367,0.05903369107674367,0.029311823609531912,34.115925823011914,7.503826844040169,0.7756814368048504,0.2578125,3.0087037548794195,0.5178689368048504
16,-3.64,0,8,4.112633900614631e-15,0,0,0.12577594181283253,-0.06288797090641668,0.06288797090641585,0.06288797090641585,0.06288797090641585,0.027232409309739906,36.72095217966415,6.971496783293416,0.7663171045901179,0.27734375,2.763058855986904,0.4889733545901179
16,-3.64,1,8,-6.0695585171262115e-15,0,0,0.15253731808537752,-0.07626865904268941,0.07626865904268812,0.07626865904268812,0.07626865904268812,0.03338623036108726,29.952468103902277,8.546874972438339,0.8072203785761843,0.234375,3.444140281925053,0.5728453785761843
16,-3.64,2,8,1.905019731084919e-15,0,0,0.07965263961564435,-0.03982631980782214,0.03982631980782221,-0.03982631980782214,0.03982631980782214,0.02823041583852903,35.42278674603136,7.2269864546634315,0.7795721368013836,0.22265625,3.5012362635290213,0.5569158868013836
16,-3.64,3,8,-2.411920633443167e-15,0,0,0.11509521098790942,-0.05754760549395499,0.05754760549395443,0.05754760549395443,0.05754760549395443,0.04092635512425102,24.434132894660035,10.47714691180826,0.7120633369727366,0.22265625,3.1980388467547467,0.4894070869727366
16,-3.64,4,8,-1.2142430112045614e-15,0,0,0.12171654972102129,-0.060858274860510375,0.060858274860510916,-0.060858274860510375,0.060858274860510375,0.027220870907587937,36.73651748303342,6.968542952342512,0.8099186630801115,0.25390625,3.1898335038232086,0.5560124130801115
16,-3.64,5,8,-2.1413526136658886e-15,0,0,0.15577781638200014,-0.07788890819100039,0.07788890819099975,0.07788890819099975,0.07788890819099975,0.024066587735601323,41.55138281280797,6.161046460313939,0.7880057473276758,0.2578125,3.0565071411497726,0.5301932473276758
16,-3.64,6,8,-1.9017066532917277e-15,0,0,0.12819448519575358,-0.06409724259787707,0.06409724259787651,0.06409724259787651,0.06409724259787651,0.031707804971329544,31.53797624604441,8.117198072660363,0.7836834542582937,0.24609375,3.1844914966686217,0.5375897042582937
16,-3.64,7,8,4.947529504498804e-15,0,0,0.11809684394022724,-0.05904842197011371,0.059048421970113535,0.059048421970113535,0.059048421970113535,0.031515134654657787,31.73078620662675,8.067874471592393,0.77364140662608,0.26171875,2.9560029865115895,0.51192265662608
16,-3.64,8,8,-1.6322429927788465e-15,0,0,0.11811995177025378,-0.05905997588512673,0.05905997588512704,-0.05905997588512673,0.05905997588512673,0.03679936933883744,27.17437874525248,9.420638550742385,0.7185997972180774,0.2421875,2.967121743352062,0.47641229721807743
16,-3.64,9,8,-5.361664228647699e-16,0,0,0.12115893160357463,-0.06057946580178758,0.06057946580178705,0.06057946580178705,0.06057946580178705,0.03297798754983987,30.323257248147506,8.442364812759006,0.7647167200916166,0.28125,2.71899278254797,0.4834667200916166
16,-3.64,10,8,1.6758651837225301e-15,0,0,0.11908768344319295,-0.05954384172159662,0.059543841721596324,0.059543841721596324,0.059543841721596324,0.03605053236000213,27.73884141332389,9.228936284160545,0.7506739547413365,0.24609375,3.050357657361621,0.5045802047413365
16,-3.64,11,8,-2.460512441076637e-15,0,0,0.13210405773173245,-0.06605202886586657,0.06605202886586588,0.06605202886586588,0.06605202886586588,0.02707698915647156,36.93172805223043,6.9317092240567195,0.8294259235329554,0.26953125,3.077290382962849,0.5598946735329554
16,-3.64,12,8,2.3942508852128142e-15,0,0,0.13301709719160262,-0.06650854859580158,0.06650854859580105,0.06650854859580105,0.06650854859580105,0.04520529057104621,22.12130455014696,11.57255438618783,0.7603775107517731,0.25390625,2.994717580806983,0.5064712607517731
16,-3.64,13,8,-1.3638836915303622e-16,0,0,0.14075278694646992,-0.07037639347323524,0.07037639347323468,0.07037639347323468,0.07037639347323468,0.026609497567931833,37.58056676745148,6.812031377390549,0.820286892577224,0.28125,2.916575618052352,0.539036892577224
16,-3.64,14,8,-4.608491210328908e-15,0,0,0.11246390045011137,-0.056231950225055394,0.056231950225055984,-0.056231950225055394,0.056231950225055394,0.03348152181425425,29.86722065823977,8.571269584449087,0.8150199689121267,0.2421875,3.36524374260491,0.5728324689121267
16,-3.64,15,8,-1.5748163110301996e-15,0,0,0.09262931186910169,-0.04631465593455062,0.046314655934551065,-0.04631465593455062,0.04631465593455062,0.020389011030482282,49.046027710954945,5.219586823803464,0.7548115190280604,0.25,3.0192460761122417,0.5048115190280604
16,-3.64,16,8,-2.675862497634063e-15,0,0,0.1372615107179679,-0.06863075535898412,0.06863075535898379,0.06863075535898379,0.06863075535898379,0.03858214463892728,25.918725082769363,9.877029027565383,0.7520816932403422,0.25,3.008326772961369,0.5020816932403422
16,-3.64,17,8,1.9823248795927128e-16,0,0,0.08462201493774799,-0.0423110074688739,0.04231100746887409,-0.0423110074688739,0.0423110074688739,0.021096137379381208,47.40204246950785,5.400611169121589,0.8180959365081221,0.26171875,3.12585910068775,0.5563771865081221
16,-3.64,18,8,-4.8591807633470396e-17,0,0,0.0990852686965843,-0.049542634348292064,0.049542634348292224,-0.049542634348292064,0.049542634348292064,0.03211280667821664,31.14022421087032,8.22087850962346,0.8041961062505479,0.24609375,3.267844495240322,0.5581023562505479
16,-3.64,19,8,5.986731572296432e-15,0,0,0.1534383130920559,-0.07671915654602807,0.07671915654602784,0.07671915654602784,0.07671915654602784,0.03212385873158392,31.129510572053665,8.223707835285483,0.7023632507448884,0.22265625,3.1544735472051126,0.47970700074488837
16,-3.64,20,8,-3.3395824155366925e-15,0,0,0.10131474840984897,-0.0506573742049251,0.050657374204923875,0.050657374204923875,0.050657374204923875,0.025874361680074995,38.64829642425798,6.623836590099199,0.7658026448775036,0.2421875,3.1620238240103373,0.5236151448775036
16,-3.64,21,8,1.5405811738338909e-15,0,0,0.14305564920022124,-0.07152782460011128,0.07152782460010994,0.07152782460010994,0.07152782460010994,0.03189130604243874,31.356508217922126,8.164174346864318,0.8078102530343364,0.26171875,3.0865585787580616,0.5460915030343364
16,-3.64,22,8,-2.816116124212489e-15,0,0,0.1329128207327202,-0.06645641036636092,0.06645641036635927,0.06645641036635927,0.06645641036635927,0.046967440364791176,21.29134549877756,12.023664733386541,0.7466311819216832,0.234375,3.1856263761991817,0.5122561819216832
16,-3.64,23,8,3.909983975597771e-15,0,0,0.13143810327938213,-0.06571905163969151,0.06571905163969062,0.06571905163969062,0.06571905163969062,0.03527509509629678,28.348612449381633,9.030424344651976,0.820821889243583,0.2734375,3.001862909233675,0.547384389243583
16,-3.64,24,8,3.1120844070708994e-15,0,0,0.12734400164081894,-0.06367200082040934,0.0636720008204096,-0.06367200082040934,0.06367200082040934,0.038732759357941474,25.81793852482053,9.915586395633017,0.7560180199386493,0.265625,2.846185486827856,0.49039301993864925
16,-3.64,25,8,2.7896115018669593e-15,0,0,0.10107464543514949,-0.05053732271757514,0.05053732271757435,0.05053732271757435,0.05053732271757435,0.035774347929128494,27.95299028178153,9.158233069856895,0.7872544443320092,0.234375,3.3589522958165725,0.5528794443320092
16,-3.64,26,8,-3.472105527264339e-15,0,0,0.03954722463635163,-0.01977361231817605,0.019773612318175576,0.019773612318175576,0.019773612318175576,0.038432663448555636,26.019534174064162,9.838761842830243,0.7966217143528002,0.25,3.1864868574112006,0.5466217143528002
16,-3.64,27,8,-1.179455694376054e-15,0,0,0.12600021391606114,-0.0630001069580306,0.06300010695803054,0.06300010695803054,0.06300010695803054,0.0423625452585333,23.60575819741532,10.844811586184525,0.7736646780619155,0.24609375,3.143780279108736,0.5275709280619155
16,-3.64,28,8,4.231904701169512e-15,0,0,0.1271414390171443,-0.0635707195085721,0.0635707195085722,-0.0635707195085721,0.0635707195085721,0.03676355288022932,27.200853063844637,9.411469537338705,0.7851548755877924,0.24609375,3.190470605563093,0.5390611255877924
16,-3.64,29,8,-5.6167712187234185e-15,0,0,0.10508542277803087,-0.05254271138901504,0.052542711389015825,-0.05254271138901504,0.05254271138901504,0.029534894014112707,33.85825591661742,7.560932867612853,0.7771794717583714,0.2578125,3.0145143146991376,0.5193669717583714
16,-3.62,0,8,-9.011571597479964e-16,0,0,0.11274520670013663,-0.05637260335006789,0.056372603350068745,-0.05637260335006789,0.05637260335006789,0.027623811218620342,36.20065283844437,7.071695671966808,0.7683238355846339,0.27734375,2.7702943930938915,0.4909800855846339
16,-3.62,1,8,-4.962990534200363e-15,0,0,0.13916024471347085,-0.06958012235673552,0.06958012235673533,0.06958012235673533,0.06958012235673533,0.03329018472328076,30.038884082871185,8.522287289159875,0.8105258766529615,0.234375,3.458243740385969,0.5761508766529615
16,-3.62,2,8,-8.10599700067438e-16,0,0,0.06898773561225736,-0.034493867806129,0.03449386780612836,0.03449386780612836,0.03449386780612836,0.028430404298799936,35.17361165497779,7.2781835004927835,0.7798952742419839,0.22265625,3.5026875474727697,0.5572390242419839
16,-3.62,3,8,2.9872918101940323e-15,0,0,0.10302207471271979,-0.051511037356359465,0.05151103735636032,-0.051511037356359465,0.051511037356359465,0.042160841443122335,23.718691699952522,10.793175409439318,0.7139603781798937,0.22265625,3.20655889147461,0.49130412817989366
16,-3.62,4,8,-1.826610223312728e-15,0,0,0.10801025004651649,-0.054005125023258306,0.054005125023258174,0.054005125023258174,0.054005125023258174,0.02745188847439637,36.427366406237326,7.027683449445471,0.8130970106547671,0.25390625,3.2023513035018523,0.5591907606547671
16,-3.62,5,8,3.911640514494367e-15,0,0,0.1426934158063296,-0.07134670790316511,0.07134670790316451,0.07134670790316451,0.07134670790316451,0.024186794089227553,41.34487589843027,6.191819286842254,0.7926525142831504,0.2578125,3.0745309644922196,0.5348400142831504
16,-3.62,6,8,2.579783241631519e-15,0,0,0.11478491058341767,-0.057392455291709464,0.0573924552917082,0.0573924552917082,0.0573924552917082,0.03180974257583008,31.43690954480806,8.1432940994125,0.7876464169570632,0.24609375,3.200594964142987,0.5415526669570632
16,-3.62,7,8,-1.2037515981927893e-15,0,0,0.10538877990764596,-0.05269438995382244,0.05269438995382352,-0.05269438995382244,0.05269438995382244,0.032267615529206845,30.99082419321799,8.260509575476952,0.7757033156477158,0.26171875,2.963881325459929,0.5139845656477158
16,-3.62,8,8,2.332406766406579e-15,0,0,0.10596640710497265,-0.05298320355248603,0.052983203552486625,-0.05298320355248603,0.05298320355248603,0.03749454149354352,26.67054883634723,9.59860262234714,0.7206453612454061,0.2421875,2.9755679432068383,0.4784578612454061
16,-3.62,9,8,-3.004961558424385e-15,0,0,0.10827991248132676,-0.05413995624066427,0.0541399562406625,0.0541399562406625,0.0541399562406625,0.03318828978191152,30.131109694752215,8.496202184169348,0.7671238346461058,0.28125,2.7275514120750426,0.4858738346461058
16,-3.62,10,8,-4.0695638893031454e-16,0,0,0.10655513762064302,-0.053277568810321765,0.05327756881032125,0.05327756881032125,0.05327756881032125,0.03617415213523102,27.644048055685374,9.260582946619142,0.7522754386345565,0.24609375,3.056865274451531,0.5061816886345565
16,-3.62,11,8,-2.921030254330209e-16,0,0,0.11867445822340775,-0.05933722911170379,0.05933722911170396,-0.05933722911170379,0.05933722911170379,0.027349065039743242,36.564321249988446,7.00136065017427,0.8336859687223165,0.26953125,3.093095768013232,0.5641547187223165
16,-3.62,12,8,2.8139074056836948e-15,0,0,0.12062381529208527,-0.06031190764604325,0.06031190764604202,0.06031190764604202,0.06031190764604202,0.04611862920794053,21.683211690685376,11.806369077232775,0.7635241883052478,0.25390625,3.0071106493252837,0.5096179383052478
16,-3.62,13,8,1.7515137933337284e-15,0,0,0.12683318262441656,-0.06341659131220849,0.06341659131220806,0.06341659131220806,0.06341659131220806,0.026986611658784052,37.05541149974281,6.908572584648717,0.8222325612718817,0.28125,2.923493551188913,0.5409825612718817
16,-3.62,14,8,4.16564314530569e-15,0,0,0.09890563097403882,-0.049452815487019734,0.049452815487019075,0.049452815487019075,0.049452815487019075,0.033770551347104216,29.6115982745348,8.64526114485868,0.8168548590479087,0.2421875,3.3728200631655585,0.5746673590479087
16,-3.62,15,8,-3.202641866751458e-17,0,0,0.08259684988536997,-0.04129842494268505,0.041298424942684916,0.041298424942684916,0.041298424942684916,0.020065474418042035,49.83684806878236,5.136761451018761,0.7575152636449647,0.25,3.0300610545798587,0.5075152636449647
16,-3.62,16,8,6.234108047521372e-16,0,0,0.12449073248440003,-0.06224536624219999,0.062245366242200034,-0.06224536624219999,0.06224536624219999,0.03904457760275848,25.611751013778427,9.99541186630617,0.7551211484193456,0.25,3.0204845936773825,0.5051211484193456
16,-3.62,17,8,-4.606282491800114e-15,0,0,0.07166189341276698,-0.03583094670638324,0.03583094670638374,-0.03583094670638324,0.03583094670638324,0.020866249972200428,47.92427970201998,5.3417599928833095,0.818144966782613,0.26171875,3.126046440244014,0.556426216782613
16,-3.62,18,8,3.648803009567868e-15,0,0,0.08671784564660143,-0.04335892282330077,0.043358922823300665,0.043358922823300665,0.043358922823300665,0.03186635323814625,31.381061790369227,8.15778642896544,0.8027394743947827,0.24609375,3.26192548325499,0.5566457243947827
16,-3.62,19,8,1.0005494935437314e-15,0,0,0.14501087032420631,-0.07250543516210327,0.07250543516210305,0.07250543516210305,0.07250543516210305,0.03272582612584899,30.55690622306811,8.377811488217342,0.7078720720570524,0.22265625,3.1792149201158844,0.4852158220570524
16,-3.62,20,8,1.6162297834450892e-15,0,0,0.0885867624642609,-0.044293381232130405,0.04429338123213049,-0.044293381232130405,0.044293381232130405,0.02641243082670105,37.860960490962185,6.761582291635468,0.7670240788262769,0.2421875,3.1670671641859176,0.5248365788262769
16,-3.62,21,8,-7.3108583303085e-16,0,0,0.1299922787104712,-0.06499613935523584,0.06499613935523536,0.06499613935523536,0.06499613935523536,0.031405277701389504,31.841781802036277,8.039751091555713,0.8091956329145709,0.26171875,3.0918519705392558,0.5474768829145709
16,-3.62,22,8,8.393130409417613e-16,0,0,0.1202853611611017,-0.0601426805805505,0.06014268058055119,-0.0601426805805505,0.0601426805805505,0.04639480820919646,21.554135874232976,11.877070901554294,0.7500362715124719,0.234375,3.2001547584532135,0.5156612715124719
16,-3.62,23,8,-1.6499127410091993e-15,0,0,0.11757199515751109,-0.05878599757875586,0.058785997578755224,0.058785997578755224,0.058785997578755224,0.03557872259778317,28.106686440235148,9.108152985032492,0.8239066712279789,0.2734375,3.0131443976337513,0.5504691712279789
16,-3.62,24,8,1.3611227933693697e-15,0,0,0.11444744576570642,-0.057223722882853705,0.05722372288285271,0.05722372288285271,0.05722372288285271,0.038309898790563464,26.102914170222792,9.807334090384247,0.7592969091911954,0.265625,2.8585295404845006,0.4936719091911954
16,-3.62,25,8,6.0375320984586965e-15,0,0,0.08967511345768767,-0.04483755672884444,0.04483755672884322,0.04483755672884322,0.04483755672884322,0.03629571864986849,27.551458882702775,9.291703974366333,0.7861636762884319,0.234375,3.3542983521639758,0.5517886762884319
16,-3.62,26,8,2.0187687353178156e-15,0,0,0.026745346914372112,-0.013372673457186079,0.013372673457186034,0.013372673457186034,0.013372673457186034,0.03767812854830521,26.540596322822957,9.645600908366134,0.7965330186240284,0.25,3.1861320744961135,0.5465330186240284
16,-3.62,27,8,-5.195458159355943e-15,0,0,0.11304114683867589,-0.05652057341933786,0.056520573419338034,-0.05652057341933786,0.05652057341933786,0.04256632401452367,23.49274980049485,10.89697894771806,0.7761776610624003,0.24609375,3.1539917655868965,0.5300839110624003
16,-3.62,28,8,4.307001131148513e-15,0,0,0.11389952098356297,-0.05694976049178171,0.056949760491781264,0.056949760491781264,0.056949760491781264,0.0365949901207225,27.32614482750561,9.36831747090496,0.7919589890062104,0.24609375,3.2181190664379344,0.5458652390062104
16,-3.62,29,8,-3.8012045880546614e-15,0,0,0.09200534467709365,-0.04600267233854667,0.04600267233854698,-0.04600267233854667,0.04600267233854667,0.029734345280040812,33.6311423904548,7.611992391690448,0.7784812862744396,0.2578125,3.019563777064493,0.5206687862744396
16,-3.6,0,8,4.2495744493998655e-15,0,0,0.09958836985554553,-0.04979418492777257,0.04979418492777297,-0.04979418492777257,0.04979418492777257,0.02802338798448282,35.68447899853231,7.1739873240276015,0.7701085029700842,0.27734375,2.7767292501456557,0.49276475297008415
16,-3.6,1,8,2.4356643576277034e-15,0,0,0.12562961268122708,-0.06281480634061413,0.06281480634061294,0.06281480634061294,0.06281480634061294,0.033233032814071445,30.090542912369482,8.50765640040229,0.8133274209552466,0.234375,3.470196996075719,0.5789524209552466
16,-3.6,2,8,2.0320210464905803e-15,0,0,0.05865556350422691,-0.02932778175211332,0.02932778175211359,-0.02932778175211332,0.02932778175211332,0.028737737444027012,34.797450632559965,7.356860785670915,0.7794664440256027,0.22265625,3.5007615731676194,0.5568101940256027
16,-3.6,3,8,-3.382928516664277e-15,0,0,0.09084071362668303,-0.04542035681334205,0.04542035681334099,0.04542035681334099,0.04542035681334099,0.043444067569962524,23.018102492120367,11.121681297910406,0.7156591976455864,0.22265625,3.21418867714509,0.4930029476455864
16,-3.6,4,8,-2.4207555075583433e-15,0,0,0.09417734728882922,-0.04708867364441492,0.0470886736444143,0.0470886736444143,0.0470886736444143,0.027689056644807118,36.11535101494845,7.088398501070622,0.8155026729932571,0.25390625,3.2118259120965202,0.5615964229932571
16,-3.6,5,8,1.4279365288653913e-15,0,0,0.1294280920447682,-0.06471404602238401,0.0647140460223842,-0.06471404602238401,0.06471404602238401,0.024368545002079994,41.036508331319915,6.2383475205324785,0.79658886227515,0.2578125,3.089799223370279,0.53877636227515
16,-3.6,6,8,-2.7470936701876727e-15,0,0,0.10120327274712715,-0.05060163637356309,0.05060163637356405,-0.05060163637356309,0.05060163637356309,0.03195396330472226,31.295022481678092,8.1802146060089,0.7910283894230237,0.24609375,3.214337582417366,0.5449346394230237
16,-3.6,7,8,7.730514850779382e-18,0,0,0.09254861350339989,-0.04627430675169938,0.046274306751700515,-0.04627430675169938,0.04627430675169938,0.03307602030224866,30.233383304944198,8.467461197375657,0.7775735042554918,0.26171875,2.9710271207374013,0.5158547542554918
16,-3.6,8,8,7.261162163410633e-16,0,0,0.0937020065210902,-0.04685100326054556,0.04685100326054464,0.04685100326054464,0.04685100326054464,0.03817281401750732,26.196653973201105,9.772240388481874,0.7223996709134973,0.2421875,2.982811544417021,0.4802121709134973
16,-3.6,9,8,1.4765283364988618e-15,0,0,0.09526489167937247,-0.04763244583968641,0.04763244583968605,0.04763244583968605,0.04763244583968605,0.033387662940542844,29.951182919895057,8.547241712778968,0.7693249553965175,0.28125,2.735377619187618,0.48807495539651746
16,-3.6,10,8,-1.987846675914698e-17,0,0,0.09392881080790318,-0.04696440540395169,0.046964405403951484,0.046964405403951484,0.046964405403951484,0.03630702005823999,27.542882847336486,9.294597134909438,0.7535594601310741,0.24609375,3.0620828856119835,0.5074657101310741
16,-3.6,11,8,9.674187156118197e-16,0,0,0.10503109177070333,-0.052515545885350984,0.052515545885352344,-0.052515545885350984,0.052515545885350984,0.027729711076967332,36.0624024254841,7.098806035703637,0.8369023695899421,0.26953125,3.1050290813771766,0.5673711195899421
16,-3.6,12,8,2.378513765695156e-15,0,0,0.10811037235706139,-0.054055186178530855,0.054055186178530536,0.054055186178530536,0.054055186178530536,0.04698171193897975,21.284877854149048,12.027318256378816,0.7664301841313147,0.25390625,3.0185558021171777,0.5125239341313147
16,-3.6,13,8,-2.4207555075583433e-15,0,0,0.1127768873939375,-0.05638844369696811,0.05638844369696939,-0.05638844369696811,0.05638844369696811,0.02734666661996063,36.567528097559396,7.000746654709921,0.8239681530908489,0.28125,2.9296645443230185,0.5427181530908489
16,-3.6,14,8,3.616776590900353e-15,0,0,0.08527055193866548,-0.04263527596933278,0.04263527596933269,0.04263527596933269,0.04263527596933269,0.033941112649518955,29.46279370173131,8.688924838276852,0.818010700961358,0.2421875,3.3775925717114137,0.575823200961358
16,-3.6,15,8,1.4373235826127663e-15,0,0,0.07274777260566226,-0.036373886302831185,0.036373886302831074,0.036373886302831074,0.036373886302831074,0.019703809055442334,50.75160834061132,5.0441751181932375,0.7592964603578064,0.25,3.0371858414312256,0.5092964603578064
16,-3.6,16,8,3.1142931255996934e-16,0,0,0.11155718633734066,-0.055778593168669954,0.05577859316867071,-0.055778593168669954,0.055778593168669954,0.0395163576448201,25.305976046379932,10.116187557073946,0.7578930735281793,0.25,3.031572294112717,0.5078930735281793
16,-3.6,17,8,-2.919925895065812e-15,0,0,0.0586767314274243,-0.02933836571371184,0.02933836571371246,-0.02933836571371184,0.02933836571371184,0.020724572248685427,48.25190059415729,5.305490495663469,0.8179911425256691,0.26171875,3.125458693829422,0.5562723925256691
16,-3.6,18,8,-2.171170313804609e-15,0,0,0.07435823881064153,-0.03717911940532113,0.037179119405320406,0.037179119405320406,0.037179119405320406,0.031604550906342496,31.641012807409233,8.090765032023679,0.8009955326548531,0.24609375,3.254838989835594,0.5549017826548531
16,-3.6,19,8,5.690211109805823e-16,0,0,0.13685607244064624,-0.06842803622032279,0.06842803622032347,-0.06842803622032279,0.06842803622032279,0.032968631920164124,30.331862190143976,8.439969771562016,0.7126729617567693,0.22265625,3.2007768106970693,0.4900167117567693
16,-3.6,20,8,-1.2026472389283922e-15,0,0,0.07576591879100839,-0.037882959395504255,0.03788295939550414,0.03788295939550414,0.03788295939550414,0.026977885464638883,37.06739734330716,6.906338678947554,0.7680964770349019,0.2421875,3.1714951309828208,0.5259089770349019
16,-3.6,21,8,2.330198047877785e-15,0,0,0.11685426029803415,-0.058427130149016925,0.05842713014901723,-0.058427130149016925,0.058427130149016925,0.030940075342111992,32.32054185203995,7.92065928758067,0.8102109640865847,0.26171875,3.0957314448681443,0.5484922140865847
16,-3.6,22,8,-3.125336718243664e-16,0,0,0.10748831222737987,-0.05374415611368935,0.05374415611369052,-0.05374415611368935,0.05374415611368935,0.045781562647730756,21.842854244503748,11.720080037819073,0.7533898597675746,0.234375,3.2144634016749847,0.5190148597675746
16,-3.6,23,8,-1.1396987608577602e-15,0,0,0.10354682370662346,-0.051773411853311406,0.05177341185331206,-0.051773411853311406,0.051773411853311406,0.03587853183284219,27.87182052651966,9.1849041492076,0.826454253479313,0.2734375,3.0224612698672018,0.553016753479313
16,-3.6,24,8,-2.650462234552931e-16,0,0,0.10139291448608553,-0.05069645724304292,0.050696457243042614,0.050696457243042614,0.050696457243042614,0.03791145129220587,26.37725452113166,9.705331530804703,0.7623728354073812,0.265625,2.8701094980042585,0.4967478354073812
16,-3.6,25,8,-1.7404702006897577e-15,0,0,0.07828800732958571,-0.039144003664793224,0.03914400366479249,0.03914400366479249,0.03914400366479249,0.036820533235167506,27.158759315438,9.426056508202882,0.7848111536097729,0.234375,3.348527588735031,0.5504361536097729
16,-3.6,26,8,-1.6631650521819639e-15,0,0,0.014006874501958592,-0.007003437250979387,0.007003437250979204,0.007003437250979204,0.007003437250979204,0.03676569670305675,27.199266970965862,9.412018355982529,0.7962044978935634,0.25,3.1848179915742536,0.5462044978935634
16,-3.6,27,8,-3.7382561099840295e-15,0,0,0.09994021540964557,-0.049970107704822325,0.04997010770482324,-0.049970107704822325,0.049970107704822325,0.042760310897969965,23.386172340657016,10.946639589880311,0.7785348856068243,0.24609375,3.163570328815032,0.5324411356068243
16,-3.6,28,8,7.863037962507028e-16,0,0,0.10041934641173121,-0.05020967320586554,0.05020967320586567,-0.05020967320586554,0.05020967320586554,0.0364443155972263,27.43912139966508,9.329744792889933,0.7979214757086747,0.24609375,3.2423475838320748,0.5518277257086747
16,-3.6,29,8,5.6951807264956095e-15,0,0,0.07883406068519022,-0.039417030342595194,0.039417030342595034,0.039417030342595034,0.039417030342595034,0.02990923774879016,33.43448630817917,7.656764863690281,0.7795895952372577,0.2578125,3.0238626724354236,0.5217770952372577
16,-3.58,0,8,6.858071031905708e-16,0,0,0.0863104494129591,-0.043155224706478944,0.04315522470648016,-0.043155224706478944,0.043155224706478944,0.02843225767015759,35.171318844989116,7.2786579635603434,0.7716697647671075,0.27734375,2.7823585884560496,0.49432601476710747
16,-3.58,1,8,-1.298726494930936e-15,0,0,0.11195812919132153,-0.055979064595660676,0.055979064595660856,-0.055979064595660676,0.055979064595660676,0.03320066352025987,30.119879965343923,8.499369861186526,0.8156758248542242,0.234375,3.4802168527113566,0.5813008248542242
16,-3.58,2,8,-1.98342923885711e-15,0,0,0.04872260772498466,-0.024361303862491804,0.02436130386249285,-0.024361303862491804,0.024361303862491804,0.029244859235988307,34.194043880690465,7.4866839644130065,0.7781353559057679,0.22265625,3.49478335283994,0.5554791059057679
16,-3.58,3,8,-2.215344684380491e-15,0,0,0.07855478969791854,-0.03927739484895851,0.039277394848960034,-0.03927739484895851,0.03927739484895851,0.04476935639221586,22.336707082388884,11.46095523640726,0.7171741036472445,0.22265625,3.220992465503414,0.49451785364724454
16,-3.58,4,8,-1.0601848938211722e-16,0,0,0.08023561751697103,-0.04011780875848565,0.04011780875848539,0.04011780875848539,0.04011780875848539,0.027920674321450192,35.81575389215242,7.147692626291249,0.8171623650948799,0.25390625,3.21836254560445,0.5632561150948799
16,-3.58,5,8,-4.942007708176818e-15,0,0,0.11599868230402238,-0.05799934115201119,0.0579993411520112,-0.05799934115201119,0.05799934115201119,0.02460804869492656,40.63711074361495,6.2996604659012,0.7998622003997817,0.2578125,3.1024958076112745,0.5420497003997817
16,-3.58,6,8,3.4643750124135596e-15,0,0,0.0874629414265673,-0.04373147071328358,0.04373147071328371,-0.04373147071328358,0.04373147071328358,0.03213439872622832,31.119300177967634,8.22640607391445,0.7938582215010288,0.24609375,3.225836582607355,0.5477644715010288
16,-3.58,7,8,3.686351224557368e-15,0,0,0.07957719447960826,-0.03978859723980429,0.03978859723980396,0.03978859723980396,0.03978859723980396,0.033938313298950196,29.46522389581844,8.68820820453125,0.7792379128215705,0.26171875,2.977386651974956,0.5175191628215705
16,-3.58,8,8,2.1755877508621971e-16,0,0,0.08133465814796684,-0.040667329073983606,0.04066732907398323,0.04066732907398323,0.04066732907398323,0.038832226721425146,25.75180679629334,9.941050040684837,0.7238661395022132,0.2421875,2.9888666405252677,0.48167863950221323
16,-3.58,9,8,-2.760898160992636e-16,0,0,0.08211818175200206,-0.04105909087600111,0.04105909087600095,0.04105909087600095,0.04105909087600095,0.033579604176679594,29.779981763289552,8.596378669229976,0.7713286544484536,0.28125,2.74250188248339,0.49007865444845355
16,-3.58,10,8,-3.3605652415602365e-15,0,0,0.08121205401970796,-0.04060602700985392,0.040606027009854044,-0.04060602700985392,0.04060602700985392,0.03645767808436194,27.42906439861669,9.333165589596657,0.7545333774958501,0.24609375,3.066040391094248,0.5084396274958501
16,-3.58,11,8,5.27883728381792e-16,0,0,0.09119699931392009,-0.045598499656959474,0.045598499656960605,-0.045598499656959474,0.045598499656959474,0.028196166512911156,35.46581410427178,7.218218627305256,0.8392685495363662,0.26953125,3.11380795190304,0.5697372995363662
16,-3.58,12,8,3.5472019572433388e-15,0,0,0.09548649974140871,-0.04774324987070458,0.04774324987070413,0.04774324987070413,0.04774324987070413,0.047775638247577426,20.931169874024807,12.230563391379821,0.7690800521078042,0.25390625,3.028992205224583,0.5151738021078042
16,-3.58,13,8,-5.062382867996097e-15,0,0,0.09858847158415436,-0.04929423579207727,0.04929423579207709,0.04929423579207709,0.04929423579207709,0.02768804747235422,36.11666734530391,7.08814015292268,0.8255078225376407,0.28125,2.9351389245782777,0.5442578225376407
16,-3.58,14,8,-9.055745968055847e-17,0,0,0.07157978059194292,-0.03578989029597182,0.03578989029597111,0.03578989029597111,0.03578989029597111,0.03398591682991671,29.423952427251635,8.700394708458678,0.8184600221321209,0.2421875,3.379447833319725,0.5762725221321209
16,-3.58,15,8,-4.1634344267768954e-16,0,0,0.06306917368288742,-0.031534586841443515,0.031534586841443904,-0.031534586841443515,0.031534586841443515,0.019390594443285964,51.57139472566568,4.963992177481207,0.7600365102875776,0.25,3.0401460411503103,0.5100365102875776
16,-3.58,16,8,6.159563797174571e-15,0,0,0.09846822718973217,-0.049234113594865854,0.04923411359486632,-0.049234113594865854,0.049234113594865854,0.03999150551934723,25.00531017808811,10.23782541295289,0.7603935318294743,0.25,3.0415741273178973,0.5103935318294743
16,-3.58,17,8,-1.189947107387826e-16,0,0,0.045670019728497754,-0.02283500986424897,0.022835009864248784,0.022835009864248784,0.022835009864248784,0.02068592358186451,48.34205231603518,5.2955964369573145,0.8176240626303767,0.26171875,3.124056119901141,0.5559053126303767
16,-3.58,18,8,8.183302149182173e-16,0,0,0.06200911503786624,-0.03100455751893308,0.031004557518933166,-0.03100455751893308,0.03100455751893308,0.03134205708273437,31.90601042427676,8.023566613179998,0.7989631032310098,0.24609375,3.246580229002199,0.5528693532310098
16,-3.58,19,8,-2.880168961547518e-15,0,0,0.12907071147324733,-0.06453535573662385,0.06453535573662347,0.06453535573662347,0.06453535573662347,0.032835311565126056,30.455017855292308,8.40583976067227,0.7167527916112663,0.22265625,3.219100257061126,0.49409654161126626
16,-3.58,20,8,1.4157885769570238e-15,0,0,0.06285608430401586,-0.031428042152007396,0.031428042152008465,-0.031428042152007396,0.031428042152007396,0.027575082484020692,36.26462407064362,7.059221115909297,0.7690222929039799,0.2421875,3.175317854571272,0.5268347929039799
16,-3.58,21,8,-8.950831837938127e-16,0,0,0.10365288129776729,-0.05182644064888375,0.05182644064888353,0.05182644064888353,0.05182644064888353,0.030492617389082585,32.79482332526937,7.806110051605142,0.8108790087559112,0.26171875,3.0982839737539294,0.5491602587559112
16,-3.58,22,8,6.460501696722769e-16,0,0,0.0945213995329506,-0.04726069976647535,0.047260699766475255,0.047260699766475255,0.047260699766475255,0.045156300602282734,22.145303903602947,11.56001295418438,0.7566529760290641,0.234375,3.2283860310573402,0.5222779760290641
16,-3.58,23,8,-3.592480687083618e-15,0,0,0.08937476302642464,-0.04468738151321182,0.044687381513212825,-0.04468738151321182,0.04468738151321182,0.03618635520015222,27.63472569892293,9.263706931238968,0.828541157373852,0.2734375,3.0300933755386588,0.555103657373852
16,-3.58,24,8,-4.7719363814596726e-15,0,0,0.08818432415335409,-0.044092162076676523,0.04409216207667757,-0.044092162076676523,0.044092162076676523,0.03754832433840646,26.63234691879834,9.612371030632053,0.7652174712249413,0.265625,2.880818715199779,0.4995924712249413
16,-3.58,25,8,1.8509061271294632e-15,0,0,0.066896955419189,-0.033448477709595255,0.03344847770959375,0.03344847770959375,0.03344847770959375,0.03733639067754147,26.783520898861777,9.558116013450617,0.7832580889391908,0.234375,3.3419011794738807,0.5488830889391908
16,-3.58,26,8,-5.6167712187234185e-15,0,0,0.001351906794902549,-0.0006759533974511725,0.0006759533974513766,-0.0006759533974511725,0.0006759533974511725,0.03568400351605595,28.02376139073218,9.135104900110322,0.7956414085862215,0.25,3.182565634344886,0.5456414085862215
16,-3.58,27,8,5.073426460640068e-15,0,0,0.08669929288783804,-0.043349646443919025,0.04334964644391901,0.04334964644391901,0.04334964644391901,0.042945992240533255,23.285059858418656,10.994174013576513,0.7807475954500306,0.24609375,3.1725616577017117,0.5346538454500306
16,-3.58,28,8,5.908322064524241e-16,0,0,0.08671894985627598,-0.043359474928138075,0.04335947492813791,0.04335947492813791,0.04335947492813791,0.03633184632795437,27.52406225032891,9.30095265995632,0.8030766067849497,0.24609375,3.2632954180467797,0.5569828567849497
16,-3.58,29,8,3.1363803108876344e-15,0,0,0.06557902072815289,-0.03278951036407646,0.03278951036407643,0.03278951036407643,0.03278951036407643,0.030058769130101203,33.268161968701115,7.695044897305908,0.7805034375560794,0.2578125,3.0274072729447927,0.5226909375560794
16,-3.56,0,8,-1.1816644129048483e-15,0,0,0.07291654427587232,-0.03645827213793619,0.03645827213793613,0.03645827213793613,0.03645827213793613,0.028850882491718813,34.66098481691276,7.385825917880016,0.7730073564055665,0.27734375,2.7871814540820425,0.4956636064055665
16,-3.56,1,8,5.328533450715787e-16,0,0,0.09815782991386657,-0.04907891495693369,0.04907891495693288,0.04907891495693288,0.04907891495693288,0.03318077499315367,30.137933794684855,8.494278398247339,0.8176077530493293,0.234375,3.488459746343805,0.5832327530493293
16,-3.56,2,8,2.937595643296165e-15,0,0,0.03923536749379211,-0.01961768374689565,0.019617683746896458,-0.01961768374689565,0.01961768374689565,0.03008643228215022,33.23757335605669,7.702126664230456,0.7757383040083065,0.22265625,3.484017646072394,0.5530820540083065
16,-3.56,3,8,-4.9861820787527e-16,0,0,0.0661674670169155,-0.033083733508457946,0.03308373350845756,0.03308373350845756,0.03308373350845756,0.04612576179015759,21.67985874248221,11.808195018280344,0.7185178979981911,0.22265625,3.2270277524129285,0.4958616479981911
16,-3.56,4,8,-6.294847807063211e-17,0,0,0.06620265607929808,-0.03310132803964955,0.033101328039648534,0.033101328039648534,0.033101328039648534,0.02814152991016126,35.53467075856892,7.204231657001283,0.8180971383747562,0.25390625,3.2220441142144245,0.5641908883747562
16,-3.56,5,8,1.1954689037098114e-15,0,0,0.10242098178116729,-0.0512104908905837,0.0512104908905836,0.0512104908905836,0.0512104908905836,0.024902158778412314,40.15716102761742,6.3749526472735525,0.8025202539385258,0.2578125,3.1128058334585242,0.5447077539385258
16,-3.56,6,8,3.917162310816352e-15,0,0,0.07357703076747393,-0.036788515383737334,0.036788515383736606,0.036788515383736606,0.036788515383736606,0.03234584501729171,30.915871867481336,8.280536324426677,0.7961566916187718,0.24609375,3.2351763976889774,0.5500629416187718
16,-3.56,7,8,2.3975639630060053e-15,0,0,0.06647624031488589,-0.03323812015744333,0.033238120157442555,0.033238120157442555,0.033238120157442555,0.0348469547113384,28.69691220606497,8.92082040610263,0.780677266561429,0.26171875,2.9828862722347136,0.518958516561429
16,-3.56,8,8,2.1203697876423446e-15,0,0,0.06887260595912426,-0.03443630297956212,0.034436302979562135,-0.03443630297956212,0.03443630297956212,0.03946966831863076,25.33591090574158,10.104235089569475,0.7250450104000743,0.2421875,2.993734236490629,0.4828575104000743
16,-3.56,9,8,-2.4803909078357845e-15,0,0,0.0688439676744156,-0.034421983837207036,0.03442198383720856,-0.034421983837207036,0.034421983837207036,0.03376684956629018,29.614844524859404,8.644313488970287,0.773140926832506,0.28125,2.748945517626688,0.491890926832506
16,-3.56,10,8,4.680274562514716e-15,0,0,0.06840804836665171,-0.034204024183325375,0.03420402418332634,-0.034204024183325375,0.034204024183325375,0.03663568155393095,27.295793542912854,9.378734477806324,0.7551970531289972,0.24609375,3.0687372317622743,0.5091033031289972
16,-3.56,11,8,-2.5218043802506736e-15,0,0,0.07719219075657252,-0.038596095378286684,0.038596095378285844,0.038596095378285844,0.038596095378285844,0.028727463342061818,34.80989560731011,7.354230615567825,0.8409478842529982,0.26953125,3.1200385270835875,0.5714166342529982
16,-3.56,12,8,4.638308910467628e-16,0,0,0.0827630849636619,-0.04138154248183107,0.04138154248183083,0.04138154248183083,0.04138154248183083,0.04847643422530093,20.628579968410254,12.409967161677038,0.7714584044542946,0.25390625,3.038359254466145,0.5175521544542946
16,-3.56,13,8,3.859735629067705e-15,0,0,0.08427233269442885,-0.04213616634721465,0.0421361663472142,0.0421361663472142,0.0421361663472142,0.028009596239868494,35.702049805938046,7.1704566374063345,0.8268611471485785,0.28125,2.939950745417168,0.5456111471485785
16,-3.56,14,8,2.0202872293063614e-15,0,0,0.05785665034744436,-0.028928325173722243,0.028928325173722118,0.028928325173722118,0.028928325173722118,0.0338969582931704,29.50117209193608,8.677621323051623,0.8181607478487458,0.2421875,3.37821212014966,0.5759732478487458
16,-3.56,15,8,-2.8420685669258196e-15,0,0,0.05350022849182528,-0.026750114245913358,0.02675011424591192,0.02675011424591192,0.02675011424591192,0.01928985513960251,51.84072108177615,4.938202915738243,0.7596810554375515,0.25,3.038724221750206,0.5096810554375515
16,-3.56,16,8,2.1181610691135506e-15,0,0,0.08523158523594215,-0.042615792617971354,0.042615792617970806,0.042615792617970806,0.042615792617970806,0.040465333342133335,24.712511115255772,10.359125335586134,0.7626193814781566,0.25,3.050477525912626,0.5126193814781566
16,-3.56,17,8,5.596340572332074e-16,0,0,0.03264524688552346,-0.016322623442762415,0.016322623442761048,0.016322623442761048,0.016322623442761048,0.02076222997283269,48.164383176012244,5.3151308730451685,0.8170256818356852,0.26171875,3.121769769402021,0.5553069318356852
16,-3.56,18,8,1.641077866894023e-15,0,0,0.049671711036780274,-0.024835855518390383,0.02483585551838989,0.02483585551838989,0.02483585551838989,0.031095474041980403,32.159020912495215,7.960441354746983,0.7966431260226033,0.24609375,3.2371530200283565,0.5505493760226033
16,-3.56,19,8,-3.574810938853265e-15,0,0,0.12176320771606096,-0.06088160385803031,0.060881603858030646,-0.06088160385803031,0.06088160385803031,0.03234623187507191,30.915502116667398,8.280635360018408,0.7201336232847569,0.22265625,3.234284343173645,0.49747737328475694
16,-3.56,20,8,6.369392057410011e-16,0,0,0.049861047628425297,-0.02493052381421292,0.024930523814212378,0.024930523814212378,0.024930523814212378,0.028208917594125228,35.449782738500375,7.221482904096058,0.7698032997659756,0.2421875,3.178542657098222,0.5276157997659756
16,-3.56,21,8,9.144094709207611e-16,0,0,0.09039930017180146,-0.04519965008590135,0.045199650085900114,0.045199650085900114,0.045199650085900114,0.030061956317515813,33.26463485735766,7.695860817284048,0.8112120366765058,0.26171875,3.0995564386445595,0.5494932866765058
16,-3.56,22,8,3.1904939148430904e-15,0,0,0.08138569310030938,-0.040692846550155225,0.04069284655015415,0.04069284655015415,0.04069284655015415,0.044549774376412714,22.446802795245112,11.404742240361655,0.75977498730709,0.234375,3.2417066125102507,0.52539998730709
16,-3.56,23,8,-7.233553181800707e-17,0,0,0.07506662917218357,-0.03753331458609206,0.0375333145860915,0.0375333145860915,0.0375333145860915,0.036511126382745195,27.38891124631505,9.34684835398277,0.8302211773674604,0.2734375,3.0362374486581407,0.5567836773674604
16,-3.56,24,8,6.311413196029166e-16,0,0,0.07482639216686586,-0.03741319608343272,0.03741319608343314,-0.03741319608343272,0.03741319608343272,0.03723325883269579,26.857708171433707,9.531714261170123,0.7677982826466256,0.265625,2.8905347111402375,0.5021732826466256
16,-3.56,25,8,-4.0463723447508074e-15,0,0,0.05547888953847636,-0.02773944476923799,0.027739444769238366,-0.02773944476923799,0.02773944476923799,0.03782784440633872,26.435553378569793,9.683928168022712,0.7815792774980145,0.234375,3.3347382506581953,0.5472042774980145
16,-3.56,26,8,-1.6940871115850815e-15,0,0,0.011198135764234918,-0.005599067882117262,0.005599067882117656,-0.005599067882117262,0.005599067882117262,0.03442368218527124,29.049768546488238,8.812462639429437,0.7948465272170027,0.25,3.1793861088680107,0.5448465272170027
16,-3.56,27,8,-2.5477568229640044e-15,0,0,0.07332024090942345,-0.03666012045471196,0.03666012045471149,0.03666012045471149,0.03666012045471149,0.043124450771617175,23.18870112215228,11.039859397533997,0.7828164077133456,0.24609375,3.1809682599145472,0.5367226577133456
16,-3.56,28,8,1.057976175292378e-15,0,0,0.07281613803089299,-0.03640806901544614,0.03640806901544685,-0.03640806901544614,0.03640806901544614,0.03626937949593534,27.571467003235295,9.284961150959447,0.8074510488701656,0.24609375,3.28107092874226,0.5613572988701656
16,-3.56,29,8,-6.735487153557635e-15,0,0,0.05224839820902696,-0.026124199104513683,0.026124199104513274,0.026124199104513274,0.026124199104513274,0.030182300051031494,33.13200114998607,7.726668813064062,0.7812180101838446,0.2578125,3.030178948591882,0.5234055101838446
16,-3.54,0,8,5.256750098529979e-16,0,0,0.059411816169299386,-0.029705908084649534,0.029705908084649853,-0.029705908084649534,0.029705908084649534,0.029279099067497934,34.1540563695171,7.495449361279471,0.77412210292171,0.27734375,2.791200821802222,0.49677835292171
16,-3.54,1,8,-3.962441040656632e-15,0,0,0.08424046505582464,-0.04212023252791269,0.04212023252791195,0.04212023252791195,0.04212023252791195,0.033162647511632004,30.154407896692923,8.489637762977793,0.8191476709277651,0.234375,3.495030062625131,0.5847726709277651
16,-3.54,2,8,2.4958519375373433e-16,0,0,0.0301878877690053,-0.015093943884502147,0.015093943884503153,-0.015093943884502147,0.015093943884502147,0.031425214739733955,31.82158048185436,8.044854973371892,0.7721680000124896,0.22265625,3.467982596547322,0.5495117500124896
16,-3.54,3,8,3.7570302174787794e-15,0,0,0.05368154952413859,-0.02684077476207013,0.02684077476206846,0.02684077476206846,0.02684077476206846,0.04749893321546044,21.05310440265866,12.159726903157873,0.7197007132303688,0.22265625,3.232340045385516,0.49704446323036877
16,-3.54,4,8,4.1523908341329246e-16,0,0,0.05209605794115126,-0.026048028970575503,0.02604802897057576,-0.026048028970575503,0.026048028970575503,0.028352989684594546,35.26964920187394,7.258365359256204,0.8183207179130834,0.25390625,3.222924673626913,0.5644144679130834
16,-3.54,5,8,2.8050725315685183e-16,0,0,0.08870979749571618,-0.04435489874785808,0.044354898747858106,-0.04435489874785808,0.04435489874785808,0.02524959765511898,39.60459147345126,6.4638969997104585,0.804607129883561,0.2578125,3.120900382578661,0.546794629883561
16,-3.54,6,8,-1.2401954539178922e-15,0,0,0.05955863780469323,-0.02977931890234642,0.029779318902346814,-0.02977931890234642,0.02977931890234642,0.03258431839695969,30.68960927208795,8.34158550962168,0.7979362723023624,0.24609375,3.242407709673092,0.5518425223023624
16,-3.54,7,8,-2.6073922232414456e-15,0,0,0.053248657430765664,-0.026624328715382888,0.026624328715382773,0.026624328715382773,0.026624328715382773,0.03578911166121225,27.94145910818419,9.162012585270336,0.7818672293587228,0.26171875,2.987432995758702,0.5201484793587228
16,-3.54,8,8,6.250673436487328e-16,0,0,0.056324588879301696,-0.028162294439650112,0.02816229443965158,-0.028162294439650112,0.028162294439650112,0.040080638875614596,24.949702101889613,10.260643552157337,0.725933069148146,0.2421875,2.997401059708474,0.48374556914814604
16,-3.54,9,8,4.88899846348576e-15,0,0,0.05544637279930617,-0.0277231863996523,0.027723186399653866,-0.0277231863996523,0.0277231863996523,0.03395139547503198,29.453870334590658,8.691557241608187,0.7747651190238548,0.28125,2.7547204231959284,0.4935151190238548
16,-3.54,10,8,-1.7205917339306108e-15,0,0,0.05552032342289134,-0.027760161711445908,0.027760161711445436,0.027760161711445436,0.027760161711445436,0.03685134550695444,27.136051241637407,9.433944449780336,0.7555402363656819,0.24609375,3.070131754120866,0.5094464863656819
16,-3.54,11,8,1.6167819630772877e-15,0,0,0.06303374897448218,-0.03151687448724097,0.031516874487241206,-0.03151687448724097,0.03151687448724097,0.02930685244547666,34.12171272436812,7.502554226042025,0.8420705771206698,0.26953125,3.1242038803317604,0.5725393271206698
16,-3.54,12,8,-9.210356265071435e-16,0,0,0.06995210373989966,-0.03497605186994913,0.03497605186995052,-0.03497605186994913,0.03497605186994913,0.04905424777210718,20.38559442692365,12.557887429659438,0.7735515544311389,0.25390625,3.046603045144178,0.5196453044311389
16,-3.54,13,8,-1.3136353450002962e-15,0,0,0.06983280141206108,-0.034916400706029686,0.034916400706031386,-0.034916400706029686,0.034916400706029686,0.028310293680832314,35.32284091694383,7.2474351822930725,0.8280340838005348,0.28125,2.944121186846346,0.5467840838005348
16,-3.54,14,8,5.074530819904465e-16,0,0,0.04412719062920701,-0.022063595314604022,0.022063595314602988,0.022063595314602988,0.022063595314602988,0.033666140268177644,29.703434728014642,8.618531908653477,0.8170553246730472,0.2421875,3.3736477921983883,0.5748678246730472
16,-3.54,15,8,-1.1508803984097803e-15,0,0,0.04392082672828358,-0.021960413364141874,0.021960413364141704,0.021960413364141704,0.021960413364141704,0.01964748091008177,50.89711014743204,5.029755112980933,0.7583395799976347,0.25,3.0333583199905387,0.5083395799976347
16,-3.54,16,8,-1.6068427296977142e-15,0,0,0.07185538198221081,-0.03592769099110557,0.03592769099110524,0.03592769099110524,0.03592769099110524,0.04093416249191044,24.429472575568724,10.479145597929072,0.7645675887303052,0.25,3.0582703549212207,0.5145675887303052
16,-3.54,17,8,-6.2131252214978285e-15,0,0,0.019606314837632442,-0.009803157418815779,0.009803157418816665,-0.009803157418815779,0.009803157418815779,0.020961699561120796,47.70605537419177,5.366195087646924,0.8161687521594948,0.26171875,3.118495530639264,0.5544500021594948
16,-3.54,18,8,-6.747635105466002e-16,0,0,0.03734578131420105,-0.018672890657100216,0.018672890657100837,-0.018672890657100216,0.018672890657100216,0.030882829314583343,32.380452898717564,7.906004304533336,0.7940390798083721,0.24609375,3.226571498903861,0.5479453298083721
16,-3.54,19,8,7.542773775831882e-15,0,0,0.11505095856986942,-0.05752547928493452,0.057525479284934906,-0.05752547928493452,0.05752547928493452,0.03156615925897861,31.67949549375609,8.080936770298525,0.7228813600555939,0.22265625,3.2466250556882814,0.5002251100555939
16,-3.54,20,8,-1.5273288626611263e-15,0,0,0.03678453867508262,-0.01839226933754132,0.018392269337541296,0.018392269337541296,0.018392269337541296,0.028884919402993096,34.62014160567049,7.3945393671662325,0.7704408375973009,0.2421875,3.1811750713695,0.5282533375973009
16,-3.54,21,8,-3.412470126986898e-16,0,0,0.07710474709153543,-0.03855237354576776,0.038552373545767675,0.038552373545767675,0.038552373545767675,0.029648979749374603,33.72797338907061,7.590138815839898,0.8112133824153913,0.26171875,3.0995615805722414,0.5494946324153913
16,-3.54,22,8,2.617331456621019e-16,0,0,0.0680840027762623,-0.03404200138813141,0.034042001388130884,0.034042001388130884,0.034042001388130884,0.04399193601233978,22.73143877367659,11.261935619158983,0.762695946317968,0.234375,3.2541693709566633,0.528320946317968
16,-3.54,23,8,2.7498545683486654e-16,0,0,0.06063240690867108,-0.030316203454335743,0.03031620345433534,0.03031620345433534,0.03031620345433534,0.036859733378934195,27.129876109508505,9.436091745007154,0.831530354432788,0.2734375,3.041025296211339,0.558092854432788
16,-3.54,24,8,1.6896696745274934e-15,0,0,0.06132483623570413,-0.030662418117851763,0.030662418117852367,-0.030662418117851763,0.030662418117851763,0.03698135282117564,27.040654916966606,9.467226322220965,0.7700780012983506,0.265625,2.899117181358496,0.5044530012983506
16,-3.54,25,8,1.886245623590169e-15,0,0,0.044005068093380804,-0.022002534046690368,0.022002534046690437,-0.022002534046690368,0.022002534046690368,0.03827892495939652,26.124035642608217,9.799404789605509,0.7798578149051635,0.234375,3.327393343595364,0.5454828149051635
16,-3.54,26,8,4.549960169315864e-16,0,0,0.023620642819283142,-0.011810321409641085,0.011810321409642057,-0.011810321409641085,0.011810321409641085,0.03297991842376661,30.321481913653287,8.442859116484252,0.7938187009613817,0.25,3.175274803845527,0.5438187009613817
16,-3.54,27,8,2.45940808181224e-15,0,0,0.059805231941860465,-0.02990261597093002,0.029902615970930448,-0.02990261597093002,0.02990261597093002,0.04329657272767888,23.0965163522219,11.083922618285794,0.7847315944300033,0.24609375,3.1887506059377912,0.5386378444300033
16,-3.54,28,8,-1.4157885769570238e-15,0,0,0.05872875732749024,-0.02936437866374542,0.029364378663744823,0.029364378663744823,0.029364378663744823,0.036263397087833764,27.5760154951257,9.283429654485444,0.8110605803358178,0.24609375,3.295738231205863,0.5649668303358178
16,-3.54,29,8,-3.4732098865287362e-15,0,0,0.0388513080246058,-0.019425654012303024,0.019425654012302774,0.019425654012302774,0.019425654012302774,0.030279376470555005,33.02577914616055,7.751520376462081,0.7817242148175475,0.2578125,3.0321424089892752,0.5239117148175475
16,-3.52,0,8,-6.5891595510250254e-15,0,0,0.04580148091883373,-0.022900740459416806,0.022900740459416924,-0.022900740459416806,0.022900740459416806,0.029716126387229223,33.65176157110972,7.607328355130681,0.7750156970979082,0.27734375,2.7944227951699223,0.4976719470979082
16,-3.52,1,8,-4.078398763418322e-15,0,0,0.07021786813025209,-0.035108934065125795,0.035108934065126295,-0.035108934065125795,0.035108934065125795,0.03313689875385244,30.177839134199058,8.483046080986224,0.820309004936599,0.234375,3.499985087729489,0.585934004936599
16,-3.52,2,8,-1.0612892530855694e-15,0,0,0.02147710664562528,-0.010738553322812821,0.01073855332281246,0.01073855332281246,0.01073855332281246,0.03338363430937045,29.954797333713607,8.546210383198835,0.767517026264216,0.22265625,3.4470940126954264,0.544860776264216
16,-3.52,3,8,-1.6786260818835226e-16,0,0,0.04109969226349598,-0.020549846131748064,0.02054984613174792,0.02054984613174792,0.02054984613174792,0.048872577011217035,20.461372433266288,12.51137971487156,0.7207287570654926,0.22265625,3.2369572247151948,0.49807250706549255
16,-3.52,4,8,4.638308910467628e-16,0,0,0.03793360809812754,-0.018966804049063937,0.018966804049063608,0.018966804049063608,0.018966804049063608,0.02856339776885023,35.00984049910716,7.312229828825659,0.8178390632452346,0.25390625,3.22102769524277,0.5639328132452346
16,-3.52,5,8,-2.4809430874679828e-15,0,0,0.07487906267216363,-0.03743953133608226,0.03743953133608136,0.03743953133608136,0.03743953133608136,0.02565165335055636,38.98384195100277,6.566823257742429,0.806161340816315,0.2578125,3.1269288371057065,0.548348840816315
16,-3.52,6,8,1.6521214595379934e-15,0,0,0.04542109791131825,-0.0227105489556588,0.022710548955659455,-0.0227105489556588,0.0227105489556588,0.03284732923260544,30.44387544931245,8.408916283546993,0.7992008183588823,0.24609375,3.247546182537681,0.5531070683588823
16,-3.52,7,8,-2.332406766406579e-15,0,0,0.03989884728947497,-0.01994942364473725,0.019949423644737722,-0.01994942364473725,0.01994942364473725,0.0367472397663031,27.212928273241122,9.407293380173593,0.7827783053099305,0.26171875,2.990914121781227,0.5210595553099305
16,-3.52,8,8,2.1998836546789323e-15,0,0,0.04370003158940455,-0.021850015794701957,0.0218500157947026,-0.021850015794701957,0.021850015794701957,0.0406589568981114,24.594826731682577,10.408692965916519,0.7265232319528004,0.2421875,2.999837860966402,0.48433573195280044
16,-3.52,9,8,3.697394817201338e-15,0,0,0.04192953178417652,-0.020964765892088035,0.020964765892088483,-0.020964765892088035,0.020964765892088035,0.03413450567193644,29.295868808264196,8.738433452015729,0.7762017496736386,0.28125,2.7598284432840483,0.49495174967363864
16,-3.52,10,8,2.595244271333078e-16,0,0,0.042553413762086045,-0.021276706881043002,0.021276706881043043,-0.021276706881043002,0.021276706881043002,0.03711490786298399,26.943351272530986,9.501416412923902,0.7555406245048787,0.24609375,3.070133331321412,0.5094468745048787
16,-3.52,11,8,1.3600184341049725e-15,0,0,0.048736193993279775,-0.02436809699663996,0.02436809699663981,0.02436809699663981,0.02436809699663981,0.02992170217686633,33.42055856612129,7.65995575727778,0.8427374016478973,0.26953125,3.1266778959690105,0.5732061516478973
16,-3.52,12,8,1.0425151455908195e-15,0,0,0.05706639063247728,-0.028533195316238477,0.028533195316238803,-0.028533195316238477,0.028533195316238477,0.04947290789013594,20.213083132705506,12.6650644198748,0.7753494836419427,0.25390625,3.053684120189805,0.5214432336419427
16,-3.52,13,8,-2.2418493067260206e-15,0,0,0.05527423207138848,-0.027637116035695266,0.027637116035693212,0.027637116035693212,0.027637116035693212,0.028589073537154137,34.978398257656295,7.318802825511459,0.8290295033864222,0.28125,2.947660456485057,0.5477795033864222
16,-3.52,14,8,-1.7316353265745813e-15,0,0,0.030420556125604906,-0.015210278062802505,0.015210278062802401,0.015210278062802401,0.015210278062802401,0.03328671807631082,30.042012484002463,8.52139982753557,0.8150709446558958,0.2421875,3.3654542230953117,0.5728834446558958
16,-3.52,15,8,-1.5035851384765896e-15,0,0,0.03416426792014307,-0.017082133960071133,0.017082133960071938,-0.017082133960071133,0.017082133960071133,0.02070687345282811,48.29314296424706,5.300959603923996,0.7563516392652356,0.25,3.0254065570609425,0.5063516392652356
16,-3.52,16,8,-1.0883460550632972e-15,0,0,0.05834817290511794,-0.02917408645255898,0.029174086452558957,0.029174086452558957,0.029174086452558957,0.041395007227892584,24.157502727193265,10.597121850340502,0.7662346143365936,0.25,3.0649384573463743,0.5162346143365936
16,-3.52,17,8,1.7901663675876254e-15,0,0,0.00655808942781179,-0.00327904471390621,0.00327904471390558,0.00327904471390558,0.00327904471390558,0.02128857622028852,46.97355002289802,5.449875512393861,0.8150152376883005,0.26171875,3.114088072361268,0.5532964876883005
16,-3.52,18,8,-8.580871484365113e-16,0,0,0.025029650480679552,-0.012514825240339462,0.012514825240340088,-0.012514825240339462,0.012514825240339462,0.0307227271143643,32.549193835479976,7.865018141277261,0.7911570417750422,0.24609375,3.214860360228743,0.5450632917750422
16,-3.52,19,8,1.1464629613521922e-15,0,0,0.10905442905902257,-0.05452721452951109,0.054527214529511474,-0.05452721452951109,0.05452721452951109,0.03060787819961475,32.67132708377631,7.835616819101376,0.725120417783709,0.22265625,3.256681174607535,0.502464167783709
16,-3.52,20,8,-6.736591512822032e-15,0,0,0.023630241322524347,-0.011815120661262224,0.011815120661262123,0.011815120661262123,0.011815120661262123,0.029609329821532887,33.773138602845606,7.579988434312419,0.7709360445233341,0.2421875,3.1832197967415086,0.5287485445233341
16,-3.52,21,8,-4.1921477676512184e-15,0,0,0.06378068478258678,-0.03189034239129363,0.031890342391293146,0.031890342391293146,0.031890342391293146,0.029255981519880174,34.18104428731864,7.4895312690893245,0.8108782636887427,0.26171875,3.0982811269301216,0.5491595136887427
16,-3.52,22,8,3.570393501795677e-15,0,0,0.054621197222188576,-0.02731059861109411,0.027310598611094465,-0.02731059861109411,0.02731059861109411,0.043509012477424475,22.983743897172342,11.138307194220666,0.7653501283250702,0.234375,3.265493880853633,0.5309751283250702
16,-3.52,23,8,1.0679154086719517e-15,0,0,0.04608169051247212,-0.02304084525623634,0.023040845256235783,0.023040845256235783,0.023040845256235783,0.03723759671648329,26.85457946208833,9.532824759419722,0.83249020789865,0.2734375,3.04453561745792,0.55905270789865
16,-3.52,24,8,5.541674788744419e-15,0,0,0.04768660535352205,-0.023843302676761036,0.023843302676761012,0.023843302676761012,0.023843302676761012,0.03681047420046134,27.166180868907883,9.423481395318102,0.7720145346653916,0.265625,2.9064076599167685,0.5063895346653916
16,-3.52,25,8,2.049690794720933e-15,0,0,0.03244316074594618,-0.016221580372972968,0.01622158037297321,-0.016221580372972968,0.016221580372972968,0.0386765728233717,25.855444963203006,9.901202642783154,0.7781753242550264,0.234375,3.320214716821446,0.5438003242550264
16,-3.52,26,8,1.5654292572828246e-15,0,0,0.03589212924436648,-0.01794606462218306,0.017946064622183417,-0.01794606462218306,0.01794606462218306,0.031356009243017575,31.891813535636146,8.0271383662125,0.7925496195666786,0.25,3.1701984782667143,0.5425496195666786
16,-3.52,27,8,-1.3843143379217077e-15,0,0,0.046157078829603626,-0.023078539414802066,0.023078539414801556,0.023078539414801556,0.023078539414801556,0.0434631503950287,23.00799622004344,11.126566501127348,0.7864733819298375,0.24609375,3.195828345619657,0.5403796319298375
16,-3.52,28,8,-1.2534477650906568e-16,0,0,0.044475080986316244,-0.022237540493157987,0.022237540493158257,-0.022237540493157987,0.022237540493157987,0.036317833202743184,27.534682325829596,9.297365299902255,0.813906269212197,0.24609375,3.3073016653701974,0.567812519212197
16,-3.52,29,8,-2.1722746730690062e-15,0,0,0.02539806755202649,-0.012699033776013387,0.012699033776013101,0.012699033776013101,0.012699033776013101,0.030349737374497136,32.94921427690176,7.769532767871267,0.7820078675190599,0.2578125,3.033242637649687,0.5241953675190599
16,-3.5,0,8,-7.973473888946733e-16,0,0,0.03209081660016036,-0.016045408300080267,0.016045408300080097,0.016045408300080097,0.016045408300080097,0.03016053694829615,33.155908388311786,7.721097458763815,0.7756902311602892,0.27734375,2.796854917986395,0.49834648116028923
16,-3.5,1,8,4.583090947247776e-15,0,0,0.05610233164759852,-0.028051165823798952,0.028051165823799566,-0.028051165823798952,0.028051165823798952,0.0330952524373853,30.21581424380896,8.472384623970637,0.8210945787651691,0.234375,3.503336869398055,0.5867195787651691
16,-3.5,2,8,1.890663060647757e-15,0,0,0.01287120413063992,-0.006435602065320091,0.006435602065319828,0.006435602065319828,0.006435602065319828,0.03591445394351922,27.843942763898,9.19410020954092,0.7622417687639024,0.22265625,3.423401628132614,0.5395855187639024
16,-3.5,3,8,-1.298726494930936e-15,0,0,0.02842468473116966,-0.014212342365583623,0.014212342365586038,-0.014212342365583623,0.014212342365583623,0.05023033573228092,19.9082881971928,12.858965947463915,0.7216031286521731,0.22265625,3.240884226929058,0.49894687865217313
16,-3.5,4,8,2.8757515244899296e-15,0,0,0.023733452322323108,-0.011866726161161198,0.011866726161161911,-0.011866726161161198,0.011866726161161198,0.028788849009362197,34.73567142871178,7.369945346396722,0.8166509814040018,0.25390625,3.21634848060653,0.5627447314040018
16,-3.5,5,8,-1.6791782615157212e-15,0,0,0.06094197353411461,-0.03047098676705736,0.030470986767057246,0.030470986767057246,0.030470986767057246,0.02611245950059481,38.29589472325352,6.684789632152271,0.8072151230549529,0.2578125,3.131016234879817,0.5494026230549529
16,-3.5,6,8,2.5013737338593284e-15,0,0,0.031178265533101806,-0.015589132766551612,0.015589132766550193,0.015589132766550193,0.015589132766550193,0.03313414337473926,30.180348672070334,8.48234070393325,0.7999450422731124,0.24609375,3.250570330506615,0.5538512922731124
16,-3.5,7,8,-8.111518796996365e-16,0,0,0.026433003600440055,-0.013216501800220432,0.013216501800219625,0.013216501800219625,0.013216501800219625,0.037699758844004824,26.525368614102533,9.651138264065235,0.7833752717975959,0.26171875,2.9931950683609636,0.5216565217975959
16,-3.5,8,8,-4.905563852451716e-15,0,0,0.031009277096060314,-0.015504638548029553,0.01550463854803076,-0.015504638548029553,0.015504638548029553,0.0411964000891573,24.273965633788357,10.546278422824269,0.7268039944235064,0.2421875,3.000997138264801,0.4846164944235064
16,-3.5,9,8,4.874641793048598e-15,0,0,0.028297675116550625,-0.014148837558275021,0.014148837558275602,-0.014148837558275021,0.014148837558275021,0.03431670530902123,29.140326584239965,8.785076559109434,0.7774481948155844,0.28125,2.764260248233189,0.49619819481558436
16,-3.5,10,8,-2.1402482544014916e-15,0,0,0.02951359613749447,-0.014756798068748125,0.014756798068746345,0.014756798068746345,0.014756798068746345,0.0374350438174499,26.712937879182125,9.583371217267175,0.7551634590513208,0.24609375,3.068600722494256,0.5090697090513208
16,-3.5,11,8,-3.279947015259252e-16,0,0,0.034311919472737956,-0.01715595973636938,0.017155959736368572,0.017155959736368572,0.017155959736368572,0.0305623981929064,32.71994539460265,7.8239739373840385,0.8430253273196763,0.26953125,3.1277461419396686,0.5734940773196763
16,-3.5,12,8,4.861389481875834e-15,0,0,0.044119190769322345,-0.022059595384660242,0.0220595953846621,-0.022059595384660242,0.022059595384660242,0.04969043728350917,20.124596495186637,12.720751944578348,0.7768480200309789,0.25390625,3.059586048122009,0.5229417700309789
16,-3.5,13,8,2.2252839177600647e-16,0,0,0.04060108709473936,-0.020300543547369203,0.02030054354737016,-0.020300543547369203,0.020300543547369203,0.028844704103955315,34.6684090221912,7.384244250612561,0.8298474442557809,0.28125,2.9505686906872213,0.5485974442557809
16,-3.5,14,8,4.754266633229319e-16,0,0,0.016769275402379193,-0.008384637701189442,0.008384637701189752,-0.008384637701189442,0.008384637701189442,0.032756006597292414,30.52875194141215,8.385537688906858,0.8121223045960494,0.2421875,3.3532791931707844,0.5699348045960494
16,-3.5,15,8,-2.1468744099878737e-15,0,0,0.024063732677515708,-0.012031866338757736,0.01203186633875797,-0.012031866338757736,0.012031866338757736,0.022529946039667122,44.38537039721977,5.767666186154783,0.7541923708592527,0.25,3.016769483437011,0.5041923708592527
16,-3.5,16,8,-3.6109787047622685e-15,0,0,0.04471901751823419,-0.02235950875911706,0.02235950875911713,-0.02235950875911706,0.02235950875911706,0.04184524063420428,23.897580342329313,10.712381602356295,0.7676158535458135,0.25,3.070463414183254,0.5176158535458135
16,-3.5,17,8,7.597991739051735e-16,0,0,0.00649292031607876,-0.003246460158039071,0.003246460158039688,-0.003246460158039071,0.003246460158039071,0.02174372555077317,45.99027878938813,5.566393740997931,0.8135148423678789,0.26171875,3.1083552185996566,0.5517960923678789
16,-3.5,18,8,-5.565970692561155e-16,0,0,0.012720395561170269,-0.006360197780585134,0.006360197780585135,-0.006360197780585134,0.006360197780585134,0.030633218446097683,32.64430088400941,7.842103922201007,0.7880053163264481,0.24609375,3.202053348882075,0.5419115663264481
16,-3.5,19,8,-2.1605408558847872e-15,0,0,0.1038862297155227,-0.05194311485776161,0.05194311485776108,0.05194311485776108,0.05194311485776108,0.02962719225795033,33.752776547080806,7.584561218035285,0.7270589355806024,0.22265625,3.2653875001514776,0.5044026855806024
16,-3.5,20,8,6.835983846617767e-16,0,0,0.010401799405078842,-0.005200899702538776,0.005200899702540065,-0.005200899702538776,0.005200899702538776,0.030389155194387202,32.9064758004427,7.779623729763124,0.7712900738505589,0.2421875,3.1846815952539207,0.5291025738505589
16,-3.5,21,8,-4.417437057588218e-17,0,0,0.050438943448477214,-0.025219471724239204,0.02521947172423801,0.02521947172423801,0.02521947172423801,0.028886079044000756,34.61875176886239,7.394836235264194,0.8101940342455323,0.26171875,3.0956667577142727,0.5484752842455323
16,-3.5,22,8,-1.5146287311205601e-15,0,0,0.04100441169840547,-0.020502205849202634,0.020502205849202836,-0.020502205849202634,0.020502205849202634,0.04312128587713995,23.190403061012002,11.039049184547828,0.767670233033975,0.234375,3.275392994278293,0.533295233033975
16,-3.5,23,8,1.0160105232452901e-16,0,0,0.03142408209886276,-0.01571204104943193,0.015712041049430827,0.015712041049430827,0.015712041049430827,0.03764902323344179,26.561114050676057,9.638149947761098,0.83310953739285,0.2734375,3.046800593893851,0.55967203739285
16,-3.5,24,8,-8.586393280687099e-16,0,0,0.03392012668805988,-0.01696006334403009,0.01696006334402979,0.01696006334402979,0.01696006334402979,0.03674155225280444,27.21714077618131,9.405837376717937,0.7735614808036156,0.265625,2.9122314571430237,0.5079364808036156
16,-3.5,25,8,-2.6460447974953424e-15,0,0,0.020760190742243875,-0.010380095371121837,0.010380095371122038,-0.010380095371121837,0.010380095371121837,0.039013878222392336,25.631904480238056,9.987552824932438,0.7765994063830278,0.234375,3.3134908005675854,0.5422244063830278
16,-3.5,26,8,-9.994451342793343e-16,0,0,0.04798876218143553,-0.02399438109071776,0.023994381090717772,-0.02399438109071776,0.02399438109071776,0.02956771500656018,33.82067230349489,7.569335041679406,0.7910173606487524,0.25,3.1640694425950096,0.5410173606487524
16,-3.5,27,8,-1.6675824892395522e-15,0,0,0.032379570227081364,-0.016189785113540255,0.01618978511354111,-0.016189785113540255,0.016189785113540255,0.043624895438911133,22.92269104461972,11.16797323236125,0.7880123355150259,0.24609375,3.202081871299153,0.5419185855150259
16,-3.5,28,8,-1.6013209333757289e-16,0,0,0.030074357587627002,-0.01503717879381321,0.015037178793813792,-0.01503717879381321,0.01503717879381321,0.03643646628846123,27.44503245960166,9.327735369846074,0.815969532283548,0.24609375,3.315685718485528,0.569875782283548
16,-3.5,29,8,2.0784041355952563e-15,0,0,0.011900512744293365,-0.005950256372146383,0.005950256372146981,-0.005950256372146383,0.005950256372146383,0.030393282063757934,32.90200768387685,7.780680208322031,0.7820484859873905,0.2578125,3.0334001880723025,0.5242359859873905
16,-3.48,0,8,2.1446656914590797e-15,0,0,0.018285196778760233,-0.009142598389380866,0.009142598389379369,0.009142598389379369,0.009142598389379369,0.03061017857442478,32.668871812316496,7.836205715052744,0.776147477256533,0.27734375,2.7985035799672175,0.498803727256533
16,-3.48,1,8,-1.2534477650906568e-15,0,0,0.0419070153647174,-0.02095350768235861,0.02095350768235879,-0.02095350768235861,0.02095350768235861,0.03303033261113144,30.27520224434535,8.455765148449649,0.8214963320648712,0.234375,3.5050510168101168,0.5871213320648712
16,-3.48,2,8,-1.380449080496318e-15,0,0,0.004041467918103088,-0.002020733959051166,0.0020207339590519228,-0.002020733959051166,0.002020733959051166,0.038717946328688316,25.827816163354807,9.911794260144209,0.7571231435719635,0.22265625,3.400412714989871,0.5344668935719635
16,-3.48,3,8,-3.7250037988112644e-15,0,0,0.015659797800934704,-0.007829898900467983,0.007829898900466719,0.007829898900466719,0.007829898900466719,0.05155776104276445,19.39572199751949,13.1987868269477,0.7223188524260548,0.22265625,3.2440987056328074,0.49966260242605476
16,-3.48,4,8,-6.626155586382326e-16,0,0,0.00951421728750797,-0.004757108643753409,0.004757108643754562,-0.004757108643753409,0.004757108643753409,0.02905426328021453,34.4183567951965,7.437891399734919,0.8147497951809998,0.25390625,3.208860731789784,0.5608435451809998
16,-3.48,5,8,-1.7730487989894709e-15,0,0,0.046911124483919084,-0.02345556224195958,0.0234555622419595,0.0234555622419595,0.0234555622419595,0.026638946934846534,37.53902143526159,6.819570415320713,0.8077945585372981,0.2578125,3.1332637422052776,0.5499820585372981
16,-3.48,6,8,2.0806128541240504e-15,0,0,0.016844833063992905,-0.008422416531995757,0.00842241653199715,-0.008422416531995757,0.008422416531995757,0.03344608097131388,29.898869193603954,8.562196728656353,0.8001536576647826,0.24609375,3.25141803749499,0.5540599076647826
16,-3.48,7,8,2.617331456621019e-15,0,0,0.012859422734962454,-0.006429711367481692,0.006429711367480761,0.006429711367480761,0.006429711367480761,0.038621460320458906,25.89234046829325,9.88709384203748,0.7836158928566296,0.26171875,2.9941144562880173,0.5218971428566296
16,-3.48,8,8,2.293754192152682e-15,0,0,0.01826387326817036,-0.009131936634085664,0.009131936634084696,0.009131936634084696,0.009131936634084696,0.04168226849417789,23.991016711090914,10.67066073450954,0.7267587268517822,0.2421875,3.0008102270009074,0.4845712268517822
16,-3.48,9,8,1.3843143379217077e-15,0,0,0.014555231379746097,-0.007277615689872863,0.0072776156898732335,-0.007277615689872863,0.007277615689872863,0.03449776107859373,28.987388419838986,8.831426836119995,0.7784982031088415,0.28125,2.767993611053659,0.49724820310884155
16,-3.48,10,8,3.060179521644238e-15,0,0,0.016409609345892657,-0.008204804672946337,0.00820480467294632,0.00820480467294632,0.00820480467294632,0.0378167800657951,26.443287827788648,9.681095696843546,0.7543635456236467,0.24609375,3.0653502806294215,0.5082697956236467
16,-3.48,11,8,-2.0518995132497273e-15,0,0,0.01977161717202626,-0.00988580858601464,0.009885808586011617,0.009885808586011617,0.009885808586011617,0.031221033205424072,32.02968951797113,7.9925845005885625,0.842992759747022,0.26953125,3.127625311525183,0.573461509747022
16,-3.48,12,8,1.402536265784259e-15,0,0,0.031123442474718245,-0.015561721237359287,0.015561721237358958,0.015561721237358958,0.015561721237358958,0.04966138784415905,20.13636838217391,12.713315288104717,0.778050930641181,0.25390625,3.0643236652944976,0.524144680641181
16,-3.48,13,8,-2.591379013907688e-15,0,0,0.025818022542681042,-0.012909011271341,0.01290901127134004,0.01290901127134004,0.01290901127134004,0.02907570504010825,34.39297511859327,7.443380490267712,0.8304851500190729,0.28125,2.9528360889567034,0.5492351500190729
16,-3.48,14,8,2.8845863986051062e-15,0,0,0.003209089329805434,-0.0016045446649029479,0.0016045446649024858,0.0016045446649024858,0.0016045446649024858,0.03207983796867914,31.17222727173189,8.212438519981859,0.8081191825563794,0.2421875,3.3367501731360183,0.5659316825563794
16,-3.48,15,8,4.7923670278510174e-15,0,0,0.0135090707028575,-0.006754535351428769,0.00675453535142873,0.00675453535142873,0.00675453535142873,0.02489922958653558,40.161885191048505,6.374202774153108,0.7522247865684988,0.25,3.008899146273995,0.5022247865684988
16,-3.48,16,8,-3.264485985557693e-15,0,0,0.030977579410330844,-0.015488789705165798,0.015488789705165047,0.015488789705165047,0.015488789705165047,0.04228224092871108,23.650591312935024,10.824253677750036,0.7687050985779251,0.25,3.0748203943117005,0.5187050985779251
16,-3.48,17,8,0.9999999999999964,1,1,0.01953778010337568,-0.009768890051688085,0.009768890051687596,0.009768890051687596,0.009768890051687596,0.02232616402189235,44.790497777380416,5.715497989604442,0.8116038198676819,0.26171875,3.1010534012854714,0.5498850698676819
16,-3.48,18,8,-3.2799470152592518e-15,0,0,0.00041416923622768134,-0.00020708461811350814,0.0002070846181141732,-0.00020708461811350814,0.00020708461811350814,0.030630511376983187,32.64718592819296,7.841410912507696,0.7845936368547581,0.24609375,3.188190016425684,0.5384998868547581
16,-3.48,19,8,-1.5062079917295326e-15,0,0,0.09963311867257296,-0.04981655933628586,0.04981655933628711,-0.04981655933628586,0.04981655933628586,0.028801439497614212,34.72048680354452,7.373168511389238,0.7290301709625167,0.22265625,3.2742407678316536,0.5063739209625167
16,-3.48,20,8,1.0000000000000044,1,1,0.002897183612788163,-0.0014485918063936443,0.0014485918063945186,-0.0014485918063936443,0.0014485918063936443,0.03123216886792201,32.018269503757764,7.9954352301880345,0.7715042926455656,0.2421875,3.185566111568787,0.5293167926455656
16,-3.48,21,8,-1.7907185472198237e-15,0,0,0.037091840467828874,-0.018545920233914284,0.018545920233914586,-0.018545920233914284,0.018545920233914284,0.02854244929028943,35.03553566232366,7.306867018314094,0.8091399916551822,0.26171875,3.0916393711003978,0.5474212416551822
16,-3.48,22,8,-2.926552050652194e-16,0,0,0.027243129099307824,-0.013621564549653466,0.01362156454965436,-0.013621564549653466,0.013621564549653466,0.042842025043760834,23.34156704727551,10.967558411202774,0.7695915937268651,0.234375,3.283590799901291,0.5352165937268651
16,-3.48,23,8,-3.3274344636283252e-15,0,0,0.016669588529309783,-0.008334794264655566,0.008334794264654216,0.008334794264654216,0.008334794264654216,0.038097354078076955,26.248542036557023,9.7529226439877,0.8333849386182729,0.2734375,3.047807775518255,0.5599474386182729
16,-3.48,24,8,-1.0151822537969923e-15,0,0,0.02003554457097394,-0.010017772285487022,0.010017772285486918,0.010017772285486918,0.010017772285486918,0.03679874449774942,27.174840165026804,9.420478591423851,0.7746694230122898,0.265625,2.916402533693326,0.5090444230122898
16,-3.48,25,8,2.55327861928599e-15,0,0,0.008925809018362197,-0.004462904509180873,0.004462904509181323,-0.004462904509180873,0.004462904509180873,0.0392918071384053,25.4505983010021,10.058702627431757,0.7751717312229778,0.234375,3.307399386551372,0.5407967312229778
16,-3.48,26,8,-2.5207000209862766e-15,0,0,0.059887038930282285,-0.02994351946514131,0.029943519465140973,0.029943519465140973,0.029943519465140973,0.02764749069136423,36.16964776887881,7.077757616989243,0.7891742528627649,0.25,3.1566970114510595,0.5391742528627649
16,-3.48,27,8,-8.315825260909819e-16,0,0,0.018477812057825945,-0.00923890602891524,0.009238906028910705,0.009238906028910705,0.009238906028910705,0.043782378174025076,22.840239422930058,11.20828881255042,0.7893097778776584,0.24609375,3.2073540180425484,0.5432160278776584
16,-3.48,28,8,-1.881828186532581e-15,0,0,0.015547593606315593,-0.0077737968031579684,0.007773796803157625,0.007773796803157625,0.007773796803157625,0.036625116946786815,27.303667083245497,9.376029938377425,0.8172051404149896,0.24609375,3.3207066023212275,0.5711113904149896
16,-3.48,29,8,6.847027439261737e-16,0,0,0.001627618730596075,-0.0008138093652981268,0.0008138093652979481,0.0008138093652979481,0.0008138093652979481,0.030409944164950905,32.88398014069864,7.784945706227432,0.781817529796932,0.2578125,3.032504358000221,0.524005029796932
16,-3.46,0,8,3.0927581199439508e-15,0,0,0.004390157653160136,-0.002195078826580123,0.0021950788265800124,0.0021950788265800124,0.0021950788265800124,0.031062033036655237,32.193642921567125,7.951880457383741,0.7763879150997351,0.27734375,2.799370510782144,0.49904416509973515
16,-3.46,1,8,-3.039196695620694e-15,0,0,0.027646416355847185,-0.013823208177923672,0.013823208177923511,0.013823208177923511,0.013823208177923511,0.03293548527209182,30.362388522247127,8.431484229655506,0.8214942625361781,0.234375,3.5050421868210266,0.5871192625361781
16,-3.46,2,8,1.0000000000000044,1,1,0.0053214521242087726,-0.0026607260621039066,0.0026607260621048664,-0.0026607260621039066,0.0026607260621039066,0.04137907444127688,24.16680444167861,10.59304305696688,0.7528430902999999,0.22265625,3.3811900195929816,0.5301868402999999
16,-3.46,3,8,1.8680236957276177e-15,0,0,0.0028091827135580272,-0.0014045913567797758,0.0014045913567782516,0.0014045913567782516,0.0014045913567782516,0.05284397925431178,18.923631681624457,13.528058689103815,0.7228641993412299,0.22265625,3.2465479830062254,0.5002079493412299
16,-3.46,4,8,1.7067872431256477e-15,0,0,0.004704956369087014,-0.002352478184543885,0.0023524781845431298,0.0023524781845431298,0.0023524781845431298,0.029394510428735903,34.019957652446756,7.524994669756391,0.8121262202002945,0.25390625,3.198527882635006,0.5582199702002945
16,-3.46,5,8,-9.276617820935258e-17,0,0,0.0327986277200239,-0.016399313860012074,0.016399313860011824,0.016399313860011824,0.016399313860011824,0.0272405057175546,36.71003799887496,6.973569463693978,0.8079201688817694,0.2578125,3.133750958086863,0.5501076688817694
16,-3.46,6,8,-3.2335639261545754e-15,0,0,0.0024367057527578144,-0.0012183528763789761,0.0012183528763788382,0.0012183528763788382,0.0012183528763788382,0.033786888474534864,29.597280044112342,8.649443449480925,0.799800072921125,0.24609375,3.249981248695365,0.553706322921125
16,-3.46,7,8,0.999999999999997,1,1,0.0008111324626156034,-0.000405566231307269,0.00040556623130833436,-0.000405566231307269,0.000405566231307269,0.03948324404475529,25.327199529665645,10.107710475457354,0.7834486159152269,0.26171875,2.9934753085716133,0.5217298659152269
16,-3.46,8,8,1.954163718350588e-15,0,0,0.005476927720336153,-0.002738463860168096,0.002738463860168057,0.002738463860168057,0.002738463860168057,0.04210286110117259,23.751354987420306,10.778332441900183,0.7263648109049985,0.2421875,2.9991837353496713,0.4841773109049985
16,-3.46,9,8,-8.076179300535659e-15,0,0,0.0007069554610183899,-0.0003534777305089451,0.0003534777305094448,-0.0003534777305089451,0.0003534777305089451,0.03467664281863119,28.837855072369244,8.877220561569585,0.7793411931288974,0.28125,2.7709909089027462,0.4980911931288974
16,-3.46,10,8,-4.5897171028341584e-15,0,0,0.003253224013003227,-0.001626612006501821,0.0016266120065014061,0.0016266120065014061,0.0016266120065014061,0.03825895686086274,26.137670288207904,9.794292956380861,0.7530904301409804,0.24609375,3.060176985969698,0.5069966801409804
16,-3.46,11,8,-8.594675975170076e-16,0,0,0.005124663889613115,-0.0025623319448060716,0.002562331944807043,-0.0025623319448060716,0.0025623319448060716,0.03189020982195503,31.357586092504896,8.163893714420487,0.8426836007683177,0.26953125,3.126478286908541,0.5731523507683177
16,-3.46,12,8,-2.1860791638739693e-15,0,0,0.018090776879643253,-0.009045388439820752,0.009045388439822501,-0.009045388439820752,0.009045388439820752,0.049341971265970404,20.26672170452315,12.631544644088423,0.7789713502613962,0.25390625,3.0679487025679606,0.5250651002613962
16,-3.46,13,8,2.900047428306665e-15,0,0,0.010929981165698703,-0.0054649905828492275,0.005464990582849476,-0.0054649905828492275,0.0054649905828492275,0.029280283340769712,34.1526749711334,7.495752535237046,0.8309369138872222,0.28125,2.954442360487901,0.5496869138872222
16,-3.46,14,8,1.0000000000000027,1,1,0.010221975210051217,-0.00511098760502458,0.005110987605026636,-0.00511098760502458,0.00511098760502458,0.031278951061548904,31.970381552509803,8.00741147175652,0.802981854267624,0.2421875,3.31553797891148,0.560794354267624
16,-3.46,15,8,7.978995685268719e-16,0,0,0.0024715726392356393,-0.001235786319618085,0.0012357863196175544,0.0012357863196175544,0.0012357863196175544,0.027452850718807105,36.42608959786208,7.027929784014619,0.750530069172695,0.25,3.00212027669078,0.500530069172695
16,-3.46,16,8,1.0270541158892607e-15,0,0,0.01713426141807805,-0.008567130709039542,0.008567130709038508,0.008567130709038508,0.008567130709038508,0.04270299801680785,23.417559572899332,10.93196749230281,0.7694939818388015,0.25,3.077975927355206,0.5194939818388015
16,-3.46,17,8,0.9999999999999981,1,1,0.032564296698302825,-0.016282148349151523,0.016282148349151305,0.016282148349151305,0.016282148349151305,0.023035395112312246,43.411454204469344,5.897061148751935,0.8092043346026215,0.26171875,3.091885218780166,0.5474855846026215
16,-3.46,18,8,0.9999999999999968,1,1,0.011893346155122065,-0.005946673077560644,0.005946673077561421,-0.005946673077560644,0.005946673077560644,0.030727700335504295,32.54392580900533,7.866291285889099,0.7809320428057421,0.24609375,3.1733111580677775,0.5348382928057421
16,-3.46,19,8,2.700158401450798e-15,0,0,0.09632863620127521,-0.04816431810063753,0.04816431810063769,-0.04816431810063753,0.04816431810063753,0.028285178497245128,35.3542050334735,7.241005695294753,0.7315582219100205,0.22265625,3.2855948212099166,0.5089019719100205
16,-3.46,20,8,1.0000000000000002,1,1,0.016263150477936986,-0.008131575238968508,0.008131575238968477,0.008131575238968477,0.008131575238968477,0.03214684314448425,31.10725353358934,8.229591844987969,0.7715804525156666,0.2421875,3.185880578129204,0.5293929525156666
16,-3.46,21,8,-4.4174370575882175e-16,0,0,0.023752293480296262,-0.011876146740148199,0.011876146740148063,0.011876146740148063,0.011876146740148063,0.028227371742945102,35.42660680939702,7.226207166193946,0.8076868453779379,0.26171875,3.0860870509963,0.5459680953779379
16,-3.46,22,8,-5.143001094297082e-15,0,0,0.013349140199828368,-0.006674570099914301,0.006674570099914068,0.006674570099914068,0.006674570099914068,0.04267761343500706,23.431488302945553,10.925469039361808,0.7710558176631948,0.234375,3.2898381553629643,0.5366808176631948
16,-3.46,23,8,-1.7548268711269195e-15,0,0,0.0018290618411675298,-0.000914530920583829,0.0009145309205837008,0.0009145309205837008,0.0009145309205837008,0.03858488245511273,25.916886002266256,9.87772990850886,0.8332999761622302,0.2734375,3.0474970556790133,0.5598624761622302
16,-3.46,24,8,6.289326010741225e-16,0,0,0.006044918465517972,-0.0030224592327589735,0.0030224592327589986,-0.0030224592327589735,0.0030224592327589735,0.0370094423723462,27.020131509660608,9.474417247320627,0.7752881977058682,0.265625,2.918732038422092,0.5096631977058682
16,-3.46,25,8,1.0000000000000007,1,1,0.0030847841733546806,-0.0015423920866779839,0.0015423920866766965,0.0015423920866766965,0.0015423920866766965,0.03951868018085416,25.304488799311564,10.116782126298665,0.7739004486859505,0.234375,3.3019752477267224,0.5395254486859505
16,-3.46,26,8,-3.4986101496098683e-15,0,0,0.0715643311138239,-0.03578216555691205,0.035782165556911855,0.035782165556911855,0.035782165556911855,0.025646630502489436,38.99147686878139,6.5655374086372955,0.7869250738974402,0.25,3.1477002955897606,0.5369250738974402
16,-3.46,27,8,3.0347792585631058e-15,0,0,0.004458580710855869,-0.0022292903554268053,0.0022292903554290643,-0.0022292903554268053,0.0022292903554268053,0.043935903116794524,22.760428921688636,11.247591197899398,0.7903180741327746,0.24609375,3.2114512218728617,0.5442243241327746
16,-3.46,28,8,6.526763252586592e-16,0,0,0.0009186960920468013,-0.0004593480460234533,0.0004593480460233479,0.0004593480460233479,0.0004593480460233479,0.036893874110249913,27.104770754399535,9.444831772223978,0.8175306599014479,0.24609375,3.322029348170963,0.5714369099014479
16,-3.46,29,8,-2.579783241631519e-15,0,0,0.015170228281772037,-0.007585114140885991,0.007585114140886046,-0.007585114140885991,0.007585114140885991,0.030399369969543726,32.89541858932839,7.782238712203194,0.7812759319612694,0.2578125,3.0304036148800755,0.5234634319612694
16,-3.44,0,8,0.9999999999999997,1,1,0.009588491277995333,-0.00479424563899648,0.004794245638998853,-0.00479424563899648,0.00479424563899648,0.03151199067636234,31.73395201433962,8.067069613148758,0.7764095033721418,0.27734375,2.799448350186877,0.49906575337214176
16,-3.44,1,8,-1.6035296519045231e-15,0,0,0.013336936453111292,-0.006668468226555873,0.006668468226555419,0.006668468226555419,0.006668468226555419,0.032804621862834275,30.483509432947976,8.397983196885574,0.8210544564461315,0.234375,3.503165680836828,0.5866794564461315
16,-3.44,2,8,0.9999999999999979,1,1,0.01538555503602132,-0.0076927775180104475,0.007692777518010872,-0.0076927775180104475,0.0076927775180104475,0.04364413509748721,22.912586027110304,11.172898584956727,0.7495319911580145,0.22265625,3.3663191181833634,0.5268757411580145
16,-3.44,3,8,0.9999999999999972,1,1,0.010121685678447935,-0.005060842839224008,0.005060842839223927,0.005060842839223927,0.005060842839223927,0.05408266172228868,18.490214204599283,13.845161400905901,0.7232202509560373,0.22265625,3.2481470920130797,0.5005640009560373
16,-3.44,4,8,0.999999999999997,1,1,0.01890451264497097,-0.009452256322486034,0.009452256322484935,0.009452256322484935,0.009452256322484935,0.02985506937321463,33.49514909843686,7.6428977595429455,0.8087726927388813,0.25390625,3.185320143710056,0.5548664427388813
16,-3.44,5,8,-1.2459933400559767e-15,0,0,0.01861621035907665,-0.009308105179538145,0.009308105179538504,-0.009308105179538145,0.009308105179538145,0.027928346361802664,35.80591514604282,7.149656668621482,0.8076077676384491,0.2578125,3.1325392199309543,0.5497952676384491
16,-3.44,6,8,-1.2755349503785979e-16,0,0,0.012028543412741139,-0.006014271706370571,0.006014271706370568,0.006014271706370568,0.006014271706370568,0.03416320264630905,29.271260377810002,8.745779877455117,0.7988445102311351,0.24609375,3.246098327288422,0.5527507602311351
16,-3.44,7,8,1.0000000000000007,1,1,0.01456495508537429,-0.007282477542687088,0.007282477542687202,-0.007282477542687088,0.007282477542687088,0.04025075711638177,24.844253167923817,10.304193821793733,0.7828088863117598,0.26171875,2.991030968594187,0.5210901363117598
16,-3.44,8,8,1.0,1,1,0.007336452921551252,-0.003668226460776228,0.0036682264607750246,0.0036682264607750246,0.0036682264607750246,0.04244086551910611,23.56219619389756,10.864861572891163,0.7255926330038512,0.2421875,2.9959953878868695,0.48340513300385124
16,-3.44,9,8,0.9999999999999934,1,1,0.013241906078489556,-0.0066209530392452014,0.006620953039244356,0.006620953039244356,0.006620953039244356,0.03485145451500798,28.693207038729845,8.921972355842042,0.7799612598739412,0.28125,2.773195590662902,0.49871125987394116
16,-3.44,10,8,1.0000000000000033,1,1,0.009940497288604102,-0.004970248644302332,0.00497024864430177,0.00497024864430177,0.00497024864430177,0.038751464604735754,25.805476262638898,9.920374938812353,0.75129718186221,0.24609375,3.0528901358210434,0.50520343186221
16,-3.44,11,8,1.0000000000000024,1,1,0.009620525033587797,-0.004810262516793247,0.00481026251679455,-0.004810262516793247,0.004810262516793247,0.03256204520956288,30.710601670263582,8.335883573648097,0.8421299841585178,0.26953125,3.124424289051892,0.5725987341585178
16,-3.44,12,8,-2.7100976348303717e-15,0,0,0.0050303020285652165,-0.00251515101428229,0.002515151014282926,-0.00251515101428229,0.00251515101428229,0.04869851677066949,20.534506311746387,12.46682029329139,0.779631657604378,0.25390625,3.070549297641858,0.525725407604378
16,-3.44,13,8,1.0000000000000002,1,1,0.00405770022117469,-0.0020288501105871215,0.002028850110587568,-0.0020288501105871215,0.0020288501105871215,0.029456281328509568,33.9486165564334,7.540808020098449,0.8311937196352448,0.28125,2.9553554475919817,0.5499437196352448
16,-3.44,14,8,0.9999999999999957,1,1,0.02348574637885817,-0.011742873189428949,0.01174287318942922,-0.011742873189428949,0.011742873189428949,0.030396415085762855,32.89861640520834,7.781482261955291,0.7966669723472375,0.2421875,3.2894636277563354,0.5544794723472375
16,-3.44,15,8,0.999999999999997,1,1,0.009013414214341136,-0.004506707107171343,0.004506707107169792,0.004506707107169792,0.004506707107169792,0.029895421671314003,33.44993795352767,7.653227947856385,0.748954519451737,0.25,2.995818077806948,0.49895451945173697
16,-3.44,16,8,-3.9663062980820214e-15,0,0,0.0032003848037980027,-0.001600192401899302,0.0016001924018987008,0.0016001924018987008,0.0016001924018987008,0.04310363977489847,23.199896928016575,11.034531782374009,0.7699713449482186,0.25,3.0798853797928745,0.5199713449482186
16,-3.44,17,8,1.0000000000000009,1,1,0.0455562204583245,-0.022778110229163522,0.022778110229160976,0.022778110229160976,0.022778110229160976,0.023874076901336805,41.88643624348911,6.111763686742222,0.8062249316029029,0.26171875,3.0805012311991513,0.5445061816029029
16,-3.44,18,8,1.0000000000000044,1,1,0.024206387287076706,-0.012103193643538733,0.012103193643537973,0.012103193643537973,0.012103193643537973,0.03093370433134196,32.32719849160782,7.919028308823542,0.777029627625465,0.24609375,3.1574537249542707,0.530935877625465
16,-3.44,19,8,2.0430646391345507e-16,0,0,0.09391341297366304,-0.04695670648683147,0.04695670648683157,-0.04695670648683147,0.04695670648683147,0.02814760496234739,35.52700136788492,7.205786870360932,0.7354581279176989,0.22265625,3.303110188542648,0.5128018779176989
16,-3.44,20,8,0.9999999999999972,1,1,0.029692600004839177,-0.014846300002419202,0.014846300002419974,-0.014846300002419202,0.014846300002419202,0.033142187736480686,30.17302321594381,8.484400060539055,0.7715208170909512,0.2421875,3.1856343415368307,0.5293333170909512
16,-3.44,21,8,-1.975146544374132e-15,0,0,0.01043393339495433,-0.005216966697476672,0.005216966697477659,-0.005216966697476672,0.005216966697476672,0.02794110396986693,35.78956654964133,7.1529226162859345,0.8057959743180676,0.26171875,3.0788622302302286,0.5440772243180676
16,-3.44,22,8,-2.274980084657932e-16,0,0,0.000663593832460792,-0.0003317969162304855,0.00033179691623030656,0.00033179691623030656,0.00033179691623030656,0.04262850487028619,23.45848166720576,10.912897246793264,0.7720135184094855,0.234375,3.2939243452138047,0.5376385184094855
16,-3.44,23,8,-1.8901108810155587e-15,0,0,0.013085258917575927,-0.006542629458787966,0.006542629458787961,0.006542629458787961,0.006542629458787961,0.03911245124508881,25.56730575983948,10.012787518742735,0.8328226889977091,0.2734375,3.045751548334479,0.5593851889977091
16,-3.44,24,8,0.9999999999999941,1,1,0.008037664021988534,-0.004018832010994552,0.004018832010993983,0.004018832010993983,0.004018832010993983,0.03740398598776518,26.73511856001388,9.575420412867887,0.7753703449943226,0.265625,2.9190412988021555,0.5097453449943226
16,-3.44,25,8,0.999999999999999,1,1,0.015288840950824117,-0.007644420475412404,0.007644420475411713,0.007644420475411713,0.007644420475411713,0.039707786559120904,25.183977417404027,10.165193359134951,0.772758947289778,0.234375,3.2971048417697193,0.538383947289778
16,-3.44,26,8,0.9999999999999984,1,1,0.08299856044659408,-0.041499280223297234,0.041499280223296846,0.041499280223296846,0.041499280223296846,0.023632563253639844,42.314495861805504,6.0499361929318,0.7840894899161617,0.25,3.1363579596646467,0.5340894899161617
16,-3.44,27,8,1.0000000000000007,1,1,0.009669296176990833,-0.004834648088495779,0.004834648088495053,0.004834648088495053,0.004834648088495053,0.04408531560611555,22.683290030961675,11.28584079516558,0.7909805035219823,0.24609375,3.2141429984385312,0.5448867535219823
16,-3.44,28,8,-6.847027439261737e-16,0,0,0.013783806401422731,-0.0068919032007118625,0.006891903200710868,0.006891903200710868,0.006891903200710868,0.037259513692204954,26.838782928323877,9.538435505204468,0.8168098666596084,0.24609375,3.3191004105533293,0.5707161166596084
16,-3.44,29,8,1.2523434058262597e-15,0,0,0.02870832089304626,-0.014354160446523035,0.014354160446523226,-0.014354160446523035,0.014354160446523035,0.030360216546133897,32.93784148345744,7.772215435810278,0.7803707490384473,0.2578125,3.026892602330947,0.5225582490384473
16,-3.42,0,8,1.0000000000000018,1,1,0.023644502142512024,-0.011822251071256359,0.011822251071255665,0.011822251071255665,0.011822251071255665,0.031954506351633785,31.294490642283744,8.180353626018249,0.7762061842011342,0.27734375,2.798715255711132,0.4988624342011342
16,-3.42,1,8,0.9999999999999983,1,1,0.0010024080189263054,-0.0005012040094633741,0.0005012040094629313,0.0005012040094629313,0.0005012040094629313,0.03263207218052548,30.644698089286244,8.353810478214523,0.8201259847074394,0.234375,3.499204201418408,0.5857509847074394
16,-3.42,2,8,0.9999999999999974,1,1,0.026152549815636028,-0.013076274907817953,0.013076274907818073,-0.013076274907817953,0.013076274907817953,0.04551975725336803,21.968482705957523,11.653057856862215,0.7468148759863299,0.22265625,3.354115934254394,0.5241586259863299
16,-3.42,3,8,0.9999999999999978,1,1,0.023125518124022436,-0.011562759062011502,0.011562759062010932,0.011562759062010932,0.011562759062010932,0.0552719708224044,18.092352871098488,14.149624530535526,0.7233605498691732,0.22265625,3.248777206429971,0.5007042998691732
16,-3.42,4,8,1.000000000000002,1,1,0.03306476228603378,-0.01653238114301708,0.0165323811430167,0.0165323811430167,0.0165323811430167,0.030491343585333303,32.796193358990315,7.805783957845326,0.8046893511629061,0.25390625,3.1692380599646763,0.5507831011629061
16,-3.42,5,8,3.002752839895591e-15,0,0,0.004375287300304145,-0.002187643650152565,0.0021876436501515792,0.0021876436501515792,0.0021876436501515792,0.028714511553817462,34.82559674141678,7.35091495777727,0.8068694300948074,0.2578125,3.1296753652162224,0.5490569300948074
16,-3.42,6,8,0.9999999999999983,1,1,0.02653110750003968,-0.013265553750019284,0.013265553750020396,-0.013265553750019284,0.013265553750019284,0.034585094382318535,28.914190285143338,8.853784161873545,0.7972314223338636,0.24609375,3.239543557420144,0.5511376723338636
16,-3.42,7,8,0.9999999999999973,1,1,0.02838471952567453,-0.014192359762836922,0.014192359762837609,-0.014192359762836922,0.014192359762836922,0.04088146570840799,24.46096250884499,10.465655221352446,0.7816136391949627,0.26171875,2.9864640542374694,0.5198948891949627
16,-3.42,8,8,1.0000000000000016,1,1,0.020158623439464538,-0.010079311719733114,0.010079311719731424,0.010079311719731424,0.010079311719731424,0.042674681797363376,23.4330979841491,10.924718540125024,0.7244044917799225,0.2421875,2.9910895144461316,0.4822169917799225
16,-3.42,9,8,1.0000000000000033,1,1,0.02728539653916199,-0.0136426982695813,0.013642698269580691,0.013642698269580691,0.013642698269580691,0.0350193101848003,28.555673847454532,8.964943407308876,0.7803357733754068,0.28125,2.7745271942236687,0.4990857733754068
16,-3.42,10,8,0.9999999999999999,1,1,0.02315343078142671,-0.01157671539071421,0.0115767153907125,0.0115767153907125,0.0115767153907125,0.03927263728575341,25.463021307274445,10.053795145152874,0.7489528274834777,0.24609375,3.043363870409052,0.5028590774834777
16,-3.42,11,8,1.0000000000000029,1,1,0.024456157097215235,-0.012228078548607128,0.012228078548608107,-0.012228078548607128,0.012228078548607128,0.03322735741130068,30.095682531163263,8.506203497292974,0.8413537492878255,0.26953125,3.1215443451838163,0.5718224992878255
16,-3.42,12,8,0.9999999999999993,1,1,0.008052631290831141,-0.004026315645415142,0.004026315645415998,-0.004026315645415142,0.004026315645415142,0.04771841293827286,20.95627114199231,12.215913712197851,0.7800608001203551,0.25390625,3.0722394589355524,0.5261545501203551
16,-3.42,13,8,1.0,1,1,0.019139160680386843,-0.00956958034019314,0.009569580340193702,-0.00956958034019314,0.00956958034019314,0.029601136100010205,33.78248715256761,7.5778908416026125,0.8312426376958032,0.28125,2.955529378473967,0.5499926376958032
16,-3.42,14,8,1.0000000000000064,1,1,0.03654763819695786,-0.018273819098478732,0.01827381909847913,-0.018273819098478732,0.018273819098478732,0.029503007087390336,33.89485000759135,7.552769814371926,0.7892030377668878,0.2421875,3.2586448011019886,0.5470155377668878
16,-3.42,15,8,1.0000000000000022,1,1,0.020879193823133746,-0.010439596911567126,0.010439596911566618,0.010439596911566618,0.010439596911566618,0.03207834208394286,31.173680902310725,8.212055573489373,0.7472528848393998,0.25,2.989011539357599,0.4972528848393998
16,-3.42,16,8,0.9999999999999997,1,1,0.010811573296475915,-0.005405786648238645,0.005405786648237269,0.005405786648237269,0.005405786648237269,0.043478810451945044,22.999709274595954,11.130575475697931,0.7701224581328519,0.25,3.0804898325314074,0.5201224581328519
16,-3.42,17,8,0.999999999999996,1,1,0.058492633954221634,-0.02924631697711162,0.029246316977110012,0.029246316977110012,0.029246316977110012,0.024850108699532532,40.24127266770513,6.361627827080328,0.8025633202313508,0.26171875,3.066510596704863,0.5408445702313508
16,-3.42,18,8,1.0000000000000024,1,1,0.036528513821330155,-0.018264256910665577,0.01826425691066458,0.01826425691066458,0.01826425691066458,0.03125255018470155,31.997388823953013,8.000652847283597,0.7728934002417319,0.24609375,3.1406461978076727,0.5267996502417319
16,-3.42,19,8,-6.461329966171066e-15,0,0,0.09217856469219496,-0.046089282346098014,0.04608928234609695,0.04608928234609695,0.04608928234609695,0.028325062588757575,35.304423312974684,7.251216022721939,0.7419609958001102,0.22265625,3.332316051312776,0.5193047458001102
16,-3.42,20,8,1.0000000000000027,1,1,0.04318209840215677,-0.021591049201077735,0.021591049201079036,-0.021591049201077735,0.021591049201077735,0.03422747406935244,29.216295598494312,8.762233361754225,0.7713282236531656,0.2421875,3.1848391170195223,0.5291407236531656
16,-3.42,21,8,1.0000000000000018,1,1,0.002848779389475054,-0.0014243896947381514,0.0014243896947369024,0.0014243896947369024,0.0014243896947369024,0.027680674439271462,36.12628739208998,7.086252656453494,0.8034186701966196,0.26171875,3.069778799557233,0.5416999201966196
16,-3.42,22,8,0.9999999999999974,1,1,0.014779144386706432,-0.007389572193354019,0.007389572193352413,0.007389572193352413,0.007389572193352413,0.0426903498673328,23.424497646603097,10.928729566037196,0.7724260566508009,0.234375,3.2956845083767505,0.5380510566508009
16,-3.42,23,8,-2.19325749909255e-15,0,0,0.02805901911139727,-0.01402950955569875,0.01402950955569852,0.01402950955569852,0.01402950955569852,0.03967852638632875,25.202548861405052,10.15770275490016,0.8319006896232003,0.2734375,3.042379664907704,0.5584631896232003
16,-3.42,24,8,1.0000000000000049,1,1,0.022196114750363427,-0.011098057375182477,0.011098057375180949,0.011098057375180949,0.011098057375180949,0.03801480295565546,26.30554211122723,9.731789556647797,0.7748759226164819,0.265625,2.917179943967932,0.5092509226164819
16,-3.42,25,8,1.0000000000000029,1,1,0.027695231450187333,-0.013847615725093479,0.013847615725093854,-0.013847615725093479,0.013847615725093479,0.039874408352480864,25.078742013178562,10.207848538235101,0.7716903652333105,0.234375,3.2925455583287913,0.5373153652333105
16,-3.42,26,8,1.000000000000003,1,1,0.0941655340487686,-0.04708276702438461,0.04708276702438399,0.04708276702438399,0.04708276702438399,0.021679718060984086,46.12606110407175,5.550007823611926,0.7803405337652807,0.25,3.1213621350611227,0.5303405337652807
16,-3.42,27,8,1.0000000000000013,1,1,0.02389449999895545,-0.011947249999477527,0.011947249999477922,-0.011947249999477527,0.011947249999477527,0.044229702154200946,22.60924110484926,11.322803751475442,0.7912303133610232,0.24609375,3.215158098736856,0.5451365633610232
16,-3.42,28,8,1.6874609559986991e-15,0,0,0.028524086692818522,-0.01426204334640893,0.014262043346409592,-0.01426204334640893,0.01426204334640893,0.03774793656229156,26.49151426727133,9.66347175994664,0.8148261510990492,0.24609375,3.3110395981167713,0.5687324010990492
16,-3.42,29,8,1.0000000000000018,1,1,0.04221941345450397,-0.021109706727252382,0.021109706727251588,0.021109706727251588,0.021109706727251588,0.030288771445575725,33.01553520573941,7.7539254900673855,0.7790308345704376,0.2578125,3.021695358333819,0.5212183345704376
16,-3.4,0,8,0.9999999999999994,1,1,0.037770956365533036,-0.018885478182766938,0.018885478182766098,0.018885478182766098,0.018885478182766098,0.0323820809896462,30.881276602320234,8.289812733349427,0.775766098081599,0.27734375,2.797128466322385,0.498422348081599
16,-3.4,1,8,1.0000000000000013,1,1,0.01534907661921753,-0.007674538309608773,0.007674538309608756,0.007674538309608756,0.007674538309608756,0.032412423907656404,30.85236706915282,8.29758052036004,0.8186363444599741,0.234375,3.492848403029223,0.5842613444599741
16,-3.4,2,8,0.9999999999999976,1,1,0.03752026499063783,-0.018760132495318972,0.018760132495318865,0.018760132495318865,0.018760132495318865,0.04714822067515528,21.209708143385978,12.06994449283975,0.7441933823222106,0.22265625,3.342342208324314,0.5215371323222106
16,-3.4,3,8,1.0000000000000002,1,1,0.03619265284532314,-0.018096326422661322,0.01809632642266181,-0.018096326422661322,0.018096326422661322,0.05641314333210106,17.72636554061622,14.441764693017872,0.7232506195732831,0.22265625,3.2482834843993063,0.5005943695732831
16,-3.4,4,8,0.999999999999999,1,1,0.04716639996891349,-0.023583199984457154,0.02358319998445634,0.02358319998445634,0.02358319998445634,0.03136537470503285,31.88229088299529,8.02953592448841,0.7998916077618504,0.25390625,3.150342332108211,0.5459853577618504
16,-3.4,5,8,1.0000000000000016,1,1,0.00991298748213759,-0.004956493741068601,0.004956493741068989,-0.004956493741068601,0.004956493741068601,0.02961047267420538,33.77183508695326,7.580281004596578,0.8057144748288075,0.2578125,3.12519553872992,0.5479019748288075
16,-3.4,6,8,1.0000000000000033,1,1,0.04104822825004956,-0.020524114125024574,0.020524114125024983,-0.020524114125024574,0.020524114125024574,0.03506661223979223,28.517154527554812,8.977052733386811,0.7948861054049258,0.24609375,3.230013380693032,0.5487923554049258
16,-3.4,7,8,0.999999999999998,1,1,0.04224850222099669,-0.021124251110498364,0.02112425111049833,0.02112425111049833,0.02112425111049833,0.041319662927393,24.20155270281856,10.577833709412609,0.7797535573134236,0.26171875,2.9793568757050215,0.5180348073134236
16,-3.4,8,8,1.000000000000003,1,1,0.0329687485216845,-0.016484374260842326,0.016484374260842174,0.016484374260842174,0.016484374260842174,0.042777747591272605,23.376639872549465,10.951103383365787,0.7227535564358863,0.2421875,2.9842727491546275,0.48056605643588635
16,-3.4,9,8,1.0000000000000009,1,1,0.041416553851821435,-0.020708276925911227,0.020708276925910207,0.020708276925910207,0.020708276925910207,0.03517610898490864,28.428385880570904,9.005083900136611,0.7804333743997778,0.28125,2.774874220088099,0.4991833743997778
16,-3.4,10,8,0.9999999999999957,1,1,0.03636530709746893,-0.01818265354873486,0.01818265354873407,0.01818265354873407,0.01818265354873407,0.03978760765919616,25.133453827271488,10.185627560754217,0.7460576910197213,0.24609375,3.031599506365852,0.4999639410197213
16,-3.4,11,8,0.9999999999999986,1,1,0.03937471112947136,-0.01968735556473472,0.01968735556473664,-0.01968735556473472,0.01968735556473472,0.033874952230115656,29.52033683197273,8.671987770909608,0.840366688192461,0.26953125,3.1178822054676814,0.570835438192461
16,-3.4,12,8,1.0000000000000089,1,1,0.021157341008463157,-0.010578670504231356,0.010578670504231799,-0.010578670504231356,0.010578670504231356,0.04642045698380294,21.54222653062034,11.883636987853553,0.7802884995362832,0.25390625,3.0731362443275154,0.5263822495362832
16,-3.4,13,8,0.9999999999999966,1,1,0.03430785112126132,-0.01715392556063113,0.01715392556063019,0.01715392556063019,0.01715392556063019,0.029711857120143837,33.65659695913208,7.606235422756822,0.8310658948220803,0.28125,2.9549009593673965,0.5498158948220803
16,-3.4,14,8,1.0000000000000024,1,1,0.049381880362622504,-0.024690940181311714,0.024690940181310794,0.024690940181310794,0.024690940181310794,0.02869490910927202,34.84938726210761,7.345896731973637,0.780726271941838,0.2421875,3.2236439615662986,0.538538771941838
16,-3.4,15,8,1.000000000000002,1,1,0.033051911115715454,-0.016525955557858178,0.01652595555785728,0.01652595555785728,0.01652595555785728,0.03396108681225017,29.445465203407096,8.694038223936044,0.7451888023263165,0.25,2.980755209305266,0.49518880232631646
16,-3.4,16,8,0.999999999999996,1,1,0.024887661789547044,-0.01244383089477387,0.012443830894773175,0.012443830894773175,0.012443830894773175,0.043820792866891924,22.820216946725616,11.218122973924332,0.769927979756496,0.25,3.079711919025984,0.519927979756496
16,-3.4,17,8,0.9999999999999969,1,1,0.0713477856721974,-0.03567389283609939,0.035673892836098016,0.035673892836098016,0.035673892836098016,0.025976666241105867,38.49608686189242,6.650026557723102,0.7981138188430984,0.26171875,3.0495095167736297,0.5363950688430984
16,-3.4,18,8,1.0000000000000009,1,1,0.048862029169815774,-0.02443101458490823,0.024431014584907543,0.024431014584907543,0.024431014584907543,0.03168302483967364,31.5626429313591,8.110854358956452,0.7685274702344511,0.24609375,3.1229052758733253,0.5224337202344511
16,-3.4,19,8,-6.170607389818542e-16,0,0,0.09068926322750556,-0.04534463161375283,0.04534463161375274,0.04534463161375274,0.04534463161375274,0.028692878129813183,34.851854020212606,7.345376801232175,0.7527247755310806,0.22265625,3.3806586409816957,0.5300685255310806
16,-3.4,20,8,0.9999999999999962,1,1,0.056728288079721564,-0.028364144039860595,0.02836414403986097,-0.028364144039860595,0.028364144039860595,0.03541183112143738,28.239149694651815,9.065428767087969,0.7710060482386443,0.2421875,3.1835088443402086,0.5288185482386443
16,-3.4,21,8,1.0000000000000044,1,1,0.016080437892467485,-0.008040218946233801,0.008040218946233683,0.008040218946233683,0.008040218946233683,0.027438754393777798,36.44480305661276,7.024321124807116,0.8004956769492626,0.26171875,3.0586103477464364,0.5387769269492626
16,-3.4,22,8,0.9999999999999969,1,1,0.0289798486834032,-0.014489924341701509,0.014489924341701692,-0.014489924341701509,0.014489924341701509,0.042854518971497085,23.33476198076354,10.970756856703254,0.7722663408432063,0.234375,3.295003054264347,0.5378913408432063
16,-3.4,23,8,0.9999999999999994,1,1,0.04307469490928379,-0.02153734745464229,0.0215373474546415,0.0215373474546415,0.0215373474546415,0.04027732155904484,24.82786742743165,10.31099431911548,0.8304523989722545,0.2734375,3.037083059098531,0.5570148989722545
16,-3.4,24,8,0.999999999999997,1,1,0.036412578505351886,-0.018206289252675797,0.018206289252676085,-0.018206289252675797,0.018206289252675797,0.03887451396102737,25.72379428338381,9.951875574023006,0.7737786964486676,0.265625,2.9130492101596897,0.5081536964486676
16,-3.4,25,8,0.9999999999999989,1,1,0.040304646696465524,-0.02015232334823282,0.020152323348232706,0.020152323348232706,0.020152323348232706,0.040033669119935875,24.978974497793967,10.248619294703584,0.7706152509720774,0.234375,3.2879584041475303,0.5362402509720774
16,-3.4,26,8,0.9999999999999983,1,1,0.10503160997708516,-0.0525158049885425,0.052515804988542664,-0.0525158049885425,0.0525158049885425,0.019858169835856483,50.35710784356226,5.08369147797926,0.7751132300664512,0.25,3.1004529202658047,0.5251132300664512
16,-3.4,27,8,0.9999999999999999,1,1,0.03820266815775716,-0.019101334078879015,0.01910133407887814,0.01910133407887814,0.01910133407887814,0.04436689103519844,22.53933004245555,11.3579241050108,0.7909883753585217,0.24609375,3.2141749855838344,0.5448946253585217
16,-3.4,28,8,1.0000000000000007,1,1,0.04325473555807807,-0.021627367779038786,0.02162736777903929,-0.021627367779038786,0.021627367779038786,0.03839520633309724,26.04491798597225,9.829172821272893,0.811239908654718,0.24609375,3.296466930406473,0.565146158654718
16,-3.4,29,8,1.0000000000000029,1,1,0.05567694827384835,-0.027838474136923808,0.027838474136924547,-0.027838474136923808,0.027838474136923808,0.030176504310083688,33.138364527724406,7.725185103381424,0.7771617506360762,0.2578125,3.0144455782247803,0.5193492506360762
16,-3.38,0,8,0.9999999999999999,1,1,0.05195994945885225,-0.025979974729425745,0.025979974729426508,-0.025979974729425745,0.025979974729425745,0.032784487255946404,30.50223089332048,8.39282873752228,0.7750694757037454,0.27734375,2.7946167011289975,0.4977257257037454
16,-3.38,1,8,0.9999999999999937,1,1,0.02967582246551812,-0.014837911232759498,0.014837911232758624,0.014837911232758624,0.014837911232758624,0.03214030791062888,31.113578711836098,8.227918825120993,0.8164850393801721,0.234375,3.483669501355401,0.5821100393801721
16,-3.38,2,8,1.0000000000000033,1,1,0.04935410297499593,-0.02467705148749818,0.024677051487497752,0.024677051487497752,0.024677051487497752,0.04866560094436196,20.548395182528875,12.458393841756662,0.7413070167466088,0.22265625,3.3293788822303836,0.5186507667466088
16,-3.38,3,8,0.9999999999999986,1,1,0.04931039362577146,-0.024655196812885347,0.024655196812886117,-0.024655196812885347,0.024655196812885347,0.05750713272089618,17.389147270711227,14.721825976549422,0.7228471820321344,0.22265625,3.2464715543899367,0.5001909320321344
16,-3.38,4,8,1.0000000000000004,1,1,0.06119128987815495,-0.030595644939077564,0.03059564493907738,0.03059564493907738,0.03059564493907738,0.032538537444735754,30.732788826124235,8.329865585852353,0.7944186482743258,0.25390625,3.128787291665037,0.5405123982743258
16,-3.38,5,8,1.0,1,1,0.0242376839008169,-0.012118841950408505,0.012118841950408394,0.012118841950408394,0.012118841950408394,0.030625254736431545,32.65278962105769,7.840065212526476,0.8041503550340157,0.2578125,3.1191286498289092,0.5463378550340157
16,-3.38,6,8,1.0000000000000002,1,1,0.055553279638748856,-0.027776639819374394,0.027776639819374463,-0.027776639819374394,0.027776639819374394,0.03562609619310307,28.069311736535198,9.120280625434386,0.7917105152549674,0.24609375,3.2171093953217724,0.5456167652549674
16,-3.38,7,8,1.0000000000000049,1,1,0.05612837575302399,-0.028064187876511694,0.028064187876512298,-0.028064187876511694,0.028064187876511694,0.041489140358302805,24.102692689314303,10.621219931725518,0.7770831838811869,0.26171875,2.9691536578146844,0.5153644338811869
16,-3.38,8,8,0.9999999999999953,1,1,0.04574204083994053,-0.02287102041997038,0.022871020419970148,0.022871020419970148,0.022871020419970148,0.04271802167393047,23.409323765811703,10.9358135485262,0.7205831509532044,0.2421875,2.9753110749035536,0.47839565095320435
16,-3.38,9,8,0.9999999999999989,1,1,0.055627001747031043,-0.02781350087351563,0.02781350087351541,0.02781350087351541,0.02781350087351541,0.03531612691154643,28.315675796064006,9.040928489355887,0.7802110364800752,0.28125,2.7740836852624895,0.49896103648007517
16,-3.38,10,8,1.000000000000004,1,1,0.049555477846690704,-0.024777738923345085,0.024777738923345616,-0.024777738923345085,0.024777738923345085,0.040249206412812724,24.845210356288295,10.303796841680057,0.7426591739728715,0.24609375,3.017789659318335,0.4965654239728715
16,-3.38,11,8,1.0000000000000029,1,1,0.05436853343088131,-0.02718426671544039,0.027184266715440927,-0.02718426671544039,0.02718426671544039,0.03449086895463118,28.993180813025802,8.829662452385582,0.8391694024764237,0.26953125,3.113440101941514,0.5696381524764237
16,-3.38,12,8,1.0000000000000022,1,1,0.034287989090678324,-0.01714399454533872,0.017143994545339603,-0.01714399454533872,0.01714399454533872,0.04485962856364922,22.29175835865754,11.484064912294201,0.7803369286936271,0.25390625,3.0733269807010544,0.5264306786936271
16,-3.38,13,8,0.999999999999999,1,1,0.049556320002995084,-0.02477816000149752,0.024778160001497563,-0.02477816000149752,0.02477816000149752,0.02978503980845983,33.57390174499517,7.624970190965716,0.8306394755493972,0.28125,2.9533848019534124,0.5493894755493972
16,-3.38,14,8,0.9999999999999974,1,1,0.061977180808001714,-0.03098859040400093,0.030988590404000784,0.030988590404000784,0.030988590404000784,0.02807812646076542,35.614911892263756,7.188000373955948,0.7714969846372286,0.2421875,3.1855359365666214,0.5293094846372286
16,-3.38,15,8,0.9999999999999986,1,1,0.04546167712580383,-0.02273083856290228,0.022730838562901555,0.022730838562901555,0.022730838562901555,0.035548381634226155,28.130675829056454,9.100385698361896,0.7425697353922798,0.25,2.970278941569119,0.4925697353922798
16,-3.38,16,8,1.0000000000000056,1,1,0.0390120220198932,-0.019506011009946717,0.01950601100994648,0.01950601100994648,0.01950601100994648,0.044118201139034544,22.666381996142363,11.294259491592843,0.7693624855654733,0.25,3.077449942261893,0.5193624855654733
16,-3.38,17,8,0.999999999999999,1,1,0.08409179856936638,-0.042045899284683184,0.04204589928468319,-0.042045899284683184,0.042045899284683184,0.027268122244937968,36.672858916262165,6.98063929470412,0.7927832300743113,0.26171875,3.029141894015279,0.5310644800743113
16,-3.38,18,8,0.9999999999999997,1,1,0.061207474176860496,-0.030603737088430692,0.030603737088429808,0.030603737088429808,0.030603737088429808,0.032218584771742456,31.037986525002715,8.247957701566069,0.7639326455950018,0.24609375,3.1042342424177853,0.5178388955950018
16,-3.38,19,8,1.0000000000000027,1,1,0.08871567978467293,-0.044357839892336486,0.04435783989233645,0.04435783989233645,0.04435783989233645,0.029459794117319017,33.94456851998546,7.541707294033668,0.7691818117722513,0.22265625,3.454570944099936,0.5465255617722513
16,-3.38,20,8,0.999999999999997,1,1,0.07032788802203727,-0.035163944011018806,0.035163944011018466,0.035163944011018466,0.035163944011018466,0.0367037093711734,27.245202654786347,9.39614959902039,0.7705580339178589,0.2421875,3.181658978757611,0.5283705339178589
16,-3.38,21,8,0.9999999999999988,1,1,0.029244581873836363,-0.01462229093691878,0.014622290936917581,0.014622290936917581,0.014622290936917581,0.027202854347309048,36.76084822690387,6.963930712911116,0.7969574900550267,0.26171875,3.045091305284878,0.5352387400550267
16,-3.38,22,8,0.9999999999999983,1,1,0.043246535571961876,-0.021623267785980158,0.02162326778598172,-0.021623267785980158,0.021623267785980158,0.04310727450876107,23.19794075120108,11.035462274242834,0.7715186611926969,0.234375,3.291812954422173,0.5371436611926969
16,-3.38,23,8,0.9999999999999928,1,1,0.05810997597899165,-0.029054987989496184,0.02905498798949547,0.02905498798949547,0.02905498798949547,0.04089509902182154,24.45280788943443,10.469145349586315,0.8283516323211619,0.2734375,3.029400255345964,0.5549141323211619
16,-3.38,24,8,1.0000000000000016,1,1,0.05066793708399945,-0.02533396854200012,0.02533396854199933,0.02533396854199933,0.02533396854199933,0.04001248222625029,24.99220104230243,10.243195449920075,0.7720732838597526,0.265625,2.906628833354363,0.5064482838597526
16,-3.38,25,8,1.0000000000000029,1,1,0.05311047340262659,-0.026555236701313916,0.026555236701312674,0.026555236701312674,0.026555236701312674,0.04020013211063088,24.875540141211406,10.291233820321505,0.7694392818902612,0.234375,3.2829409360651147,0.5350642818902612
16,-3.38,26,8,0.9999999999999966,1,1,0.11553943879835939,-0.05776971939918005,0.05776971939917934,0.05776971939917934,0.05776971939917934,0.018234814408426264,54.84015233727317,4.6681124885571235,0.7675063611095863,0.25,3.070025444438345,0.5175063611095863
16,-3.38,27,8,1.0000000000000002,1,1,0.052575637943630515,-0.026287818971815192,0.02628781897181532,-0.026287818971815192,0.026287818971815192,0.04449256592586092,22.47566484851256,11.390096877020396,0.7901585597234473,0.24609375,3.210803036336548,0.5440648097234473
16,-3.38,28,8,1.0000000000000064,1,1,0.057909799924912214,-0.028954899962456503,0.02895489996245571,0.02895489996245571,0.02895489996245571,0.03924166190643966,25.48312052594025,10.045865448048552,0.8055231000650142,0.24609375,3.2732367240737084,0.5594293500650142
16,-3.38,29,8,1.0000000000000013,1,1,0.06904984831265938,-0.03452492415633012,0.03452492415632926,0.03452492415632926,0.03452492415632926,0.030006294711588034,33.32634067657188,7.681611446166537,0.774640948524801,0.2578125,3.0046679215507432,0.516828448524801
16,-3.36,0,8,0.9999999999999991,1,1,0.06620217414932764,-0.033101087074663894,0.033101087074663735,0.033101087074663735,0.033101087074663735,0.03314763629873808,30.16806359849163,8.485794892476948,0.7740861807175893,0.27734375,2.7910712994887725,0.4967424307175893
16,-3.36,1,8,0.9999999999999986,1,1,0.04394915007869758,-0.021974575039348937,0.021974575039348646,0.021974575039348646,0.021974575039348646,0.03181005626711785,31.436599533264673,8.14337440438217,0.813534878691988,0.234375,3.4710821490858157,0.579159878691988
16,-3.36,2,8,1.0000000000000044,1,1,0.061527383913885486,-0.03076369195694296,0.030763691956942524,0.030763691956942524,0.030763691956942524,0.05014245026410488,19.943181769796016,12.83646726761085,0.7379751675486176,0.22265625,3.3144147875867738,0.5153189175486176
16,-3.36,3,8,1.0000000000000033,1,1,0.0624622018305591,-0.0312311009152793,0.031231100915279805,-0.0312311009152793,0.0312311009152793,0.0585480703943198,17.07998219693706,14.988306020945869,0.7220971349767242,0.22265625,3.2431029220007264,0.49944088497672423
16,-3.36,4,8,0.9999999999999968,1,1,0.0751235047566017,-0.037561752378301054,0.03756175237830065,0.03756175237830065,0.03756175237830065,0.034059308489755705,29.36054912273918,8.71918297337746,0.7883412469280515,0.25390625,3.104851680208941,0.5344349969280515
16,-3.36,5,8,0.9999999999999958,1,1,0.038588060185563364,-0.019294030092781488,0.01929403009278188,-0.019294030092781488,0.019294030092781488,0.0317630735440317,31.483099348485457,8.131346827272115,0.8021833379876957,0.2578125,3.111499007952274,0.5443708379876957
16,-3.36,6,8,0.9999999999999963,1,1,0.07001460184300483,-0.03500730092150282,0.03500730092150201,0.03500730092150201,0.03500730092150201,0.03628571951243484,27.55905114840861,9.289144195183319,0.7875785967020328,0.24609375,3.2003193770749268,0.5414848467020328
16,-3.36,7,8,1.000000000000001,1,1,0.06998849253649464,-0.03499424626824697,0.034994246268247674,-0.03499424626824697,0.03499424626824697,0.041284548196592045,24.222137426286476,10.568844338327564,0.7734109728233495,0.26171875,2.9551225230265294,0.5116922228233495
16,-3.36,8,8,0.9999999999999988,1,1,0.05844891974413621,-0.029224459872068537,0.029224459872067676,0.029224459872067676,0.029224459872067676,0.04245794165384913,23.55271972797915,10.869233063385376,0.7178268571781697,0.2421875,2.963930248993733,0.47563935717816974
16,-3.36,9,8,1.000000000000004,1,1,0.06990636760902222,-0.03495318380451128,0.034953183804510936,0.034953183804510936,0.034953183804510936,0.035431274596240826,28.22365301264374,9.070406296637652,0.7796096298102475,0.28125,2.7719453504364355,0.4983596298102475
16,-3.36,10,8,1.000000000000005,1,1,0.0627055548112797,-0.03135277740564005,0.03135277740563966,0.03135277740563966,0.03135277740563966,0.04060367045960311,24.62831533900137,10.394539637658395,0.7388625769673587,0.24609375,3.002362217518156,0.4927688269673587
16,-3.36,11,8,1.0000000000000002,1,1,0.06942931902954358,-0.03471465951477144,0.03471465951477214,-0.03471465951477144,0.03471465951477144,0.03505734487679458,28.524692999837747,8.974680288459412,0.837748158197026,0.26953125,3.1081670796875165,0.568216908197026
16,-3.36,12,8,0.9999999999999947,1,1,0.04745270890170035,-0.02372635445085115,0.023726354450849196,0.023726354450849196,0.023726354450849196,0.04312183943511397,23.19010536423693,11.039190895389176,0.78021192737093,0.25390625,3.072834667799355,0.52630567737093
16,-3.36,13,8,1.0000000000000084,1,1,0.0648759240439484,-0.032437962021973576,0.03243796202197483,-0.032437962021973576,0.032437962021973576,0.02981695316547451,33.53796729163846,7.633140010361474,0.829931013317466,0.28125,2.950865825128768,0.548681013317466
16,-3.36,14,8,1.0000000000000027,1,1,0.07434064451317332,-0.03717032225658706,0.037170322256586265,0.037170322256586265,0.037170322256586265,0.027740408363924503,36.04849600197189,7.101544541164673,0.7618740885526145,0.2421875,3.145802688217247,0.5196865885526145
16,-3.36,15,8,0.9999999999999989,1,1,0.05804531908415861,-0.029022659542079755,0.02902265954207885,0.02902265954207885,0.02902265954207885,0.03684789173163973,27.138594720233133,9.43306028329977,0.7392467293564307,0.25,2.9569869174257226,0.48924672935643065
16,-3.36,16,8,0.9999999999999997,1,1,0.053166283987754095,-0.02658314199387708,0.02658314199387702,0.02658314199387702,0.02658314199387702,0.04435396576888127,22.54589826782974,11.354615236833606,0.7683922931717309,0.25,3.0735691726869234,0.5183922931717309
16,-3.36,17,8,1.000000000000002,1,1,0.09669287319214387,-0.048346436596071754,0.048346436596072115,-0.048346436596071754,0.048346436596071754,0.028729768299699532,34.80710284776151,7.35482068472308,0.7865192872226571,0.26171875,3.0052080228208986,0.5248005372226571
16,-3.36,18,8,1.000000000000003,1,1,0.07356323023780251,-0.03678161511890136,0.03678161511890115,0.03678161511890115,0.03678161511890115,0.032847299414082945,30.443903086025397,8.408908650005234,0.7591063432684989,0.24609375,3.0846226012180273,0.5130125932684989
16,-3.36,19,8,0.9999999999999964,1,1,0.08530264500720944,-0.042651322503604525,0.042651322503604906,-0.042651322503604525,0.042651322503604525,0.031693294969589454,31.552415138896922,8.1134835122149,0.7905151313740496,0.22265625,3.550383747925556,0.5678588813740496
16,-3.36,20,8,1.000000000000004,1,1,0.08397767729401157,-0.04198883864700597,0.04198883864700559,0.04198883864700559,0.04198883864700559,0.03811022398212259,26.239677847842025,9.756217339423383,0.7699879296174147,0.2421875,3.1793049997106153,0.5278004296174147
16,-3.36,21,8,0.9999999999999997,1,1,0.04232362500237194,-0.02116181250118553,0.021161812501186407,-0.02116181250118553,0.02116181250118553,0.02695515865256247,37.09865012814294,6.900520615055992,0.7927260409391874,0.26171875,3.028923380304955,0.5310072909391874
16,-3.36,22,8,0.9999999999999962,1,1,0.0575586942330761,-0.028779347116539494,0.028779347116536607,0.028779347116536607,0.028779347116536607,0.043426952237590015,23.02717433470747,11.117299772823044,0.7701772091544765,0.234375,3.2860894257257667,0.5358022091544765
16,-3.36,23,8,1.000000000000005,1,1,0.07313515480575776,-0.0365675774028789,0.03656757740287886,0.03656757740287886,0.03656757740287886,0.04150282174951562,24.09474724478634,10.624722367875998,0.8254002461486515,0.2734375,3.018606614486497,0.5519627461486515
16,-3.36,24,8,1.0000000000000002,1,1,0.06494262449413815,-0.03247131224706924,0.03247131224706891,0.03247131224706891,0.03247131224706891,0.041449532848482316,24.125724254974692,10.611080409211473,0.7697820367267225,0.265625,2.8980029617947203,0.5041570367267225
16,-3.36,25,8,1.0000000000000007,1,1,0.06609991727032224,-0.0330499586351611,0.03304995863516114,-0.0330499586351611,0.0330499586351611,0.040389487993890485,24.758917472567738,10.339708926435964,0.7680586987568355,0.234375,3.277050448029165,0.5336836987568355
16,-3.36,26,8,1.0000000000000024,1,1,0.12558949958494192,-0.06279474979247093,0.06279474979247099,-0.06279474979247093,0.06279474979247093,0.016902475189758768,59.16293257486343,4.327033648578245,0.7563303508826098,0.25,3.025321403530439,0.5063303508826098
16,-3.36,27,8,1.0000000000000016,1,1,0.06699033943149575,-0.03349516971574752,0.03349516971574823,-0.03349516971574752,0.03349516971574752,0.04459864723579943,22.422204752374146,11.417253692364653,0.788619367810934,0.24609375,3.204548542215859,0.542525617810934
16,-3.36,28,8,0.999999999999998,1,1,0.07239362929609952,-0.03619681464804933,0.0361968146480502,-0.03619681464804933,0.03619681464804933,0.04030140894351944,24.81302828398515,10.317160689540977,0.7968736824210171,0.24609375,3.238089884123498,0.5507799324210171
16,-3.36,29,8,1.0000000000000047,1,1,0.08230247173382335,-0.041151235866912016,0.04115123586691133,0.04115123586691133,0.04115123586691133,0.029747937883027556,33.615775450793244,7.615472098055054,0.7713159439248349,0.2578125,2.991770934011481,0.5135034439248349
16,-3.34,0,8,1.000000000000005,1,1,0.08048638139096798,-0.04024319069548419,0.04024319069548378,0.04024319069548378,0.04024319069548378,0.03345199086754644,29.893587020261727,8.563709662091888,0.7727729456908903,0.27734375,2.7863362548854633,0.4954291956908903
16,-3.34,1,8,0.9999999999999991,1,1,0.05812732287753982,-0.02906366143876951,0.02906366143877031,-0.02906366143876951,0.02906366143876951,0.03141510591535728,31.8318201025434,8.042267114331464,0.8096007981196116,0.234375,3.4542967386436763,0.5752257981196116
16,-3.34,2,8,1.0000000000000002,1,1,0.07393449600112613,-0.036967248000563356,0.03696724800056277,0.03696724800056277,0.03696724800056277,0.05158127593571285,19.38687986792586,13.20480663954249,0.7341383111636696,0.22265625,3.2971825904894634,0.5114820611636696
16,-3.34,3,8,1.0000000000000002,1,1,0.07562672892399572,-0.037813364461998386,0.03781336446199734,0.03781336446199734,0.03781336446199734,0.0595110969692351,16.80358875785739,15.234840824124186,0.7209369452903702,0.22265625,3.237892245514645,0.4982806952903702
16,-3.34,4,8,0.9999999999999937,1,1,0.08895051864836234,-0.04447525932418132,0.04447525932418103,0.04447525932418103,0.04447525932418103,0.03594687415144669,27.818830527153214,9.202399782770353,0.7817662298372064,0.25390625,3.0789562282819207,0.5278599798372064
16,-3.34,5,8,1.0000000000000018,1,1,0.05295350931671972,-0.02647675465836009,0.026476754658359632,0.026476754658359632,0.026476754658359632,0.03302053916592588,30.284181459759655,8.453258026477025,0.7998188154137015,0.2578125,3.102327526453145,0.5420063154137015
16,-3.34,6,8,0.9999999999999943,1,1,0.0843940498508512,-0.04219702492542577,0.042197024925425416,0.042197024925425416,0.042197024925425416,0.037069109250091214,26.976639585628547,9.489691968023351,0.7823321476580073,0.24609375,3.179000473023014,0.5362383976580073
16,-3.34,7,8,1.000000000000002,1,1,0.08378279043541781,-0.04189139521770912,0.041891395217708696,0.041891395217708696,0.041891395217708696,0.040566993964249065,24.65058172368604,10.38515045484776,0.7684972128792327,0.26171875,2.9363475596579636,0.5067784628792327
16,-3.34,8,8,1.0000000000000007,1,1,0.07105417876541367,-0.03552708938270647,0.035527089382707204,-0.03552708938270647,0.03552708938270647,0.0419554202758041,23.834822614724345,10.74058759060585,0.7144102259943568,0.2421875,2.9498228686218604,0.4722227259943568
16,-3.34,9,8,0.9999999999999963,1,1,0.08424142711793342,-0.04212071355896639,0.04212071355896703,-0.04212071355896639,0.04212071355896639,0.035509740302613335,28.16128733913622,9.090493517469014,0.77854703075996,0.28125,2.768167220479858,0.49729703075996
16,-3.34,10,8,0.999999999999998,1,1,0.07580259825810048,-0.03790129912905068,0.0379012991290498,0.0379012991290498,0.0379012991290498,0.04080266031533075,24.508205893238554,10.445481040724673,0.7348287485560404,0.24609375,2.9859707877832755,0.4887349985560404
16,-3.34,11,8,1.0000000000000044,1,1,0.08454736446061215,-0.042273682230306246,0.042273682230305906,0.042273682230305906,0.042273682230305906,0.035551064743097355,28.12855275155047,9.101072574232923,0.836068125776621,0.26953125,3.101933915924855,0.566536875776621
16,-3.34,12,8,1.0000000000000064,1,1,0.060661674845405925,-0.03033083742270272,0.03033083742270321,-0.03033083742270272,0.03033083742270272,0.04130831125081247,24.208203378934588,10.574927680207992,0.7798965498202622,0.25390625,3.0715925654459557,0.5259902998202622
16,-3.34,13,8,1.0000000000000033,1,1,0.08025642471370541,-0.040128212356853335,0.04012821235685207,0.04012821235685207,0.04012821235685207,0.029803778563338146,33.55279257208372,7.6297673122145655,0.8288965490629355,0.28125,2.9471877300015485,0.5476465490629355
16,-3.34,14,8,0.9999999999999983,1,1,0.08649756096567428,-0.043248780482836986,0.04324878048283729,-0.043248780482836986,0.043248780482836986,0.02772236220695398,36.07196214142085,7.0969247249802185,0.7522435031920746,0.2421875,3.1060376905995337,0.5100560031920746
16,-3.34,15,8,0.9999999999999958,1,1,0.07074547475309426,-0.03537273737654727,0.035372737376546996,0.035372737376546996,0.035372737376546996,0.0378501759521455,26.419956442588635,9.689645043749248,0.7351038560014689,0.25,2.9404154240058755,0.4851038560014689
16,-3.34,16,8,1.0000000000000009,1,1,0.06732870622798992,-0.033664353113995134,0.03366435311399479,0.03366435311399479,0.03366435311399479,0.044502167685642746,22.470815513164748,11.392554927524543,0.7669721298349805,0.25,3.067888519339922,0.5169721298349805
16,-3.34,17,8,1.0000000000000024,1,1,0.10912161518756616,-0.05456080759378293,0.054560807593783234,-0.05456080759378293,0.05456080759378293,0.03034148621866227,32.95817458621805,7.767420471977541,0.7793517121611112,0.26171875,2.9778214673618577,0.5176329621611112
16,-3.34,18,8,1.0000000000000029,1,1,0.08592523797797014,-0.04296261898898605,0.04296261898898408,0.04296261898898408,0.04296261898898408,0.033551562148174494,29.804871546179527,8.58919990993267,0.7540425002275052,0.24609375,3.0640457152101797,0.5079487502275052
16,-3.34,19,8,0.999999999999999,1,1,0.07965756576738439,-0.03982878288369195,0.03982878288369243,-0.03982878288369195,0.03982878288369195,0.036406248941449636,27.467811957454074,9.319999729011107,0.8122398918270601,0.22265625,3.6479546018899542,0.5895836418270601
16,-3.34,20,8,1.0000000000000013,1,1,0.09767444990581656,-0.048837224952907855,0.0488372249529087,-0.048837224952907855,0.048837224952907855,0.039636403505501516,25.22933242066729,10.146919297408388,0.7692988688857759,0.2421875,3.1764598457219133,0.5271113688857759
16,-3.34,21,8,1.0000000000000022,1,1,0.055298852342673246,-0.02764942617133702,0.027649426171336224,0.027649426171336224,0.027649426171336224,0.026673328460620815,37.4906341919926,6.828372085918929,0.787718483359576,0.26171875,3.009790025970917,0.525999733359576
16,-3.34,22,8,0.9999999999999994,1,1,0.07189450379488903,-0.03594725189744477,0.03594725189744426,0.03594725189744426,0.03594725189744426,0.04377866530489867,22.8421765039078,11.20733831805406,0.7682423775568199,0.234375,3.2778341442424317,0.5338673775568199
16,-3.34,23,8,1.0000000000000027,1,1,0.08810873017509116,-0.044054365087545774,0.04405436508754539,0.04405436508754539,0.04405436508754539,0.04204133871998288,23.78611220400279,10.762582712315618,0.8212789556597192,0.2734375,3.0035344664126873,0.5478414556597192
16,-3.34,24,8,1.0000000000000024,1,1,0.07921773016874194,-0.039608865084371135,0.0396088650843708,0.0396088650843708,0.0396088650843708,0.04319132566577299,23.15279710880583,11.056979370437885,0.7669594628812091,0.265625,2.88737680143514,0.5013344628812091
16,-3.34,25,8,1.0000000000000007,1,1,0.07925501910699145,-0.03962750955349555,0.03962750955349591,-0.03962750955349555,0.03962750955349555,0.04062242098325954,24.61694738509305,10.399339771714443,0.7663622085257462,0.234375,3.2698120897098506,0.5319872085257462
16,-3.34,26,8,1.0000000000000029,1,1,0.1350391332375349,-0.06751956661876761,0.06751956661876728,0.06751956661876728,0.06751956661876728,0.01599612149863011,62.515154069418564,4.0950071036493085,0.7407451773385411,0.25,2.9629807093541642,0.49074517733854106
16,-3.34,27,8,0.9999999999999993,1,1,0.0814170892269302,-0.04070854461346526,0.040708544613464945,0.040708544613464945,0.040708544613464945,0.0446703227285724,22.386227341052358,11.435602618514535,0.7862092774728495,0.24609375,3.1947551592547536,0.5401155274728495
16,-3.34,28,8,0.9999999999999997,1,1,0.08656458968395858,-0.04328229484197893,0.04328229484197966,-0.04328229484197893,0.04328229484197893,0.04146081605194177,24.119158647220264,10.613968909297093,0.7841676548064541,0.24609375,3.1864590417532104,0.5380739048064541
16,-3.34,29,8,0.9999999999999964,1,1,0.09539537915639781,-0.04769768957819971,0.0476976895781981,0.0476976895781981,0.0476976895781981,0.029355846026274827,34.064765127360126,7.515096582726356,0.7670108419798455,0.2578125,2.9750723567703097,0.5091983419798455
16,-3.32,0,8,1.0000000000000007,1,1,0.09479870368043139,-0.047399351840215244,0.04739935184021614,-0.047399351840215244,0.047399351840215244,0.03367053403499021,29.699558639634475,8.619656712957493,0.7710705613469828,0.27734375,2.7801980803496846,0.4937268113469828
16,-3.32,1,8,0.9999999999999993,1,1,0.07215786191710316,-0.03607893095855166,0.036078930958551504,0.036078930958551504,0.036078930958551504,0.030946942332700452,32.31337006575083,7.922417237171316,0.8044368372405818,0.234375,3.432263838893149,0.5700618372405818
16,-3.32,2,8,1.0000000000000058,1,1,0.0864905407568527,-0.043245270378426105,0.04324527037842659,-0.043245270378426105,0.043245270378426105,0.052932931906661845,18.891830926035396,13.550830568105432,0.7297879641584999,0.22265625,3.2776441899048416,0.5071317141584999
16,-3.32,3,8,0.9999999999999983,1,1,0.08877679200952313,-0.04438839600476163,0.0443883960047615,0.0443883960047615,0.0443883960047615,0.0603307424396853,16.5752974281683,15.444670064559437,0.7192943913896634,0.22265625,3.2305151613290146,0.49663814138966345
16,-3.32,4,8,0.9999999999999988,1,1,0.10266434401767463,-0.051332172008837516,0.05133217200883712,0.05133217200883712,0.05133217200883712,0.03817419437641073,26.195706715894378,9.772593760361147,0.7748344024826438,0.25390625,3.0516554928547204,0.5209281524826438
16,-3.32,5,8,0.9999999999999981,1,1,0.06732345996415384,-0.03366172998207716,0.03366172998207668,0.03366172998207668,0.03366172998207668,0.03438356881043918,29.083659276706335,8.80219361547243,0.7970610432103847,0.2578125,3.091630713058462,0.5392485432103847
16,-3.32,6,8,0.9999999999999933,1,1,0.09864527955859115,-0.04932263977929603,0.049322639779295116,0.049322639779295116,0.049322639779295116,0.03799484889358955,26.319357205516326,9.726681316758924,0.7757797226762125,0.24609375,3.1523747461128635,0.5296859726762125
16,-3.32,7,8,0.999999999999998,1,1,0.0974531357996137,-0.048726567899806374,0.04872656789980734,-0.048726567899806374,0.048726567899806374,0.039181011414238576,25.522567282083866,10.030338922045075,0.7620812149897731,0.26171875,2.9118327020504764,0.5003624649897731
16,-3.32,8,8,0.9999999999999999,1,1,0.08351634696222068,-0.04175817348111006,0.04175817348111063,-0.04175817348111006,0.04175817348111006,0.041166759323465536,24.29144330119734,10.538690386807177,0.7102551761250591,0.2421875,2.932666533677663,0.46806767612505906
16,-3.32,9,8,1.0000000000000007,1,1,0.09861480570469924,-0.04930740285235009,0.04930740285234915,0.04930740285234915,0.04930740285234915,0.03553347984426692,28.142473081238144,9.096570840132332,0.7769072111334858,0.28125,2.7623367506968384,0.4956572111334858
16,-3.32,10,8,0.9999999999999997,1,1,0.08884202257378085,-0.044421011286890855,0.04442101128689,0.04442101128689,0.04442101128689,0.040819421726602044,24.49814224948462,10.449771962010123,0.7307515466475198,0.24609375,2.9694031101867475,0.48465779664751985
16,-3.32,11,8,1.0000000000000002,1,1,0.0997103608298813,-0.049855180414940616,0.04985518041494068,-0.049855180414940616,0.049855180414940616,0.035939836779033854,27.824277726919668,9.200598215432667,0.8340589597911897,0.26953125,3.0944796189354284,0.5645277097911897
16,-3.32,12,8,1.0,1,1,0.0739244784460926,-0.036962239223046485,0.03696223922304612,0.03696223922304612,0.03696223922304612,0.03951482252262254,25.306959165196613,10.11579456579137,0.7793488019894314,0.25390625,3.0694352816814527,0.5254425519894314
16,-3.32,13,8,0.9999999999999959,1,1,0.09568540541337718,-0.04784270270668861,0.04784270270668857,0.04784270270668857,0.04784270270668857,0.029742154683352402,33.62231185488827,7.613991598938215,0.8274753901632815,0.28125,2.9421347205805564,0.5462253901632815
16,-3.32,14,8,1.0000000000000018,1,1,0.09848620803649319,-0.04924310401824664,0.049243104018246546,0.049243104018246546,0.049243104018246546,0.028004027588377577,35.709149223057715,7.16903106262466,0.7429281376983123,0.2421875,3.0675742459801283,0.5007406376983123
16,-3.32,15,8,1.0000000000000024,1,1,0.0835085996178368,-0.04175429980891872,0.04175429980891808,0.04175429980891808,0.04175429980891808,0.03852274807208878,25.958688049166945,9.861823506454728,0.7300479585134292,0.25,2.9201918340537167,0.4800479585134292
16,-3.32,16,8,1.0000000000000013,1,1,0.0814729233776489,-0.04073646168882455,0.04073646168882435,0.04073646168882435,0.04073646168882435,0.0445230387121268,22.46028188834354,11.397897910304462,0.7650398992595328,0.25,3.060159597038131,0.5150398992595328
16,-3.32,17,8,1.0000000000000036,1,1,0.12135752165219948,-0.06067876082610055,0.06067876082609894,0.06067876082609894,0.06067876082609894,0.032042037558371206,31.209001555481386,8.202761614943029,0.7714330741827247,0.26171875,2.9475651789668285,0.5097143241827247
16,-3.32,18,8,0.9999999999999937,1,1,0.09828680166174028,-0.0491434008308701,0.049143400830870175,-0.0491434008308701,0.0491434008308701,0.03430734547828939,29.14827673370494,8.782680442442084,0.7487309861069888,0.24609375,3.0424624197363355,0.5026372361069888
16,-3.32,19,8,1.0000000000000044,1,1,0.07160373662266485,-0.03580186831133242,0.03580186831133243,-0.03580186831133242,0.03580186831133242,0.04265278189100759,23.445129617930696,10.919112164097942,0.8295235804295068,0.22265625,3.725579589297434,0.6068673304295068
16,-3.32,20,8,1.0,1,1,0.11141492465041616,-0.055707462325208006,0.05570746232520816,-0.055707462325208006,0.055707462325208006,0.041284379741160185,24.22223626150324,10.568801213737007,0.7684923880088979,0.2421875,3.173129860165772,0.5263048880088979
16,-3.32,21,8,0.9999999999999934,1,1,0.06815053294571899,-0.03407526647285933,0.034075266472859654,-0.03407526647285933,0.03407526647285933,0.026332522633555684,37.97585267146773,6.741125794190255,0.7818536866698677,0.26171875,2.987381250559494,0.5201349366698677
16,-3.32,22,8,1.0000000000000002,1,1,0.08623057511405463,-0.04311528755702795,0.043115287557026684,0.043115287557026684,0.043115287557026684,0.04410619225313036,22.672553419730463,11.291185216801372,0.7657131405996267,0.234375,3.267042733225074,0.5313381405996267
16,-3.32,23,8,1.0000000000000027,1,1,0.10296977078829225,-0.051484885394146675,0.05148488539414558,0.05148488539414558,0.05148488539414558,0.04239142499117847,23.589676454804174,10.852204797741688,0.8154591926023568,0.2734375,2.9822507615171907,0.5420216926023568
16,-3.32,24,8,1.000000000000004,1,1,0.09347626075927468,-0.0467381303796374,0.04673813037963727,0.04673813037963727,0.04673813037963727,0.04522204926848221,22.113106685259314,11.576844612731445,0.7636913895919205,0.265625,2.875073466698995,0.4980663895919205
16,-3.32,25,8,0.9999999999999979,1,1,0.09255331066577696,-0.0462766553328888,0.046276655332888154,0.046276655332888154,0.046276655332888154,0.0409309478400183,24.431391227698306,10.478322647044685,0.764228798166597,0.234375,3.260709538844147,0.529853798166597
16,-3.32,26,8,0.9999999999999947,1,1,0.14376670092523822,-0.07188335046261862,0.0718833504626196,-0.07188335046261862,0.07188335046261862,0.015573040418587956,64.21353654270374,3.9866983471585167,0.7216648596421835,0.25,2.886659438568734,0.4716648596421835
16,-3.32,27,8,1.0000000000000016,1,1,0.09581685907159343,-0.047908429535797305,0.047908429535796125,0.047908429535796125,0.047908429535796125,0.04468064140863644,22.38105739920527,11.438244200610928,0.7827012765140356,0.24609375,3.1805004251998907,0.5366075265140356
16,-3.32,28,8,1.0,1,1,0.1002185877706805,-0.05010929388533994,0.050109293885340564,-0.05010929388533994,0.05010929388533994,0.04223666777203109,23.676110184577464,10.81258694963996,0.7661962024793965,0.24609375,3.1134321878527857,0.5201024524793965
16,-3.32,29,8,1.0000000000000018,1,1,0.1082874270570234,-0.05414371352851175,0.054143713528511654,0.054143713528511654,0.054143713528511654,0.028775501551519173,34.75178349922474,7.366528397188908,0.7615485765409346,0.2578125,2.95388538779514,0.5037360765409346
16,-3.3,0,8,1.0,1,1,0.10912184808728936,-0.054560924043644404,0.054560924043644966,-0.054560924043644404,0.054560924043644404,0.03376665086892289,29.615018791228398,8.64426262244426,0.7689018108339309,0.27734375,2.7723783601899483,0.49155806083393094
16,-3.3,1,8,1.0000000000000013,1,1,0.08597459805518534,-0.04298729902759323,0.042987299027592116,0.042987299027592116,0.042987299027592116,0.030393303469595664,32.90198451117244,7.78068568821649,0.7977240847487781,0.234375,3.4036227615947867,0.5633490847487781
16,-3.3,2,8,0.9999999999999954,1,1,0.099126216777679,-0.04956310838883982,0.049563108388839164,0.049563108388839164,0.049563108388839164,0.054114376955561254,18.47937750112508,13.853280500623681,0.724914093078923,0.22265625,3.2557545233018295,0.502257843078923
16,-3.3,3,8,1.0000000000000018,1,1,0.1018786962084485,-0.0509393481042245,0.05093934810422399,0.05093934810422399,0.05093934810422399,0.06086698270726846,16.4292684723566,15.581947573060726,0.7170968461613378,0.22265625,3.220645484514079,0.49444059616133784
16,-3.3,4,8,0.9999999999999978,1,1,0.11626231162566286,-0.05813115581283223,0.05813115581283064,0.05813115581283064,0.05813115581283064,0.04065699859734987,24.596011375644995,10.408191640921567,0.7677096494988109,0.25390625,3.0235949272568554,0.5138033994988109
16,-3.3,5,8,1.0000000000000002,1,1,0.08168719501310712,-0.040843597506553676,0.04084359750655343,0.04084359750655343,0.04084359750655343,0.03582423355354562,27.914065446936192,9.17100378970768,0.7939120609686089,0.2578125,3.0794164789085436,0.5360995609686089
16,-3.3,6,8,0.9999999999999986,1,1,0.11271194694866384,-0.056355973474331925,0.05635597347433191,0.05635597347433191,0.05635597347433191,0.039062258385089234,25.60015834572734,9.999938146582844,0.7677037745683921,0.24609375,3.1195581950715616,0.5216100245683921
16,-3.3,7,8,1.000000000000006,1,1,0.11093029181552364,-0.05546514590776238,0.055465145907761255,0.055465145907761255,0.055465145907761255,0.03702810688126923,27.006511653606918,9.479195361604923,0.7539788565571899,0.26171875,2.880874436994636,0.4922601065571899
16,-3.3,8,8,0.999999999999997,1,1,0.09578756760484299,-0.04789378380242128,0.04789378380242171,-0.04789378380242128,0.04789378380242128,0.04005258188254991,24.96717946754088,10.253460961932777,0.7052881701754463,0.2421875,2.9121576058857137,0.4631006701754463
16,-3.3,9,8,1.0000000000000016,1,1,0.11300294965599325,-0.05650147482799615,0.05650147482799711,-0.05650147482799615,0.05650147482799615,0.03547351400167826,28.190046239926776,9.081219584429634,0.774523002140549,0.28125,2.7538595631663965,0.49327300214054903
16,-3.3,10,8,0.9999999999999993,1,1,0.10182902900202995,-0.05091451450101513,0.05091451450101481,0.05091451450101481,0.05091451450101481,0.040661625158259024,24.593212792354024,10.40937604051431,0.7268170291256748,0.24609375,2.9534152294630593,0.4807232791256748
16,-3.3,11,8,1.0000000000000044,1,1,0.11490120993952511,-0.0574506049697625,0.05745060496976261,-0.0574506049697625,0.0574506049697625,0.03617581474120368,27.642777561579443,9.261008573748143,0.8315822058095873,0.26953125,3.085290502713831,0.5620509558095873
16,-3.3,12,8,0.9999999999999939,1,1,0.08724739465426036,-0.04362369732713014,0.04362369732713022,-0.04362369732713014,0.04362369732713014,0.03781382900648634,26.44535150958837,9.680340225660503,0.7785031924372489,0.25390625,3.066104880983626,0.5245969424372489
16,-3.3,13,8,0.999999999999997,1,1,0.1111473956804756,-0.05557369784023816,0.05557369784023745,0.05557369784023745,0.05557369784023745,0.02963034126348355,33.74918942403139,7.585367363451788,0.8255815951851992,0.28125,2.935401227325153,0.5443315951851992
16,-3.3,14,8,1.000000000000001,1,1,0.11034936366979436,-0.055174681834896995,0.05517468183489736,-0.055174681834896995,0.055174681834896995,0.02851345521330102,35.07116175571447,7.299444534605061,0.7341226763152819,0.2421875,3.0312162118824544,0.49193517631528194
16,-3.3,15,8,1.0000000000000033,1,1,0.09628292686975667,-0.0481414634348788,0.048141463434877865,0.048141463434877865,0.048141463434877865,0.038812867853599976,25.76465114023384,9.936094170521594,0.7240014257646693,0.25,2.896005703058677,0.4740014257646693
16,-3.3,16,8,0.9999999999999976,1,1,0.09556608988903267,-0.047783044944516365,0.0477830449445163,0.0477830449445163,0.0477830449445163,0.04435517720426803,22.545282490806418,11.354925364292615,0.7625083616719759,0.25,3.0500334466879035,0.5125083616719759
16,-3.3,17,8,0.9999999999999973,1,1,0.13339608356252602,-0.06669804178126296,0.06669804178126308,-0.06669804178126296,0.06669804178126296,0.033729092482094464,29.647996029862448,8.634647675416183,0.7630481118741053,0.26171875,2.915527114026432,0.5013293618741053
16,-3.3,18,8,0.9999999999999954,1,1,0.11063841279805309,-0.055319206399026655,0.055319206399026426,0.055319206399026426,0.055319206399026426,0.03508289528471528,28.50391884376984,8.981221192887112,0.74315589707847,0.24609375,3.0198080897156876,0.49706214707846996
16,-3.3,19,8,1.000000000000002,1,1,0.061521779674486646,-0.03076088983724338,0.030760889837243267,0.030760889837243267,0.030760889837243267,0.048571167914302486,20.588345780862632,12.434218986061436,0.8410178114938252,0.22265625,3.777202802498583,0.6183615614938252
16,-3.3,20,8,1.000000000000001,1,1,0.12519558669359987,-0.06259779334680036,0.06259779334679949,0.06259779334679949,0.06259779334679949,0.043052546979104864,23.227429505746553,11.021452026650845,0.767566927615822,0.2421875,3.1693086043492005,0.525379427615822
16,-3.3,21,8,0.999999999999998,1,1,0.08085818693116328,-0.04042909346558156,0.04042909346558172,-0.04042909346558156,0.04042909346558156,0.025908659474568982,38.59713394209239,6.632616825489659,0.7750615552450315,0.26171875,2.9614292260108668,0.5133428052450315
16,-3.3,22,8,0.9999999999999964,1,1,0.10054113543990213,-0.050270567719952565,0.05027056771994957,0.05027056771994957,0.05027056771994957,0.04432079317871179,22.562773097669222,11.346123053750219,0.7625726728459203,0.234375,3.2536434041425935,0.5281976728459203
16,-3.3,23,8,0.999999999999996,1,1,0.11762457362818421,-0.058812286814091834,0.05881228681409237,-0.058812286814091834,0.058812286814091834,0.04231588501788727,23.63178743815217,10.832866564579142,0.8070546175685738,0.2734375,2.95151402996507,0.5336171175685738
16,-3.3,24,8,1.0000000000000056,1,1,0.10770431090576688,-0.053852155452883424,0.05385215545288345,-0.053852155452883424,0.053852155452883424,0.047501058464560174,21.05216246383404,12.160270966927405,0.7600867900059564,0.265625,2.8615032094341886,0.49446179000595636
16,-3.3,25,8,0.999999999999999,1,1,0.1059679199047271,-0.05298395995236348,0.05298395995236363,-0.05298395995236348,0.05298395995236348,0.04136810409043938,24.173213203433,10.590234647152482,0.7615208172659321,0.234375,3.2491554870013104,0.5271458172659321
16,-3.3,26,8,1.0000000000000016,1,1,0.15179108925741103,-0.07589554462870603,0.07589554462870499,0.07589554462870499,0.07589554462870499,0.015474582215893259,64.62210003788951,3.9614930472686742,0.7019201353134404,0.25,2.8076805412537618,0.45192013531344044
16,-3.3,27,8,1.0000000000000044,1,1,0.1101367815061346,-0.05506839075306676,0.05506839075306784,-0.05506839075306676,0.05506839075306676,0.04458085357136786,22.431154181450037,11.412698514270172,0.7777587868328181,0.24609375,3.1604166576063717,0.5316650368328181
16,-3.3,28,8,0.999999999999998,1,1,0.11309830372028706,-0.05654915186014356,0.056549151860143504,0.056549151860143504,0.056549151860143504,0.04152927014149939,24.079402228663767,10.631493156223843,0.7427367603601029,0.24609375,3.018104930987085,0.49664301036010294
16,-3.3,29,8,1.000000000000001,1,1,0.12093949481735466,-0.06046974740867725,0.060469747408677416,-0.06046974740867725,0.06046974740867725,0.027966150435919213,35.75751343723083,7.159334511595318,0.7547926586701728,0.2578125,2.927680615447943,0.49698015867017276
16,-1.28,0,8,1.0000000000000013,1,1,0.02400491908911138,-0.012002459544555399,0.012002459544555982,-0.012002459544555399,0.012002459544555399,0.004044752373977417,247.233923746152,1.0354566077382188,0.30596826339064637,0.27734375,1.1032095130704995,0.028624513390646367
16,-1.28,1,8,1.0000000000000038,1,1,0.01924257692252284,-0.009621288461261753,0.009621288461261089,0.009621288461261089,0.009621288461261089,0.003910956472625513,255.69192779296714,1.0012048569921312,0.2663503769874461,0.234375,1.1364282751464367,0.031975376987446125
16,-1.28,2,8,0.9999999999999957,1,1,0.0210803453762064,-0.010540172688102442,0.01054017268810396,-0.010540172688102442,0.010540172688102442,0.00391510059115101,255.4212788964402,1.0022657513346585,0.2556081052323358,0.22265625,1.147994297183824,0.03295185523233579
16,-1.28,3,8,0.9999999999999984,1,1,0.021627094064831105,-0.01081354703241584,0.010813547032415266,0.010813547032415266,0.010813547032415266,0.003964405633727712,252.2446218652214,1.0148878422342942,0.2564772322221714,0.22265625,1.1518977447171206,0.03382098222217139
16,-1.28,4,8,1.0000000000000036,1,1,0.0217542209885343,-0.010877110494266996,0.010877110494267305,-0.010877110494266996,0.010877110494266996,0.003968304581054431,251.99678592571308,1.0158859727499343,0.2842818378601289,0.25390625,1.1196330844952769,0.030375587860128894
16,-1.28,5,8,0.9999999999999979,1,1,0.022076573798792118,-0.0110382868993964,0.011038286899395717,0.011038286899395717,0.011038286899395717,0.003987389169012617,250.79066968715932,1.02077162726723,0.2884864198941275,0.2578125,1.118977628680252,0.030673919894127488
16,-1.28,6,8,1.0000000000000013,1,1,0.022241247876555743,-0.011120623938277032,0.011120623938278713,-0.011120623938277032,0.011120623938277032,0.003975915931649046,251.51437233363262,1.0178344785021558,0.27735745320498556,0.24609375,1.1270398098488301,0.03126370320498556
16,-1.28,7,8,0.999999999999996,1,1,0.024586379640881336,-0.012293189820440477,0.012293189820440859,-0.012293189820440477,0.012293189820440477,0.004047851458963268,247.04463840580726,1.0362499734945967,0.29299977517952597,0.26171875,1.119521529044159,0.03128102517952597
16,-1.28,8,8,1.0000000000000013,1,1,0.020448641564132834,-0.010224320782065909,0.010224320782066924,-0.010224320782065909,0.010224320782065909,0.00396813194391237,252.00774927208002,1.0158417776415667,0.27375774248039514,0.2421875,1.1303545495964702,0.03157024248039514
16,-1.28,9,8,0.9999999999999954,1,1,0.02359440569058028,-0.01179720284529036,0.011797202845289918,0.011797202845289918,0.011797202845289918,0.0040338607380894596,247.9014683272447,1.0326683489509016,0.3105958900015583,0.28125,1.1043409422277628,0.029345890001558295
16,-1.28,10,8,0.9999999999999959,1,1,0.023089327419293225,-0.011544663709646396,0.011544663709646828,-0.011544663709646396,0.011544663709646396,0.003975184411735579,251.560656418301,1.0176472094043083,0.277880216077508,0.24609375,1.1291640526324136,0.03178646607750801
16,-1.28,11,8,1.000000000000005,1,1,0.0239325146086281,-0.011966257304314916,0.011966257304313187,0.011966257304313187,0.011966257304313187,0.0040219255486760586,248.63712366062595,1.029612940461071,0.29981241691385685,0.26953125,1.112347517825324,0.03028116691385685
16,-1.28,12,8,0.9999999999999972,1,1,0.021820790572938682,-0.01091039528646777,0.010910395286470915,-0.01091039528646777,0.01091039528646777,0.003985785363069358,250.89158319100352,1.0203610529457556,0.2843017474810857,0.25390625,1.1197114977716607,0.03039549748108572
16,-1.28,13,8,0.9999999999999973,1,1,0.023605009280010074,-0.01180250464000554,0.011802504640004534,0.011802504640004534,0.011802504640004534,0.004031205021765086,248.0647832598066,1.031988485571862,0.31111099669094905,0.28125,1.10617243267893,0.02986099669094905
16,-1.28,14,8,0.999999999999998,1,1,0.022056489044183922,-0.011028244522092508,0.011028244522091415,0.011028244522091415,0.011028244522091415,0.0039687671567963274,251.96741468885293,1.0160043921398598,0.2743410726128345,0.2421875,1.1327631385304135,0.032153572612834525
16,-1.28,15,8,0.9999999999999968,1,1,0.02401443358502367,-0.012007216792511514,0.012007216792512158,-0.012007216792511514,0.012007216792511514,0.003976759799132711,251.4610010436359,1.018050508577974,0.2817199695565188,0.25,1.1268798782260752,0.03171996955651879
16,-1.28,16,8,0.9999999999999976,1,1,0.021605656065584573,-0.010802828032792085,0.010802828032792486,-0.010802828032792085,0.010802828032792085,0.004003216795692513,249.7991118232733,1.0248234996972834,0.281483617412539,0.25,1.125934469650156,0.03148361741253902
16,-1.28,17,8,1.0000000000000013,1,1,0.024577475521522636,-0.012288737760761156,0.012288737760761479,-0.012288737760761156,0.012288737760761156,0.003990623543711238,250.5874054634606,1.021599627190077,0.29052861981364575,0.26171875,1.110079502571542,0.02880986981364575
16,-1.28,18,8,1.0000000000000002,1,1,0.02272179560560542,-0.011360897802803114,0.011360897802802306,0.011360897802802306,0.011360897802802306,0.003973754490518477,251.65117834683457,1.01728114957273,0.27790980513617086,0.24609375,1.1292842875374562,0.03181605513617086
16,-1.28,19,8,1.0000000000000038,1,1,0.018867298025240606,-0.009433649012621045,0.009433649012619562,0.009433649012619562,0.009433649012619562,0.003927665444283284,254.60416987793593,1.0054823537365207,0.2551482821398239,0.22265625,1.1459291268034195,0.03249203213982388
16,-1.28,20,8,0.9999999999999952,1,1,0.022890877392211184,-0.01144543869610624,0.011445438696104942,0.011445438696104942,0.011445438696104942,0.004004800684406559,249.70031689559158,1.0252289752080792,0.273806925019045,0.2421875,1.1305576258850891,0.03161942501904502
16,-1.28,21,8,1.0000000000000002,1,1,0.022178612960411407,-0.01108930648020563,0.011089306480205776,-0.01108930648020563,0.01108930648020563,0.0040028195190885876,249.8239041833424,1.0247217968866784,0.29155955252634685,0.26171875,1.114018588757385,0.029840802526346855
16,-1.28,22,8,0.9999999999999994,1,1,0.021144515835841374,-0.010572257917919894,0.01057225791792148,-0.010572257917919894,0.010572257917919894,0.003966718824484884,252.09752549825848,1.0154800190681303,0.2667007840143259,0.234375,1.1379233451277906,0.0323257840143259
16,-1.28,23,8,0.9999999999999984,1,1,0.023598550782578234,-0.011799275391290307,0.011799275391287925,0.011799275391287925,0.011799275391287925,0.003998946513563009,250.06586024803147,1.0237303074721302,0.30349572285559717,0.2734375,1.1099272150147554,0.030058222855597172
16,-1.28,24,8,0.9999999999999991,1,1,0.023405381462688134,-0.011702690731344712,0.011702690731343423,0.011702690731343423,0.011702690731343423,0.004022479083387263,248.6029086216942,1.0297546453471393,0.29551822852667875,0.265625,1.1125392132769083,0.02989322852667875
16,-1.28,25,8,0.9999999999999981,1,1,0.022603425571745092,-0.01130171278587259,0.011301712785872503,0.011301712785872503,0.011301712785872503,0.003971849169326915,251.7718970102442,1.0167933873476902,0.26633136903899396,0.234375,1.1363471745663742,0.03195636903899396
16,-1.28,26,8,1.000000000000001,1,1,0.024434470919524658,-0.012217235459762311,0.012217235459762346,-0.012217235459762311,0.012217235459762311,0.003983973665996394,251.0056751968764,1.019897258495077,0.2811173688478415,0.25,1.124469475391366,0.031117368847841498
16,-1.28,27,8,1.0000000000000027,1,1,0.021990952493154456,-0.010995476246576746,0.010995476246577712,-0.010995476246576746,0.010995476246576746,0.0039488761223597955,253.2366093577059,1.0109122873241077,0.2767485477933937,0.24609375,1.1245655275414093,0.030654797793393695
16,-1.28,28,8,0.9999999999999916,1,1,0.02125755034481553,-0.010628775172407299,0.010628775172408234,-0.010628775172407299,0.010628775172407299,0.003954075288983172,252.9036315484927,1.012243273979692,0.27632807345433635,0.24609375,1.1228569334017477,0.030234323454336354
16,-1.28,29,8,1.0000000000000018,1,1,0.022372228241186044,-0.011186114120593414,0.011186114120592628,0.011186114120592628,0.011186114120592628,0.003976290613533877,251.49067238605653,1.0179303970646725,0.28873476312985447,0.2578125,1.1199408994127689,0.030922263129854466
16,-1.26,0,8,0.9999999999999994,1,1,0.021100169076231266,-0.010550084538115276,0.01055008453811599,-0.010550084538115276,0.010550084538115276,0.004037018497524587,247.70755957971915,1.0334767353662944,0.30514043810795993,0.27734375,1.1002246782484189,0.027796688107959933
16,-1.26,1,8,1.0000000000000004,1,1,0.016650681446216134,-0.008325340723107975,0.00832534072310816,-0.008325340723107975,0.008325340723107975,0.003910060800866792,255.7504987590775,1.0009755650218988,0.26563565960646157,0.234375,1.1333788143209027,0.03126065960646157
16,-1.26,2,8,1.0000000000000007,1,1,0.018463335958483505,-0.009231667979241642,0.009231667979241864,-0.009231667979241642,0.009231667979241642,0.003913993479218773,255.4935273422066,1.001982330680006,0.2548694278823756,0.22265625,1.1446767287348798,0.0322131778823756
16,-1.26,3,8,1.0000000000000013,1,1,0.01894331996083007,-0.009471659980414502,0.009471659980415569,-0.009471659980414502,0.009471659980414502,0.0039604614508570845,252.49582969267124,1.0138781314194136,0.2555666514193089,0.22265625,1.1478081186551417,0.0329104014193089
16,-1.26,4,8,0.9999999999999939,1,1,0.01903217829184966,-0.009516089145924648,0.009516089145925012,-0.009516089145924648,0.009516089145924648,0.003964684700512547,252.22686683526734,1.014959283331212,0.2835381705663955,0.25390625,1.1167041794614962,0.02963192056639552
16,-1.26,5,8,0.9999999999999996,1,1,0.019285758782192533,-0.009642879391096402,0.00964287939109613,0.00964287939109613,0.00964287939109613,0.0039826679850398245,251.08796509182287,1.019563004170195,0.28769762413647915,0.2578125,1.1159180572566463,0.029885124136479146
16,-1.26,6,8,1.000000000000001,1,1,0.019476630333794563,-0.009738315166897651,0.009738315166896914,0.009738315166896914,0.009738315166896914,0.003971940679292313,251.76609641062709,1.016816813898832,0.2765437922599249,0.24609375,1.123733505056203,0.030450042259924925
16,-1.26,7,8,1.000000000000004,1,1,0.021661241981012793,-0.01083062099050664,0.010830620990506154,0.010830620990506154,0.010830620990506154,0.004039936446127155,247.5286463871579,1.0342237302085517,0.2920797598436037,0.26171875,1.1160062465666052,0.03036100984360368
16,-1.26,8,8,0.9999999999999921,1,1,0.017773822866568978,-0.008886911433285023,0.008886911433283953,0.008886911433283953,0.008886911433283953,0.003964735628742516,252.22362690476973,1.014972320958084,0.27292750853813597,0.2421875,1.126926486867142,0.030740008538135966
16,-1.26,9,8,1.000000000000001,1,1,0.020712440831272855,-0.010356220415636745,0.010356220415636112,0.010356220415636112,0.010356220415636112,0.004026725943735623,248.3407150058722,1.0308418415963194,0.30977830052951977,0.28125,1.1014339574382925,0.028528300529519768
16,-1.26,10,8,0.999999999999996,1,1,0.020281123403571036,-0.010140561701784706,0.010140561701786331,-0.010140561701784706,0.010140561701784706,0.00397106109698232,251.8218621113429,1.016591640827474,0.27710444031241244,0.24609375,1.1260116939678981,0.031010690312412437
16,-1.26,11,8,0.9999999999999996,1,1,0.021043185569430994,-0.010521592784715457,0.010521592784715535,-0.010521592784715457,0.010521592784715457,0.00401539249375743,249.04165696246628,1.0279404784019022,0.29899523214036683,0.26953125,1.1093156438831002,0.02946398214036683
16,-1.26,12,8,1.0000000000000009,1,1,0.019046613509818698,-0.009523306754909228,0.009523306754909472,-0.009523306754909228,0.009523306754909228,0.003981159579924538,251.1830987741905,1.0191768524606817,0.28352091843660204,0.25390625,1.116636232611848,0.029614668436602043
16,-1.26,13,8,0.999999999999995,1,1,0.020721940217930515,-0.010360970108965044,0.010360970108965471,-0.010360970108965044,0.010360970108965044,0.004024185016327846,248.49752085020216,1.0301913641799285,0.3102851553989716,0.28125,1.1032361080852324,0.029035155398971613
16,-1.26,14,8,1.0000000000000029,1,1,0.019323181320578024,-0.009661590660289135,0.009661590660288889,0.009661590660288889,0.009661590660288889,0.003965158574085796,252.1967233632161,1.0150805949659638,0.2735139674609189,0.2421875,1.1293479946773426,0.03132646746091888
16,-1.26,15,8,0.999999999999996,1,1,0.02117562791190176,-0.010587813955950558,0.010587813955951203,-0.010587813955950558,0.010587813955950558,0.003972595412491985,251.7246022223809,1.016984425597948,0.28098327288492575,0.25,1.123933091539703,0.03098327288492575
16,-1.26,16,8,0.9999999999999978,1,1,0.018826217142159526,-0.00941310857107921,0.009413108571080317,-0.00941310857107921,0.00941310857107921,0.003997795568682636,250.1378529291638,1.0234356655827548,0.28061375810252853,0.25,1.1224550324101141,0.030613758102528532
16,-1.26,17,8,1.0000000000000007,1,1,0.02170665426414093,-0.01085332713207002,0.01085332713207091,-0.01085332713207002,0.01085332713207002,0.003985875250577704,250.88592520678165,1.0203840641478923,0.2898637328468554,0.26171875,1.1075390389372386,0.028144982846855404
16,-1.26,18,8,1.0,1,1,0.019957162049424264,-0.009978581024711745,0.009978581024712517,-0.009978581024711745,0.009978581024711745,0.003969911069233572,251.8948113850468,1.0162972337237943,0.2771069991865368,0.24609375,1.126022091932594,0.031013249186536807
16,-1.26,19,8,1.0000000000000013,1,1,0.01629463206116149,-0.00814731603058117,0.008147316030580318,0.008147316030580318,0.008147316030580318,0.003926113787637103,254.70479310836305,1.0050851296350984,0.254333344696496,0.22265625,1.1422690568825082,0.03167709469649599
16,-1.26,20,8,1.0000000000000029,1,1,0.020096545322546032,-0.010048272661272043,0.010048272661273991,-0.010048272661272043,0.010048272661272043,0.003999382636058958,250.03859120251934,1.0238419548310933,0.2729237082427354,0.2421875,1.1269107953248427,0.030736208242735374
16,-1.26,21,8,1.000000000000004,1,1,0.019375056167911783,-0.009687528083956218,0.009687528083955566,0.009687528083955566,0.009687528083955566,0.003997358912759761,250.1651770142411,1.023323881666499,0.29076349386479483,0.26171875,1.1109769317819027,0.02904474386479483
16,-1.26,22,8,0.9999999999999957,1,1,0.018440358167996572,-0.00922017908399828,0.009220179083998293,-0.00922017908399828,0.00922017908399828,0.0039633194831365706,252.31374968757254,1.014609787682962,0.265865613242962,0.234375,1.134359949836638,0.031490613242961984
16,-1.26,23,8,1.0000000000000002,1,1,0.0207409750220453,-0.010370487511022446,0.010370487511022855,-0.010370487511022446,0.010370487511022446,0.003993644768151328,250.39783407248396,1.02237306064674,0.3027581434779179,0.2734375,1.1072297818620997,0.029320643477917907
16,-1.26,24,8,1.000000000000003,1,1,0.02053853453364995,-0.010269267266824216,0.010269267266825735,-0.010269267266824216,0.010269267266824216,0.004015918923897915,249.0090111254995,1.0280752445178662,0.2946902140757073,0.265625,1.1094219824026628,0.02906521407570728
16,-1.26,25,8,0.9999999999999979,1,1,0.019851717108733465,-0.009925858554368101,0.009925858554365364,0.009925858554365364,0.009925858554365364,0.003968214428333358,252.0025109681379,1.0158628936533396,0.26552150529785373,0.234375,1.1328917559375093,0.031146505297853733
16,-1.26,26,8,0.9999999999999996,1,1,0.02157666531847589,-0.010788332659238108,0.010788332659237782,0.010788332659237782,0.010788332659237782,0.0039795749155992375,251.28311973225456,1.0187711783934048,0.2803755794305354,0.25,1.1215023177221417,0.030375579430535427
16,-1.26,27,8,1.0000000000000022,1,1,0.01926714175759826,-0.009633570878799722,0.009633570878798538,0.009633570878798538,0.009633570878798538,0.003946428492998817,253.3936701942162,1.0102856942076972,0.2760436133555784,0.24609375,1.1217010320480647,0.02994986335557842
16,-1.26,28,8,1.0000000000000027,1,1,0.01855876375591333,-0.009279381877956478,0.009279381877956855,-0.009279381877956478,0.009279381877956478,0.003951223773278429,253.0861468193372,1.011513285959278,0.27561441953843846,0.24609375,1.1199570063784166,0.02952066953843846
16,-1.26,29,8,0.999999999999998,1,1,0.019610571767432187,-0.009805285883716005,0.009805285883716182,-0.009805285883716005,0.009805285883716005,0.003972335918729933,251.74104619020437,1.0169179951948628,0.2879547926998044,0.2578125,1.1169155595628777,0.030142292699804396
16,-1.24,0,8,1.000000000000003,1,1,0.01823783467583212,-0.009118917337915968,0.009118917337916152,-0.009118917337915968,0.009118917337915968,0.004029655092558077,248.16019660014803,1.0315917036948676,0.30433070551080116,0.27734375,1.0973050790248604,0.02698695551080116
16,-1.24,1,8,1.0000000000000002,1,1,0.01408396905029273,-0.007041984525146347,0.007041984525146382,-0.007041984525146347,0.007041984525146347,0.003909247075196397,255.80373426505943,1.0007672512502777,0.26492798146059,0.234375,1.130359387565184,0.03055298146058999
16,-1.24,2,8,1.0000000000000018,1,1,0.015868856418208063,-0.007934428209104826,0.007934428209103237,0.007934428209103237,0.007934428209103237,0.003912986654746152,255.55926667602532,1.0017245836150148,0.25413771488289644,0.22265625,1.1413904387723068,0.03148146488289644
16,-1.24,3,8,0.9999999999999966,1,1,0.016287827093693703,-0.008143913546846479,0.008143913546847226,-0.008143913546846479,0.008143913546846479,0.003956763663826178,252.73179925864034,1.0129314979395017,0.25467215111699076,0.22265625,1.14379071378859,0.032015901116990764
16,-1.24,4,8,1.0000000000000009,1,1,0.016340885426301195,-0.008170442713150924,0.008170442713150271,0.008170442713150271,0.008170442713150271,0.003961248526278664,252.4456603432138,1.014079622727338,0.2828049498669576,0.25390625,1.113816417937556,0.02889869986695759
16,-1.24,5,8,0.9999999999999966,1,1,0.01653146325667546,-0.008265731628338244,0.008265731628337214,0.008265731628337214,0.008265731628337214,0.003978177061651071,251.37141572702348,1.0184133277826741,0.28692194182972885,0.2578125,1.1129093501274332,0.029109441829728855
16,-1.24,6,8,0.9999999999999959,1,1,0.016745508597353305,-0.008372754298676892,0.008372754298676415,0.008372754298676415,0.008372754298676415,0.003968155733947478,252.00623842583184,1.0158478678905545,0.2757435732055103,0.24609375,1.120481821279534,0.029649823205510295
16,-1.24,7,8,0.9999999999999997,1,1,0.01877881474507611,-0.009389407372537859,0.009389407372538251,-0.009389407372537859,0.009389407372537859,0.0040323987714835025,247.99134626065373,1.0322940854997766,0.29118040293567277,0.26171875,1.112569897784063,0.029461652935672766
16,-1.24,8,8,0.9999999999999984,1,1,0.01512867525048852,-0.00756433762524438,0.00756433762524414,0.00756433762524414,0.00756433762524414,0.003961493748382398,252.43003359738518,1.0141423995858938,0.27211124613841686,0.2421875,1.1235561130876568,0.029923746138416862
16,-1.24,9,8,1.0000000000000029,1,1,0.017871766049127834,-0.008935883024563246,0.008935883024564589,-0.008935883024563246,0.008935883024563246,0.004019931054089805,248.76048532788099,1.02910234984699,0.308977259867797,0.28125,1.0985858128632782,0.027727259867797005
16,-1.24,10,8,1.0000000000000018,1,1,0.017508065598853033,-0.008754032799425486,0.008754032799427545,-0.008754032799425486,0.008754032799425486,0.003967140494306758,252.07072989602958,1.01558796654253,0.2763395319355477,0.24609375,1.1229034948492098,0.030245781935547722
16,-1.24,11,8,1.0000000000000007,1,1,0.018194861814961785,-0.009097430907480254,0.00909743090748153,-0.009097430907480254,0.009097430907480254,0.004009170680295732,249.42814355966408,1.0263476941557075,0.29819341476879485,0.26953125,1.1063407852291518,0.02866216476879485
16,-1.24,12,8,1.0000000000000038,1,1,0.016308022275326066,-0.00815401113766263,0.008154011137663435,-0.00815401113766263,0.00815401113766263,0.003976759320125548,251.46103133252467,1.0180503859521404,0.2827530730232364,0.25390625,1.1136121029838233,0.02884682302323638
16,-1.24,13,8,1.0000000000000002,1,1,0.017880251502134355,-0.008940125751067451,0.008940125751066902,0.008940125751066902,0.008940125751066902,0.004017501753973929,248.91090564200644,1.0284804490173258,0.3094757744800669,0.28125,1.10035830926246,0.028225774480066912
16,-1.24,14,8,1.0000000000000029,1,1,0.016620902073735976,-0.00831045103686813,0.008310451036867847,0.008310451036867847,0.008310451036867847,0.003961730743170839,252.41493297437796,1.0142030702517348,0.27270000482833795,0.2421875,1.1259871167105566,0.03051250482833795
16,-1.24,15,8,0.9999999999999984,1,1,0.018372213164174887,-0.009186106582086413,0.009186106582088474,-0.009186106582086413,0.009186106582086413,0.003968629391178652,251.9761613978794,1.015969124141735,0.2802550566074416,0.25,1.1210202264297664,0.0302550566074416
16,-1.24,16,8,1.000000000000001,1,1,0.016083520071680027,-0.008041760035839188,0.00804176003584084,-0.008041760035839188,0.008041760035839188,0.003992628416238175,250.46157461910585,1.0221128745569728,0.2797610372828978,0.25,1.1190441491315912,0.029761037282897806
16,-1.24,17,8,0.9999999999999981,1,1,0.01887274459218026,-0.009436372296090786,0.009436372296089473,0.009436372296089473,0.009436372296089473,0.003981339130871132,251.171770886344,1.0192228175030098,0.28920616445801084,0.26171875,1.1050265388246385,0.02748741445801084
16,-1.24,18,8,1.0000000000000009,1,1,0.017224535433157606,-0.008612267716578522,0.008612267716579086,-0.008612267716578522,0.008612267716578522,0.003966250359000237,252.12730147777853,1.0153600919040606,0.276316400988176,0.24609375,1.1228095024281437,0.030222650988176003
16,-1.24,19,8,0.9999999999999997,1,1,0.013746209835765603,-0.0068731049178829,0.0068731049178827035,0.0068731049178827035,0.0068731049178827035,0.003924656824272947,254.7993480131228,1.0047121470138745,0.25353054248388024,0.22265625,1.1386634890504095,0.03087429248388024
16,-1.24,20,8,0.9999999999999976,1,1,0.017336776728680885,-0.008668388364340689,0.008668388364340194,0.008668388364340194,0.008668388364340194,0.003994217176317533,250.36194975305514,1.0225195971372885,0.2720577750893038,0.2421875,1.1233353294009962,0.02987027508930379
16,-1.24,21,8,1.000000000000002,1,1,0.016608985442095565,-0.008304492721047756,0.008304492721047808,-0.008304492721047756,0.008304492721047756,0.003992157618133017,250.49111173813392,1.0219923502420523,0.2899818831873344,0.26171875,1.1079904790441435,0.02826313318733442
16,-1.24,22,8,0.9999999999999953,1,1,0.0157668322344047,-0.00788341611720173,0.007883416117202969,-0.00788341611720173,0.00788341611720173,0.003960077949191001,252.52028188088786,1.0137799549928963,0.26504390471142536,0.234375,1.130853993435415,0.03066890471142536
16,-1.24,23,8,0.9999999999999934,1,1,0.017922072275046625,-0.008961036137522908,0.008961036137523717,-0.008961036137522908,0.008961036137522908,0.0039885933303825775,250.71495566685965,1.0210798925779399,0.30203106571054206,0.2734375,1.104570754598554,0.028593565710542057
16,-1.24,24,8,1.000000000000001,1,1,0.017711996904705506,-0.008855998452353122,0.008855998452352383,0.008855998452352383,0.008855998452352383,0.00400967416885097,249.39682325523333,1.0264765872258483,0.2938787177742439,0.265625,1.1063669375030358,0.028253717774243903
16,-1.24,25,8,0.9999999999999933,1,1,0.017130983394303263,-0.008565491697150613,0.00856549169715265,-0.008565491697150613,0.008565491697150613,0.003964743204985911,252.22314492964838,1.0149742604763932,0.2647239440014744,0.234375,1.1294888277396242,0.03034894400147442
16,-1.24,26,8,0.9999999999999993,1,1,0.01875484385680242,-0.009377421928401058,0.009377421928401363,-0.009377421928401058,0.009377421928401058,0.003975370890872792,251.54885605666095,1.0176949480634347,0.2796429926543539,0.25,1.1185719706174155,0.029642992654353884
16,-1.24,27,8,1.0000000000000027,1,1,0.016573291139598205,-0.008286645569798419,0.008286645569799786,-0.008286645569798419,0.008286645569798419,0.003944089732867221,253.5439271745558,1.0096869716140087,0.2753461599915534,0.24609375,1.1188669358386931,0.029252409991553374
16,-1.24,28,8,1.0,1,1,0.015889754814593662,-0.007944877407297463,0.007944877407296201,0.007944877407296201,0.007944877407296201,0.003948515114522691,253.2597624666515,1.010819869317809,0.2749095698468963,0.24609375,1.11709285525088,0.028815819846896296
16,-1.24,29,8,1.000000000000007,1,1,0.01688171695147861,-0.008440858475740302,0.008440858475738305,0.008440858475738305,0.008440858475738305,0.0039685684194398895,251.98003267413407,1.0159535153766117,0.287186599395302,0.2578125,1.1139359006848077,0.029374099395302
16,-1.22,0,8,0.9999999999999968,1,1,0.015417218612787102,-0.007708609306393636,0.007708609306393465,0.007708609306393465,0.007708609306393465,0.00402264691347155,248.59253658357966,1.0297976098487167,0.3035387062447229,0.27734375,1.0944494196992827,0.0261949562447229
16,-1.22,1,8,0.9999999999999972,1,1,0.011542517865546201,-0.0057712589327732515,0.00577125893277295,0.00577125893277295,0.00577125893277295,0.003908509442472219,255.85201077766308,1.000578417272888,0.26422737814719427,0.234375,1.1273701467613622,0.02985237814719427
16,-1.22,2,8,0.9999999999999984,1,1,0.013297200664411066,-0.0066486003322056755,0.006648600332205392,0.006648600332205392,0.006648600332205392,0.003912072026950538,255.61901547592427,1.0014904388993378,0.253413004956485,0.22265625,1.138135601208073,0.030756754956485
16,-1.22,3,8,1.0000000000000007,1,1,0.013660518803055874,-0.0068302594015288475,0.006830259401527026,0.006830259401527026,0.006830259401527026,0.003953297907113042,252.9533628621137,1.0120442642209388,0.2537935139797192,0.22265625,1.1398445540141775,0.03113726397971922
16,-1.22,4,8,1.0000000000000022,1,1,0.013680226400921612,-0.00684011320045975,0.006840113200461863,-0.00684011320045975,0.00684011320045975,0.0039579874060571615,252.65365889483024,1.0132447759506333,0.2820821048077836,0.25390625,1.1109695204737324,0.028175854807783618
16,-1.22,5,8,0.9999999999999981,1,1,0.013813264497612072,-0.006906632248805853,0.006906632248806218,-0.006906632248805853,0.006906632248805853,0.003973907315986211,251.64150053958377,1.01732027289247,0.28615922141690847,0.2578125,1.1099509194352812,0.02834672141690847
16,-1.22,6,8,0.9999999999999997,1,1,0.014047639333317857,-0.007023819666658138,0.007023819666659719,-0.007023819666658138,0.007023819666658138,0.003964553385675817,252.23522115077665,1.014925666733009,0.27495666976477146,0.24609375,1.1172842453933571,0.028862919764771455
16,-1.22,7,8,1.0000000000000018,1,1,0.01593841972314452,-0.007969209861571831,0.007969209861572688,-0.007969209861571831,0.007969209861571831,0.004025223267737399,248.43342430595305,1.030457156540774,0.29030128540247924,0.26171875,1.1092108815378312,0.028582535402479237
16,-1.22,8,8,0.999999999999996,1,1,0.01251310435672753,-0.006256552178363544,0.006256552178363985,-0.006256552178363544,0.006256552178363544,0.003958400342345547,252.62730232269809,1.01335048764046,0.27130881920234373,0.2421875,1.1202428663838708,0.02912131920234373
16,-1.22,9,8,1.0000000000000024,1,1,0.015071737058989012,-0.007535868529494646,0.007535868529494365,0.007535868529494365,0.007535868529494365,0.00401346241771872,249.16142121704658,1.0274463789359922,0.30819248039855407,0.28125,1.0957954858615255,0.02694248039855407
16,-1.22,10,8,1.0000000000000047,1,1,0.014769886415897255,-0.007384943207948425,0.007384943207948831,-0.007384943207948425,0.007384943207948425,0.003963414964089373,252.30767130379402,1.0146342308068794,0.2755854320344715,0.24609375,1.1198392158861064,0.0294916820344715
16,-1.22,11,8,0.9999999999999979,1,1,0.01538693869768189,-0.0076934693488409835,0.007693469348840906,0.007693469348840906,0.007693469348840906,0.004003247987202975,249.7971655007785,1.0248314847239617,0.2974067350170511,0.26953125,1.1034220893386244,0.027875485017051116
16,-1.22,12,8,0.9999999999999968,1,1,0.013604639430983044,-0.00680231971549228,0.006802319715490764,0.006802319715490764,0.006802319715490764,0.003972575667933477,251.72585334798603,1.01697937099097,0.2819980520644951,0.25390625,1.1106384819770883,0.028091802064495075
16,-1.22,13,8,0.9999999999999996,1,1,0.015079292514139558,-0.0075396462570694,0.007539646257070158,-0.0075396462570694,0.0075396462570694,0.004011141554626606,249.30558704580278,1.0268522379844112,0.30868257660800447,0.28125,1.0975380501617937,0.027432576608004466
16,-1.22,14,8,1.0000000000000033,1,1,0.013949526982947016,-0.0069747634914732,0.006974763491473815,-0.0069747634914732,0.0069747634914732,0.003958475133736776,252.62252918486976,1.0133696342366147,0.27189906922502677,0.2421875,1.1226800277678524,0.029711569225026768
16,-1.22,15,8,0.9999999999999969,1,1,0.015603970322820081,-0.007801985161408717,0.007801985161411365,-0.007801985161408717,0.007801985161408717,0.003964854943853856,252.21603669263013,1.015002865626587,0.27953535397398077,0.25,1.118141415895923,0.02953535397398077
16,-1.22,16,8,1.0000000000000007,1,1,0.013377105341499641,-0.006688552670750439,0.006688552670749202,0.006688552670749202,0.006688552670749202,0.003987705674395877,250.7707643572507,1.0208526526453445,0.2789251687844112,0.25,1.1157006751376448,0.028925168784411204
16,-1.22,17,8,1.000000000000002,1,1,0.016075469669298195,-0.008037734834648976,0.008037734834649217,-0.008037734834648976,0.008037734834648976,0.003977008864201563,251.44525298933752,1.0181142692356002,0.28855597818294926,0.26171875,1.1025422449975375,0.026837228182949258
16,-1.22,18,8,1.000000000000003,1,1,0.014523797582053919,-0.007261898791026388,0.007261898791027531,-0.007261898791026388,0.007261898791026388,0.003962765071388419,252.34904971281426,1.0144678582754352,0.27553791951828105,0.24609375,1.11964614915365,0.02944416951828105
16,-1.22,19,8,0.9999999999999988,1,1,0.011222162533984637,-0.005611081266991291,0.005611081266993346,-0.005611081266991291,0.005611081266991291,0.003923289218047613,254.88816766295918,1.004362039820189,0.25273977227813776,0.22265625,1.1351119597053205,0.030083522278137764
16,-1.22,20,8,1.0000000000000007,1,1,0.014611298025129699,-0.007305649012564564,0.007305649012565135,-0.007305649012564564,0.007305649012564564,0.00398929405378117,250.6709173399165,1.0212592777679794,0.2712088682274019,0.2421875,1.1198301655841112,0.029021368227401922
16,-1.22,21,8,0.9999999999999999,1,1,0.013879926348985844,-0.006939963174491154,0.00693996317449469,-0.006939963174491154,0.006939963174491154,0.003987205648128686,250.8022129406166,1.0207246459209436,0.28921452492055216,0.26171875,1.1050584832785277,0.027495774920552163
16,-1.22,22,8,1.0000000000000013,1,1,0.013123813672794617,-0.0065619068363977,0.006561906836396917,0.006561906836396917,0.006561906836396917,0.003956988172864445,252.71745992510884,1.0129889722532979,0.26423554132102645,0.234375,1.1274049763030463,0.029860541321026446
16,-1.22,23,8,0.9999999999999933,1,1,0.015141380444942041,-0.007570690222470628,0.007570690222471414,-0.007570690222470628,0.007570690222470628,0.003983783191848867,251.01767637507947,1.01984849711331,0.30131445414507196,0.2734375,1.101950003730549,0.027876954145071964
16,-1.22,24,8,1.0000000000000007,1,1,0.01492517639290174,-0.007462588196450384,0.007462588196451358,-0.007462588196450384,0.007462588196450384,0.00400373203151553,249.76696545334744,1.0249554000679757,0.2930834566108581,0.265625,1.1033730131232304,0.027458456610858106
16,-1.22,25,8,1.0000000000000049,1,1,0.014441174653995753,-0.007220587326997716,0.007220587326998037,-0.007220587326997716,0.007220587326997716,0.003961429732511755,252.43411281359454,1.0141260115230093,0.26393860500453903,0.234375,1.1261380480193666,0.02956360500453903
16,-1.22,26,8,1.0,1,1,0.015968782273807276,-0.007984391136903794,0.007984391136903484,0.007984391136903484,0.007984391136903484,0.003971356175398265,251.80315132518066,1.0166671809019558,0.2789196425848286,0.25,1.1156785703393144,0.028919642584828598
16,-1.22,27,8,0.9999999999999978,1,1,0.013909383162771814,-0.006954691581386296,0.0069546915813855185,0.0069546915813855185,0.0069546915813855185,0.003941856575220315,253.6875659774884,1.0091152832564005,0.27465625873429184,0.24609375,1.1160635275552175,0.028562508734291836
16,-1.22,28,8,0.9999999999999999,1,1,0.013250455090870167,-0.006625227545434081,0.006625227545436086,-0.006625227545434081,0.006625227545434081,0.0039459431374953,253.42483790446943,1.0101614431987969,0.27421351149757256,0.24609375,1.1142644276726759,0.02811976149757256
16,-1.22,29,8,1.0000000000000024,1,1,0.014185470793012989,-0.007092735396506513,0.007092735396506476,0.007092735396506476,0.007092735396506476,0.003964980576852023,252.20804506284497,1.0150350276741178,0.28643010978878897,0.2578125,1.111001637968636,0.028617609788788967
16,-1.2,0,8,0.9999999999999942,1,1,0.012637631006923767,-0.006318815503462545,0.006318815503461221,0.006318815503461221,0.006318815503461221,0.004015979211876325,249.00527299611824,1.0280906782403392,0.3027640837521695,0.27734375,1.0916564146557097,0.02542033375216951
16,-1.2,1,8,1.0000000000000056,1,1,0.009026387138308226,-0.004513193569153257,0.004513193569154968,-0.004513193569153257,0.004513193569153257,0.003907842448529139,255.8956798210703,1.0004076668234596,0.26353388331204036,0.234375,1.1244112354647056,0.029158883312040362
16,-1.2,2,8,0.9999999999999993,1,1,0.010748638378752645,-0.005374319189376307,0.005374319189376339,-0.005374319189376307,0.005374319189376307,0.003911242136123609,255.67325294544142,1.0012779868476438,0.2526953395705085,0.22265625,1.134912402281582,0.030039089570508493
16,-1.2,3,8,1.0000000000000029,1,1,0.011061295342036884,-0.005530647671019029,0.005530647671017855,0.005530647671017855,0.005530647671017855,0.003950050552430903,253.1613169822825,1.0112129414223112,0.2529305268681868,0.22265625,1.1359686820746635,0.03027427686818679
16,-1.2,4,8,1.0000000000000042,1,1,0.011050071331304024,-0.005525035665652159,0.005525035665651865,0.005525035665651865,0.005525035665651865,0.003954893122182549,252.85133355212886,1.0124526392787325,0.28136956318798495,0.25390625,1.1081632027096022,0.02746331318798495
16,-1.2,5,8,0.9999999999999963,1,1,0.01113073539032158,-0.005565367695160889,0.005565367695160692,0.005565367695160692,0.005565367695160692,0.003969849910556101,251.8986920238299,1.0162815771023619,0.285409308309997,0.2578125,1.107042165566049,0.027596808309997
16,-1.2,6,8,1.0000000000000033,1,1,0.011382768622635209,-0.005691384311317626,0.0056913843113175835,0.0056913843113175835,0.0056913843113175835,0.003961126206819295,252.45345585769155,1.0140483089457395,0.2741829514890847,0.24609375,1.1141402473207251,0.028089201489084725
16,-1.2,7,8,1.0000000000000038,1,1,0.013139383990009258,-0.006569691995002862,0.006569691995006396,-0.006569691995002862,0.006569691995002862,0.004018395217800738,248.8555619343233,1.0287091757569888,0.2894419917039751,0.26171875,1.1059276100928004,0.02772324170397511
16,-1.2,8,8,0.9999999999999929,1,1,0.009926999429763064,-0.004963499714881175,0.0049634997148818895,-0.004963499714881175,0.004963499714881175,0.003955449682328166,252.81575555561182,1.0125951186760105,0.27052008788744625,0.2421875,1.1169861693417136,0.028332587887446248
16,-1.2,9,8,0.9999999999999943,1,1,0.012311714406142236,-0.006155857203071509,0.006155857203070726,0.006155857203070726,0.006155857203070726,0.004007306790771147,249.54415826185468,1.0258705384374136,0.30742367432393886,0.28125,1.0930619531517827,0.026173674323938856
16,-1.2,10,8,0.999999999999996,1,1,0.012066304495449601,-0.006033152247723285,0.006033152247726317,-0.006033152247723285,0.006033152247723285,0.003959877031658864,252.53309433729615,1.013728520104669,0.2748420772351037,0.24609375,1.1168185995585165,0.028748327235103677
16,-1.2,11,8,0.9999999999999973,1,1,0.012618813886208934,-0.006309406943103803,0.0063094069431051305,-0.006309406943103803,0.006309406943103803,0.003997612606998678,250.14930117272633,1.0233888273916616,0.29663496087013763,0.26953125,1.1005586954022497,0.02710371087013763
16,-1.2,12,8,0.9999999999999972,1,1,0.010936081265554884,-0.005468040632777218,0.005468040632777665,-0.005468040632777218,0.005468040632777218,0.003968599954855469,251.97803038235904,1.015961588443,0.2812556948069582,0.25390625,1.1077147364704816,0.027349444806958223
16,-1.2,13,8,0.999999999999999,1,1,0.012318417878863772,-0.006159208939432202,0.006159208939431569,0.006159208939431569,0.006159208939431569,0.004005091159693013,249.68220700291107,1.0253033368814113,0.3079052835689634,0.28125,1.0947743415785365,0.026655283568963406
16,-1.2,14,8,0.999999999999997,1,1,0.011308918929769672,-0.005654459464884387,0.005654459464885285,-0.005654459464884387,0.005654459464884387,0.003955383670561138,252.81997482133843,1.0125782196636512,0.2711110428304515,0.2421875,1.119426241364445,0.02892354283045151
16,-1.2,15,8,0.9999999999999978,1,1,0.012870662053884258,-0.00643533102694215,0.006435331026942108,0.006435331026942108,0.006435331026942108,0.003961265356630019,252.44458776948318,1.014083931297285,0.27882419064496367,0.25,1.1152967625798547,0.028824190644963665
16,-1.2,16,8,0.9999999999999952,1,1,0.010706510957207357,-0.005353255478603684,0.005353255478603674,0.005353255478603674,0.005353255478603674,0.003983017922856833,251.06590514228634,1.0196525882513492,0.2781058669765396,0.25,1.1124234679061584,0.028105866976539606
16,-1.2,17,8,0.9999999999999954,1,1,0.013314535721280968,-0.006657267860640224,0.006657267860640743,-0.006657267860640224,0.006657267860640224,0.0039728781065499616,251.70669051016966,1.0170567952767902,0.2879132277525023,0.26171875,1.1000863627558295,0.026194477752502277
16,-1.2,18,8,0.9999999999999997,1,1,0.011854813129468582,-0.005927406564735064,0.005927406564733518,0.005927406564733518,0.005927406564733518,0.003959448180366259,252.5604464174342,1.0136187341737624,0.2747714603146346,0.24609375,1.1165316482626422,0.02867771031463462
16,-1.2,19,8,1.000000000000001,1,1,0.008722598856657077,-0.004361299428328625,0.004361299428328452,0.004361299428328452,0.004361299428328452,0.00392200597324901,254.97156476067138,1.0040335291517466,0.25196093089775784,0.22265625,1.131614005435544,0.02930468089775784
16,-1.2,20,8,1.0000000000000056,1,1,0.011919825734238464,-0.005959912867119122,0.005959912867119342,-0.005959912867119122,0.005959912867119122,0.003984603405373189,250.9660054628052,1.0200584717755363,0.27037672970636645,0.2421875,1.1163942387875776,0.028189229706366448
16,-1.2,21,8,0.9999999999999974,1,1,0.01118740192944695,-0.005593700964723939,0.005593700964723012,0.005593700964723012,0.005593700964723012,0.003982493267763169,251.09898065481624,1.0195182765473714,0.2884612204716665,0.26171875,1.1021801856827855,0.026742470471666502
16,-1.2,22,8,1.0000000000000044,1,1,0.01051116323477664,-0.005255581617388304,0.0052555816173883345,-0.005255581617388304,0.005255581617388304,0.003954044314184722,252.9056127197675,1.0122353444312888,0.26344040209320774,0.234375,1.124012382264353,0.029065402093207737
16,-1.2,23,8,0.9999999999999969,1,1,0.012398431853482491,-0.006199215926741878,0.006199215926740613,0.006199215926740613,0.006199215926740613,0.003979205485667447,251.3064488883178,1.0186766043308664,0.3006082640510615,0.2734375,1.0993673656724534,0.027170764051061502
16,-1.2,24,8,0.9999999999999991,1,1,0.012177483386687825,-0.006088741693344337,0.0060887416933434885,0.0060887416933434885,0.0060887416933434885,0.003998080120310586,250.120050101026,1.02350851079951,0.29230414790694453,0.265625,1.1004391450614381,0.026679147906944534
16,-1.2,25,8,1.0000000000000038,1,1,0.011782219759387348,-0.005891109879691991,0.005891109879695357,-0.005891109879691991,0.005891109879691991,0.003958268405492118,252.63572288642547,1.0133167118059823,0.26316540390428583,0.234375,1.1228390566582862,0.028790403904285833
16,-1.2,26,8,0.9999999999999997,1,1,0.013218237096094905,-0.0066091185480472705,0.006609118548047635,-0.0066091185480472705,0.0066091185480472705,0.003967525286462657,252.04628270726766,1.0156864733344402,0.27820555308063066,0.25,1.1128222123225227,0.028205553080630663
16,-1.2,27,8,0.9999999999999984,1,1,0.011275377775279672,-0.005637688887640225,0.005637688887639446,0.005637688887639446,0.005637688887639446,0.0039397257895574,253.82477192970904,1.0085698021266944,0.2739739724215449,0.24609375,1.1132910625383412,0.02788022242154492
16,-1.2,28,8,0.9999999999999963,1,1,0.010640778955444158,-0.005320389477721928,0.005320389477722231,-0.005320389477721928,0.005320389477721928,0.003943501932101819,253.58171929866842,1.0095364946180656,0.27352622818719846,0.24609375,1.1114716573956,0.02743247818719846
16,-1.2,29,8,1.0000000000000027,1,1,0.011521627357192038,-0.005760813678595951,0.0057608136785960865,-0.005760813678595951,0.005760813678595951,0.003961565134231588,252.42548490723397,1.0141606743632865,0.285685245299818,0.2578125,1.1081124666174758,0.02787274529981798
16,-1.18,0,8,1.0000000000000007,1,1,0.009898389689063062,-0.004949194844532158,0.004949194844530904,0.004949194844530904,0.004949194844530904,0.004009637731285114,249.3990896478056,1.0264672592089892,0.3020064846163877,0.27734375,1.0889247896027499,0.024662734616387683
16,-1.18,1,8,0.9999999999999991,1,1,0.006535617912418591,-0.0032678089562091137,0.0032678089562094776,-0.0032678089562091137,0.0032678089562091137,0.003907241011080056,255.93506957063184,1.0002536988364943,0.2628475282667304,0.234375,1.121482787271383,0.028472528266730412
16,-1.18,2,8,1.0000000000000027,1,1,0.008223415282710629,-0.004111707641356064,0.004111707641354565,0.004111707641354565,0.004111707641354565,0.003910490110246075,255.72242143762205,1.0010854682229953,0.25198476194399494,0.22265625,1.1317210360993457,0.02932851194399494
16,-1.18,3,8,1.0000000000000049,1,1,0.008490053377666947,-0.004245026688833186,0.0042450266888337616,-0.004245026688833186,0.004245026688833186,0.0039470086850769,253.35642249302953,1.0104342233796864,0.2520829803584115,0.22265625,1.1321621573991814,0.02942673035841148
16,-1.18,4,8,0.9999999999999973,1,1,0.008450277090149345,-0.0042251385450744715,0.004225138545074873,-0.0042251385450744715,0.0042251385450744715,0.003951957866016032,253.03913500679596,1.0117012137001042,0.2806672513442468,0.25390625,1.1053971745250335,0.026761001344246804
16,-1.18,5,8,0.9999999999999978,1,1,0.008483445201449172,-0.004241722600723453,0.00424172260072572,-0.004241722600723453,0.004241722600723453,0.003965996254430548,252.14345547675853,1.0152950411342203,0.28467204518809314,0.2578125,1.104182478305331,0.026859545188093137
16,-1.18,6,8,1.000000000000003,1,1,0.008750632715082259,-0.00437531635754126,0.004375316357540998,0.004375316357540998,0.004375316357540998,0.003957867040558795,252.66134252423345,1.0132139623830516,0.27342228398573487,0.24609375,1.1110492809579067,0.02732853398573487
16,-1.18,7,8,1.0000000000000044,1,1,0.01038104036575514,-0.005190520182877202,0.005190520182877939,-0.005190520182877202,0.005190520182877202,0.004011900355301261,249.25843401833646,1.0270464909571229,0.2886021101941686,0.26171875,1.1027185105926443,0.026883360194168593
16,-1.18,8,8,0.999999999999998,1,1,0.007370234298685588,-0.0036851171493420065,0.0036851171493435812,-0.0036851171493420065,0.0036851171493420065,0.003952636258435021,252.99570580671977,1.0118748821593653,0.269744908754323,0.2421875,1.1137854296952692,0.027557408754323
16,-1.18,9,8,0.9999999999999974,1,1,0.009591063915517152,-0.0047955319577587165,0.0047955319577584355,0.0047955319577584355,0.0047955319577584355,0.004001451336972587,249.909324339448,1.0243715422649822,0.3066705541226382,0.28125,1.090384192436047,0.025420554122638217
16,-1.18,10,8,1.0000000000000027,1,1,0.009397025898320026,-0.0046985129491600745,0.004698512949159952,0.004698512949159952,0.004698512949159952,0.003956519390675517,252.74740276939852,1.0128689640129322,0.2741093997924502,0.24609375,1.1138413705851944,0.028015649792450192
16,-1.18,11,8,0.9999999999999983,1,1,0.009889887933612243,-0.0049449439668043564,0.004944943966807887,-0.0049449439668043564,0.0049449439668043564,0.00399225305129916,250.48512385119972,1.0220167811325849,0.29587785855666693,0.26953125,1.0977497360943005,0.02634660855666693
16,-1.18,12,8,0.9999999999999963,1,1,0.008301958626825874,-0.004150979313412967,0.004150979313412906,0.004150979313412906,0.004150979313412906,0.003964823759489958,252.21802043696434,1.0149948824294293,0.28052583907261835,0.25390625,1.1048402277321585,0.026619589072618355
16,-1.18,13,8,0.999999999999998,1,1,0.009596987887276427,-0.004798493943639213,0.0047984939436372135,0.0047984939436372135,0.0047984939436372135,0.00399933773039214,250.04139870476723,1.023830458980388,0.3071436167674082,0.28125,1.0920661929507847,0.0258936167674082
16,-1.18,14,8,0.9999999999999963,1,1,0.008698928509761054,-0.0043494642548804864,0.004349464254880568,-0.0043494642548804864,0.0043494642548804864,0.003952448703360115,253.0077111816442,1.0118268680601894,0.2703358054353674,0.2421875,1.1162252611524848,0.028148305435367393
16,-1.18,15,8,0.9999999999999969,1,1,0.010172034192828491,-0.005086017096413817,0.005086017096414674,-0.005086017096413817,0.005086017096413817,0.003957854002818315,252.66217482704474,1.0132106247214887,0.2781215848403291,0.25,1.1124863393613165,0.028121584840329117
16,-1.18,16,8,0.9999999999999958,1,1,0.00807127316953074,-0.004035636584765415,0.004035636584765326,0.004035636584765326,0.004035636584765326,0.003978555988876102,251.34747450983818,1.018510333152282,0.2773028470492003,0.25,1.109211388196801,0.027302847049200274
16,-1.18,17,8,1.0000000000000018,1,1,0.010589633555375073,-0.005294816777688072,0.005294816777687001,0.005294816777687001,0.005294816777687001,0.003968940510159006,251.95640938441213,1.0160487706007055,0.2872779574382111,0.26171875,1.0976590612564483,0.025559207438211107
16,-1.18,18,8,1.0000000000000009,1,1,0.009217430508999935,-0.0046087152544997435,0.004608715254500192,-0.0046087152544997435,0.0046087152544997435,0.003956292911284711,252.7618713841069,1.012810985288886,0.27401692548673195,0.24609375,1.1134656019778315,0.027923175486731955
16,-1.18,19,8,1.0000000000000027,1,1,0.006247605944961444,-0.0031238029724812567,0.0031238029724801877,0.0031238029724801877,0.0031238029724801877,0.0039208024074599435,255.04983319163003,1.0037254163097455,0.25119391487103165,0.22265625,1.128169161526037,0.028537664871031654
16,-1.18,20,8,0.9999999999999999,1,1,0.009262067221148529,-0.004631033610573889,0.004631033610574641,-0.004631033610573889,0.004631033610573889,0.003980135740690926,251.24771242761847,1.0189147496168771,0.26956110113455334,0.2421875,1.1130264821039622,0.027373601134553338
16,-1.18,21,8,1.0000000000000062,1,1,0.00853093346232228,-0.004265466731161176,0.004265466731161105,0.004265466731161105,0.004265466731161105,0.003978010998807221,251.38190927572677,1.0183708156946485,0.28772176868251736,0.26171875,1.0993548176526036,0.026003018682517365
16,-1.18,22,8,0.9999999999999972,1,1,0.007928727654022754,-0.003964363827011438,0.0039643638270113165,0.0039643638270113165,0.0039643638270113165,0.003951240733490079,253.08506047838625,1.0115176277734603,0.2626583622977835,0.234375,1.1206756791372097,0.0282833622977835
16,-1.18,23,8,0.9999999999999997,1,1,0.009692754239006991,-0.004846377119502368,0.004846377119504623,-0.004846377119502368,0.004846377119502368,0.003974851501347465,251.58172567226785,1.017561984344951,0.29991244205654466,0.2734375,1.0968226452353633,0.02647494205654466
16,-1.18,24,8,0.999999999999998,1,1,0.009468331363254794,-0.004734165681626822,0.004734165681627971,-0.004734165681626822,0.004734165681626822,0.003992706435899884,250.45668046331534,1.0221328475903704,0.2915405096594668,0.265625,1.0975642716591691,0.025915509659466818
16,-1.18,25,8,0.9999999999999953,1,1,0.00915402746680435,-0.004577013733401494,0.004577013733402858,-0.004577013733401494,0.004577013733401494,0.003955253773349533,252.82827785614967,1.0125449659774803,0.2624042520651068,0.234375,1.1195914754777891,0.028029252065106813
16,-1.18,26,8,1.0000000000000002,1,1,0.01050294720596407,-0.005251473602981462,0.005251473602982608,-0.005251473602981462,0.005251473602981462,0.003963872695530698,252.2785358691032,1.0147514100558588,0.27750073820865745,0.25,1.1100029528346298,0.02750073820865745
16,-1.18,27,8,0.9999999999999962,1,1,0.008671213663284173,-0.00433560683164252,0.004335606831641653,0.004335606831641653,0.004335606831641653,0.003937694181826991,253.9557298825134,1.0080497105477098,0.27329935578363396,0.24609375,1.1105497631842904,0.027205605783633957
16,-1.18,28,8,1.000000000000001,1,1,0.008060624495951773,-0.004030312247976178,0.004030312247975595,0.004030312247975595,0.004030312247975595,0.003941185838691396,253.73074017033238,1.0089435747049973,0.27284770007414294,0.24609375,1.1087144637933428,0.02675395007414294
16,-1.18,29,8,1.0,1,1,0.008889968595080386,-0.004444984297538916,0.0044449842975414705,-0.004444984297538916,0.004444984297538916,0.003958315104593842,252.63274236036568,1.0133286667760235,0.2849519223797232,0.2578125,1.105268062563775,0.02713942237972322
16,-1.16,0,8,1.0000000000000024,1,1,0.007198820480118929,-0.003599410240059588,0.003599410240059341,0.003599410240059341,0.003599410240059341,0.004003608700666628,249.77465950493445,1.0249238273706567,0.30126555887346723,0.27734375,1.0862532826986988,0.023921808873467232
16,-1.16,1,8,0.9999999999999991,1,1,0.0040702337133435105,-0.002035116856671881,0.00203511685667163,0.00203511685667163,0.00203511685667163,0.003906700394087536,255.97048637602626,1.0001153008864092,0.26216834165931274,0.234375,1.1185849244130677,0.027793341659312742
16,-1.16,2,8,1.0000000000000007,1,1,0.0057217534689705425,-0.002860876734484427,0.002860876734486116,-0.002860876734484427,0.002860876734484427,0.003909809623322813,255.76692891510518,1.00091126357064,0.25128131614586385,0.22265625,1.1285617005849324,0.028625066145863853
16,-1.16,3,8,0.9999999999999993,1,1,0.0059466855473856535,-0.0029733427736937253,0.002973342773691928,0.002973342773691928,0.002973342773691928,0.003944160079263128,253.5394050707055,1.0097049802913607,0.2512506682984257,0.22265625,1.1284240541122277,0.028594418298425683
16,-1.16,4,8,1.0000000000000042,1,1,0.005880687954806604,-0.0029403439774031695,0.002940343977403435,-0.0029403439774031695,0.0029403439774031695,0.003949174213816381,253.21749455910316,1.0109885987369935,0.2799750939759117,0.25390625,1.102671139351283,0.026068843975911693
16,-1.16,5,8,0.9999999999999979,1,1,0.005870960299671525,-0.002935480149835726,0.0029354801498357994,-0.002935480149835726,0.002935480149835726,0.003962338003672674,252.37624833446927,1.0143585289402046,0.2839472722902907,0.2578125,1.101371237974461,0.02613477229029071
16,-1.16,6,8,0.9999999999999984,1,1,0.0061509587573213,-0.003075479378660628,0.003075479378660672,-0.003075479378660628,0.003075479378660628,0.00395476899007524,252.859270038166,1.0124208614592614,0.27267452915330154,0.24609375,1.108010785130876,0.026580779153301537
16,-1.16,7,8,0.999999999999996,1,1,0.007662727831289734,-0.0038313639156450727,0.0038313639156446616,0.0038313639156446616,0.0038313639156446616,0.004005724863445002,249.64270739752715,1.0254655650419204,0.2877812334671217,0.26171875,1.099582026381838,0.0260624834671217
16,-1.16,8,8,1.0000000000000009,1,1,0.004842668324290282,-0.0024213341621449457,0.0024213341621453365,-0.0024213341621449457,0.0024213341621449457,0.0039499547666276245,253.16745610577604,1.0111884202566719,0.26898313494988335,0.2421875,1.1106400410833894,0.02679563494988335
16,-1.16,9,8,0.9999999999999997,1,1,0.0069091570961750575,-0.003454578548088458,0.0034545785480865994,0.0034545785480865994,0.0034545785480865994,0.0039958836261634,250.25753839586616,1.0229462082978305,0.3059328329712656,0.28125,1.0877611838978334,0.02468283297126561
16,-1.16,10,8,1.0000000000000009,1,1,0.006761745234713026,-0.0033808726173575328,0.003380872617355493,0.003380872617355493,0.003380872617355493,0.003953334906164275,252.95099548503734,1.0120537359780544,0.2733873277074556,0.24609375,1.1109072363985497,0.027293577707455607
16,-1.16,11,8,1.0000000000000029,1,1,0.007199564797674573,-0.0035997823988364913,0.003599782398838082,-0.0035997823988364913,0.0035997823988364913,0.003987158154636357,250.80520039998353,1.0207124875869074,0.2951351929967927,0.26953125,1.0949943392344772,0.025603942996792695
16,-1.16,12,8,0.9999999999999949,1,1,0.005701877702098164,-0.002850938851049313,0.002850938851048851,0.002850938851048851,0.002850938851048851,0.003961238906821962,252.44627338124474,1.0140771601464222,0.27980832141759776,0.25390625,1.1020143120446928,0.02590207141759776
16,-1.16,13,8,0.9999999999999974,1,1,0.0069143688761036754,-0.0034571844380508485,0.003457184438052827,-0.0034571844380508485,0.0034571844380508485,0.003993868844794864,250.38378546237985,1.022430424267485,0.30639729769306123,0.28125,1.0894126140197733,0.025147297693061232
16,-1.16,14,8,0.9999999999999966,1,1,0.006119394553423864,-0.0030596972767115817,0.0030596972767122825,-0.0030596972767115817,0.0030596972767115817,0.003949662978593553,253.18615927987176,1.0111137225199496,0.26957323441310727,0.2421875,1.1130765808025074,0.027385734413107266
16,-1.16,15,8,1.0000000000000053,1,1,0.007507817152658469,-0.0037539085763286504,0.0037539085763298183,-0.0037539085763286504,0.0037539085763286504,0.003954614352069204,252.86915764030496,1.0123812741297162,0.2774275475198815,0.25,1.109710190079526,0.027427547519881523
16,-1.16,16,8,1.0000000000000016,1,1,0.005470927146798693,-0.0027354635733989386,0.002735463573399755,-0.0027354635733989386,0.0027354635733989386,0.003974310949976569,251.61594364071982,1.0174236031940016,0.276515825280932,0.25,1.106063301123728,0.026515825280931993
16,-1.16,17,8,1.0,1,1,0.007900439995211284,-0.003950219997606292,0.003950219997604992,0.003950219997604992,0.003950219997604992,0.0039651897420440365,252.19474099731346,1.0150885739632733,0.2866502024154998,0.26171875,1.0952604749010142,0.024931452415499822
16,-1.16,18,8,0.9999999999999974,1,1,0.006611482920117257,-0.0033057414600594914,0.0033057414600577654,0.0033057414600577654,0.0033057414600577654,0.003953292730504507,252.95369408993474,1.0120429390091539,0.27327421375664684,0.24609375,1.110447598757168,0.027180463756646844
16,-1.16,19,8,1.0000000000000002,1,1,0.003797250294057466,-0.0018986251470286964,0.00189862514702877,-0.0018986251470286964,0.0018986251470286964,0.0039196741266808895,255.1232494541025,1.0034365764303077,0.2504386201551109,0.22265625,1.1247769606966385,0.027782370155110925
16,-1.16,20,8,1.0000000000000009,1,1,0.006637721405466314,-0.0033188607027319853,0.0033188607027343285,-0.0033188607027319853,0.0033188607027319853,0.0039758819270668735,251.516523464199,1.0178257733291196,0.2687617238630371,0.2421875,1.109725827563508,0.026574223863037094
16,-1.16,21,8,0.9999999999999991,1,1,0.005910041169485111,-0.0029550205847429754,0.0029550205847421363,0.0029550205847421363,0.0029550205847421363,0.003973749623109738,251.65148659200875,1.0172799035160929,0.28699596625988677,0.26171875,1.096581602425836,0.02527721625988677
16,-1.16,22,8,1.000000000000001,1,1,0.005376340488908051,-0.0026881702444539984,0.002688170244454052,-0.0026881702444539984,0.0026881702444539984,0.00394857198262318,253.2561149703705,1.0108344275515342,0.26188929360007723,0.234375,1.1173943193603295,0.027514293600077233
16,-1.16,23,8,0.9999999999999898,1,1,0.007023871682651854,-0.003511935841328056,0.0035119358413237983,0.0035119358413237983,0.0035119358413237983,0.003970712697576177,251.84395753699965,1.0165024505795013,0.2992269268004078,0.2734375,1.0943156180129199,0.0257894268004078
16,-1.16,24,8,1.0000000000000009,1,1,0.006797137362140809,-0.00339856868107044,0.0033985686810703683,0.0033985686810703683,0.0033985686810703683,0.003987599367396703,250.77744975490057,1.020825438053556,0.2907922608622652,0.265625,1.0947473350108807,0.025167260862265173
16,-1.16,25,8,0.9999999999999997,1,1,0.006556487615708514,-0.0032782438078544835,0.0032782438078540308,0.0032782438078540308,0.0032782438078540308,0.003952380534605044,253.012074936739,1.0118094168588914,0.2616550566775015,0.234375,1.116394908490673,0.027280056677501496
16,-1.16,26,8,1.0000000000000027,1,1,0.007822635329578567,-0.00391131766478946,0.003911317664789107,0.003911317664789107,0.003911317664789107,0.003960392847562393,252.50020351276422,1.0138605689759725,0.2768052026716024,0.25,1.1072208106864097,0.026805202671602413
16,-1.16,27,8,1.0000000000000018,1,1,0.0060968095175550595,-0.0030484047587770674,0.0030484047587779925,-0.0030484047587770674,0.0030484047587770674,0.003935758595045684,254.08062406540782,1.007554200331695,0.27263245556764804,0.24609375,1.1078398194494905,0.026538705567648035
16,-1.16,28,8,0.9999999999999974,1,1,0.0055098744097751805,-0.002754937204888358,0.002754937204886823,0.002754937204886823,0.002754937204886823,0.003938989434373907,253.87222196470492,1.0083812951997202,0.2721779036979023,0.24609375,1.105992751534333,0.02608415369790229
16,-1.16,29,8,0.9999999999999986,1,1,0.0062902651393351204,-0.003145132569666918,0.0031451325696682025,-0.003145132569666918,0.003145132569666918,0.003955223759052408,252.83019644875412,1.0125372823174164,0.2842300527110384,0.2578125,1.1024680832428155,0.026417552711038406
16,-1.14,0,8,0.9999999999999991,1,1,0.004538257435858296,-0.0022691287179293484,0.002269128717928948,0.002269128717928948,0.002269128717928948,0.0039978788270188395,250.13264365135487,1.023456979716823,0.3005409602941928,0.27734375,1.0836406455677938,0.023197210294192805
16,-1.14,1,8,0.9999999999999994,1,1,0.0016302412325957566,-0.0008151206162980599,0.0008151206162976967,0.0008151206162976967,0.0008151206162976967,0.003906216183599467,256.00221621081107,0.9999913430014635,0.2614963491943318,0.234375,1.1157177565624823,0.02712134919433179
16,-1.14,2,8,1.000000000000004,1,1,0.003243851791154733,-0.001621925895577554,0.0016219258955771792,0.0016219258955771792,0.0016219258955771792,0.003909194855559397,255.80715133139665,1.0007538830232057,0.25058504628076095,0.22265625,1.1254345938223649,0.027928796280760948
16,-1.14,3,8,1.0,1,1,0.003431080070428924,-0.0017155400352154135,0.0017155400352135105,0.0017155400352135105,0.0017155400352135105,0.003941493172671169,253.7109557701695,1.0090222522038192,0.2504333874023334,0.22265625,1.1247534592104798,0.027777137402333396
16,-1.14,4,8,0.9999999999999959,1,1,0.0033411362500195716,-0.0016705681250099981,0.0016705681250095738,0.0016705681250095738,0.0016705681250095738,0.003946535104055749,253.3868250588539,1.0103129866382718,0.27929301400730105,0.25390625,1.099984793628755,0.025386764007301055
16,-1.14,5,8,0.999999999999999,1,1,0.003292844828351291,-0.0016464224141756855,0.001646422414175605,0.001646422414175605,0.001646422414175605,0.003958867061075763,252.59751958639018,1.0134699676353953,0.28323482770193054,0.2578125,1.0986078165408215,0.025422327701930536
16,-1.14,6,8,0.9999999999999991,1,1,0.003583465495298732,-0.0017917327476494045,0.0017917327476493273,0.0017917327476493273,0.0017917327476493273,0.0039518254082945795,253.04761640053135,1.0116673045234124,0.2719395454228255,0.24609375,1.1050241845752908,0.0258457954228255
16,-1.14,7,8,0.9999999999999996,1,1,0.0049837919018059,-0.0024918959509035404,0.00249189595090236,0.00249189595090236,0.00249189595090236,0.003999855372414554,250.00903955093247,1.0239629753381259,0.28697895866977374,0.26171875,1.0965166182009265,0.025260208669773743
16,-1.14,8,8,1.0000000000000002,1,1,0.0023441473126066897,-0.0011720736563039155,0.001172073656302774,0.001172073656302774,0.001172073656302774,0.00394740009729703,253.33130043867277,1.0105344249080397,0.26823461640405416,0.2421875,1.107549383861901,0.02604711640405416
16,-1.14,9,8,1.000000000000001,1,1,0.004265371504274761,-0.002132685752138116,0.0021326857521366455,0.0021326857521366455,0.0021326857521366455,0.0039905916315495435,250.58940937329155,1.0215914576766831,0.30521022513224855,0.28125,1.0851919115813282,0.023960225132248547
16,-1.14,10,8,1.0000000000000036,1,1,0.004160146734907197,-0.0020800733674528893,0.0020800733674543074,-0.0020800733674528893,0.0020800733674528893,0.00395031661715702,253.14426586891767,1.011281053992197,0.2726757848657862,0.24609375,1.1080158877085915,0.026582034865786197
16,-1.14,11,8,1.0000000000000009,1,1,0.004547252316095521,-0.002273626158047616,0.0022736261580479054,-0.002273626158047616,0.002273626158047616,0.0039823170767662305,251.11009011166738,1.019473171652155,0.29440672822225084,0.26953125,1.0922916293463218,0.024875478222250835
16,-1.14,12,8,0.9999999999999979,1,1,0.0031354407501616548,-0.0015677203750808515,0.0015677203750808035,0.0015677203750808035,0.0015677203750808035,0.003957837467001182,252.6632304478362,1.0132063915523026,0.2791029772951339,0.25390625,1.0992363413469888,0.02519672729513389
16,-1.14,13,8,1.0000000000000022,1,1,0.004269933567568408,-0.0021349667837837613,0.002134966783784647,-0.0021349667837837613,0.0021349667837837613,0.003988672493728871,250.70997971686938,1.021100158394591,0.30566604835095956,0.28125,1.0868126163589673,0.024416048350959563
16,-1.14,14,8,0.9999999999999974,1,1,0.0035701446538737346,-0.0017850723269366724,0.0017850723269370622,-0.0017850723269366724,0.0017850723269366724,0.003947019613172995,253.35572102620068,1.0104370209722868,0.26882320471779686,0.2421875,1.1099796839960645,0.02663570471779686
16,-1.14,15,8,1.0000000000000036,1,1,0.0048777272584862195,-0.0024388636292431514,0.002438863629243068,0.002438863629243068,0.002438863629243068,0.0039515399788492,253.06589465184362,1.0115942345853952,0.2767420825897854,0.25,1.1069683303591416,0.026742082589785388
16,-1.14,16,8,1.000000000000002,1,1,0.00290500759642847,-0.0014525037982140302,0.0014525037982144396,-0.0014525037982140302,0.0014525037982140302,0.003970274135594729,251.87177656945457,1.0163901787122507,0.2757445192930524,0.25,1.1029780771722095,0.02574451929305238
16,-1.14,17,8,1.0000000000000022,1,1,0.005246619234717776,-0.002623309617359407,0.0026233096173583687,0.0026233096173583687,0.0026233096173583687,0.003961619501107089,252.4220207721984,1.0141745922834149,0.2860299891397186,0.26171875,1.0928907047726562,0.02431123913971861
16,-1.14,18,8,1.0000000000000044,1,1,0.004036789266494206,-0.0020183946332476606,0.0020183946332465457,0.0020183946332465457,0.0020183946332465457,0.003950441335642745,253.13627390882337,1.0113129819245428,0.27254322052603325,0.24609375,1.1074772135661033,0.026449470526033247
16,-1.14,19,8,0.9999999999999994,1,1,0.0013715786543334126,-0.0006857893271664858,0.0006857893271669267,-0.0006857893271664858,0.0006857893271664858,0.003918617002556904,255.19207397597123,1.0031659526545673,0.24969494190221594,0.22265625,1.1214369320520576,0.027038691902215944
16,-1.14,20,8,0.9999999999999941,1,1,0.0040464794494516985,-0.0020232397247252412,0.0020232397247264573,-0.0020232397247252412,0.0020232397247252412,0.003971833175329613,251.77291085923125,1.016789292884381,0.2679783391729035,0.2421875,1.1064912069074724,0.02579083917290348
16,-1.14,21,8,1.0000000000000009,1,1,0.0033242448664614808,-0.0016621224332312434,0.0016621224332302373,0.0016621224332302373,0.0016621224332302373,0.003969700184713341,251.9081929287342,1.0162432472866152,0.2862836081823785,0.26171875,1.0938597566371477,0.024564858182378524
16,-1.14,22,8,0.9999999999999999,1,1,0.002853822939395882,-0.0014269114696984337,0.0014269114696974484,0.0014269114696974484,0.0014269114696974484,0.0039460327967769495,253.41907974428963,1.010184395974899,0.2611330642240205,0.234375,1.1141677406891541,0.026758064224020495
16,-1.14,23,8,0.999999999999996,1,1,0.004391305466968849,-0.0021956527334843455,0.002195652733484504,-0.0021956527334843455,0.0021956527334843455,0.003966780713086643,252.09359234326746,1.0154958625501807,0.298551649556415,0.2734375,1.0918460326634605,0.025114149556415
16,-1.14,24,8,1.0000000000000033,1,1,0.004163322417754106,-0.0020816612088767616,0.002081661208877344,-0.0020816612088767616,0.0020816612088767616,0.0039827476877715385,251.08294032041198,1.0195834080695139,0.29005912180626126,0.265625,1.09198728209416,0.024434121806261255
16,-1.14,25,8,1.0000000000000049,1,1,0.0039894722867915376,-0.001994736143394919,0.001994736143396618,-0.001994736143394919,0.001994736143394919,0.003949643531813788,253.18740588742995,1.0111087441443298,0.2609177208469246,0.234375,1.1132489422802117,0.026542720846924606
16,-1.14,26,8,1.0000000000000016,1,1,0.005177009447508545,-0.002588504723753422,0.002588504723755123,-0.002588504723753422,0.002588504723753422,0.003957080179122408,252.71158397952343,1.0130125258553364,0.27611894224384587,0.25,1.1044757689753835,0.026118942243845866
16,-1.14,27,8,0.999999999999999,1,1,0.003552065253724998,-0.0017760326268629095,0.0017760326268620886,0.0017760326268620886,0.0017760326268620886,0.003933915910254359,254.19963792142724,1.007082473025116,0.27197331069316605,0.24609375,1.1051613894833414,0.025879560693166048
16,-1.14,28,8,0.999999999999995,1,1,0.0029883968730801407,-0.0014941984365395796,0.001494198436540561,-0.0014941984365395796,0.0014941984365395796,0.003936907520291489,254.00647458591052,1.007848325194621,0.2715168119317437,0.24609375,1.1033064103893078,0.025423061931743707
16,-1.14,29,8,0.9999999999999999,1,1,0.0037222770749497304,-0.0018611385374757289,0.0018611385374740015,0.0018611385374740015,0.0018611385374740015,0.003952284615827831,253.01821533683847,1.0117848616519247,0.2835195434191161,0.2578125,1.0997121684135414,0.025707043419116116
16,-1.12,0,8,0.9999999999999981,1,1,0.0019160430597801995,-0.0009580215298903872,0.0009580215298898125,0.0009580215298898125,0.0009580215298898125,0.0039924352870965175,250.47369038941792,1.0220634334967085,0.29983234663737846,0.27734375,1.0810856442136463,0.022488596637378455
16,-1.12,1,8,4.064042092981161e-15,0,0,0.0007843689893608397,-0.00039218449468014685,0.00039218449468069285,-0.00039218449468014685,0.00039218449468014685,0.0039057842650293845,256.03052604659837,0.9998807718475224,0.26083157339867813,0.234375,1.11288137983436,0.02645657339867813
16,-1.12,2,8,1.0000000000000033,1,1,0.0007898863063828482,-0.0003949431531917035,0.00039494315319114464,0.00039494315319114464,0.00039494315319114464,0.003908640455467925,255.84343492148716,1.0006119565997889,0.24989599575859717,0.22265625,1.122339910775454,0.027239745758597167
16,-1.12,3,8,0.9999999999999962,1,1,0.0009431204126402617,-0.00047156020631969873,0.00047156020632056295,-0.00047156020631969873,0.00047156020631969873,0.003938997040456265,253.8717317452382,1.0083832423568038,0.24963093688125207,0.22265625,1.1211494709052725,0.02697468688125207
16,-1.12,4,8,1.000000000000005,1,1,0.000831442984285206,-0.0004157214921434611,0.00041572149214174486,0.00041572149214174486,0.00041572149214174486,0.003944033816140348,253.54752180563332,1.009672656931929,0.27862093248397113,0.25390625,1.0973378263984093,0.02471468248397113
16,-1.12,5,8,0.9999999999999989,1,1,0.000748661332760981,-0.0003743306663808559,0.00037433066638012505,0.00037433066638012505,0.00037433066638012505,0.003955575575257754,252.8077092636102,1.012627347265985,0.2825345476331368,0.2578125,1.0958915786982275,0.02472204763313679
16,-1.12,6,8,1.0000000000000093,1,1,0.0010478639511652798,-0.0005239319755823057,0.0005239319755829739,-0.0005239319755823057,0.0005239319755823057,0.003949029888193203,253.22674892631147,1.01095165137746,0.27121718800289135,0.24609375,1.1020888909323838,0.025123438002891352
16,-1.12,7,8,0.999999999999996,1,1,0.0023435849609708317,-0.0011717924804858322,0.0011717924804849995,0.0011717924804849995,0.0011717924804849995,0.003994278955472079,250.35807742722147,1.0225354126008521,0.28619488778325153,0.26171875,1.093520765261379,0.024476137783251528
16,-1.12,8,8,-1.5372680960406998e-15,0,0,0.0001254956047168443,-6.274780235870357e-05,6.274780235814074e-05,6.274780235814074e-05,6.274780235814074e-05,0.003944967324867366,253.4875241415646,1.0099116351660458,0.26749920003713556,0.2421875,1.1045128259597856,0.025311700037135565
16,-1.12,9,8,1.0000000000000009,1,1,0.0016590910673790968,-0.0008295455336898256,0.0008295455336892713,0.0008295455336892713,0.0008295455336892713,0.003985563725821694,250.90553527502124,1.0203043138103536,0.3045024463099113,0.28125,1.0826753646574625,0.0232524463099113
16,-1.12,10,8,0.9999999999999983,1,1,0.0015919052632725385,-0.0007959526316366505,0.000795952631635888,0.000795952631635888,0.000795952631635888,0.0039474577389155665,253.32760124107546,1.010549181162385,0.2719746911947343,0.24609375,1.1051669991405075,0.025880941194734275
16,-1.12,11,8,1.0000000000000024,1,1,0.0019323626394594253,-0.0009661813197296706,0.0009661813197297547,-0.0009661813197296706,0.0009661813197296706,0.003977719303616244,251.4003436820881,1.0182961417257586,0.2936922277692727,0.26953125,1.0896407291149828,0.024160977769272673
16,-1.12,12,8,1.0000000000000007,1,1,0.0006022467870171952,-0.00030112339350822414,0.0003011233935089711,-0.00030112339350822414,0.00030112339350822414,0.003954611753637066,252.86932379146893,1.012380608931089,0.27840964122099776,0.25390625,1.0965056638857757,0.02450339122099776
16,-1.12,13,8,0.9999999999999986,1,1,0.0016630613719784168,-0.0008315306859892836,0.0008315306859891331,0.0008315306859891331,0.0008315306859891331,0.0039837370756890455,251.0205821821299,1.0198366913763957,0.30494959165656066,0.28125,1.0842652147788823,0.02369959165656066
16,-1.12,14,8,1.0000000000000013,1,1,0.0010509956989820555,-0.0005254978494914061,0.0005254978494906494,0.0005254978494906494,0.0005254978494906494,0.003944512070005138,253.5167803400073,1.0097950899213153,0.26808558890697204,0.2421875,1.1069340445191103,0.02589808890697204
16,-1.12,15,8,0.9999999999999958,1,1,0.0022814680111641825,-0.001140734005581907,0.0011407340055822758,-0.001140734005581907,0.001140734005581907,0.003948624570214609,253.25274211765586,1.0108478899749398,0.2760651871305764,0.25,1.1042607485223055,0.026065187130576373
16,-1.12,16,8,1.0000000000000022,1,1,0.00037304933864673443,-0.00018652466932303532,0.00018652466932369912,-0.00018652466932303532,0.00018652466932303532,0.003966437127760009,252.11542948740404,1.0154079047065623,0.27498864828954306,0.25,1.0999545931581722,0.02498864828954306
16,-1.12,17,8,1.0000000000000018,1,1,0.00262782411436574,-0.0013139120571831803,0.0013139120571825594,0.0013139120571825594,0.0013139120571825594,0.0039582235338551,252.63858684253057,1.0133052246669056,0.28541733573098704,0.26171875,1.0905498201064578,0.023698585730987043
16,-1.12,18,8,1.0000000000000002,1,1,0.0014931550665262772,-0.0007465775332626674,0.0007465775332636098,-0.0007465775332626674,0.0007465775332626674,0.003947732646411651,253.3099603158194,1.0106195574813825,0.2718238379659196,0.24609375,1.104554008242467,0.02573008796591958
16,-1.12,19,8,6.802853068685855e-16,0,0,0.0010293810812674455,-0.0005146905406328218,0.0005146905406346237,-0.0005146905406328218,0.0005146905406328218,0.003917627151559443,255.25655232452175,1.0029125507992174,0.24896277426881677,0.22265625,1.1181486002248613,0.026306524268816772
16,-1.12,20,8,0.9999999999999968,1,1,0.0014880254225381143,-0.000744012711269053,0.0007440127112690613,-0.000744012711269053,0.000744012711269053,0.00396798102624667,252.01733410149495,1.0158031427191476,0.26721068846454316,0.2421875,1.1033215523697266,0.025023188464543156
16,-1.12,21,8,0.9999999999999983,1,1,0.0007730645622401437,-0.00038653228112002735,0.0003865322811201163,-0.00038653228112002735,0.00038653228112002735,0.003965853990879786,252.15250039453915,1.0152586216652253,0.2855844880841941,0.26171875,1.0911884917843835,0.02386573808419412
16,-1.12,22,8,0.9999999999999981,1,1,0.0003609846381451994,-0.00018049231907238755,0.00018049231907281185,-0.00018049231907238755,0.00018049231907238755,0.003943618086947865,253.57425033364294,1.0095662302586534,0.26038953912850227,0.234375,1.1109953669482764,0.026014539128502268
16,-1.12,23,8,0.9999999999999953,1,1,0.0017945748711226898,-0.000897287435561705,0.0008972874355609847,0.0008972874355609847,0.0008972874355609847,0.003963047375761669,252.33107383880497,1.0145401281949873,0.2978865348288996,0.2734375,1.089413613088547,0.024449034828899596
16,-1.12,24,8,1.000000000000001,1,1,0.0015663119534374843,-0.0007831559767189274,0.0007831559767185567,0.0007831559767185567,0.0007831559767185567,0.003978140548550829,251.37372292295797,1.0184039804290121,0.2893408143590155,0.265625,1.089283065822176,0.023715814359015486
16,-1.12,25,8,1.0000000000000013,1,1,0.0014528369196488583,-0.0007264184598243357,0.0007264184598245225,-0.0007264184598243357,0.0007264184598243357,0.003947037747094333,253.3545570310707,1.0104416632561493,0.26019214370838867,0.234375,1.110153146489125,0.025817143708388668
16,-1.12,26,8,0.9999999999999978,1,1,0.0025657641303259504,-0.0012828820651636967,0.0012828820651622538,0.0012828820651622538,0.0012828820651622538,0.003953929135248753,252.91297992296643,1.0122058586236808,0.2754419442120337,0.25,1.1017677768481349,0.025441944212033718
16,-1.12,27,8,1.0000000000000038,1,1,0.001036863186785075,-0.0005184315933927817,0.0005184315933922933,0.0005184315933922933,0.0005184315933922933,0.003932163047742141,254.31295392855156,1.006633740221988,0.2713219524350324,0.24609375,1.1025146003709252,0.025228202435032376
16,-1.12,28,8,0.9999999999999958,1,1,0.0004960463856774531,-0.0002480231928386974,0.0002480231928387556,-0.0002480231928386974,0.0002480231928386974,0.003934935109795319,254.13379689811867,1.0073433881076017,0.27086439396514883,0.24609375,1.1006553151599698,0.02477064396514883
16,-1.12,29,8,0.9999999999999958,1,1,0.001185754685086405,-0.0005928773425429046,0.0005928773425435004,-0.0005928773425429046,0.0005928773425429046,0.003949491429894963,253.19715658342247,1.0110698060531105,0.2828202972935921,0.2578125,1.0969999410175693,0.025007797293592093
16,-1.1,0,8,3.3572521637670454e-15,0,0,0.0006684715136422031,-0.00033423575682035693,0.0003342357568218462,-0.00033423575682035693,0.00033423575682035693,0.003987265718417213,250.79843447126981,1.0207400239148066,0.29913937987629835,0.27734375,1.0785870598356673,0.02179562987629835
16,-1.1,1,8,-3.4456009049188097e-15,0,0,0.0031736218833964464,-0.0015868109416985706,0.0015868109416978758,0.0015868109416978758,0.0015868109416978758,0.00390540080185102,256.0556651512019,0.9997826052738611,0.2601740334297254,0.234375,1.1100758759668283,0.025799033429725393
16,-1.1,2,8,2.049690794720933e-15,0,0,0.001639989234920967,-0.0008199946174605428,0.0008199946174604243,0.0008199946174604243,0.0008199946174604243,0.00390814150395956,255.8760983927637,1.0004842250136474,0.24921420664372415,0.22265625,1.1192778403647963,0.02655795664372415
16,-1.1,3,8,2.4472601299038728e-15,0,0,0.0015173149971470603,-0.0007586574985733036,0.0007586574985737569,-0.0007586574985733036,0.0007586574985733036,0.003936661368911382,254.02235709101222,1.0077853104413137,0.24884311811037851,0.22265625,1.117611197127314,0.026186868110378514
16,-1.1,4,8,-1.5372680960406998e-15,0,0,0.0016485815217252495,-0.0008242907608626521,0.0008242907608625974,0.0008242907608625974,0.0008242907608625974,0.003941663950487308,253.6999634066648,1.009065971324751,0.2779587684997834,0.25390625,1.0947299190145316,0.024052518499783404
16,-1.1,5,8,9.36496656208702e-16,0,0,0.001762028655680393,-0.0008810143278404458,0.0008810143278399471,0.0008810143278399471,0.0008810143278399471,0.00395245593916718,253.00724799748417,1.0118287204267982,0.28184626668872675,0.2578125,1.0932218829138491,0.024033766688726754
16,-1.1,6,8,1.9966815500298746e-15,0,0,0.0014561419249449425,-0.0007280709624730928,0.0007280709624718495,0.0007280709624718495,0.0007280709624718495,0.003946376253637104,253.39702444194688,1.0102723209310986,0.27050730912693005,0.24609375,1.0992043037538746,0.02441355912693005
16,-1.1,7,8,3.6046286389919855e-15,0,0,0.0002585334415975402,-0.00012926672079821398,0.0001292667207993262,-0.00012926672079821398,0.00012926672079821398,0.003988983123923548,250.6904564229903,1.0211796797244284,0.2854286278743393,0.26171875,1.0905929662064309,0.023709877874339313
16,-1.1,8,8,7.156248033292913e-16,0,0,0.0025664391228211784,-0.0012832195614107208,0.0012832195614104576,0.0012832195614104576,0.0012832195614104576,0.003942651698340217,253.63640425579092,1.0093188347750957,0.2667767299752707,0.2421875,1.1015297237688597,0.024589229975270688
16,-1.1,9,8,4.68248328104351e-16,0,0,0.0009102936271350183,-0.00045514681356732123,0.0004551468135676971,-0.00045514681356732123,0.00045514681356732123,0.0039807886762850695,251.2065023590287,1.0190819011289778,0.3038092139763846,0.28125,1.0802105385827008,0.022559213976384607
16,-1.1,10,8,4.5411252952006875e-15,0,0,0.0009433127222377888,-0.00047165636111966833,0.0004716563611181204,0.0004716563611181204,0.0004716563611181204,0.0039447516647177225,253.50138234153144,1.009856426167737,0.27128396283485684,0.24609375,1.1023602299321167,0.02519021283485684
16,-1.1,11,8,-1.90833280887811e-15,0,0,0.000645687375464342,-0.00032284368773304007,0.0003228436877313018,0.0003228436877313018,0.0003228436877313018,0.0039733546470123145,251.67650231069362,1.0171787896351525,0.2929914550452545,0.26953125,1.087040760747611,0.02346020504525448
16,-1.1,12,8,-6.714504327534091e-16,0,0,0.0018981077722544314,-0.0009490538861278029,0.0009490538861266285,0.0009490538861266285,0.0009490538861266285,0.003951554321645628,253.06497610883133,1.0115979063412808,0.2777281469397514,0.25390625,1.0938216248704056,0.023821896939751397
16,-1.1,13,8,-5.831016916016447e-16,0,0,0.0009068613441471843,-0.0004534306720738753,0.000453430672073309,0.000453430672073309,0.000453430672073309,0.003979051390882572,251.31618111074343,1.0186371560659384,0.3042476517977917,0.28125,1.0817694286143704,0.022997651797791674
16,-1.1,14,8,-4.912190008038098e-15,0,0,0.001438245594274514,-0.0007191227971376075,0.0007191227971369064,0.0007191227971369064,0.0007191227971369064,0.003942134135293603,253.66970419577615,1.0091863386351623,0.26736025718613493,0.2421875,1.1039391264459766,0.02517275718613493
16,-1.1,15,8,2.3677462628672847e-15,0,0,0.0002812687173746062,-0.0001406343586878731,0.0001406343586867331,0.0001406343586867331,0.0001406343586867331,0.003945861932858408,253.43005331045467,1.0101406548117524,0.27539685164252725,0.25,1.101587406570109,0.02539685164252725
16,-1.1,16,8,-9.36496656208702e-16,0,0,0.002125412164516391,-0.0010627060822580286,0.0010627060822583627,-0.0010627060822580286,0.0010627060822580286,0.003962791760902686,252.34735013484777,1.0144746907910875,0.27424793328253483,0.25,1.0969917331301393,0.024247933282534828
16,-1.1,17,8,0.9999999999999996,1,1,4.369732299219233e-05,-2.1848661495637504e-05,2.1848661496554827e-05,-2.1848661495637504e-05,2.1848661495637504e-05,0.003954995648738381,252.84477881005856,1.0124788860770255,0.2848122523643386,0.26171875,1.0882378597801594,0.023093502364338603
16,-1.1,18,8,-1.219212627894348e-15,0,0,0.0010196266644813344,-0.0005098133322405468,0.0005098133322407875,-0.0005098133322405468,0.0005098133322405468,0.003945160796018766,253.47509308344127,1.0099611637808041,0.271115955126166,0.24609375,1.101677531941246,0.025022205126165986
16,-1.1,19,8,-2.650462234552931e-16,0,0,0.0034056190052162835,-0.001702809502608771,0.0017028095026075123,0.0017028095026075123,0.0017028095026075123,0.003916700915979163,255.3169163160377,1.0026754344906657,0.24824201026382633,0.22265625,1.114911484693676,0.025585760263826335
16,-1.1,20,8,-2.350076514636932e-15,0,0,0.0010379630579384208,-0.000518981528969788,0.000518981528968633,0.000518981528968633,0.000518981528968633,0.003964317337626081,252.2502400372473,1.0148652384322767,0.2664585134474677,0.2421875,1.1002157974605118,0.024271013447467682
16,-1.1,21,8,-5.87519128659233e-15,0,0,0.0017439789885617583,-0.0008719894942807331,0.0008719894942810253,-0.0008719894942807331,0.0008719894942807331,0.003962202612135529,252.3848722266691,1.0143238687066953,0.2848983986162845,0.26171875,1.0885670156084901,0.02317964861628452
16,-1.1,22,8,-5.035878245650569e-16,0,0,0.0021023755842171036,-0.0010511877921092192,0.0010511877921078841,0.0010511877921078841,0.0010511877921078841,0.00394132293295219,253.72191444636704,1.0089786708357606,0.2596585801944822,0.234375,1.1078766088297907,0.02528358019448218
16,-1.1,23,8,5.124226986802333e-16,0,0,0.0007668020934850266,-0.00038340104674272217,0.0003834010467423044,0.0003834010467423044,0.0003834010467423044,0.003959504710120814,252.55684061794884,1.0136332057909283,0.2972315009203062,0.2734375,1.0870180605085484,0.023794000920306202
16,-1.1,24,8,-4.134721085902572e-15,0,0,0.0009944638606394973,-0.0004972319303203619,0.0004972319303191353,0.0004972319303191353,0.0004972319303191353,0.003973767473889627,251.65035613449572,1.0172844733157445,0.2886370622241475,0.265625,1.0866336460203199,0.023012062224147478
16,-1.1,25,8,1.2898916208157595e-15,0,0,0.0010535786097184215,-0.0005267893048592555,0.000526789304859166,0.000526789304859166,0.000526789304859166,0.003944558298174275,253.51380925535983,1.0098069243326144,0.2594782205630438,0.234375,1.1071070744023204,0.025103220563043815
16,-1.1,26,8,1.1308638867425838e-15,0,0,1.141819804769681e-05,-5.709099023071376e-06,5.709099024625434e-06,-5.709099023071376e-06,5.709099023071376e-06,0.003950934185065924,253.10469705617592,1.0114391513768766,0.2747741878171378,0.25,1.0990967512685512,0.024774187817137805
16,-1.1,27,8,-4.5941345398917465e-15,0,0,0.0014489308395394876,-0.0007244654197699033,0.0007244654197695843,0.0007244654197695843,0.0007244654197695843,0.003930496968475464,254.42075341120884,1.0062072239297188,0.2706784046290862,0.24609375,1.0998995489689853,0.02458465462908621
16,-1.1,28,8,-3.1805546814635167e-16,0,0,0.0019673354085846845,-0.0009836677042919923,0.0009836677042926922,-0.0009836677042919923,0.0009836677042919923,0.00393306741747609,254.25447719421888,1.0068652588738791,0.27022061531290115,0.24609375,1.0980393257159158,0.024126865312901147
16,-1.1,29,8,1.3075613690461124e-15,0,0,0.0013195608280459283,-0.0006597804140227551,0.0006597804140231732,-0.0006597804140227551,0.0006597804140227551,0.003946838183242594,253.36736738936494,1.010390574910104,0.28213221301751795,0.2578125,1.0943310080679485,0.024319713017517952
16,-1.08,0,8,4.947529504498804e-15,0,0,0.0032159263632063244,-0.001607963181602272,0.0016079631816040521,-0.001607963181602272,0.001607963181602272,0.003982358209659151,251.10749645135255,1.0194837016727427,0.2984617263998112,0.27734375,1.0761436895542489,0.021117976399811222
16,-1.08,1,8,-3.533949646070574e-15,0,0,0.005537557176836398,-0.002768778588417719,0.002768778588418679,-0.002768778588417719,0.002768778588417719,0.0039050622156678455,256.07786631101845,0.9996959272109684,0.2595237449223851,0.234375,1.107301311668843,0.025148744922385113
16,-1.08,2,8,3.3219126673063397e-15,0,0,0.00404564285727005,-0.0020228214286351917,0.0020228214286348587,0.0020228214286348587,0.0020228214286348587,0.0039076934804542765,255.90543500964364,1.0003695309962948,0.24853971907959177,0.22265625,1.1162485628837806,0.02588346907959177
16,-1.08,3,8,-1.864158438302228e-15,0,0,0.00395035300110109,-0.00197517650055083,0.0019751765005502596,0.0019751765005502596,0.0019751765005502596,0.003934476428984542,254.16342378701006,1.0072259658200426,0.2480697343311719,0.22265625,1.1141377541891229,0.02541348433117191
16,-1.08,4,8,-1.360570613737171e-15,0,0,0.004099137016055501,-0.0020495685080277517,0.002049568508027749,0.002049568508027749,0.002049568508027749,0.003939419409902393,253.8445125914575,1.0084913689350126,0.2773064391517708,0.25390625,1.0921607449669741,0.02340018915177078
16,-1.08,5,8,4.6824832810435104e-15,0,0,0.004239664075858607,-0.0021198320379301468,0.0021198320379284606,0.0021198320379284606,0.0021198320379284606,0.003949500788052757,253.19655664457667,1.0110722017415057,0.28116981812880676,0.2578125,1.090598082439008,0.02335731812880676
16,-1.08,6,8,8.039735444810556e-16,0,0,0.003928854628047068,-0.0019644273140232054,0.0019644273140238633,-0.0019644273140232054,0.0019644273140232054,0.003943858550726034,253.55878947938123,1.0096277889858647,0.2698097583011925,0.24609375,1.0963698115096077,0.023716008301192526
16,-1.08,7,8,1.864158438302228e-15,0,0,0.002823196327008579,-0.0014115981635044106,0.0014115981635041688,0.0014115981635041688,0.0014115981635041688,0.003983955821088177,251.0067994998148,1.0198926901985732,0.28467979131873855,0.26171875,1.0877317399641353,0.02296104131873855
16,-1.08,8,8,4.0640420929811603e-16,0,0,0.004978872948357499,-0.0024894364741780213,0.0024894364741794776,-0.0024894364741780213,0.0024894364741780213,0.003940448632694584,253.77820984718008,1.0087548499698136,0.2660670477716334,0.2421875,1.098599423057067,0.023879547771633425
16,-1.08,9,8,-2.5621134934011662e-15,0,0,0.0034433850770235266,-0.001721692538511706,0.0017216925385118208,-0.001721692538511706,0.001721692538511706,0.003976255639130705,251.49288445111682,1.0179214436174604,0.30313024766896435,0.28125,1.0777964361563177,0.021880247668964348
16,-1.08,10,8,2.9596828285841058e-15,0,0,0.003445848263187806,-0.001722924131594346,0.00172292413159346,0.00172292413159346,0.00172292413159346,0.0039421919671977996,253.66598286455923,1.0092011436026367,0.27060351232327273,0.24609375,1.0995952246786955,0.024509762323272732
16,-1.08,11,8,6.290430370005622e-15,0,0,0.0031874758094623356,-0.0015937379047318042,0.0015937379047305314,0.0015937379047305314,0.0015937379047305314,0.003969213243315237,251.93909691905648,1.0161185902887007,0.29230417367006484,0.26953125,1.0844908472396608,0.022772923670064837
16,-1.08,12,8,-8.481479150569378e-16,0,0,0.004366028513252029,-0.002183014256626711,0.002183014256625318,0.002183014256625318,0.002183014256625318,0.003948657964683057,253.25060031637003,1.0108564389588626,0.2770583275904659,0.25390625,1.0911835671255272,0.02315207759046589
16,-1.08,13,8,9.983407750149373e-16,0,0,0.0034404410220553448,-0.0017202205110276834,0.0017202205110276613,0.0017202205110276613,0.0017202205110276613,0.003974604634527094,251.59735167444697,1.017498786438936,0.3035599545658986,0.28125,1.0793242829009728,0.022309954565898626
16,-1.08,14,8,-3.745986624834808e-15,0,0,0.003897782145251759,-0.0019488910726257892,0.0019488910726259698,-0.0019488910726257892,0.0019488910726257892,0.003939879897515232,253.81484360238267,1.0086092537638993,0.26664707747286215,0.2421875,1.100994384404076,0.02445957747286215
16,-1.08,15,8,6.891201809837619e-16,0,0,0.002810801554481804,-0.0014054007772412317,0.0014054007772405725,0.0014054007772405725,0.0014054007772405725,0.003943245999418916,253.59817778230467,1.0094709758512426,0.2747370603046454,0.25,1.0989482412185816,0.024737060304645397
16,-1.08,16,8,1.766974823035287e-17,0,0,0.004590840322172102,-0.0022954201610854226,0.00229542016108668,-0.0022954201610854226,0.0022954201610854226,0.003959330120879498,252.56797727638508,1.0135885109451515,0.27352209730339405,0.25,1.0940883892135762,0.02352209730339405
16,-1.08,17,8,-2.6416273604377543e-15,0,0,0.0025061274715361447,-0.0012530637357672264,0.0012530637357689185,-0.0012530637357672264,0.0012530637357672264,0.003951929729138215,253.04093659025332,1.011694010659383,0.28421474166204014,0.26171875,1.0859548338131684,0.022495991662040138
16,-1.08,18,8,1.0160105232452902e-15,0,0,0.0035017745607765476,-0.0017508872803885874,0.0017508872803879603,0.0017508872803879603,0.0017508872803879603,0.003942720123095555,253.63200247012924,1.009336351512462,0.27041945806169204,0.24609375,1.0988473216475105,0.024325708061692042
16,-1.08,19,8,-2.2882323958306966e-15,0,0,0.00575714233985459,-0.00287857116992755,0.00287857116992704,0.00287857116992704,0.00287857116992704,0.003915834846592402,255.37338503185595,1.002453720727655,0.24753254163208993,0.22265625,1.1117250992599126,0.02487629163208993
16,-1.08,20,8,1.1662033832032895e-15,0,0,0.003531814209739179,-0.0017659071048689943,0.0017659071048701847,-0.0017659071048689943,0.0017659071048689943,0.003960834272050032,252.4720630339386,1.0139735736448081,0.26572155632933986,0.2421875,1.0971728777469516,0.02353405632933986
16,-1.08,21,8,2.8271597168564594e-16,0,0,0.004227363777956563,-0.0021136818889780115,0.002113681888978552,-0.0021136818889780115,0.0021136818889780115,0.0039587378814399405,252.60576222749629,1.0134368976486248,0.28422513178540254,0.26171875,1.0859945333890006,0.02250638178540254
16,-1.08,22,8,3.533949646070574e-17,0,0,0.0045364689596810205,-0.0022682344798409895,0.002268234479840031,0.002268234479840031,0.002268234479840031,0.003939142576960852,253.86235213946617,1.0084204997019781,0.2589400464205746,0.234375,1.104810864727785,0.02456504642057461
16,-1.08,23,8,-6.76751357222515e-15,0,0,0.0032933080034800843,-0.0016466540017402516,0.0016466540017398325,0.0016466540017398325,0.0016466540017398325,0.003956144943329741,252.7713251977914,1.0127731054924136,0.29658646047092707,0.2734375,1.0846590554365332,0.02314896047092707
16,-1.08,24,8,-1.2810567467005831e-15,0,0,0.0035195697834272746,-0.0017597848917135159,0.0017597848917137585,-0.0017597848917135159,0.0017597848917135159,0.003969618354096613,251.9133858215887,1.016222298648733,0.2879475911812237,0.265625,1.0840379903293127,0.022322591181223705
16,-1.08,25,8,3.1805546814635167e-16,0,0,0.003529948951409384,-0.001764974475705044,0.0017649744757043402,0.0017649744757043402,0.0017649744757043402,0.003942200434880912,253.66543800054356,1.0092033113295136,0.258775843033232,0.234375,1.1041102636084565,0.024400843033231978
16,-1.08,26,8,5.186071105608568e-15,0,0,0.0025548660665887027,-0.0012774330332949477,0.0012774330332937553,0.0012774330332937553,0.0012774330332937553,0.003948089836143437,253.2870429759059,1.0107109980527198,0.274115644695193,0.25,1.096462578780772,0.024115644695193006
16,-1.08,27,8,4.770832022195275e-15,0,0,0.003905466367851421,-0.0019527331839270592,0.0019527331839243618,0.0019527331839243618,0.0019527331839243618,0.003928914675675935,254.52321634548068,1.0058021569730393,0.2700426838971082,0.24609375,1.0973163028199953,0.023948933897108227
16,-1.08,28,8,7.173917781523266e-15,0,0,0.004401918926135777,-0.0022009594630672973,0.0022009594630684796,-0.0022009594630672973,0.0022009594630672973,0.003931299848995373,254.3687936333693,1.0064127613428155,0.26958543784785294,0.24609375,1.0954582871277834,0.023491687847852938
16,-1.08,29,8,4.240739575284689e-15,0,0,0.003793936647255161,-0.0018969683236278222,0.0018969683236273386,0.0018969683236273386,0.0018969683236273386,0.003944319075715476,253.5291848361953,1.009745683383162,0.2814551854021782,0.2578125,1.0917049615599639,0.023642685402178176
16,-1.06,0,8,1.113194138512231e-15,0,0,0.005726952650658008,-0.0028634763253293735,0.0028634763253286345,0.0028634763253286345,0.0028634763253286345,0.003977701290554192,251.40148215118367,1.0182915303818731,0.29779905718969846,0.27734375,1.0737543470501802,0.020455307189698457
16,-1.06,1,8,-5.35393371379692e-15,0,0,0.007876228724905853,-0.0039381143624527045,0.003938114362453149,-0.0039381143624527045,0.0039381143624527045,0.003904765167611161,256.0973469786853,0.9996198829084573,0.2588807198718562,0.234375,1.1045577381199196,0.02450571987185618
16,-1.06,2,8,-3.1805546814635167e-16,0,0,0.006426963791572254,-0.003213481895786023,0.003213481895786231,-0.003213481895786023,0.003213481895786023,0.003907292231014523,255.93171456754627,1.000266811139718,0.24787257078466415,0.22265625,1.113252247734632,0.025216320784664153
16,-1.06,3,8,3.4632706531491626e-15,0,0,0.006356125899080521,-0.0031780629495406893,0.003178062949539831,0.003178062949539831,0.003178062949539831,0.003932433049825162,254.29549272160156,1.0067028607552415,0.2473105903875072,0.22265625,1.1107282656000323,0.02465434038750719
16,-1.06,4,8,1.9966815500298746e-15,0,0,0.006520432706936595,-0.003260216353468592,0.003260216353468003,0.003260216353468003,0.003260216353468003,0.003937294382198543,253.98151698314484,1.007947361842827,0.27666385951998046,0.25390625,1.0896299698017693,0.02275760951998046
16,-1.06,5,8,-6.184411880623505e-17,0,0,0.006684683831870544,-0.0033423419159351437,0.0033423419159354004,-0.0033423419159351437,0.0033423419159351437,0.003946702996946997,253.37604597395796,1.0103559672184312,0.2805050341194748,0.2578125,1.0880195262815993,0.022692534119474805
16,-1.06,6,8,-2.8094899686261067e-15,0,0,0.006370582496038356,-0.00318529124802095,0.003185291248017406,0.003185291248017406,0.003185291248017406,0.003941471039612485,253.71238046653698,1.0090165861407963,0.2691243825520122,0.24609375,1.0935847925923037,0.02303063255201221
16,-1.06,7,8,-1.6697912077683463e-15,0,0,0.00535102905568987,-0.002675514527845019,0.0026755145278448502,0.0026755145278448502,0.0026755145278448502,0.003979185415405748,251.30771643070884,1.0186714663438714,0.2839479959977363,0.26171875,1.0849356264988133,0.02222924599773629
16,-1.06,8,8,-1.7493050748049341e-15,0,0,0.0073629970160565385,-0.0036814985080312612,0.0036814985080252773,0.0036814985080252773,0.0036814985080252773,0.003938353701061888,253.9132022932254,1.0082185474718433,0.2653699926314402,0.2421875,1.0957212598975594,0.023182492631440177
16,-1.06,9,8,-1.8199840677263456e-15,0,0,0.005940778641054982,-0.0029703893205274366,0.002970389320527546,-0.0029703893205274366,0.0029703893205274366,0.003971954152967071,251.76524236892178,1.0168202631595702,0.3024652692604988,0.28125,1.0754320684817735,0.021215269260498826
16,-1.06,10,8,1.9525071794539923e-15,0,0,0.005916049044216821,-0.0029580245221093935,0.002958024522107427,0.002958024522107427,0.002958024522107427,0.00393977239924056,253.8217690424864,1.0085817342055834,0.269933248785959,0.24609375,1.096871614114373,0.02383949878595898
16,-1.06,11,8,3.887344610677631e-15,0,0,0.005693575359409547,-0.0028467876797038673,0.002846787679705679,-0.0028467876797038673,0.0028467876797038673,0.003965285551088097,252.18864747977466,1.0151131010785528,0.2916301477929462,0.26953125,1.0819901135506411,0.022098897792946215
16,-1.06,12,8,-2.438425255788696e-15,0,0,0.006801922461528798,-0.0034009612307636214,0.0034009612307651766,-0.0034009612307636214,0.0034009612307636214,0.003945915712201133,253.42659928287583,1.01015442232349,0.27640001587072166,0.25390625,1.0885908317369961,0.02249376587072166
16,-1.06,13,8,-6.608485838151974e-15,0,0,0.005938276704402839,-0.002969138352201013,0.002969138352201827,-0.002969138352201013,0.002969138352201013,0.003970386389510186,251.86465545066685,1.0164189157146075,0.3028862276568805,0.28125,1.0769288094466862,0.021636227656880502
16,-1.06,14,8,5.618979937252213e-15,0,0,0.006327825976802555,-0.003163912988401236,0.003163912988401319,-0.003163912988401236,0.003163912988401236,0.003937743727982079,253.9525345171348,1.0080623943634122,0.2659459154781957,0.2421875,1.0980992639099694,0.023758415478195682
16,-1.06,15,8,2.0320210464905803e-15,0,0,0.005307458560226616,-0.0026537292801124004,0.0026537292801142157,-0.0026537292801124004,0.0026537292801124004,0.003940770834050326,253.75746068750706,1.0088373335168834,0.27408579124400484,0.25,1.0963431649760194,0.02408579124400484
16,-1.06,16,8,8.481479150569378e-16,0,0,0.007023696966713533,-0.0035118484833571075,0.0035118484833564253,0.0035118484833564253,0.0035118484833564253,0.003956044543300041,252.7777402541133,1.0127474030848105,0.27281086559953616,0.25,1.0912434623981446,0.022810865599536156
16,-1.06,17,8,-5.035878245650569e-16,0,0,0.005022024559677572,-0.0025110122798387134,0.0025110122798388578,-0.0025110122798387134,0.0025110122798387134,0.003949019745042382,253.22739934521846,1.0109490547308497,0.2836247990854351,0.26171875,1.083700724863752,0.021906049085435086
16,-1.06,18,8,-1.236882376124701e-15,0,0,0.005953518081540165,-0.002976759040769891,0.0029767590407702737,-0.002976759040769891,0.002976759040769891,0.003940405164120136,253.78100940117227,1.0087437220147548,0.26973422997280144,0.24609375,1.0960629027466218,0.023640479972801443
16,-1.06,19,8,7.244596774444677e-16,0,0,0.008083974599529559,-0.004041987299764292,0.004041987299765268,-0.004041987299764292,0.004041987299764292,0.003915025686870262,255.42616574743778,1.002246575838787,0.2468342587696741,0.22265625,1.1085889516673082,0.024178008769674103
16,-1.06,20,8,3.039196695620694e-15,0,0,0.005993861492508192,-0.002996930746253982,0.0029969307462542104,-0.002996930746253982,0.002996930746253982,0.00395752428521128,252.68322515085035,1.0131262170140878,0.26499956000301944,0.2421875,1.0941917316253706,0.02281206000301944
16,-1.06,21,8,-1.501928599579994e-15,0,0,0.006677566078531592,-0.0033387830392662752,0.0033387830392653164,0.0033387830392653164,0.0033387830392653164,0.0039554518925716,252.8156142861996,1.0125956844983297,0.28356447927167056,0.26171875,1.0834702491574277,0.021845729271670555
16,-1.06,22,8,-4.505785798739982e-15,0,0,0.006941516069152573,-0.0034707580345764264,0.003470758034576147,0.003470758034576147,0.003470758034576147,0.003937072417509904,253.99583598019618,1.0078905388825354,0.25823379412506675,0.234375,1.1017975216002849,0.02385879412506675
16,-1.06,23,8,-3.71948200248928e-15,0,0,0.0057854253962057785,-0.0028927126981025866,0.0028927126981031915,-0.0028927126981025866,0.0028927126981025866,0.003952960509863296,252.97495320401842,1.0119578905250037,0.29595132097130733,0.2734375,1.0823362595522097,0.02251382097130733
16,-1.06,24,8,5.654319433712919e-16,0,0,0.006009565210648629,-0.003004782605323833,0.0030047826053247965,-0.003004782605323833,0.003004782605323833,0.003965683438684373,252.16334472016075,1.0152149603031995,0.2872721293067494,0.265625,1.0814950750371741,0.02164712930674939
16,-1.06,25,8,5.486456825524567e-15,0,0,0.005976462283762505,-0.002988231141881666,0.0029882311418808387,0.0029882311418808387,0.0029882311418808387,0.003939959536012576,253.8097132368133,1.0086296412192195,0.2580848992328893,0.234375,1.1011622367269944,0.023709899232889298
16,-1.06,26,8,-1.1662033832032895e-15,0,0,0.005064917830328735,-0.002532458915164064,0.0025324589151646715,-0.002532458915164064,0.002532458915164064,0.003945390647613015,253.46032606555852,1.010020005788932,0.2734662793143091,0.25,1.0938651172572365,0.023466279314309113
16,-1.06,27,8,5.8486866642468e-15,0,0,0.006332907285774901,-0.003166453642885907,0.0031664536428889934,-0.003166453642885907,0.003166453642885907,0.003927413216496815,254.62052116124997,1.0054177834231846,0.2694147998875766,0.24609375,1.09476490113047,0.023321049887576606
16,-1.06,28,8,-1.4489193548889355e-15,0,0,0.006807885872902443,-0.003403942936451381,0.0034039429364510617,0.0034039429364510617,0.0034039429364510617,0.003929627991664508,254.47701464901795,1.005984765866114,0.26895881985460723,0.24609375,1.092912029885388,0.022865069854607234
16,-1.06,29,8,-7.50964299789997e-16,0,0,0.006237647669278779,-0.0031188238346401016,0.003118823834638677,0.003118823834638677,0.003118823834638677,0.003941928516406436,253.6829361156518,1.0091337002000476,0.280789105625762,0.2578125,1.089121379396895,0.02297660562576198
16,-1.04,0,8,-6.537806845230562e-16,0,0,0.008202172513965147,-0.004101086256981661,0.004101086256983486,-0.004101086256981661,0.004101086256981661,0.00397328392136977,251.68098222773241,1.017160683870661,0.2971510479757153,0.27734375,1.071417863123706,0.019807297975715288
16,-1.04,1,8,-2.226388277024462e-15,0,0,0.01018970384992193,-0.005094851924959857,0.005094851924962071,-0.005094851924959857,0.005094851924959857,0.003904506541014667,256.1143103476859,0.9995536744997547,0.2582449665489729,0.234375,1.101845190608951,0.023869966548972887
16,-1.04,2,8,3.8873446106776316e-16,0,0,0.008783861874689915,-0.00439193093734476,0.004391930937345156,-0.00439193093734476,0.00439193093734476,0.003906933938488737,255.95518525373777,1.0001750882531166,0.2472127966153295,0.22265625,1.1102890514653394,0.024556546615329494
16,-1.04,3,8,3.4986101496098683e-15,0,0,0.00873477159031643,-0.00436738579515877,0.00436738579515766,0.00436738579515766,0.00436738579515766,0.003930522592517799,254.4190947798175,1.0062137836845566,0.24656549249438978,0.22265625,1.1073818610274349,0.023909242494389776
16,-1.04,4,8,1.7139655783442284e-15,0,0,0.008912686666019319,-0.004456343333009404,0.004456343333009915,-0.004456343333009404,0.004456343333009404,0.0039352833239921226,254.11130982700288,1.0074325309419834,0.2760309426696094,0.25390625,1.0871372511295387,0.022124692669609425
16,-1.04,5,8,-2.0320210464905803e-15,0,0,0.009097526324261349,-0.004548763162130882,0.004548763162130468,0.004548763162130468,0.004548763162130468,0.0039440556777122545,253.54611641285172,1.0096782534943372,0.27985174597323564,0.2578125,1.085485560138611,0.022039245973235644
16,-1.04,6,8,-3.533949646070574e-17,0,0,0.0087816391316801,-0.004390819565840007,0.004390819565840093,-0.004390819565840007,0.004390819565840007,0.003939208186764922,253.8581239143014,1.00843729581182,0.2684510266710964,0.24609375,1.0908486163142963,0.022357276671096382
16,-1.04,7,8,1.1043592643970545e-15,0,0,0.007842649125603732,-0.0039213245628022106,0.003921324562801523,0.003921324562801523,0.003921324562801523,0.003974660692803399,251.59380316680117,1.0175131373576702,0.28323286546984844,0.26171875,1.0822031874668836,0.021514115469848438
16,-1.04,8,8,-1.5902773407317584e-15,0,0,0.009719020736639581,-0.004859510368319658,0.004859510368319922,-0.004859510368319658,0.004859510368319658,0.003936362627600519,254.04163554148164,1.0077088326657329,0.26468540163876564,0.2421875,1.092894561605226,0.02249790163876564
16,-1.04,9,8,-1.4135798584282298e-15,0,0,0.008403062343654797,-0.004201531171826863,0.0042015311718279335,-0.004201531171826863,0.004201531171826863,0.003967874131720756,252.02412344827275,1.0157757777205136,0.30181400320433205,0.28125,1.0731164558376252,0.02056400320433205
16,-1.04,10,8,-2.1027000394119918e-15,0,0,0.008354268585188201,-0.004177134292594371,0.00417713429259383,0.00417713429259383,0.00417713429259383,0.003937486894434217,253.9690992784095,1.0079966449751596,0.26927307813657214,0.24609375,1.0941890159200391,0.02317932813657214
16,-1.04,11,8,1.4312496066585826e-15,0,0,0.00816455304923715,-0.004082276524620475,0.004082276524616675,0.004082276524616675,0.004082276524616675,0.003961562347906848,252.42566244814125,1.0141599610641532,0.29096914238598914,0.26953125,1.0795376876929452,0.021437892385989143
16,-1.04,12,8,1.6344517113076405e-15,0,0,0.009206197559337648,-0.004603098779668258,0.0046030987796693915,-0.004603098779668258,0.004603098779668258,0.003943320826158931,253.5933656136393,1.0094901314966864,0.27575304419788305,0.25390625,1.0860427586870471,0.021846794197883046
16,-1.04,13,8,-1.1308638867425838e-15,0,0,0.008400959856538309,-0.0042004799282692,0.004200479928269108,0.004200479928269108,0.004200479928269108,0.0039663866185088645,252.1186400068945,1.0153949743382693,0.30222620094523944,0.28125,1.0745820478052959,0.020976200945239443
16,-1.04,14,8,8.631672010527378e-15,0,0,0.008728597685969123,-0.004364298842984216,0.0043642988429849075,-0.004364298842984216,0.004364298842984216,0.0039357202628975685,254.08309869659712,1.0075443873017775,0.26525663480309547,0.2421875,1.09525320176762,0.02306913480309547
16,-1.04,15,8,-3.8873446106776316e-16,0,0,0.00777157622141008,-0.003885788110705196,0.0038857881107048835,0.0038857881107048835,0.0038857881107048835,0.003938430637263901,253.90824216589937,1.0082382431395587,0.27344301681247174,0.25,1.093772067249887,0.02344301681247174
16,-1.04,16,8,-1.2545521243550538e-15,0,0,0.009424441942750451,-0.0047122209713751145,0.0047122209713753365,-0.0047122209713751145,0.0047122209713751145,0.0039529276112312065,252.9770586131561,1.0119494684751889,0.2721139658171453,0.25,1.0884558632685812,0.02211396581714531
16,-1.04,17,8,-2.659297108668107e-15,0,0,0.007504375192557651,-0.003752187596279452,0.0037521875962781993,0.0037521875962781993,0.0037521875962781993,0.003946259763455518,253.40450450336198,1.0102424994446126,0.2830424133239982,0.26171875,1.0814754897155752,0.02132366332399821
16,-1.04,18,8,3.1187105626572816e-15,0,0,0.008375096715282216,-0.004187548357641405,0.00418754835764081,0.00418754835764081,0.00418754835764081,0.0039382106462993,253.92242564264325,1.0081819254526208,0.2690601513571528,0.24609375,1.0933237896417636,0.022966401357152777
16,-1.04,19,8,1.3782403619675238e-15,0,0,0.010386154771232354,-0.005193077385615987,0.005193077385616367,-0.005193077385615987,0.005193077385615987,0.003914270358606095,255.47545478082623,1.0020532118031604,0.2461470506676721,0.22265625,1.105502543349545,0.02349080066767209
16,-1.04,20,8,4.364427812897159e-15,0,0,0.008424443038139615,-0.004212221519070315,0.0042122215190693,0.0042122215190693,0.0042122215190693,0.003954380114821577,252.8841363155399,1.0123213093943237,0.26429226823057694,0.2421875,1.091271301081092,0.022104768230576943
16,-1.04,21,8,-1.9436723053388158e-16,0,0,0.00909506001625797,-0.004547530008128759,0.004547530008129209,-0.004547530008128759,0.004547530008128759,0.003952336997821092,253.01486197945573,1.0117982714421996,0.2829162327253531,0.26171875,1.0809933668312,0.0211974827253531
16,-1.04,22,8,-1.501928599579994e-15,0,0,0.00931774615444378,-0.004658873077221643,0.0046588730772221375,-0.004658873077221643,0.004658873077221643,0.003935108003944662,254.12263119527395,1.0073876490098335,0.257539677152446,0.234375,1.0988359558504364,0.023164677152446023
16,-1.04,23,8,-6.643825334612679e-15,0,0,0.008243636191583182,-0.004121818095792471,0.0041218180957907115,0.0041218180957907115,0.0041218180957907115,0.003949944054946085,253.16814265959255,1.0111856780661979,0.29532598524788756,0.2734375,1.0800493174779888,0.021888485247887557
16,-1.04,24,8,4.58529966577657e-15,0,0,0.008465003912161227,-0.004232501956080284,0.004232501956080942,-0.004232501956080284,0.004232501956080284,0.003961953329013321,252.4007520929174,1.0142600522274101,0.2866104071769429,0.265625,1.0790038858426085,0.020985407176942916
16,-1.04,25,8,-4.611804288122099e-15,0,0,0.008393319354697533,-0.004196659677350346,0.004196659677347187,0.004196659677347187,0.004196659677347187,0.003937831106532036,253.94689943436367,1.0080847632722012,0.2574052739503474,0.234375,1.098262502188149,0.023030273950347402
16,-1.04,26,8,-5.009373623305039e-15,0,0,0.007541920607798579,-0.003770960303899375,0.0037709603038992047,0.0037709603038992047,0.0037709603038992047,0.00394283124206993,253.6248544776708,1.009364797969902,0.272826049405814,0.25,1.091304197623256,0.02282604940581401
16,-1.04,27,8,6.776348446340326e-15,0,0,0.008731430827518837,-0.004365715413759742,0.004365715413759094,0.004365715413759094,0.004365715413759094,0.003925989683753894,254.7128445441647,1.005053359040997,0.2687947555291489,0.24609375,1.092245355800986,0.022701005529148888
16,-1.04,28,8,8.128084185962321e-16,0,0,0.009185428498512083,-0.004592714249255945,0.004592714249256138,-0.004592714249255945,0.004592714249255945,0.003928047605718178,254.5793993291399,1.0055801870638537,0.2683407161015437,0.24609375,1.0904003701903997,0.022246966101543697
16,-1.04,29,8,3.81666561775622e-15,0,0,0.008650975858465233,-0.004325487929231943,0.0043254879292332895,-0.004325487929231943,0.004325487929231943,0.0039396611155647614,253.82893875039483,1.008553245584579,0.2801338614742456,0.2578125,1.0865798263243467,0.022321361474245627
16,-1.02,0,8,-2.2970672699458733e-15,0,0,0.01064219898240205,-0.005321099491200637,0.005321099491201414,-0.005321099491200637,0.005321099491200637,0.00396909548206476,251.9465718370148,1.0160884434085786,0.2965173793697777,0.27734375,1.0691330861783532,0.01917362936977768
16,-1.02,1,8,2.4207555075583433e-15,0,0,0.012478062689505015,-0.006239031344752427,0.006239031344752588,-0.006239031344752427,0.006239031344752427,0.0039042834253091778,256.12894635609365,0.9994965568791495,0.2576164894452157,0.234375,1.099163688299587,0.0232414894452157
16,-1.02,2,8,-2.2440580252548147e-15,0,0,0.011116266921886903,-0.005558133460943108,0.005558133460943796,-0.005558133460943108,0.005558133460943108,0.003906615094632811,255.97607539423888,1.0000934642259995,0.2465604281915862,0.22265625,1.1073591160885274,0.02390417819158619
16,-1.02,3,8,-1.2633869984702302e-15,0,0,0.011086433672639676,-0.005543216836320373,0.005543216836319302,0.005543216836319302,0.005543216836319302,0.003928736924143958,254.53473197824067,1.0057566525808532,0.24583424803775542,0.22265625,1.1040976753976384,0.023177998037755415
16,-1.02,4,8,4.8415110151166866e-15,0,0,0.011276125244312572,-0.0056380626221571506,0.00563806262215542,0.00563806262215542,0.00563806262215542,0.0039333809456115285,254.2342106771274,1.0069455220765513,0.2754075996729016,0.25390625,1.0846822387117356,0.021501349672901626
16,-1.02,5,8,-1.7228004524594049e-15,0,0,0.011478629015618007,-0.00573931450780873,0.005739314507809279,-0.00573931450780873,0.00573931450780873,0.003941552175695222,253.7071578466717,1.009037356977977,0.2792097843788181,0.2578125,1.082995527287537,0.021397284378818104
16,-1.02,6,8,-2.4207555075583433e-15,0,0,0.011162342848555998,-0.005581171424278357,0.005581171424277643,0.005581171424277643,0.005581171424277643,0.003937064657644618,253.99633660023719,1.0078885523570222,0.26778953345774786,0.24609375,1.0881606438918008,0.021695783457747864
16,-1.02,7,8,-3.0745361920813996e-15,0,0,0.010298665998086392,-0.005149332999043389,0.005149332999043002,0.005149332999043002,0.005149332999043002,0.003970370848433125,251.86564131525446,1.01641493719888,0.2825340291189786,0.26171875,1.0795330067829632,0.020815279118978625
16,-1.02,8,8,-1.846488690071875e-15,0,0,0.012047162275442502,-0.006023581137721906,0.006023581137720596,0.006023581137720596,0.006023581137720596,0.003934471280999469,254.16375634236965,1.007224647935864,0.26401310998364036,0.2421875,1.090118647674386,0.02182560998364036
16,-1.02,9,8,3.5604542684161035e-15,0,0,0.010830816706110663,-0.005415408353056343,0.005415408353054321,0.005415408353054321,0.005415408353054321,0.003964005857004939,252.270061163725,1.0147854993932643,0.30117617675529884,0.28125,1.0708486284632848,0.01992617675529884
16,-1.02,10,8,-8.834874115176435e-16,0,0,0.010760865479863017,-0.005380432739931891,0.005380432739931126,0.005380432739931126,0.005380432739931126,0.003935329567093065,254.10832382678345,1.0074443691758246,0.26862290327970934,0.24609375,1.091547035549295,0.022529153279709335
16,-1.02,11,8,4.258409323515042e-15,0,0,0.010600969971342399,-0.00530048498567062,0.005300484985671779,-0.00530048498567062,0.00530048498567062,0.003958034726418123,252.6506382891096,1.0132568899630394,0.2903209235151622,0.26953125,1.0771327017374133,0.0207896735151622
16,-1.02,12,8,-2.314737018176226e-15,0,0,0.011579262177915429,-0.005789631088956733,0.005789631088958696,-0.005789631088956733,0.005789631088956733,0.003940866797424555,253.7512814829272,1.008861900140686,0.27511724486679656,0.25390625,1.0835386874753834,0.021210994866796562
16,-1.02,13,8,-5.831016916016447e-16,0,0,0.010829074213283007,-0.0054145371066418955,0.005414537106641112,0.005414537106641112,0.005414537106641112,0.003962595655659034,252.3598385749722,1.0144244878487128,0.3015796067317098,0.28125,1.0722830461571904,0.020329606731709804
16,-1.02,14,8,5.857521538361976e-15,0,0,0.011100325919778203,-0.005550162959889157,0.005550162959889047,0.005550162959889047,0.005550162959889047,0.003933804386814122,254.20684448671122,1.0070539230244153,0.26457909704793064,0.2421875,1.0924556265204879,0.022391597047930645
16,-1.02,15,8,1.4842588513496412e-15,0,0,0.01020349850361233,-0.005101749251806524,0.005101749251805808,0.005101749251805808,0.005101749251805808,0.003936219750056288,254.0508567860572,1.0076722560144098,0.27280870386823386,0.25,1.0912348154729354,0.02280870386823386
16,-1.02,16,8,3.4190962825732806e-15,0,0,0.01179353273041919,-0.005896766365209998,0.005896766365209192,0.005896766365209192,0.005896766365209192,0.0039499721523515415,253.1663417942501,1.0111928710019946,0.2714311281700894,0.25,1.0857245126803576,0.02143112817008941
16,-1.02,17,8,-1.1043592643970545e-15,0,0,0.00995356664623456,-0.004976783323118005,0.004976783323116554,0.004976783323116554,0.004976783323116554,0.003943643957597668,253.57258686434906,1.009572853145003,0.28246756667962125,0.26171875,1.0792790607460154,0.02074881667962125
16,-1.02,18,8,-4.770832022195275e-16,0,0,0.010766759213296843,-0.005383379606649109,0.005383379606647733,0.005383379606647733,0.005383379606647733,0.003936131480875169,254.05655396898925,1.0076496591040434,0.26839710017111573,0.24609375,1.090629486409613,0.022303350171115732
16,-1.02,19,8,4.258409323515042e-15,0,0,0.012663736514738745,-0.006331868257369485,0.00633186825736926,0.00633186825736926,0.00633186825736926,0.00391356594884403,255.52143826664658,1.0018728829040717,0.24547080488147696,0.22265625,1.1024653692922475,0.02281455488147696
16,-1.02,20,8,-7.792358969585617e-15,0,0,0.010823901104657734,-0.005411950552329194,0.005411950552328541,0.005411950552328541,0.005411950552328541,0.003951394770060455,253.07519450523046,1.0115570611354765,0.26359942582333706,0.2421875,1.0884105324318434,0.021411925823337064
16,-1.02,21,8,2.111534913527168e-15,0,0,0.011480317179703999,-0.005740158589851766,0.005740158589852233,-0.005740158589851766,0.005740158589851766,0.0039493858050719125,253.20392824518987,1.0110427660984096,0.28228018404350835,0.26171875,1.0785630912707185,0.020561434043508353
16,-1.02,22,8,-6.09606313947174e-16,0,0,0.011665396455712851,-0.0058326982278561765,0.005832698227856674,-0.0058326982278561765,0.0058326982278561765,0.003933245031257509,254.24299580956622,1.0069107280019223,0.256857547082759,0.234375,1.0959255342197716,0.022482547082758986
16,-1.02,23,8,-7.597991739051735e-15,0,0,0.010668421160103867,-0.005334210580051248,0.005334210580052619,-0.005334210580051248,0.005334210580051248,0.00394708843688652,253.35130336952986,1.010454639842949,0.2947103519225409,0.2734375,1.0777978584595782,0.021272851922540914
16,-1.02,24,8,-2.2440580252548147e-15,0,0,0.010886433797065023,-0.005443216898533255,0.005443216898531769,0.005443216898531769,0.005443216898531769,0.00395841897059269,252.62611346324235,1.0133552564717287,0.2859621580530238,0.265625,1.07656341855256,0.020337158053023774
16,-1.02,25,8,-4.055207218865984e-15,0,0,0.01078073256179984,-0.0053903662808995265,0.005390366280900313,-0.0053903662808995265,0.0053903662808995265,0.00393581077502941,254.07725552876144,1.007567558407529,0.2567368488409632,0.234375,1.0954105550547764,0.022361848840963205
16,-1.02,26,8,-2.0143512982602275e-15,0,0,0.00998622928016432,-0.00499311464008194,0.00499311464008238,-0.00499311464008194,0.00499311464008194,0.0039404063162912905,253.78093519584036,1.0087440169705704,0.2721949063878016,0.25,1.0887796255512063,0.022194906387801583
16,-1.02,27,8,1.501928599579994e-15,0,0,0.011101226617420096,-0.005550613308709366,0.00555061330871073,-0.005550613308709366,0.005550613308709366,0.003924641217671698,254.8003612399638,1.0047081517239547,0.2681825472940748,0.24609375,1.089757652496558,0.022088797294074813
16,-1.02,28,8,1.8111491936111694e-15,0,0,0.01153474887559392,-0.005767374437796448,0.0057673744377974715,-0.005767374437796448,0.005767374437796448,0.003926554616230694,254.67619777054128,1.0051979817550576,0.2677310779287683,0.24609375,1.0879231103137252,0.021637327928768324
16,-1.02,29,8,4.3909324352426884e-15,0,0,0.01103420962502489,-0.00551710481251254,0.005517104812512348,0.005517104812512348,0.005517104812512348,0.003937511676986621,253.9675008063215,1.008002989308575,0.2794893375829827,0.2578125,1.084079854867327,0.021676837582982722
16,-1.0,0,8,-2.093865165296815e-15,0,0,0.013047635911752365,-0.0065238179558763255,0.006523817955876039,0.006523817955876039,0.006523817955876039,0.003965125761196036,252.1988103848593,1.0150721948661852,0.2958977369806709,0.27734375,1.0668988826345316,0.0185539869806709
16,-1.0,1,8,-9.718361526694078e-16,0,0,0.014741397555059092,-0.007370698777529301,0.007370698777529791,-0.007370698777529301,0.007370698777529301,0.003904093101078272,256.1414326220371,0.9994478338760376,0.2569952892445917,0.234375,1.096513234110258,0.022620289244591696
16,-1.0,2,8,-3.1187105626572816e-15,0,0,0.013424128076593544,-0.0067120640382963585,0.006712064038297186,-0.0067120640382963585,0.0067120640382963585,0.0039063324741627275,255.9945950873875,1.0000211133856582,0.24591549358126755,0.22265625,1.1044625676632367,0.023259243581267547
16,-1.0,3,8,8.658176632872906e-16,0,0,0.013411261501834451,-0.006705630750917384,0.006705630750917068,0.006705630750917068,0.006705630750917068,0.0039270683922955005,254.64287863228864,1.0053295084276481,0.24511666540374616,0.22265625,1.1008748481291055,0.02246041540374616
16,-1.0,4,8,1.1927080055488188e-15,0,0,0.013610982501843227,-0.006805491250921522,0.006805491250921706,-0.006805491250921522,0.006805491250921522,0.0039315821970523235,254.3505260426052,1.0064850424453948,0.27479373964845794,0.25390625,1.082264574615465,0.020887489648457935
16,-1.0,5,8,1.6079470889621112e-15,0,0,0.01382842802858282,-0.006914214014290863,0.006914214014291957,-0.006914214014290863,0.006914214014290863,0.003939186066033964,253.8595494695218,1.0084316329046947,0.278578979620229,0.2578125,1.0805487694360396,0.020766479620228984
16,-1.0,6,8,1.6079470889621112e-15,0,0,0.01351301614054871,-0.006756508070275237,0.006756508070273475,0.006756508070273475,0.006756508070273475,0.003935035309766166,254.12732574931422,1.0073690393001384,0.26713974395702067,0.24609375,1.0855202294126554,0.02104599395702067
16,-1.0,7,8,2.5091042487101076e-15,0,0,0.012719680949286641,-0.006359840474644322,0.006359840474642319,0.006359840474642319,0.006359840474642319,0.00396630547788163,252.12379771970853,1.0153742023376973,0.281851122280576,0.26171875,1.0769236911019024,0.020132372280576016
16,-1.0,8,8,-9.718361526694078e-16,0,0,0.014347647861328826,-0.007173823930664053,0.007173823930664773,-0.007173823930664053,0.007173823930664053,0.003932675668545675,254.27980445939127,1.0067649711476927,0.2633529511879373,0.2421875,1.0873928307114828,0.02116545118793728
16,-1.0,9,8,4.302583694090924e-15,0,0,0.013224614602500122,-0.00661230730125031,0.006612307301249811,0.006612307301249811,0.006612307301249811,0.003960339970045172,252.50357483541845,1.013847032331564,0.3005515201681993,0.28125,1.0686276272647086,0.019301520168199304
16,-1.0,10,8,3.2158941779242225e-15,0,0,0.013136202679237728,-0.006568101339618454,0.006568101339619275,-0.006568101339618454,0.006568101339618454,0.003933294711864985,254.2397845204553,1.0069234462374361,0.2679826243167145,0.24609375,1.0889452670647446,0.02188887431671449
16,-1.0,11,8,3.975693351829396e-15,0,0,0.013003381056295598,-0.006501690528148284,0.006501690528147313,0.006501690528147313,0.006501690528147313,0.003954694089740004,252.86405909230353,1.0124016869734411,0.2896852585899092,0.26953125,1.074774292739373,0.020154008589909178
16,-1.0,12,8,-2.897838709777871e-15,0,0,0.013921524663423314,-0.0069607623317125885,0.006960762331710725,0.006960762331710725,0.006960762331710725,0.003938547341899804,253.90071851152064,1.0082681195263499,0.27449245020321383,0.25390625,1.0810779577234269,0.020586200203213834
16,-1.0,13,8,-6.537806845230562e-16,0,0,0.01322319564941991,-0.00661159782471062,0.00661159782470929,0.00661159782470929,0.00661159782470929,0.003959004197856313,252.5887698076883,1.0135050746512162,0.3009461799665656,0.28125,1.0700308621033443,0.019696179966565586
16,-1.0,14,8,1.9436723053388158e-16,0,0,0.013443246857699192,-0.0067216234288504095,0.006721623428848783,0.006721623428848783,0.006721623428848783,0.0039319912173994475,254.32406755511093,1.0065897516542586,0.2639131619330119,0.2421875,1.0897059589492104,0.021725661933011897
16,-1.0,15,8,4.770832022195275e-16,0,0,0.012603575958829352,-0.0063017879794150505,0.006301787979414302,0.006301787979414302,0.006301787979414302,0.003934132657347471,254.18563304731947,1.0071379602809525,0.27218281405985956,0.25,1.0887312562394382,0.022182814059859557
16,-1.0,16,8,1.90833280887811e-15,0,0,0.01413142410087631,-0.007065712050438264,0.007065712050438048,0.007065712050438048,0.007065712050438048,0.003947171235622118,253.34598888826488,1.0104758363192623,0.2707620855953592,0.25,1.0830483423814368,0.020762085595359192
16,-1.0,17,8,-1.872993312417404e-15,0,0,0.012369991345020842,-0.006184995672510545,0.006184995672510296,0.006184995672510296,0.006184995672510296,0.003941166614948807,253.73197778723937,1.0089386534268945,0.2819002354444688,0.26171875,1.0771113473699105,0.020181485444468794
16,-1.0,18,8,-5.654319433712919e-16,0,0,0.013128762852141658,-0.006564381426070814,0.006564381426070845,-0.006564381426070814,0.006564381426070814,0.003934162756822455,254.18368832500465,1.0071456657465485,0.26774495199845777,0.24609375,1.0879794874857966,0.02165120199845777
16,-1.0,19,8,-2.8094899686261067e-15,0,0,0.014916787382850797,-0.007458393691425435,0.007458393691425363,0.007458393691425363,0.007458393691425363,0.0039129096979981055,255.56429286155333,1.001704882687515,0.2448054075226501,0.22265625,1.0994769179964636,0.022149157522650093
16,-1.0,20,8,-1.563772718386229e-15,0,0,0.013192581553299304,-0.006596290776649843,0.006596290776649462,0.006596290776649462,0.006596290776649462,0.0039485615215326935,253.25678593247167,1.0108317495123695,0.2629207788171386,0.2421875,1.0856083770514109,0.0207332788171386
16,-1.0,21,8,5.47762195140939e-16,0,0,0.013833806263231087,-0.006916903131615794,0.006916903131615294,0.006916903131615294,0.006916903131615294,0.003946591174345153,253.3832251236226,1.0103273406323592,0.281656125627287,0.26171875,1.0761786292624695,0.01993737562728698
16,-1.0,22,8,-5.124226986802333e-16,0,0,0.013984711574169757,-0.006992355787084724,0.006992355787085033,-0.006992355787084724,0.006992355787084724,0.003931479335281385,254.35718077567554,1.0064587098320346,0.25618725344226834,0.234375,1.0930656146870115,0.021812253442268337
16,-1.0,23,8,-2.9685177026992824e-15,0,0,0.013060259434007805,-0.006530129717003338,0.006530129717004467,-0.006530129717003338,0.006530129717003338,0.0039443867284131035,253.52483639511627,1.0097630024737545,0.29410431584673363,0.2734375,1.0755814979537688,0.020666815846733633
16,-1.0,24,8,-2.049690794720933e-15,0,0,0.013274396704793634,-0.006637198352396566,0.006637198352397067,-0.006637198352396566,0.006637198352396566,0.003955071645097286,252.83992041954585,1.0124983411449051,0.2853271180497284,0.265625,1.0741726797166244,0.01970211804972838
16,-1.0,25,8,-3.003857199159988e-15,0,0,0.013138925070472323,-0.006569462535235878,0.006569462535236445,-0.006569462535235878,0.006569462535235878,0.00393389429140756,254.20103488398433,1.0070769386003353,0.2560795026271823,0.234375,1.092605877875978,0.02170450262718232
16,-1.0,26,8,2.9773525768144587e-15,0,0,0.012398205549429577,-0.006199102774715051,0.006199102774714527,0.006199102774714527,0.006199102774714527,0.0039381106508126085,253.9288731751748,1.0081563266080278,0.2715727957795422,0.25,1.0862911831181687,0.021572795779542187
16,-1.0,27,8,-3.04803156973587e-15,0,0,0.013442495754562073,-0.006721247877280721,0.006721247877281352,-0.006721247877280721,0.006721247877280721,0.003923365007611433,254.88324386336046,1.0043814419485269,0.2675781654690184,0.24609375,1.0873017517471224,0.021484415469018414
16,-1.0,28,8,-2.3677462628672847e-15,0,0,0.013856058204098142,-0.006928029102049445,0.006928029102048697,0.006928029102048697,0.006928029102048697,0.003925145105624574,254.7676514091264,1.004837147039891,0.26712985334978345,0.24609375,1.0854800390086439,0.021036103349783453
16,-1.0,29,8,-6.776348446340326e-15,0,0,0.013387643227682853,-0.006693821613842078,0.006693821613840775,0.006693821613840775,0.006693821613840775,0.0039354751908531466,254.09892109705217,1.0074816488584055,0.2788554156776626,0.2578125,1.081621006264873,0.021042915677662588
16,-0.98,0,8,2.1822139064485795e-15,0,0,0.015419077938121705,-0.007709538969060158,0.007709538969061548,-0.007709538969060158,0.007709538969060158,0.00396136494464483,252.43824135714883,1.0141094258290764,0.2952918115105914,0.27734375,1.0647141372776254,0.017948061510591418
16,-0.98,1,8,2.9773525768144587e-15,0,0,0.01697981230151205,-0.008489906150756435,0.008489906150755611,0.008489906150755611,0.008489906150755611,0.003903933026213907,256.15193531376104,0.9994068547107602,0.2563813628197464,0.234375,1.0938938146975845,0.022006362819746383
16,-0.98,2,8,-2.456095004019049e-15,0,0,0.015707413141728986,-0.00785370657086507,0.007853706570863917,0.007853706570863917,0.007853706570863917,0.003906083110679014,256.0109377258399,0.9999572763338276,0.24527801703868116,0.22265625,1.1015995151210942,0.022621767038681156
16,-0.98,3,8,-7.863037962507028e-16,0,0,0.015709410213771324,-0.007854705106885537,0.007854705106885787,-0.007854705106885537,0.007854705106885537,0.003925509800146372,254.74398254278023,1.0049305088374711,0.24441255383575017,0.22265625,1.0977125224903868,0.021756303835750168
16,-0.98,4,8,4.947529504498804e-16,0,0,0.01591749965170062,-0.007958749825849865,0.007958749825850753,-0.007958749825849865,0.007958749825849865,0.003929882254913081,254.4605499948032,1.0060498572577488,0.2741892698157296,0.25390625,1.0798838934281043,0.020283019815729608
16,-0.98,5,8,1.157368509088113e-15,0,0,0.016147357774452274,-0.008073678887226172,0.008073678887226102,0.008073678887226102,0.008073678887226102,0.003936951149658911,254.0036596813343,1.0078594943126813,0.2779591617849336,0.2578125,1.0781446275294393,0.020146661784933573
16,-0.98,6,8,-2.2705626476003438e-15,0,0,0.015833985174521278,-0.007916992587260138,0.00791699258726114,-0.007916992587260138,0.007916992587260138,0.003933115186112476,254.25138921202262,1.006877487644794,0.26650149769295634,0.24609375,1.0829267207840765,0.020407747692956335
16,-0.98,7,8,2.8448294650868124e-15,0,0,0.015106286945432212,-0.007553143472715967,0.007553143472716244,-0.007553143472715967,0.007553143472715967,0.003962454567944754,252.36882413485435,1.0143883693938571,0.2811837863472261,0.26171875,1.074373870222237,0.019465036347226072
16,-0.98,8,8,2.0320210464905801e-16,0,0,0.0166207111250699,-0.008310355562535522,0.008310355562534377,0.008310355562534377,0.008310355562534377,0.003930971930694618,254.3900128595668,1.0063288142578222,0.2627047573287928,0.2421875,1.084716417357596,0.020517257328792782
16,-0.98,9,8,-6.140237510047623e-15,0,0,0.015585021138390411,-0.007792510569195192,0.00779251056919522,-0.007792510569195192,0.007792510569195192,0.003956867463243504,252.72516941476857,1.012958070590337,0.29993976687514323,0.28125,1.0664525044449538,0.018689766875143232
16,-0.98,10,8,3.710647128374103e-16,0,0,0.0154806468176437,-0.007740323408822624,0.007740323408821076,0.007740323408821076,0.007740323408821076,0.003931376802942234,254.36381454242752,1.0064324615532119,0.26735213875238195,0.24609375,1.086383293977933,0.02125838875238195
16,-0.98,11,8,-1.5902773407317584e-15,0,0,0.015372334869100338,-0.007686167434550749,0.00768616743454959,0.00768616743454959,0.00768616743454959,0.003951532146293972,253.06639626805796,1.011592229451257,0.2890619165923005,0.26953125,1.072461603588825,0.019530666592300516
16,-0.98,12,8,1.6874609559986991e-15,0,0,0.016233392914794895,-0.008116696457397852,0.008116696457397043,0.008116696457397043,0.008116696457397043,0.003936356396399492,254.04203768608974,1.0077072374782698,0.273878492712341,0.25390625,1.0786599097593736,0.019972242712340993
16,-0.98,13,8,4.770832022195275e-15,0,0,0.01558389207203502,-0.007791946036017455,0.007791946036017566,-0.007791946036017455,0.007791946036017455,0.003955603295762249,252.80593761040916,1.0126344437151358,0.3003256584500369,0.28125,1.0678245633779089,0.019075658450036892
16,-0.98,14,8,7.774689221355263e-16,0,0,0.0157576037020305,-0.007878801851014548,0.007878801851015953,-0.007878801851014548,0.007878801851014548,0.003930276091420013,254.4350515687815,1.0061506794035233,0.26325868742834996,0.2421875,1.0870036126073805,0.021071187428349958
16,-0.98,15,8,1.8376538159566985e-15,0,0,0.014972164886273244,-0.0074860824431370555,0.007486082443136188,0.007486082443136188,0.007486082443136188,0.003932163990755749,254.31289293908702,1.0066339816334717,0.2715653041108882,0.25,1.0862612164435528,0.021565304110888195
16,-0.98,16,8,-4.83267614100151e-15,0,0,0.01643856780194709,-0.00821928390097369,0.0082192839009734,0.0082192839009734,0.0082192839009734,0.003944518167535235,253.51638844773234,1.0097966508890202,0.27010657389541043,0.25,1.0804262955816417,0.02010657389541043
16,-0.98,17,8,-1.6786260818835226e-16,0,0,0.014754046041034405,-0.00737702302051677,0.007377023020517636,-0.00737702302051677,0.00737702302051677,0.0039388221442005975,253.8830044591807,1.008338468915353,0.28134039027099045,0.26171875,1.0749722374533366,0.019621640270990448
16,-0.98,18,8,-4.240739575284689e-16,0,0,0.01546137272493159,-0.007730686362465516,0.007730686362466074,-0.007730686362465516,0.007730686362465516,0.003932299734903466,254.30411398294615,1.0066687321352874,0.2671035802245003,0.24609375,1.0853732783725727,0.021009830224500314
16,-0.98,19,8,7.332945515596442e-16,0,0,0.017145388062416177,-0.008572694031208682,0.008572694031207495,0.008572694031207495,0.008572694031207495,0.0039122989890584955,255.60418638674966,1.0015485411989749,0.24415074327074776,0.22265625,1.0965366715317795,0.02149449327074776
16,-0.98,20,8,3.984528225944572e-15,0,0,0.015530833348595015,-0.007765416674298101,0.007765416674296915,0.007765416674296915,0.007765416674296915,0.0039458738917030976,253.429285234553,1.010143716275993,0.2622560746421061,0.2421875,1.0828637920706317,0.020068574642106096
16,-0.98,21,8,-3.69297738014375e-15,0,0,0.016155992741952604,-0.008077996370975957,0.008077996370976647,-0.008077996370975957,0.008077996370975957,0.003943946213877246,253.55315356010195,1.009650230752575,0.2810438506206296,0.26171875,1.0738391904310622,0.019325100620629587
16,-0.98,22,8,4.770832022195275e-16,0,0,0.01627594285980105,-0.008137971429900161,0.00813797142990089,-0.008137971429900161,0.008137971429900161,0.003929806888202985,254.46543009579744,1.0060305633799642,0.25552864391402663,0.234375,1.0902555473665136,0.021153643914026632
16,-0.98,23,8,-5.300924469105861e-15,0,0,0.015419628058978226,-0.0077098140294890585,0.007709814029489169,-0.0077098140294890585,0.0077098140294890585,0.003941832217114367,253.68913361108343,1.009109047581278,0.2935077685110853,0.2734375,1.0733998391262547,0.020070268511085287
16,-0.98,24,8,7.597991739051735e-16,0,0,0.01562942822042103,-0.007814714110210869,0.00781471411021016,0.00781471411021016,0.00781471411021016,0.003951902962154244,253.04265048423267,1.0116871583114864,0.28470502628781863,0.265625,1.0718306872011996,0.01908002628781863
16,-0.98,25,8,-6.891201809837619e-16,0,0,0.01546812996961616,-0.007734064984808886,0.0077340649848072745,0.0077340649848072745,0.0077340649848072745,0.003932077524748083,254.3184852552131,1.0066118463355092,0.25543311130391944,0.234375,1.0898479415633895,0.021058111303919436
16,-0.98,26,8,-5.565970692561155e-16,0,0,0.014778217053243954,-0.007389108526621775,0.007389108526622179,-0.007389108526621775,0.007389108526621775,0.0039359391184090155,254.06897055974275,1.007600414312708,0.27095965760550755,0.25,1.0838386304220302,0.020959657605507553
16,-0.98,27,8,2.049690794720933e-15,0,0,0.015755449937546094,-0.007877724968773562,0.007877724968772532,0.007877724968772532,0.007877724968772532,0.0039221582937515745,254.9616627133864,1.004072523200403,0.2669815944310337,0.24609375,1.0848775900689622,0.020887844431033697
16,-0.98,28,8,2.0231861723754037e-15,0,0,0.016149576140650483,-0.0080747880703253,0.008074788070325183,0.008074788070325183,0.008074788070325183,0.003923815306723088,254.8539933280229,1.0044967185211104,0.2665369871648179,0.24609375,1.0830709319713234,0.020443237164817885
16,-0.98,29,8,1.9348374312236394e-15,0,0,0.015711576200485546,-0.00785578810024225,0.007855788100243297,-0.00785578810024225,0.00785578810024225,0.003933546826982487,254.22348938124188,1.0069879877075167,0.27823197481342277,0.2578125,1.0792028113975185,0.020419474813422767
16,-0.96,0,8,-5.742668174864683e-16,0,0,0.01775711044885251,-0.008878555224427084,0.008878555224425428,0.008878555224425428,0.008878555224425428,0.003957803604224884,252.66539222222096,1.0131977226815703,0.29469929883479457,0.27734375,1.0625777535451748,0.017355548834794565
16,-0.96,1,8,1.6786260818835226e-16,0,0,0.019193421709366304,-0.009596710854682866,0.009596710854683438,-0.009596710854682866,0.009596710854682866,0.0039038008231097026,256.1606099574047,0.9993730107160839,0.25577470324979606,0.234375,1.0913054005324632,0.021399703249796065
16,-0.96,2,8,-3.268903422615281e-16,0,0,0.01796610789657905,-0.008983053948289086,0.008983053948289962,-0.008983053948289086,0.008983053948289086,0.0039058642743939375,256.0252814097508,0.999901254244848,0.24464801879358286,0.22265625,1.0987700493185475,0.02199176879358286
16,-0.96,3,8,4.4174370575882175e-16,0,0,0.017981040711941326,-0.008990520355970567,0.008990520355970758,-0.008990520355970567,0.008990520355970567,0.003924054382173517,254.83846619019184,1.0045579218364205,0.24372172331746864,0.22265625,1.0946098450749469,0.021065473317468636
16,-0.96,4,8,4.329088316436453e-15,0,0,0.018195924519238803,-0.009097962259619738,0.009097962259619065,0.009097962259619065,0.009097962259619065,0.0039282765102471055,254.56456473760187,1.005638786623259,0.2735940955626617,0.25390625,1.0775398225237136,0.019687845562661677
16,-0.96,5,8,-3.489775275494692e-15,0,0,0.01843585061068249,-0.009217925305342206,0.009217925305340284,0.009217925305340284,0.009217925305340284,0.003934841449027094,254.1398460279141,1.007319410950936,0.2773501609611607,0.2578125,1.0757824425160174,0.01953766096116072
16,-0.96,6,8,-2.9508479544689296e-15,0,0,0.018125579305706206,-0.00906278965285371,0.009062789652852498,0.009062789652852498,0.009062789652852498,0.0039312995088764905,254.36881564024762,1.0064126742723816,0.2658746328961487,0.24609375,1.0803794606573662,0.01978088289614871
16,-0.96,7,8,-5.9193656571682116e-15,0,0,0.017459068540136673,-0.008729534270068787,0.008729534270067884,0.008729534270067884,0.008729534270067884,0.003958808487050448,252.60125698706395,1.0134549726849147,0.28053166885506425,0.26171875,1.0718821974163648,0.018812918855064253
16,-0.96,8,8,2.332406766406579e-15,0,0,0.018866592466766127,-0.009433296233382949,0.00943329623338318,-0.009433296233382949,0.009433296233382949,0.0039293563360888635,254.49460788668588,1.005915222038749,0.2620683592584552,0.2421875,1.082088709196202,0.019880859258455175
16,-0.96,9,8,2.1380395358726975e-15,0,0,0.01791259355067916,-0.008956296775339158,0.008956296775340003,-0.008956296775339158,0.008956296775339158,0.003953579671454284,252.93533534184735,1.0121163958922967,0.29934065364308626,0.28125,1.0643223240643067,0.018090653643086263
16,-0.96,10,8,-2.0143512982602275e-15,0,0,0.017794567579731562,-0.008897283789867006,0.008897283789864556,0.008897283789864556,0.008897283789864556,0.00392957049289665,254.48073824039184,1.0059700461815424,0.26673134170113083,0.24609375,1.0838606900871348,0.02063759170113083
16,-0.96,11,8,-1.766974823035287e-17,0,0,0.017708373430103536,-0.008854186715050866,0.00885418671505267,-0.008854186715050866,0.008854186715050866,0.003948540904149049,253.25810831773822,1.0108264714621567,0.2884506682867472,0.26953125,1.0701937837885114,0.018919418286747203
16,-0.96,12,8,-4.647143784582805e-15,0,0,0.01851527399175949,-0.00925763699588022,0.00925763699587927,0.00925763699587927,0.00925763699587927,0.003934288114315803,254.17558931723187,1.0071777572648455,0.27327520522205895,0.25390625,1.076283885182263,0.019368955222058948
16,-0.96,13,8,-6.891201809837619e-16,0,0,0.017911723333123047,-0.008955861666561435,0.008955861666561614,-0.008955861666561435,0.008955861666561435,0.003952384344582359,253.01183104085698,1.0118103922130839,0.2997177830113036,0.28125,1.065663228484635,0.018467783011303585
16,-0.96,14,8,-1.6344517113076405e-15,0,0,0.018043646177518677,-0.009021823088759656,0.00902182308875902,0.00902182308875902,0.00902182308875902,0.003928654551852399,254.54006882037777,1.0057355652742141,0.2626155298909162,0.2421875,1.0843479943882992,0.02042802989091619
16,-0.96,15,8,1.4312496066585826e-15,0,0,0.017309626544005953,-0.008654813272003146,0.008654813272002808,0.008654813272002808,0.008654813272002808,0.003930308530740766,254.432951555466,1.006158983869636,0.2709561261032285,0.25,1.083824504412914,0.0209561261032285
16,-0.96,16,8,-3.710647128374103e-15,0,0,0.018715412271903348,-0.009357706135952173,0.009357706135951173,0.009357706135951173,0.009357706135951173,0.00394200648799793,253.67791835063187,1.00915366092747,0.26946433186784213,0.25,1.0778573274713685,0.019464331867842133
16,-0.96,17,8,2.3412416405217552e-15,0,0,0.017106131047212744,-0.008553065523606641,0.008553065523606105,0.008553065523606105,0.008553065523606105,0.003936605081178761,254.02598924161427,1.0077709007817628,0.28078799653292225,0.26171875,1.0728615986929566,0.019069246532922246
16,-0.96,18,8,3.392591660227751e-15,0,0,0.017764861061271106,-0.008882430530635628,0.00888243053063548,0.00888243053063548,0.00888243053063548,0.0039305378420494775,254.41810769555542,1.0062176875646662,0.26647285621405364,0.24609375,1.0828103363618689,0.020379106214053644
16,-0.96,19,8,6.537806845230562e-16,0,0,0.019349631636588448,-0.009674815818293825,0.009674815818294623,-0.009674815818293825,0.009674815818293825,0.003911731337788061,255.64127841291443,1.0014032224737437,0.24350669540263165,0.22265625,1.0936441056679598,0.020850445402631645
16,-0.96,20,8,9.895059008997609e-16,0,0,0.017839008081078862,-0.008919504040539244,0.008919504040539617,-0.008919504040539244,0.008919504040539244,0.003943325645778113,253.59305566626006,1.009491365319197,0.2616050622863375,0.2421875,1.0801757410532646,0.01941756228633751
16,-0.96,21,8,-2.226388277024462e-15,0,0,0.018447338576414552,-0.009223669288207833,0.00922366928820672,0.00922366928820672,0.00922366928820672,0.003941444275794745,253.71410326443393,1.0090097346034548,0.28044315313113427,0.26171875,1.0715439880831399,0.01872440313113427
16,-0.96,22,8,4.452776554048924e-15,0,0,0.01853934782378109,-0.009269673911891419,0.009269673911889669,0.009269673911889669,0.009269673911889669,0.003928223794362481,254.56798093711765,1.0056252913567951,0.2548815645471638,0.234375,1.0874946754012322,0.02050656454716382
16,-0.96,23,8,-6.09606313947174e-16,0,0,0.017747001583749436,-0.008873500791875003,0.008873500791874432,0.008873500791874432,0.008873500791874432,0.003939418405076863,253.84457733945345,1.0084911116996769,0.2929205984311482,0.2734375,1.071252474262485,0.019483098431148205
16,-0.96,24,8,1.1043592643970545e-15,0,0,0.017952057512633228,-0.008976028756317301,0.008976028756315925,0.008976028756315925,0.008976028756315925,0.003948904850949604,253.2347670416843,1.0109196418430986,0.28409562503132224,0.265625,1.0695364707061543,0.01847062503132224
16,-0.96,25,8,-1.2015428796639952e-15,0,0,0.017768589464043,-0.008884294732021777,0.008884294732021224,0.008884294732021224,0.008884294732021224,0.003930356461320951,254.42984875318677,1.0061712540981635,0.25479754834734214,0.234375,1.0871362062819931,0.02042254834734214
16,-0.96,26,8,-3.8520051142169255e-15,0,0,0.017126636533792428,-0.008563318266896392,0.008563318266896035,0.008563318266896035,0.008563318266896035,0.003933886691531951,254.2015259749578,1.0070749930321794,0.27035542678797053,0.25,1.0814217071518821,0.020355426787970532
16,-0.96,27,8,-1.7139655783442284e-15,0,0,0.018040310628413426,-0.009020155314206491,0.009020155314206935,-0.009020155314206491,0.009020155314206491,0.003921018368696611,255.03578559679406,1.0037807023863323,0.2663928129266629,0.24609375,1.0824850810988207,0.020299062926662892
16,-0.96,28,8,1.766974823035287e-17,0,0,0.018415530152714896,-0.009207765076357727,0.00920776507635717,0.00920776507635717,0.00920776507635717,0.003922561596300389,254.935448545451,1.0041757686528996,0.2659524210839253,0.24609375,1.0806955523410298,0.019858671083925306
16,-0.96,29,8,-6.7056694534189145e-15,0,0,0.01800631280342034,-0.009003156401710512,0.00900315640170983,0.00900315640170983,0.00900315640170983,0.0039317219284633,254.3414865534111,1.0065208136866048,0.27761889161106107,0.2578125,1.0768247917035096,0.01980639161106107
20,-3.7,0,12,6.679164831073385e-15,0,0,0.16857017038154662,-0.08428508519077343,0.08428508519077318,0.08428508519077318,0.08428508519077318,0.026493548348963912,37.745038408156724,10.597419339585565,0.7321374695942242,0.24,3.0505727899759343,0.4921374695942242
20,-3.7,1,12,-9.895059008997609e-16,0,0,0.15000596106649405,-0.0750029805332469,0.07500298053324714,-0.0750029805332469,0.0750029805332469,0.022313769661505677,44.81537701472009,8.92550786460227,0.7444924910290038,0.255,2.919578396192172,0.48949249102900383
20,-3.7,2,12,1.4312496066585826e-15,0,0,0.15917304271228688,-0.07958652135614401,0.07958652135614286,0.07958652135614286,0.07958652135614286,0.028962671325987514,34.5272018849561,11.585068530395006,0.7398560155983529,0.26,2.845600059993665,0.4798560155983529
20,-3.7,3,12,-2.1822139064485795e-15,0,0,0.15849951116042468,-0.07924975558021216,0.07924975558021252,-0.07924975558021216,0.07924975558021216,0.02843307272851482,35.17031062904168,11.373229091405928,0.7456769667439224,0.245,3.0435794560976426,0.5006769667439224
20,-3.7,4,12,-5.0358782456505685e-15,0,0,0.16216070978373118,-0.08108035489186596,0.08108035489186521,0.08108035489186521,0.08108035489186521,0.018624899306048912,53.6915654451471,7.449959722419565,0.7789062286586756,0.2575,3.0248785578977695,0.5214062286586756
20,-3.7,5,12,-2.235223151139638e-15,0,0,0.14685547526086956,-0.07342773763043527,0.07342773763043428,0.07342773763043428,0.07342773763043428,0.029205780579814065,34.23979705891382,11.682312231925627,0.7686709713976422,0.2575,2.9851299860102607,0.5111709713976422
20,-3.7,6,12,-3.595793764876809e-15,0,0,0.1606585821737863,-0.08032929108689314,0.08032929108689318,-0.08032929108689314,0.08032929108689314,0.020019578402482044,49.951101861167025,8.007831360992817,0.7440033440966315,0.2275,3.2703443696555228,0.5165033440966315
20,-3.7,7,12,3.4367660308036335e-15,0,0,0.16637420004698716,-0.08318710002349247,0.08318710002349469,-0.08318710002349247,0.08318710002349247,0.025068286357957555,39.89103944803809,10.02731454318302,0.7515504337625323,0.2225,3.377754758483291,0.5290504337625322
20,-3.7,8,12,-7.421294256748206e-16,0,0,0.16528925523272514,-0.08264462761636272,0.08264462761636243,0.08264462761636243,0.08264462761636243,0.028657466094427833,34.894920461737556,11.462986437771132,0.7688737605525585,0.235,3.271803236393866,0.5338737605525585
20,-3.7,9,12,-3.0922059403117525e-15,0,0,0.16030667054684458,-0.08015333527342224,0.08015333527342235,-0.08015333527342224,0.08015333527342224,0.026112845418221512,38.29532875426135,10.445138167288606,0.7192416825558675,0.23,3.1271377502429023,0.48924168255586753
20,-3.7,10,12,3.710647128374103e-16,0,0,0.13972702435915801,-0.06986351217957942,0.06986351217957859,0.06986351217957859,0.06986351217957859,0.022165615797882225,45.114920745650714,8.866246319152891,0.8259186277313922,0.2625,3.1463566770719704,0.5634186277313922
20,-3.7,11,12,5.044713119765745e-15,0,0,0.14941485074823777,-0.07470742537411891,0.07470742537411885,0.07470742537411885,0.07470742537411885,0.021208800977304425,47.15023735052735,8.48352039092177,0.8384363354309725,0.235,3.5678141933232874,0.6034363354309725
20,-3.7,12,12,2.168961595275815e-15,0,0,0.1704287939515676,-0.0852143969757842,0.0852143969757834,0.0852143969757834,0.0852143969757834,0.032276226902076335,30.98255576879929,12.910490760830534,0.7560389851414324,0.255,2.9648587652605194,0.5010389851414324
20,-3.7,13,12,-5.1374792979750975e-15,0,0,0.1578121155255542,-0.07890605776277664,0.07890605776277755,-0.07890605776277664,0.07890605776277664,0.020139993654506413,49.6524486131725,8.055997461802566,0.6688069456521,0.23,2.9078562854439127,0.4388069456521
20,-3.7,14,12,-1.0911069532242898e-14,0,0,0.11742730892817929,-0.05871365446408995,0.05871365446408935,0.05871365446408935,0.05871365446408935,0.0233914593446009,42.750646091297206,9.35658373784036,0.7929107452958438,0.2225,3.563643799082444,0.5704107452958438
20,-3.7,15,12,-4.373262687012336e-15,0,0,0.11949576324193747,-0.05974788162096875,0.059747881620968724,0.059747881620968724,0.059747881620968724,0.024179780524441582,41.35686835491219,9.671912209776632,0.8142313740406564,0.24,3.392630725169402,0.5742313740406564
20,-3.7,16,12,-7.602409176109323e-15,0,0,0.16300792808869566,-0.08150396404434758,0.08150396404434808,-0.08150396404434758,0.08150396404434758,0.017737076214594475,56.37907780861746,7.0948304858377895,0.7055302373421305,0.2675,2.6374962143631047,0.4380302373421305
20,-3.7,17,12,1.0646023308787604e-15,0,0,0.15210426175747582,-0.07605213087873798,0.07605213087873784,0.07605213087873784,0.07605213087873784,0.027174433333385185,36.79929541608688,10.869773333354074,0.8215427316878596,0.245,3.353235639542284,0.5765427316878596
20,-3.7,18,12,4.7885017704256284e-15,0,0,0.16941123784769657,-0.0847056189238479,0.08470561892384866,-0.0847056189238479,0.0847056189238479,0.021777203264793737,45.91957873748907,8.710881305917495,0.7473126119477613,0.2475,3.019444896758632,0.49981261194776133
20,-3.7,19,12,-8.684681255218437e-15,0,0,0.16316612019202648,-0.08158306009601382,0.08158306009601266,0.08158306009601266,0.08158306009601266,0.026943208890276994,37.11510399790837,10.777283556110797,0.7243682842906288,0.25,2.8974731371625153,0.4743682842906288
20,-3.7,20,12,-1.766974823035287e-15,0,0,0.14361730097732445,-0.07180865048866196,0.07180865048866247,-0.07180865048866196,0.07180865048866196,0.018451623743585076,54.19577235568018,7.380649497434031,0.8171113466595459,0.24,3.4046306110814415,0.5771113466595459
20,-3.7,21,12,2.341241640521755e-16,0,0,0.1734415322742462,-0.08672076613712291,0.08672076613712326,-0.08672076613712291,0.08672076613712291,0.03174051738394507,31.505472576380186,12.696206953578029,0.7650870307159284,0.2425,3.1549980648079523,0.5225870307159284
20,-3.7,22,12,-4.284913945860571e-15,0,0,0.15440995037190824,-0.07720497518595384,0.07720497518595439,-0.07720497518595384,0.07720497518595384,0.018907598437032803,52.888789833899786,7.563039374813121,0.7705628369835299,0.24,3.2106784874313745,0.5305628369835299
20,-3.7,23,12,1.1927080055488187e-16,0,0,0.15906647006964666,-0.07953323503482349,0.07953323503482318,0.07953323503482318,0.07953323503482318,0.020847128411093832,47.96823717303187,8.338851364437533,0.7320479206323124,0.2525,2.8991996856725244,0.4795479206323124
20,-3.7,24,12,-1.1308638867425838e-15,0,0,0.14115113145515717,-0.07057556572757814,0.07057556572757905,-0.07057556572757814,0.07057556572757814,0.02707689061163753,36.93186246319599,10.830756244655014,0.685659189952786,0.2325,2.949071784743165,0.4531591899527859
20,-3.7,25,12,-6.383196548214975e-15,0,0,0.11582807902430148,-0.05791403951215103,0.057914039512150454,0.057914039512150454,0.057914039512150454,0.025913419285140342,38.59004437030951,10.365367714056138,0.8142513957940682,0.245,3.323475084873748,0.5692513957940682
20,-3.7,26,12,-3.653220446625456e-15,0,0,0.17875339395289802,-0.08937669697644886,0.08937669697644916,-0.08937669697644886,0.08937669697644886,0.024843816085782823,40.25146525586551,9.937526434313128,0.8022399858153474,0.255,3.1460391600601856,0.5472399858153474
20,-3.7,27,12,2.3809985740400495e-15,0,0,0.1739885644804226,-0.08699428224021068,0.08699428224021194,-0.08699428224021068,0.08699428224021068,0.02680331923351256,37.30881206495076,10.721327693405023,0.7489652987287267,0.2475,3.026122419105967,0.5014652987287267
20,-3.7,28,12,-9.515159422045022e-15,0,0,0.15834311123167782,-0.07917155561583857,0.07917155561583927,-0.07917155561583857,0.07917155561583857,0.023830157097726273,41.96363439397611,9.532062839090509,0.7632544885648781,0.26,2.9355941867879927,0.5032544885648781
20,-3.7,29,12,1.1971254426064071e-15,0,0,0.1577553505865788,-0.07887767529329011,0.07887767529328868,0.07887767529328868,0.07887767529328868,0.018140814408679845,55.12431677386708,7.2563257634719385,0.7879531298696634,0.2275,3.4635302411853335,0.5604531298696633
20,-3.68,0,12,1.6344517113076405e-16,0,0,0.15691025075302156,-0.0784551253765109,0.07845512537651066,0.07845512537651066,0.07845512537651066,0.025415897551358035,39.34545289928459,10.166359020543215,0.7447911461297598,0.24,3.103296442207333,0.5047911461297598
20,-3.68,1,12,5.336263965566567e-15,0,0,0.13861987390572839,-0.069309936952864,0.06930993695286439,-0.069309936952864,0.069309936952864,0.023009117976965036,43.461031448538066,9.203647190786015,0.7474573224098421,0.255,2.931205185920949,0.4924573224098421
20,-3.68,2,12,-1.890663060647757e-15,0,0,0.14693858042758245,-0.07346929021379033,0.07346929021379214,-0.07346929021379033,0.07346929021379033,0.02933297257067318,34.09132837085152,11.733189028269273,0.7448162893897623,0.26,2.86467803611447,0.4848162893897623
20,-3.68,3,12,-2.3456590775793437e-15,0,0,0.1467090262221875,-0.07335451311109352,0.07335451311109399,-0.07335451311109352,0.07335451311109352,0.02819524528772513,35.46697288125216,11.278098115090051,0.7495897132830168,0.245,3.0595498501347627,0.5045897132830168
20,-3.68,4,12,9.272200383877669e-15,0,0,0.14921284122332956,-0.07460642061166443,0.07460642061166513,-0.07460642061166443,0.07460642061166443,0.018776916909718236,53.256879433834904,7.510766763887294,0.7813088394277965,0.2575,3.0342090851564913,0.5238088394277964
20,-3.68,5,12,2.9950223250448115e-15,0,0,0.13493064702070684,-0.06746532351035324,0.0674653235103536,-0.06746532351035324,0.06746532351035324,0.028974521820879083,34.513080360118266,11.589808728351635,0.7719774055989944,0.2575,2.9979705071805607,0.5144774055989945
20,-3.68,6,12,8.52565352114526e-16,0,0,0.14835413039387496,-0.07417706519693801,0.07417706519693697,0.07417706519693697,0.07417706519693697,0.020206182096592452,49.48980441825469,8.082472838636981,0.7494632779847659,0.2275,3.2943440790539156,0.5219632779847658
20,-3.68,7,12,1.7934794453808165e-15,0,0,0.15376285092194208,-0.07688142546097196,0.07688142546097014,0.07688142546097014,0.07688142546097014,0.02439328547133314,40.994887760207405,9.757314188533256,0.7660912773243826,0.2225,3.443106864379248,0.5435912773243826
20,-3.68,8,12,9.453315303238785e-16,0,0,0.15286892228682597,-0.07643446114341283,0.07643446114341314,-0.07643446114341283,0.07643446114341283,0.028968182999025188,34.52063251718795,11.587273199610076,0.7716046283471678,0.235,3.2834239504134803,0.5366046283471678
20,-3.68,9,12,-3.578124016646457e-15,0,0,0.14854472882868258,-0.07427236441434182,0.07427236441434078,0.07427236441434078,0.07427236441434078,0.025995782929940557,38.467777742837406,10.398313171976223,0.7219910885812223,0.23,3.139091689483575,0.4919910885812223
20,-3.68,10,12,2.226388277024462e-15,0,0,0.12680397109266967,-0.06340198554633496,0.06340198554633471,0.06340198554633471,0.06340198554633471,0.02179932385280163,45.87298242608019,8.719729541120651,0.82596029334937,0.2625,3.1465154032356955,0.56346029334937
20,-3.68,11,12,-1.7316353265745813e-15,0,0,0.13717263822440923,-0.06858631911220436,0.06858631911220488,-0.06858631911220436,0.06858631911220436,0.020910741525413622,47.82231174273097,8.36429661016545,0.8407276778542168,0.235,3.5775645866136885,0.6057276778542168
20,-3.68,12,12,8.790699744600553e-16,0,0,0.15808802814752726,-0.07904401407376362,0.07904401407376364,-0.07904401407376362,0.07904401407376362,0.03325006107342085,30.075132728083062,13.30002442936834,0.759579208639057,0.255,2.9787419946629687,0.504579208639057
20,-3.68,13,12,5.4246127067183314e-15,0,0,0.1470984247879825,-0.07354921239399169,0.0735492123939908,0.0735492123939908,0.0735492123939908,0.021152550320654728,47.27562326248362,8.461020128261891,0.6813497239112853,0.23,2.96239010396211,0.45134972391128536
20,-3.68,14,12,-2.55327861928599e-15,0,0,0.10410221844215531,-0.05205110922107758,0.052051109221077724,-0.05205110922107758,0.05205110922107758,0.023365727331650377,42.79772616559793,9.34629093266015,0.7942151757511878,0.2225,3.569506407870507,0.5717151757511878
20,-3.68,15,12,-4.373262687012336e-15,0,0,0.10929956688879001,-0.05464978344439503,0.054649783444394986,0.054649783444394986,0.054649783444394986,0.022527048680384645,44.391079106192315,9.010819472153859,0.812477442853497,0.24,3.3853226785562374,0.572477442853497
20,-3.68,16,12,4.329088316436453e-16,0,0,0.15158315264322544,-0.07579157632161318,0.07579157632161226,0.07579157632161226,0.07579157632161226,0.018330391177250764,54.554209472685265,7.332156470900307,0.7129561166863898,0.2675,2.665256510977158,0.4454561166863898
20,-3.68,17,12,7.1032387886018545e-15,0,0,0.13896702773950292,-0.06948351386975156,0.06948351386975135,0.06948351386975135,0.06948351386975135,0.027301609733089167,36.62787688258594,10.920643893235667,0.8245321295332212,0.245,3.365437263400903,0.5795321295332212
20,-3.68,18,12,5.901695908937859e-15,0,0,0.1571676710584388,-0.07858383552921946,0.07858383552921933,0.07858383552921933,0.07858383552921933,0.02151077803247453,46.488323132260184,8.604311212989813,0.7538253992448606,0.2475,3.0457591888681237,0.5063253992448606
20,-3.68,19,12,-3.039196695620694e-15,0,0,0.15141501487176745,-0.07570750743588313,0.07570750743588432,-0.07570750743588313,0.07570750743588313,0.02696354320665747,37.08711397221318,10.785417282662987,0.7275381198629847,0.25,2.9101524794519387,0.47753811986298467
20,-3.68,20,12,-8.746525374024672e-15,0,0,0.13081189701626247,-0.0654059485081312,0.06540594850813128,-0.0654059485081312,0.0654059485081312,0.018472460809415288,54.13463914295094,7.388984323766115,0.8165574036476794,0.24,3.402322515198664,0.5765574036476794
20,-3.68,21,12,6.179994443565917e-15,0,0,0.16228012962483618,-0.08114006481241776,0.08114006481241842,-0.08114006481241776,0.08114006481241776,0.03065022108916378,32.62619206207112,12.26008843566551,0.7830721263879595,0.2425,3.2291634077854003,0.5405721263879595
20,-3.68,22,12,2.4207555075583433e-15,0,0,0.14163259237217313,-0.07081629618608674,0.07081629618608638,0.07081629618608638,0.07081629618608638,0.01919650617539482,52.092812664095774,7.6786024701579265,0.7749264935693205,0.24,3.228860389872169,0.5349264935693205
20,-3.68,23,12,-6.811687942801032e-15,0,0,0.14697064881916105,-0.07348532440958044,0.07348532440958062,-0.07348532440958044,0.07348532440958044,0.02137915326580503,46.77453721235321,8.55166130632201,0.7379458903698871,0.2525,2.9225579816629192,0.4854458903698871
20,-3.68,24,12,2.593035552804284e-15,0,0,0.13026112310205765,-0.065130561551029,0.06513056155102864,0.06513056155102864,0.06513056155102864,0.027955760732226068,35.770802647028226,11.182304292890425,0.6911311935992474,0.2325,2.9726072842978377,0.4586311935992473
20,-3.68,25,12,-4.117051337672219e-15,0,0,0.10493841103990831,-0.052469205519954244,0.05246920551995407,0.05246920551995407,0.05246920551995407,0.02509788631568032,39.84399273397113,10.039154526272128,0.8136485986969235,0.245,3.3210146885588716,0.5686485986969235
20,-3.68,26,12,4.019867722405278e-16,0,0,0.16586338904205322,-0.08293169452102678,0.08293169452102646,0.08293169452102646,0.08293169452102646,0.02509362679419458,39.85075605856027,10.037450717677832,0.8053493781437004,0.255,3.1582328554654917,0.5503493781437004
20,-3.68,27,12,-2.2838149587731085e-15,0,0,0.16222646628820966,-0.0811132331441051,0.08111323314410457,0.08111323314410457,0.08111323314410457,0.027090266792267913,36.913626863409824,10.836106716907166,0.7585600593628621,0.2475,3.064889128738837,0.511060059362862
20,-3.68,28,12,2.1645441582182266e-15,0,0,0.14598482587761472,-0.0729924129388069,0.07299241293880782,-0.0729924129388069,0.0729924129388069,0.02295837534217434,43.55708908386947,9.183350136869738,0.7705450963044437,0.26,2.963634985786322,0.5105450963044437
20,-3.68,29,12,6.3169349923511516e-15,0,0,0.14483835103870946,-0.07241917551935527,0.07241917551935419,0.07241917551935419,0.07241917551935419,0.019577447428405767,51.07918198513748,7.830978971362307,0.7976886695454806,0.2275,3.5063238221779365,0.5701886695454805
20,-3.66,0,12,4.4174370575882175e-16,0,0,0.1449698341922892,-0.07248491709614459,0.0724849170961446,-0.07248491709614459,0.07248491709614459,0.02466267746162635,40.54709800085332,9.86507098465054,0.7563554308776975,0.24,3.1514809619904063,0.5163554308776975
20,-3.66,1,12,1.0023164683667666e-14,0,0,0.12716823019133275,-0.06358411509566658,0.06358411509566617,0.06358411509566617,0.06358411509566617,0.023835919080659088,41.953490302432634,9.534367632263635,0.7505591467112392,0.255,2.9433692027891736,0.49555914671123924
20,-3.66,2,12,2.3765811369824613e-15,0,0,0.13454006744332914,-0.06727003372166511,0.06727003372166404,0.06727003372166404,0.06727003372166404,0.02964439903191679,33.73318510938086,11.857759612766717,0.7491020078472808,0.26,2.8811615686433876,0.48910200784728075
20,-3.66,3,12,-2.252892899369991e-16,0,0,0.13476941105518847,-0.06738470552759475,0.06738470552759374,0.06738470552759374,0.06738470552759374,0.027865102102741957,35.887182336992005,11.146040841096783,0.7532778074627574,0.245,3.074603295766357,0.5082778074627574
20,-3.66,4,12,-8.097162126559203e-15,0,0,0.1361302208895678,-0.0680651104447841,0.06806511044478371,0.06806511044478371,0.06806511044478371,0.01892632477554019,52.83645989697745,7.5705299102160755,0.7834735792282597,0.2575,3.042615841663144,0.5259735792282596
20,-3.66,5,12,-4.68248328104351e-16,0,0,0.1229222303447974,-0.06146111517239899,0.06146111517239842,0.06146111517239842,0.06146111517239842,0.028711640821524515,34.829078777355036,11.484656328609805,0.7751012134601776,0.2575,3.0101017998453496,0.5176012134601775
20,-3.66,6,12,6.175577006508329e-15,0,0,0.1358547359249763,-0.06792736796248773,0.06792736796248856,-0.06792736796248773,0.06792736796248773,0.02045914970696491,48.877886633752425,8.183659882785964,0.7542962832399949,0.2275,3.3155880581977795,0.5267962832399948
20,-3.66,7,12,1.0248453973604666e-15,0,0,0.14073803898822784,-0.07036901949411457,0.07036901949411327,0.07036901949411327,0.07036901949411327,0.024435975120191168,40.92326969074835,9.774390048076466,0.781000606832316,0.2225,3.510115086886813,0.558500606832316
20,-3.66,8,12,-5.605727626079448e-15,0,0,0.1403816473590795,-0.07019082367953985,0.07019082367953965,0.07019082367953965,0.07019082367953965,0.029183451748538897,34.265994599150396,11.673380699415558,0.7741089847109743,0.235,3.2940807860041463,0.5391089847109743
20,-3.66,9,12,5.663154307828095e-15,0,0,0.13665811042238082,-0.06832905521119045,0.06832905521119037,0.06832905521119037,0.06832905521119037,0.02575314782087197,38.83020463966494,10.301259128348788,0.7246416950692454,0.23,3.150616065518458,0.4946416950692454
20,-3.66,10,12,-4.95636437861398e-15,0,0,0.11387992246850223,-0.05693996123425082,0.05693996123425142,-0.05693996123425082,0.05693996123425082,0.021400078168674216,46.728801274371804,8.560031267469686,0.8257402821444589,0.2625,3.1456772653122242,0.5632402821444589
20,-3.66,11,12,4.479281176394453e-15,0,0,0.12498000414499874,-0.062490002072498954,0.06249000207249979,-0.062490002072498954,0.062490002072498954,0.020520068800284244,48.732780076553546,8.208027520113697,0.8420255275298485,0.235,3.5830873511908448,0.6070255275298485
20,-3.66,12,12,2.942013080353753e-15,0,0,0.14556206638324803,-0.07278103319162328,0.07278103319162474,-0.07278103319162328,0.07278103319162328,0.03403574483143988,29.380876045241376,13.614297932575955,0.7628675251430562,0.255,2.991637353502181,0.5078675251430562
20,-3.66,13,12,-1.8994979347629337e-15,0,0,0.13603936768203848,-0.0680196838410192,0.06801968384101928,-0.0680196838410192,0.0680196838410192,0.022071899706101676,45.30647625784357,8.828759882440671,0.6938046158646152,0.23,3.0165418081070223,0.4638046158646152
20,-3.66,14,12,2.5002693745949314e-15,0,0,0.09076736667336072,-0.04538368333668019,0.04538368333668052,-0.04538368333668019,0.04538368333668019,0.02321557177576561,43.074536766046194,9.286228710306244,0.7950408230555364,0.2225,3.5732171822720735,0.5725408230555363
20,-3.66,15,12,4.8856853856925686e-15,0,0,0.09931908153195124,-0.04965954076597554,0.04965954076597569,-0.04965954076597554,0.04965954076597554,0.02079886336663779,48.07955042408904,8.319545346655117,0.8102287876286358,0.24,3.3759532817859825,0.5702287876286358
20,-3.66,16,12,1.501928599579994e-16,0,0,0.13992904968352363,-0.06996452484176073,0.0699645248417629,-0.06996452484176073,0.06996452484176073,0.018798442029240844,53.195897747510514,7.519376811696338,0.720016321457077,0.2675,2.69164979983954,0.45251632145707693
20,-3.66,17,12,-2.115952350584756e-15,0,0,0.12569638519950443,-0.06284819259975233,0.06284819259975212,0.06284819259975212,0.06284819259975212,0.02735608240969434,36.554941786753204,10.942432963877737,0.826895323212061,0.245,3.3750829518859637,0.581895323212061
20,-3.66,18,12,1.519598347810347e-15,0,0,0.1446984887704176,-0.0723492443852086,0.07234924438520901,-0.0723492443852086,0.0723492443852086,0.02138814218656612,46.754879001510446,8.555256874626448,0.7598097128915136,0.2475,3.069938233905105,0.5123097128915135
20,-3.66,19,12,-6.595233526979209e-15,0,0,0.1395675760273553,-0.06978378801367736,0.06978378801367793,-0.06978378801367736,0.06978378801367736,0.027069492340293013,36.941956185543134,10.827796936117204,0.7306725386535723,0.25,2.922690154614289,0.4806725386535723
20,-3.66,20,12,-1.4135798584282298e-15,0,0,0.11804780465948013,-0.05902390232974017,0.05902390232973996,0.05902390232973996,0.05902390232973996,0.018528406995288984,53.97118059066055,7.411362798115594,0.8154017847260278,0.24,3.397507436358449,0.5754017847260278
20,-3.66,21,12,6.736591512822032e-15,0,0,0.150853681432578,-0.07542684071628933,0.07542684071628865,0.07542684071628865,0.07542684071628865,0.02811703010564222,35.565633932274054,11.246812042256886,0.7996888539518809,0.2425,3.2976859956778597,0.557188853951881
20,-3.66,22,12,6.104898013586917e-15,0,0,0.12871192065963516,-0.06435596032981773,0.06435596032981743,0.06435596032981743,0.06435596032981743,0.019482759491575498,51.327431333965194,7.793103796630199,0.7783882628359621,0.24,3.243284428483175,0.5383882628359621
20,-3.66,23,12,2.3809985740400495e-15,0,0,0.13466266746423608,-0.06733133373211818,0.0673313337321179,0.0673313337321179,0.0673313337321179,0.021929249632829707,45.601195514821725,8.771699853131881,0.743631271513772,0.2525,2.9450743426288,0.49113127151377195
20,-3.66,24,12,1.0098261113646666e-14,0,0,0.11919376718519731,-0.059596883592598696,0.05959688359259862,0.05959688359259862,0.05959688359259862,0.028807160872615103,34.71359098600474,11.52286434904604,0.6962751654969751,0.2325,2.9947318946106454,0.46377516549697506
20,-3.66,25,12,9.011571597479964e-16,0,0,0.09421371246910376,-0.04710685623455223,0.04710685623455154,0.04710685623455154,0.04710685623455154,0.024169936192708137,41.373712864897485,9.667974477083254,0.8129034481332397,0.245,3.3179732576866927,0.5679034481332397
20,-3.66,26,12,-6.626155586382327e-17,0,0,0.1528761134761774,-0.07643805673808875,0.07643805673808866,0.07643805673808866,0.07643805673808866,0.025235634500264913,39.62650513065176,10.094253800105966,0.8076153471773442,0.255,3.1671190085386045,0.5526153471773442
20,-3.66,27,12,-8.622837136412201e-15,0,0,0.1502061428060904,-0.07510307140304497,0.07510307140304544,-0.07510307140304497,0.07510307140304497,0.027194849316583745,36.77166908919727,10.8779397266335,0.7672432994872403,0.2475,3.0999729272211733,0.5197432994872404
20,-3.66,28,12,-2.4649298781342257e-15,0,0,0.1334548745649779,-0.06672743728248896,0.06672743728248894,0.06672743728248894,0.06672743728248894,0.02202087086656659,45.41146469907601,8.808348346626637,0.7774554056892731,0.26,2.9902130988048965,0.5174554056892731
20,-3.66,29,12,5.300924469105861e-15,0,0,0.1315487778856966,-0.06577438894284854,0.06577438894284807,0.06577438894284807,0.06577438894284807,0.02106140081217416,47.48022265555899,8.424560324869663,0.8061610166873359,0.2275,3.543564908515762,0.5786610166873358
20,-3.64,0,12,-2.535608871055637e-15,0,0,0.13277759117507332,-0.06638879558753656,0.06638879558753674,-0.06638879558753656,0.06638879558753656,0.024198777878539964,41.32440096848127,9.679511151415985,0.7664743060024455,0.24,3.193642941676856,0.5264743060024455
20,-3.64,1,12,-4.284913945860571e-15,0,0,0.11564229809833859,-0.057821149049169,0.05782114904916959,-0.057821149049169,0.057821149049169,0.024821448657439186,40.28773718250695,9.928579462975675,0.7539146904946379,0.255,2.9565281980181877,0.4989146904946379
20,-3.64,2,12,-6.891201809837619e-16,0,0,0.1219944081488575,-0.06099720407442977,0.06099720407442773,0.06099720407442773,0.06099720407442773,0.0299077529934806,33.43614614638497,11.963101197392238,0.7527414566428718,0.26,2.8951594486264303,0.49274145664287183
20,-3.64,3,12,-1.846488690071875e-15,0,0,0.12267960606298892,-0.061339803031493674,0.06133980303149524,-0.061339803031493674,0.061339803031493674,0.027473378338724645,36.39887267123849,10.989351335489859,0.7567253131756859,0.245,3.088674747655861,0.5117253131756859
20,-3.64,4,12,7.0016377362773255e-15,0,0,0.12291810557110436,-0.06145905278555277,0.06145905278555159,0.06145905278555159,0.06145905278555159,0.01907469873273416,52.425467579411695,7.629879493093663,0.7854105191218336,0.2575,3.0501379383372176,0.5279105191218336
20,-3.64,5,12,-6.051888768895858e-16,0,0,0.11083021758948633,-0.05541510879474337,0.05541510879474296,0.05541510879474296,0.05541510879474296,0.02840572672190056,35.20416885616973,11.362290688760224,0.7780420564058863,0.2575,3.021522549149073,0.5205420564058862
20,-3.64,6,12,-1.890663060647757e-15,0,0,0.12317510565704254,-0.06158755282852173,0.06158755282852081,0.06158755282852081,0.06158755282852081,0.020734964375099064,48.227717294798694,8.293985750039624,0.7584978242634588,0.2275,3.3340563703888297,0.5309978242634588
20,-3.64,7,12,-2.191048780563756e-15,0,0,0.1273097209579864,-0.06365486047899302,0.06365486047899338,-0.06365486047899302,0.06365486047899302,0.025183591055271022,39.70839574885394,10.073436422108408,0.7952502738328534,0.2225,3.5741585340802398,0.5727502738328534
20,-3.64,8,12,-4.1082164635570424e-16,0,0,0.12785293535922027,-0.06392646767961063,0.06392646767960963,0.06392646767960963,0.06392646767960963,0.029283134804252958,34.14934933314463,11.713253921701183,0.7764257237508202,0.235,3.3039392500034905,0.5414257237508202
20,-3.64,9,12,2.8271597168564594e-16,0,0,0.12465191164311983,-0.06232595582155947,0.06232595582156036,-0.06232595582155947,0.06232595582155947,0.025407015664121756,39.35920744175158,10.162806265648703,0.7271749646485963,0.23,3.1616302810808534,0.49717496464859634
20,-3.64,10,12,-1.1220290126274073e-15,0,0,0.10097084154082532,-0.050485420770413264,0.05048542077041206,0.05048542077041206,0.05048542077041206,0.020965468982655562,47.697478211781764,8.386187593062225,0.8252220449931514,0.2625,3.143703028545339,0.5627220449931514
20,-3.64,11,12,1.3163962431612888e-15,0,0,0.11286959782077084,-0.05643479891038537,0.05643479891038547,-0.05643479891038537,0.05643479891038537,0.020057869174304927,49.85574446168225,8.02314766972197,0.8423756846682285,0.235,3.58457738156693,0.6073756846682286
20,-3.64,12,12,-1.6123645260196996e-15,0,0,0.1328639206739845,-0.06643196033699234,0.06643196033699218,0.06643196033699218,0.06643196033699218,0.03467414618212187,28.839931479426134,13.869658472848748,0.7658895498389608,0.255,3.003488430741023,0.5108895498389608
20,-3.64,13,12,6.81610537985862e-15,0,0,0.1246404518380609,-0.06232022591903045,0.06232022591903045,-0.06232022591903045,0.06232022591903045,0.02287422866858109,43.717321116648215,9.149691467432437,0.7058025683473274,0.23,3.0687068189014233,0.47580256834732737
20,-3.64,14,12,-3.913849233023161e-15,0,0,0.07744993933391614,-0.038724969666957966,0.03872496966695818,-0.038724969666957966,0.038724969666957966,0.022935658162166438,43.60023126127473,9.174263264866575,0.7954066198897772,0.2225,3.574861212987763,0.5729066198897772
20,-3.64,15,12,-4.090546715326689e-15,0,0,0.08952808352798668,-0.044764041763993234,0.04476404176399344,-0.044764041763993234,0.044764041763993234,0.01908305807902717,52.40250256844467,7.633223231610868,0.807542945897635,0.24,3.3647622745734793,0.567542945897635
20,-3.64,16,12,-4.8856853856925686e-15,0,0,0.12804985773785366,-0.06402492886892656,0.06402492886892708,-0.06402492886892656,0.06402492886892656,0.019130248691664634,52.273235759643654,7.652099476665853,0.7267838444872623,0.2675,2.7169489513542513,0.4592838444872623
20,-3.64,17,12,-2.9110910209506353e-15,0,0,0.11230447284631043,-0.05615223642315546,0.056152236423154964,0.056152236423154964,0.056152236423154964,0.02735428405097421,36.55734502634096,10.941713620389685,0.8287072471918256,0.245,3.382478559966635,0.5837072471918257
20,-3.64,18,12,2.721141227474342e-15,0,0,0.13201456607324852,-0.06600728303662437,0.06600728303662413,0.06600728303662413,0.06600728303662413,0.021374706517674313,46.78426808682122,8.549882607069726,0.7652331944729571,0.2475,3.0918512907998266,0.5177331944729571
20,-3.64,19,12,1.7758096971504636e-15,0,0,0.12762943075415284,-0.06381471537707616,0.0638147153770767,-0.06381471537707616,0.06381471537707616,0.027299758491956122,36.63036067863568,10.919903396782448,0.7339699854765993,0.25,2.9358799419063972,0.4839699854765993
20,-3.64,20,12,-4.2451570123422774e-15,0,0,0.10533262218473463,-0.052666311092367385,0.052666311092367246,0.052666311092367246,0.052666311092367246,0.018657464327666205,53.59785137132224,7.462985731066483,0.8137287969468987,0.24,3.3905366539454116,0.5737287969468987
20,-3.64,21,12,5.168401357378215e-16,0,0,0.13914716101219332,-0.0695735805060963,0.06957358050609704,-0.0695735805060963,0.0695735805060963,0.024652211872027617,40.56431143749338,9.860884748811047,0.813901421377548,0.2425,3.3562945211445276,0.571401421377548
20,-3.64,22,12,-4.744327399849746e-15,0,0,0.11566509408818988,-0.05783254704409559,0.05783254704409429,0.05783254704409429,0.05783254704409429,0.019763370745025436,50.59865611495986,7.905348298010174,0.7810864021271233,0.24,3.2545266755296804,0.5410864021271233
20,-3.64,23,12,-2.411920633443167e-15,0,0,0.12214753897227493,-0.06107376948613721,0.06107376948613773,-0.06107376948613721,0.06107376948613721,0.02248985548529325,44.46449203081488,8.9959421941173,0.7489881083172198,0.2525,2.9662895378899794,0.49648810831721985
20,-3.64,24,12,4.594134539891746e-16,0,0,0.10795440565494914,-0.05397720282747421,0.05397720282747493,-0.05397720282747421,0.05397720282747421,0.0296323883171463,33.74685797504099,11.85295532685852,0.7010872832345231,0.2325,3.0154291752022497,0.46858728323452303
20,-3.64,25,12,4.611804288122099e-15,0,0,0.08365641346968629,-0.04182820673484275,0.04182820673484354,-0.04182820673484275,0.04182820673484275,0.023118677645901278,43.255069140050516,9.247471058360512,0.8120782082631979,0.245,3.314604931686522,0.5670782082631979
20,-3.64,26,12,-6.091645702414152e-15,0,0,0.13980715341475114,-0.06990357670737576,0.06990357670737538,0.06990357670737538,0.06990357670737538,0.025305109452867847,39.51771091378027,10.122043781147138,0.8092144995987286,0.255,3.173390194504818,0.5542144995987286
20,-3.64,27,12,-3.595793764876809e-15,0,0,0.13794596896005645,-0.0689729844800279,0.06897298448002857,-0.0689729844800279,0.0689729844800279,0.027139846110934056,36.846192712829044,10.855938444373622,0.7750103200176033,0.2475,3.1313548283539525,0.5275103200176032
20,-3.64,28,12,-5.411360395545567e-15,0,0,0.12077632917327567,-0.060388164586637504,0.06038816458663817,-0.060388164586637504,0.060388164586637504,0.02119046452036455,47.191037225209286,8.47618580814582,0.7834107978320904,0.26,3.013118453200348,0.5234107978320904
20,-3.64,29,12,4.090546715326689e-15,0,0,0.11792763329890338,-0.05896381664945124,0.05896381664945214,-0.05896381664945124,0.05896381664945124,0.022462777501605226,44.518092205139745,8.985111000642089,0.8132350195720042,0.2275,3.574659426690128,0.5857350195720041
20,-3.62,0,12,-2.4207555075583433e-15,0,0,0.12036936814689973,-0.060184684073450116,0.06018468407344962,0.06018468407344962,0.06018468407344962,0.02392214376618291,41.80227364963968,9.568857506473163,0.7750754790241541,0.24,3.229481162600642,0.5350754790241541
20,-3.62,1,12,-6.626155586382327e-17,0,0,0.10402278137150613,-0.052011390685752834,0.05201139068575329,-0.052011390685752834,0.052011390685752834,0.025976812970586235,38.49586941755744,10.390725188234493,0.7576579452738288,0.255,2.9712076285248186,0.5026579452738288
20,-3.62,2,12,-5.464369640236625e-15,0,0,0.1093180490311583,-0.05465902451557925,0.054659024515579045,0.054659024515579045,0.054659024515579045,0.030134149128125773,33.18494229746304,12.05365965125031,0.7557662988000151,0.26,2.906793456923135,0.4957662988000151
20,-3.62,3,12,8.022065696580203e-15,0,0,0.11043884191749834,-0.05521942095874921,0.05521942095874913,0.05521942095874913,0.05521942095874913,0.027053348873766734,36.96400045207292,10.821339549506694,0.7599047206815689,0.245,3.101651921149261,0.5149047206815689
20,-3.62,4,12,2.310319581118638e-15,0,0,0.10958166379413392,-0.05479083189706696,0.05479083189706697,-0.05479083189706696,0.05479083189706696,0.019223672575437344,52.01919644000437,7.689469030174938,0.7871262506430078,0.2575,3.056800973370904,0.5296262506430078
20,-3.62,5,12,6.975133113931796e-15,0,0,0.09865100359221633,-0.04932550179610799,0.04932550179610834,-0.04932550179610799,0.04932550179610799,0.028044984842589687,35.656999125254636,11.217993937035875,0.7807872767058189,0.2575,3.032183598857549,0.523287276705819
20,-3.62,6,12,5.389273210257626e-15,0,0,0.11033030731889389,-0.05516515365944724,0.055165153659446645,0.055165153659446645,0.055165153659446645,0.02099814328945976,47.623258219309356,8.399257315783903,0.7620816784985252,0.2275,3.3498095758176927,0.5345816784985251
20,-3.62,7,12,-4.284913945860571e-15,0,0,0.11351627795037479,-0.056758138975187375,0.05675813897518742,-0.056758138975187375,0.056758138975187375,0.02641226155674165,37.86120313293479,10.56490462269666,0.8079845442389539,0.2225,3.631391210062714,0.5854845442389539
20,-3.62,8,12,6.926541306298325e-15,0,0,0.11531538851207233,-0.057657694256035896,0.05765769425603644,-0.057657694256035896,0.057657694256035896,0.029236869411046935,34.20338839773856,11.694747764418773,0.7785917690617077,0.235,3.313156464092373,0.5435917690617077
20,-3.62,9,12,-4.13913852296016e-15,0,0,0.11253336662711218,-0.056266683313555894,0.05626668331355628,-0.056266683313555894,0.056266683313555894,0.024995466380814995,40.00725510637159,9.998186552325999,0.7295673753541626,0.23,3.1720320667572284,0.4995673753541626
20,-3.62,10,12,1.8111491936111694e-15,0,0,0.08809555663585203,-0.044047778317925154,0.04404777831792688,-0.044047778317925154,0.044047778317925154,0.02049170186687703,48.800241507339564,8.196680746750811,0.8243499080574826,0.2625,3.1403806021237433,0.5618499080574826
20,-3.62,11,12,-4.903355133922921e-16,0,0,0.10087444712970375,-0.050437223564851544,0.05043722356485222,-0.050437223564851544,0.050437223564851544,0.01954897598360923,51.15357453190625,7.819590393443692,0.8417843815119103,0.235,3.582061197923023,0.6067843815119103
20,-3.62,12,12,-4.4925334875672175e-15,0,0,0.12000709863840717,-0.06000354931920318,0.060003549319203986,-0.06000354931920318,0.06000354931920318,0.03520307481403865,28.406609515859948,14.08122992561546,0.7686359304618012,0.255,3.014258550830593,0.5136359304618012
20,-3.62,13,12,4.276079071745395e-15,0,0,0.11291765443733144,-0.05645882721866593,0.05645882721866551,0.05645882721866551,0.05645882721866551,0.02355250473308413,42.458329223698364,9.421001893233651,0.7169498870134894,0.23,3.11717342179778,0.4869498870134894
20,-3.62,14,12,5.159566483263038e-15,0,0,0.06418024615769535,-0.03209012307884752,0.032090123078847836,-0.03209012307884752,0.03209012307884752,0.022518844826615425,44.407251246657296,9.00753793064617,0.7953283049186797,0.2225,3.5745092355895713,0.5728283049186796
20,-3.62,15,12,9.93923337957349e-16,0,0,0.07987387094331988,-0.03993693547165989,0.03993693547165998,-0.03993693547165989,0.03993693547165989,0.017517502977861886,57.08576166727479,7.007001191144755,0.8045123906387683,0.24,3.352134960994868,0.5645123906387683
20,-3.62,16,12,3.1761372444059287e-15,0,0,0.11594600185830875,-0.05797300092915422,0.05797300092915453,-0.05797300092915422,0.05797300092915422,0.019320842662580266,51.75757690614368,7.7283370650321075,0.7333331128313902,0.2675,2.741432197500524,0.46583311283139023
20,-3.62,17,12,-1.236882376124701e-15,0,0,0.09880233369686077,-0.049401166848430045,0.049401166848430725,-0.049401166848430045,0.049401166848430045,0.027309203818903706,36.617691479814944,10.923681527561481,0.8300241328453006,0.245,3.387853603450207,0.5850241328453006
20,-3.62,18,12,-1.541685533098288e-15,0,0,0.1191273782420831,-0.05956368912104169,0.05956368912104141,0.05956368912104141,0.05956368912104141,0.021441562344311375,46.638392480075424,8.576624937724551,0.7700924654464205,0.2475,3.111484708874426,0.5225924654464205
20,-3.62,19,12,-3.260068548500105e-15,0,0,0.11559995164710711,-0.05779997582355359,0.05779997582355352,0.05779997582355352,0.05779997582355352,0.027628797565041434,36.19411947428702,11.051519026016575,0.7378294701677018,0.25,2.9513178806708074,0.48782947016770184
20,-3.62,20,12,-3.2512336743849282e-15,0,0,0.09266868259476169,-0.04633434129738092,0.046334341297380774,0.046334341297380774,0.046334341297380774,0.0188971277731417,52.918094855731994,7.55885110925668,0.8116102424802357,0.24,3.381709343667649,0.5716102424802357
20,-3.62,21,12,7.849785651334264e-15,0,0,0.12712737134779456,-0.06356368567389743,0.06356368567389714,0.06356368567389714,0.06356368567389714,0.02179793496835407,45.875905284229255,8.719173987341627,0.8235269574393796,0.2425,3.395987453358267,0.5810269574393796
20,-3.62,22,12,-4.7354925257345694e-15,0,0,0.10250693710787762,-0.0512534685539388,0.051253468553938815,-0.0512534685539388,0.0512534685539388,0.02003884190298381,49.90308346367554,8.015536761193525,0.7831188195254617,0.24,3.2629950813560904,0.5431188195254617
20,-3.62,23,12,5.919365657168212e-16,0,0,0.10943382548973607,-0.054716912744868194,0.05471691274486788,0.05471691274486788,0.05471691274486788,0.023046008167879224,43.39146253509393,9.21840326715169,0.7538844983962375,0.2525,2.9856811817672773,0.5013844983962374
20,-3.62,24,12,-6.6614950828430326e-15,0,0,0.09654861827469072,-0.04827430913734485,0.048274309137345865,-0.04827430913734485,0.04827430913734485,0.030434434330147527,32.857518860123086,12.17377373205901,0.7055490053133091,0.2325,3.034619377691652,0.47304900531330907
20,-3.62,25,12,-2.2617277734851675e-15,0,0,0.07325799746811679,-0.03662899873405843,0.036628998734058366,0.036628998734058366,0.036628998734058366,0.021931040230411897,45.59747232661105,8.77241609216476,0.8112648054508356,0.245,3.311284920207492,0.5662648054508356
20,-3.62,26,12,1.4047449843130533e-15,0,0,0.12667111401020772,-0.06333555700510399,0.06333555700510374,0.06333555700510374,0.06333555700510374,0.025329858257871346,39.47909971779042,10.131943303148539,0.8102467161572217,0.255,3.17743810257734,0.5552467161572217
20,-3.62,27,12,-2.880168961547518e-15,0,0,0.12546566565089973,-0.06273283282544989,0.06273283282544985,0.06273283282544985,0.06273283282544985,0.026948241676010367,37.10817247457786,10.779296670404147,0.7818514030281549,0.2475,3.158995567790525,0.5343514030281549
20,-3.62,28,12,6.913288995125561e-15,0,0,0.10798351469247558,-0.05399175734623764,0.05399175734623794,-0.05399175734623764,0.05399175734623764,0.02054750986887445,48.66769775907537,8.21900394754978,0.7880593718458968,0.26,3.0309975840226797,0.5280593718458968
20,-3.62,29,12,-9.453315303238785e-16,0,0,0.10402419604848373,-0.052012098024241935,0.052012098024241796,0.052012098024241796,0.052012098024241796,0.023681058992002086,42.22784126071957,9.472423596800834,0.8189019728866814,0.2275,3.5995691115898083,0.5914019728866814
20,-3.6,0,12,2.1645441582182266e-15,0,0,0.1077842645247796,-0.05389213226238996,0.05389213226238963,0.05389213226238963,0.05389213226238963,0.02372516164931334,42.14934400790236,9.490064659725338,0.7822994659176,0.24,3.2595811079900003,0.5422994659176
20,-3.6,1,12,9.63884765965749e-15,0,0,0.09227687220814274,-0.04613843610407142,0.04613843610407131,0.04613843610407131,0.04613843610407131,0.02727552735521376,36.66290249778978,10.910210942085502,0.7619166543633163,0.255,2.9879084484835934,0.5069166543633163
20,-3.6,2,12,3.754821498949985e-15,0,0,0.09652706758290147,-0.04826353379144962,0.04826353379145185,-0.04826353379144962,0.04826353379144962,0.030335286731077757,32.96491010172403,12.134114692431105,0.7582075608683392,0.26,2.916182926416689,0.49820756086833917
20,-3.6,3,12,-5.168401357378215e-16,0,0,0.09804719836595448,-0.0490235991829773,0.049023599182977176,0.049023599182977176,0.049023599182977176,0.026639163027135836,37.53871692520352,10.655665210854334,0.7627789108597192,0.245,3.113383309631507,0.5177789108597192
20,-3.6,4,12,6.670329956958208e-16,0,0,0.09612606194495356,-0.04806303097247705,0.04806303097247651,0.04806303097247651,0.04806303097247651,0.01937504149611795,51.612792684875714,7.75001659844718,0.7886245970534173,0.2575,3.062619794382203,0.5311245970534173
20,-3.6,5,12,1.3914926731402886e-15,0,0,0.08637679652624505,-0.043188398263121895,0.04318839826312315,-0.043188398263121895,0.043188398263121895,0.027623662928689455,36.20084717155368,11.049465171475783,0.7833086343461845,0.2575,3.0419752790143084,0.5258086343461845
20,-3.6,6,12,-2.8359945909716358e-15,0,0,0.09733538734988162,-0.048667693674940976,0.04866769367494064,0.04866769367494064,0.04866769367494064,0.02122179131228217,47.12137563153056,8.488716524912867,0.765071475205226,0.2275,3.3629515393636304,0.537571475205226
20,-3.6,7,12,4.1523908341329246e-15,0,0,0.09941708722627585,-0.04970854361313788,0.049708543613137965,-0.04970854361313788,0.04970854361313788,0.027820703767824893,35.94445375449189,11.128281507129959,0.8187238894871068,0.2225,3.6796579302791317,0.5962238894871068
20,-3.6,8,12,1.2854741837581714e-15,0,0,0.10281270985461999,-0.05140635492730956,0.05140635492731043,-0.05140635492730956,0.05140635492730956,0.028999104255573258,34.48382374803224,11.599641702229304,0.7806462060363945,0.235,3.3218987490910403,0.5456462060363945
20,-3.6,9,12,3.993363100059749e-15,0,0,0.10031279209803107,-0.05015639604901517,0.0501563960490159,-0.05015639604901517,0.05015639604901517,0.024563821936903547,40.71027719418721,9.825528774761418,0.731795818321428,0.23,3.1817209492236,0.501795818321428
20,-3.6,10,12,-4.417437057588218e-18,0,0,0.07527637990926547,-0.037638189954632535,0.03763818995463293,-0.037638189954632535,0.037638189954632535,0.019973682956939815,50.06587929506271,7.989473182775926,0.8230431817817904,0.2625,3.135402597263963,0.5605431817817903
20,-3.6,11,12,1.8553235641870513e-15,0,0,0.08902794640793689,-0.0445139732039683,0.04451397320396859,-0.0445139732039683,0.0445139732039683,0.019023334276366714,52.567020348390315,7.609333710546685,0.8402195396579659,0.235,3.5754022964168763,0.6052195396579659
20,-3.6,12,12,-3.4456009049188097e-15,0,0,0.10700552487599005,-0.0535027624379945,0.053502762437995545,-0.0535027624379945,0.0535027624379945,0.03565255832532429,28.048478060821015,14.261023330129717,0.771102105427964,0.255,3.023929825207702,0.516102105427964
20,-3.6,13,12,4.178895456478454e-15,0,0,0.10089716247224234,-0.05044858123612148,0.05044858123612086,0.05044858123612086,0.05044858123612086,0.02411578446628634,41.466617078038304,9.646313786514536,0.7269056096542154,0.23,3.160459172409632,0.4969056096542154
20,-3.6,14,12,-7.951386703658792e-17,0,0,0.05099307435154056,-0.025496537175770873,0.025496537175769683,0.025496537175769683,0.025496537175769683,0.0219551637885653,45.54737143527121,8.782065515426119,0.7948200285826145,0.2225,3.572224847562312,0.5723200285826144
20,-3.6,15,12,-3.728316876604456e-15,0,0,0.07027400870460854,-0.03513700435230444,0.03513700435230409,0.03513700435230409,0.03513700435230409,0.01629417712592075,61.37161712874728,6.5176708503683,0.8012738830255388,0.24,3.3386411792730786,0.5612738830255388
20,-3.6,16,12,-2.4075031963855786e-15,0,0,0.1036151553288971,-0.05180757766444859,0.05180757766444852,0.05180757766444852,0.05180757766444852,0.01937615342123384,51.609830819368156,7.750461368493536,0.7396894772059541,0.2675,2.765194307311978,0.4721894772059541
20,-3.6,17,12,-7.863037962507028e-16,0,0,0.085200303736465,-0.04260015186823279,0.042600151868232225,0.042600151868232225,0.042600151868232225,0.02723096544531236,36.72289923059426,10.892386178124944,0.8308859491242663,0.245,3.3913712209153726,0.5858859491242663
20,-3.6,18,12,-8.075074941271262e-15,0,0,0.1060484344958368,-0.05302421724791878,0.05302421724791802,0.05302421724791802,0.05302421724791802,0.021566828943257614,46.36750273445404,8.626731577303046,0.7744019366025072,0.2475,3.1288967135454837,0.5269019366025072
20,-3.6,19,12,1.0248453973604666e-15,0,0,0.10346891744064926,-0.051734458720323825,0.051734458720325435,-0.051734458720323825,0.051734458720323825,0.02789225108773328,35.85225146778453,11.156900435093311,0.7427894951465794,0.25,2.9711579805863177,0.49278949514657944
20,-3.6,20,12,-2.6195401751498133e-15,0,0,0.08005286684377927,-0.040026433421889766,0.0400264334218895,0.0400264334218895,0.0400264334218895,0.019280584696682545,51.86564700872697,7.712233878673018,0.8091147231527847,0.24,3.3713113464699362,0.5691147231527847
20,-3.6,21,12,7.368285012057148e-15,0,0,0.11479969141856325,-0.057399845709281805,0.05739984570928145,0.05739984570928145,0.05739984570928145,0.020784466602424778,48.11285365790128,8.313786640969912,0.8272109890551963,0.2425,3.411179336310088,0.5847109890551963
20,-3.6,22,12,-3.648803009567868e-15,0,0,0.08925063973594535,-0.04462531986797247,0.04462531986797288,-0.04462531986797247,0.04462531986797247,0.02031155255936541,49.23306562003366,8.124621023746165,0.7845554392952947,0.24,3.268980997063728,0.5445554392952947
20,-3.6,23,12,1.8553235641870515e-16,0,0,0.09653373476811214,-0.048266867384056,0.04826686738405613,-0.048266867384056,0.048266867384056,0.023579900212941915,42.40900050336712,9.431960085176765,0.7581965174597456,0.2525,3.0027584849890916,0.5056965174597456
20,-3.6,24,12,-2.5267739969404605e-15,0,0,0.08498273131620183,-0.04249136565810081,0.04249136565810102,-0.04249136565810081,0.04249136565810081,0.031218667563768187,32.032116616039744,12.487467025507275,0.7096267657043683,0.2325,3.052158132061799,0.4771267657043683
20,-3.6,25,12,-9.802292830788256e-15,0,0,0.06299265117947547,-0.03149632558973792,0.03149632558973756,0.03149632558973756,0.03149632558973756,0.020600083910113615,48.543491587869205,8.240033564045445,0.8105970249265821,0.245,3.308559285414621,0.5655970249265821
20,-3.6,26,12,2.4295903816735195e-16,0,0,0.11348262316096741,-0.0567413115804838,0.05674131158048361,0.05674131158048361,0.05674131158048361,0.025333386051794127,39.4736020662812,10.133354420717652,0.8107667215895185,0.255,3.179477339566739,0.5557667215895185
20,-3.6,27,12,5.3716034620272725e-15,0,0,0.11278645459013609,-0.05639322729506833,0.05639322729506775,0.05639322729506775,0.05639322729506775,0.026640836564755254,37.536358798993554,10.656334625902101,0.7877562100283249,0.2475,3.1828533738518177,0.5402562100283248
20,-3.6,28,12,8.543323269375614e-15,0,0,0.09511698767551968,-0.04755849383775974,0.047558493837759945,-0.04755849383775974,0.04755849383775974,0.020083002165115223,49.79335219796122,8.033200866046089,0.7913007829480075,0.26,3.043464549800029,0.5313007829480075
20,-3.6,29,12,-5.300924469105861e-15,0,0,0.0898910766796049,-0.044945538339802575,0.044945538339802325,0.044945538339802325,0.044945538339802325,0.024650861122047483,40.56653416888589,9.860344448818992,0.8232167132425723,0.2275,3.618535003264054,0.5957167132425722
20,-3.58,0,12,8.101579563616791e-15,0,0,0.09506277976449991,-0.047531389882249565,0.04753138988225034,-0.047531389882249565,0.047531389882249565,0.02352635558824467,42.505520935833616,9.410542235297868,0.7883890695210554,0.24,3.2849544563377306,0.5483890695210554
20,-3.58,1,12,-4.368845249954747e-15,0,0,0.08035769245933042,-0.04017884622966546,0.040178846229664965,0.040178846229664965,0.040178846229664965,0.028632369637071827,34.92550608543582,11.45294785482873,0.7667595754250619,0.255,3.0069002957845563,0.5117595754250619
20,-3.58,2,12,4.333505753494041e-15,0,0,0.08363733938337369,-0.04181866969168717,0.041818669691686516,0.041818669691686516,0.041818669691686516,0.030523904016989886,32.76120903287439,12.209561606795955,0.7600930479559042,0.26,2.9234347998304004,0.5000930479559041
20,-3.58,3,12,-3.2203116149818106e-15,0,0,0.08550612975868599,-0.042753064879342745,0.04275306487934324,-0.042753064879342745,0.042753064879342745,0.026263558956756576,38.07557085642955,10.505423582702631,0.7653036487948325,0.245,3.1236883624278877,0.5203036487948325
20,-3.58,4,12,-2.738810975704695e-16,0,0,0.08255653834700503,-0.04127826917350244,0.041278269173502594,-0.04127826917350244,0.04127826917350244,0.019530854638613513,51.20103643713308,7.812341855445405,0.7899070956690989,0.2575,3.067600371530481,0.5324070956690989
20,-3.58,5,12,5.720580989576742e-15,0,0,0.07399565472059738,-0.036997827360298906,0.03699782736029847,0.03699782736029847,0.03699782736029847,0.02715247565584589,36.829054288635426,10.860990262338357,0.7855590521093524,0.2575,3.050714765473213,0.5280590521093524
20,-3.58,6,12,-2.3456590775793437e-15,0,0,0.08420514612403712,-0.04210257306201844,0.04210257306201867,-0.04210257306201844,0.04210257306201844,0.021386973321133575,46.757434302863615,8.55478932845343,0.7674944297440649,0.2275,3.3736018889849007,0.5399944297440649
20,-3.58,7,12,-4.4616114281641e-15,0,0,0.08508330904032771,-0.042541654520164264,0.04254165452016345,0.04254165452016345,0.04254165452016345,0.02914741899955728,34.30835505590355,11.658967599822912,0.8273314423649506,0.2225,3.7183435611907893,0.6048314423649506
20,-3.58,8,12,3.984528225944572e-15,0,0,0.09040610719238693,-0.04520305359619306,0.04520305359619386,-0.04520305359619306,0.04520305359619306,0.028501377026299353,35.086024056916976,11.400550810519741,0.7826366047585327,0.235,3.330368530887373,0.5476366047585327
20,-3.58,9,12,-3.260068548500105e-15,0,0,0.08800488629606923,-0.04400244314803445,0.04400244314803479,-0.04400244314803445,0.04400244314803445,0.02415192622677885,41.40456502766365,9.66077049071154,0.7338443051400718,0.23,3.190627413652486,0.5038443051400718
20,-3.58,10,12,1.33848342844923e-15,0,0,0.06253947997698775,-0.03126973998849394,0.031269739988493805,0.031269739988493805,0.031269739988493805,0.019406273396663534,51.52972853468751,7.7625093586654135,0.8211888944746679,0.2625,3.1283386456177826,0.558688894474668
20,-3.58,11,12,-1.457754229004112e-15,0,0,0.07736296480780824,-0.03868148240390318,0.03868148240390507,-0.03868148240390318,0.03868148240390318,0.0185170755204347,54.004208110316355,7.40683020817388,0.8376122656325242,0.235,3.5643075133298905,0.6026122656325242
20,-3.58,12,12,3.273320859672869e-15,0,0,0.09387379892443869,-0.04693689946221939,0.046936899462219295,0.046936899462219295,0.046936899462219295,0.03604327199336893,27.744428979255137,14.417308797347573,0.773286702016321,0.255,3.0324968706522393,0.518286702016321
20,-3.58,13,12,5.296507032048273e-15,0,0,0.08861328850186498,-0.04430664425093239,0.04430664425093259,-0.04430664425093239,0.04430664425093239,0.024582634214364258,40.67912296460379,9.833053685745703,0.7354359600447289,0.23,3.197547652368386,0.5054359600447289
20,-3.58,14,12,7.173917781523266e-15,0,0,0.037929717576231724,-0.018964858788115747,0.018964858788115976,-0.018964858788115747,0.018964858788115747,0.0212303640871202,47.102348122549095,8.49214563484808,0.7938966958512028,0.2225,3.5680750375334958,0.5713966958512028
20,-3.58,15,12,-4.523455546970335e-15,0,0,0.060619988616843895,-0.030309994308422086,0.03030999430842181,0.03030999430842181,0.03030999430842181,0.015634144316309398,63.96256678766928,6.253657726523759,0.7980023603667404,0.24,3.3250098348614188,0.5580023603667404
20,-3.58,16,12,-8.936475167500964e-15,0,0,0.09105554662353244,-0.04552777331176666,0.045527773311765767,0.045527773311765767,0.045527773311765767,0.019319337588665258,51.761609082637726,7.727735035466104,0.745771371835095,0.2675,2.787930362000355,0.478271371835095
20,-3.58,17,12,8.25177242357479e-15,0,0,0.07150837914440356,-0.03575418957220215,0.03575418957220141,0.03575418957220141,0.03575418957220141,0.02712733350110133,36.86318819206471,10.850933400440532,0.8313180806326733,0.245,3.3931350229905033,0.5863180806326733
20,-3.58,18,12,-1.3959101101978769e-15,0,0,0.09278899317781977,-0.04639449658890949,0.04639449658891029,-0.04639449658890949,0.04639449658890949,0.021734681579911104,46.009415703806695,8.69387263196444,0.7781836935949554,0.2475,3.1441765397775976,0.5306836935949555
20,-3.58,19,12,-6.802853068685855e-16,0,0,0.09122029945537204,-0.04561014972768551,0.045610149727686525,-0.04561014972768551,0.04561014972768551,0.027829221832172426,35.93345175192551,11.13168873286897,0.7490836690305163,0.25,2.996334676122065,0.49908366903051626
20,-3.58,20,12,-4.055207218865984e-15,0,0,0.06747670137064551,-0.0337383506853224,0.03373835068532312,-0.0337383506853224,0.0337383506853224,0.01983163470856507,50.42448666967987,7.932653883426028,0.8063117983898582,0.24,3.359632493291076,0.5663117983898582
20,-3.58,21,12,2.915508458008224e-15,0,0,0.10224856249883305,-0.05112428124941692,0.05112428124941613,0.05112428124941613,0.05112428124941613,0.02105546233604087,47.49361396298047,8.422184934416348,0.8262344711254881,0.2425,3.4071524582494357,0.5837344711254882
20,-3.58,22,12,-3.242398800269752e-15,0,0,0.07590824940739663,-0.03795412470369897,0.03795412470369766,0.03795412470369766,0.03795412470369766,0.02058498421525391,48.579099674945525,8.233993686101563,0.7854464878799335,0.24,3.2726936994997233,0.5454464878799336
20,-3.58,23,12,4.134721085902572e-15,0,0,0.08346258742744889,-0.04173129371372468,0.04173129371372421,0.04173129371372421,0.04173129371372421,0.02407562364737611,41.535788008921855,9.630249458950445,0.7618275038494048,0.2525,3.0171386291065536,0.5093275038494047
20,-3.58,24,12,-3.4544357790339863e-15,0,0,0.07326433247879195,-0.03663216623939618,0.036632166239395775,0.036632166239395775,0.036632166239395775,0.03199335105166094,31.256494463029522,12.797340420664378,0.7132733473792229,0.2325,3.067842354319238,0.48077334737922284
20,-3.58,25,12,1.7758096971504636e-15,0,0,0.052808248474791236,-0.026404124237395597,0.026404124237395642,-0.026404124237395597,0.026404124237395597,0.019150325725678558,52.21843295642256,7.6601302902714234,0.8102583677903762,0.245,3.3071770113892907,0.5652583677903762
20,-3.58,26,12,3.7018122542589264e-15,0,0,0.10025703781148715,-0.05012851890574352,0.05012851890574363,-0.05012851890574352,0.05012851890574352,0.025336000830459407,39.46952822948212,10.134400332183763,0.8107999998554732,0.255,3.1796078425704835,0.5557999998554732
20,-3.58,27,12,-4.143555960017748e-15,0,0,0.09993109152070376,-0.049965545760352385,0.04996554576035138,0.04996554576035138,0.04996554576035138,0.0262344435206322,38.11782777910061,10.49377740825288,0.7927156639351634,0.2475,3.2028915714552055,0.5452156639351633
20,-3.58,28,12,4.33792319055163e-15,0,0,0.0822197515010385,-0.04110987575051904,0.041109875750519456,-0.04110987575051904,0.04110987575051904,0.019748184022657295,50.637567426589186,7.899273609062918,0.7931819873774887,0.26,3.0506999514518793,0.5331819873774887
20,-3.58,29,12,1.5107634736951705e-15,0,0,0.07558159710763376,-0.037790798553816875,0.03779079855381689,-0.037790798553816875,0.037790798553816875,0.025336744290480512,39.46837006898785,10.134697716192205,0.826244581529614,0.2275,3.6318443144158854,0.598744581529614
20,-3.56,0,12,-3.975693351829396e-15,0,0,0.08224729869486098,-0.04112364934743033,0.04112364934743065,-0.04112364934743033,0.04112364934743033,0.02327415136789398,42.9661208347846,9.309660547157591,0.7936119803264909,0.24,3.3067165846937123,0.553611980326491
20,-3.56,1,12,3.737151750719632e-15,0,0,0.06820915528419158,-0.03410457764209589,0.034104577642095686,0.034104577642095686,0.034104577642095686,0.029906983947923,33.43700594286936,11.9627935791692,0.7721211541790294,0.255,3.027926094819723,0.5171211541790294
20,-3.56,2,12,-9.338461939741492e-15,0,0,0.07066474130375848,-0.03533237065187903,0.03533237065187945,-0.03533237065187903,0.03533237065187903,0.030714401236541518,32.55801707800446,12.285760494616607,0.7614460636395356,0.26,2.928638706305906,0.5014460636395356
20,-3.56,3,12,-4.4969509246248056e-15,0,0,0.07281891163275098,-0.03640945581637584,0.03640945581637514,0.03640945581637514,0.03640945581637514,0.02595548904364228,38.52749598817315,10.382195617456912,0.7674305097744557,0.245,3.13236942765084,0.5224305097744557
20,-3.56,4,12,-5.47762195140939e-16,0,0,0.06887847040501213,-0.03443923520250641,0.034439235202505726,0.034439235202505726,0.034439235202505726,0.019693504098296927,50.77816497301153,7.877401639318771,0.7909733231493397,0.2575,3.0717410607741344,0.5334733231493396
20,-3.56,5,12,-3.7989958695258673e-16,0,0,0.06149268764632921,-0.0307463438231642,0.03074634382316501,-0.0307463438231642,0.0307463438231642,0.02666972437651227,37.49570058851785,10.667889750604909,0.7874711720858038,0.2575,3.058140474119626,0.5299711720858038
20,-3.56,6,12,4.3909324352426884e-15,0,0,0.07095402395294781,-0.03547701197647373,0.03547701197647407,-0.03547701197647373,0.03547701197647373,0.021481881310366286,46.55085769966714,8.592752524146514,0.76937693219827,0.2275,3.38187662504734,0.5418769321982699
20,-3.56,7,12,5.35393371379692e-15,0,0,0.0705918105037959,-0.035295905251897415,0.035295905251898484,-0.035295905251897415,0.035295905251897415,0.030211259139144027,33.100242376337214,12.08450365565761,0.8338693706825474,0.2225,3.7477275086856063,0.6113693706825474
20,-3.56,8,12,1.3517357396219945e-15,0,0,0.07818487712709396,-0.03909243856354706,0.03909243856354689,0.03909243856354689,0.03909243856354689,0.027641005814086145,36.178133557295865,11.056402325634458,0.7846298847929774,0.235,3.3388505735871377,0.5496298847929774
20,-3.56,9,12,-2.005516424145051e-15,0,0,0.07563080515615414,-0.037815402578077285,0.03781540257807686,0.03781540257807686,0.03781540257807686,0.0237819057798187,42.0487747810606,9.512762311927482,0.7357111895674575,0.23,3.1987443024672064,0.5057111895674575
20,-3.56,10,12,-8.834874115176436e-18,0,0,0.04991445409385457,-0.024957227046927138,0.02495722704692743,-0.024957227046927138,0.024957227046927138,0.01878841846387362,53.22427760073582,7.515367385549449,0.8186357390105393,0.2625,3.1186123390877687,0.5561357390105393
20,-3.56,11,12,2.6504622345529306e-17,0,0,0.06590944850138544,-0.03295472425069256,0.03295472425069288,-0.03295472425069256,0.03295472425069256,0.01807251980076114,55.33262716125972,7.229007920304456,0.8338630913311263,0.235,3.548353580132453,0.5988630913311264
20,-3.56,12,12,4.368845249954747e-15,0,0,0.08062778846972152,-0.040313894234860766,0.04031389423486075,0.04031389423486075,0.04031389423486075,0.036386321728152406,27.48285488901978,14.554528691260963,0.7751898002337172,0.255,3.039960000916538,0.5201898002337172
20,-3.56,13,12,1.4312496066585826e-15,0,0,0.07610548929792244,-0.03805274464896131,0.038052744648961134,0.038052744648961134,0.038052744648961134,0.02497302947856847,40.04319943874599,9.989211791427389,0.7424274121186358,0.23,3.227945270081025,0.5124274121186358
20,-3.56,14,12,-1.3826577990251122e-15,0,0,0.02504109498724378,-0.012520547493621503,0.012520547493622275,-0.012520547493621503,0.012520547493621503,0.020324300349407787,49.20218569930444,8.129720139763116,0.792577934226833,0.2225,3.5621480189970023,0.570077934226833
20,-3.56,15,12,2.897838709777871e-15,0,0,0.0507913049490787,-0.025395652474539815,0.02539565247453888,0.02539565247453888,0.02539565247453888,0.01571915612161447,63.61664661024391,6.287662448645788,0.7948784202854173,0.24,3.3119934178559056,0.5548784202854173
20,-3.56,16,12,4.183312893536042e-15,0,0,0.07827060165481012,-0.03913530082740454,0.039135300827405586,-0.03913530082740454,0.03913530082740454,0.019191753805010377,52.1057121803496,7.67670152200415,0.7513742895350407,0.2675,2.808875848729124,0.4838742895350407
20,-3.56,17,12,4.276079071745395e-15,0,0,0.057736579034057975,-0.028868289517029286,0.02886828951702869,0.02886828951702869,0.02886828951702869,0.02700413639807616,37.03136383473616,10.801654559230464,0.8313322279494668,0.245,3.3931927671406807,0.5863322279494668
20,-3.56,18,12,2.1822139064485795e-15,0,0,0.07936001046241109,-0.0396800052312056,0.03968000523120549,0.03968000523120549,0.03968000523120549,0.02193349725693111,45.59236442259541,8.773398902772445,0.7814598676212683,0.2475,3.157413606550579,0.5339598676212682
20,-3.56,19,12,7.827698466046321e-15,0,0,0.07884688926003633,-0.03942344463001761,0.03942344463001871,-0.03942344463001761,0.03942344463001761,0.027342095313676994,36.57364179766364,10.936838125470798,0.7561518236174042,0.25,3.0246072944696167,0.5061518236174042
20,-3.56,20,12,1.3738229249099357e-15,0,0,0.05492702291883826,-0.027463511459419474,0.027463511459418784,0.027463511459418784,0.027463511459418784,0.020559535415843416,48.63923137238736,8.223814166337366,0.8032713660846791,0.24,3.3469640253528294,0.5632713660846791
20,-3.56,21,12,4.417437057588218e-15,0,0,0.08960081283634563,-0.04480040641817358,0.044800406418172053,0.044800406418172053,0.044800406418172053,0.021626887413762782,46.238738884062734,8.650754965505113,0.8226006989085596,0.2425,3.392167830550761,0.5801006989085595
20,-3.56,22,12,-3.04803156973587e-15,0,0,0.06249103927854338,-0.03124551963927071,0.031245519639272672,-0.03124551963927071,0.03124551963927071,0.020863331907160533,47.93098266613822,8.345332762864214,0.7858276993333306,0.24,3.2742820805555444,0.5458276993333306
20,-3.56,23,12,-2.217553402909285e-15,0,0,0.0702379063322667,-0.03511895316613382,0.03511895316613289,0.03511895316613289,0.03511895316613289,0.024522145635631494,40.7794658289186,9.808858254252597,0.7647167147124636,0.2525,3.0285810483661924,0.5122167147124637
20,-3.56,24,12,-5.053547993880921e-15,0,0,0.061402724877132,-0.03070136243856651,0.030701362438565492,0.030701362438565492,0.030701362438565492,0.03276980786506968,30.51589451233646,13.107923146027872,0.7164312735477473,0.2325,3.081424832463429,0.48393127354774723
20,-3.56,25,12,-2.460512441076637e-15,0,0,0.04261607023811986,-0.02130803511905997,0.021308035119059893,0.021308035119059893,0.021308035119059893,0.01769357427757408,56.51769305128254,7.077429711029631,0.8104651056445871,0.245,3.3080208393656614,0.5654651056445871
20,-3.56,26,12,-6.736591512822032e-15,0,0,0.08701100650825559,-0.04350550325412832,0.043505503254127276,0.043505503254127276,0.043505503254127276,0.025354243952957118,39.44112874576045,10.141697581182846,0.8103512862351475,0.255,3.177848181314304,0.5553512862351475
20,-3.56,27,12,-3.4632706531491626e-15,0,0,0.08692384260902142,-0.04346192130451049,0.04346192130451094,-0.04346192130451049,0.04346192130451049,0.025740867605663534,38.848729394807926,10.296347042265413,0.7967215515370966,0.2475,3.219076975907461,0.5492215515370966
20,-3.56,28,12,5.521796321985272e-15,0,0,0.06933555230104683,-0.034667776150523376,0.03466777615052346,-0.034667776150523376,0.034667776150523376,0.019493457773906604,51.299262121601224,7.797383109562642,0.7937905319316338,0.26,3.053040507429361,0.5337905319316338
20,-3.56,29,12,-6.193246754738681e-15,0,0,0.061149095457697866,-0.030574547728849058,0.030574547728848805,0.030574547728848805,0.030574547728848805,0.02572623239838484,38.87082976296143,10.290492959353937,0.8280286617960857,0.2275,3.6396864254773,0.6005286617960857
20,-3.54,0,12,-2.659297108668107e-15,0,0,0.069384377806451,-0.03469218890322558,0.03469218890322542,0.03469218890322542,0.03469218890322542,0.02293941337515005,43.59309384446972,9.175765350060018,0.7982297293360431,0.24,3.3259572055668465,0.5582297293360431
20,-3.54,1,12,-4.505785798739982e-15,0,0,0.05577765238759345,-0.02788882619379689,0.027888826193796557,0.027888826193796557,0.027888826193796557,0.03095591332142678,32.304005687592785,12.382365328570712,0.7777490737848518,0.255,3.0499963677837325,0.5227490737848518
20,-3.54,2,12,6.626155586382326e-16,0,0,0.05762534504545826,-0.02881267252272874,0.028812672522729517,-0.02881267252272874,0.02881267252272874,0.03092366054245304,32.33769813981648,12.369464216981216,0.7622853314232501,0.26,2.9318666593201925,0.50228533142325
20,-3.54,3,12,-7.730514850779381e-16,0,0,0.059990970573412086,-0.02999548528670618,0.02999548528670591,0.02999548528670591,0.02999548528670591,0.025738190797873123,38.85276971692335,10.295276319149249,0.7691099273067573,0.245,3.1392241930888054,0.5241099273067573
20,-3.54,4,12,1.7228004524594049e-15,0,0,0.05509743872490819,-0.027548719362454347,0.02754871936245384,0.02754871936245384,0.02754871936245384,0.01986581440736672,50.33772990596228,7.946325762946688,0.7918211049533255,0.2575,3.0750334172944678,0.5343211049533254
20,-3.54,5,12,2.6902191680712247e-15,0,0,0.04885270524401662,-0.024426352622008766,0.024426352622007853,0.024426352622007853,0.024426352622007853,0.026245334828025237,38.10200961628358,10.498133931210095,0.7889597877743711,0.2575,3.063921505919888,0.5314597877743712
20,-3.54,6,12,-1.9525071794539923e-15,0,0,0.05759606664719212,-0.02879803332359667,0.028798033323595453,0.028798033323595453,0.028798033323595453,0.0215013054669101,46.508803920718755,8.600522186764039,0.7707412249593025,0.2275,3.3878735163046265,0.5432412249593025
20,-3.54,7,12,-6.891201809837619e-16,0,0,0.056023537474936054,-0.0280117687374681,0.028011768737467954,0.028011768737467954,0.028011768737467954,0.030899546862413852,32.36293413792414,12.35981874496554,0.8384646385060724,0.2225,3.768380397780101,0.6159646385060724
20,-3.54,8,12,1.5902773407317583e-16,0,0,0.06628422996722341,-0.03314211498361197,0.03314211498361144,0.03314211498361144,0.03314211498361144,0.026267665422336252,38.069618442363264,10.5070661689345,0.786732056400622,0.235,3.3477959846834984,0.5517320564006221
20,-3.54,9,12,-9.983407750149373e-16,0,0,0.06322197338977298,-0.031610986694886344,0.031610986694886635,-0.031610986694886344,0.031610986694886344,0.02344873603115648,42.64622189747429,9.379494412462591,0.7374178052805513,0.23,3.2061643707850056,0.5074178052805514
20,-3.54,10,12,1.5902773407317584e-15,0,0,0.03743198527273987,-0.018715992636370245,0.018715992636369628,0.018715992636369628,0.018715992636369628,0.018133257707679144,55.1472888170842,7.253303083071659,0.8151967526041489,0.2625,3.105511438491996,0.5526967526041489
20,-3.54,11,12,1.9525071794539923e-15,0,0,0.05468970254432198,-0.027344851272161075,0.027344851272160912,0.027344851272160912,0.027344851272160912,0.01773563818063749,56.38364911456804,7.094255272254996,0.8288610348230135,0.235,3.5270682332894197,0.5938610348230136
20,-3.54,12,12,-8.499148898799731e-15,0,0,0.06728560996381583,-0.033642804981907394,0.03364280498190844,-0.033642804981907394,0.033642804981907394,0.036682823417491364,27.260715147765122,14.673129366996545,0.7768116444299638,0.255,3.046320174235152,0.5218116444299638
20,-3.54,13,12,-1.6145732445484935e-14,0,0,0.06341552320870633,-0.03170776160435341,0.03170776160435292,0.03170776160435292,0.03170776160435292,0.025302647291300117,39.52155632125627,10.121058916520047,0.7478659125016504,0.23,3.2515909239202188,0.5178659125016504
20,-3.54,14,12,1.3870752360827005e-15,0,0,0.012392501929107673,-0.0061962509645531,0.006196250964554573,-0.0061962509645531,0.0061962509645531,0.019210977266198456,52.05357260817185,7.684390906479383,0.7908957743986292,0.2225,3.5545877501061987,0.5683957743986292
20,-3.54,15,12,2.782985346280577e-15,0,0,0.04067838911437482,-0.02033919455718704,0.020339194557187776,-0.02033919455718704,0.02033919455718704,0.016602645288014445,60.231365704229454,6.641058115205778,0.7920342826640029,0.24,3.3001428444333456,0.5520342826640029
20,-3.54,16,12,1.0160105232452902e-15,0,0,0.06527239778458244,-0.03263619889229128,0.032636198892291156,0.032636198892291156,0.032636198892291156,0.019042559583617436,52.51394885277466,7.617023833446974,0.7562297837868008,0.2675,2.8270272291095355,0.4887297837868008
20,-3.54,17,12,-2.0143512982602275e-15,0,0,0.043895322177492924,-0.021947661088746264,0.021947661088746656,-0.021947661088746264,0.021947661088746264,0.026865605636157468,37.222313672844784,10.746242254462988,0.830926523462448,0.245,3.3915368304589717,0.585926523462448
20,-3.54,18,12,-1.6874609559986991e-15,0,0,0.06577225744774115,-0.032886128723870686,0.03288612872387047,0.03288612872387047,0.03288612872387047,0.02215401058369617,45.138553862384235,8.861604233478468,0.7842475295350696,0.2475,3.168676887010382,0.5367475295350697
20,-3.54,19,12,7.3108583303085e-15,0,0,0.06636167110302763,-0.03318083555151472,0.0331808355515129,0.0331808355515129,0.0331808355515129,0.026590610195072962,37.607260332269185,10.636244078029184,0.7630151139835379,0.25,3.0520604559341518,0.5130151139835379
20,-3.54,20,12,1.0601848938211722e-16,0,0,0.04238739985431917,-0.021193699927159262,0.021193699927159908,-0.021193699927159262,0.021193699927159262,0.021455734345920865,46.60758675874073,8.582293738368346,0.8000583015903562,0.24,3.3335762566264844,0.5600583015903562
20,-3.54,21,12,2.3191544552338142e-15,0,0,0.07697874689223219,-0.0384893734461161,0.038489373446116096,0.038489373446116096,0.038489373446116096,0.02211145422314744,45.225428861804446,8.844581689258977,0.8173579359550794,0.2425,3.3705481895054823,0.5748579359550794
20,-3.54,22,12,-1.7404702006897577e-15,0,0,0.04900982092926559,-0.024504910464632806,0.02450491046463279,0.02450491046463279,0.02450491046463279,0.02115128331572424,47.27845516856097,8.460513326289696,0.7857231701669872,0.24,3.2738465423624468,0.5457231701669872
20,-3.54,23,12,5.0844700532840386e-15,0,0,0.05687845386339607,-0.028439226931698283,0.028439226931697786,0.028439226931697786,0.028439226931697786,0.024913894795281305,40.13824447028652,9.965557918112522,0.7668373804395826,0.2525,3.0369797245131984,0.5143373804395825
20,-3.54,24,12,-3.083371066196576e-15,0,0,0.049409241365772676,-0.024704620682886837,0.024704620682885838,0.024704620682885838,0.024704620682885838,0.03356207717099451,29.79553365857325,13.424830868397805,0.719038268248673,0.2325,3.092637712897518,0.48653826824867297
20,-3.54,25,12,-1.864158438302228e-15,0,0,0.03228610353841326,-0.016143051769206877,0.016143051769206385,0.016143051769206385,0.016143051769206385,0.016506056573686298,60.58382240093522,6.602422629474519,0.8113843811663205,0.245,3.3117729843523285,0.5663843811663205
20,-3.54,26,12,1.524015784867935e-15,0,0,0.07376293912092552,-0.036881469560462864,0.036881469560462656,0.036881469560462656,0.036881469560462656,0.025398730255270254,39.37204694681535,10.1594921021081,0.8094093558497856,0.255,3.1741543366658256,0.5544093558497856
20,-3.54,27,12,3.1761372444059287e-15,0,0,0.07379045404520737,-0.03689522702260386,0.03689522702260352,0.03689522702260352,0.03689522702260352,0.025166693959589707,39.73505624559608,10.066677583835883,0.7997645779344215,0.2475,3.2313720320582684,0.5522645779344215
20,-3.54,28,12,4.1037990264994545e-15,0,0,0.05650784031890603,-0.02825392015945295,0.028253920159453084,-0.02825392015945295,0.02825392015945295,0.019285243998517783,51.85311630368055,7.714097599407113,0.793200237010321,0.26,3.0507701423473885,0.533200237010321
20,-3.54,29,12,-1.3914926731402886e-15,0,0,0.04664739665097342,-0.02332369832548635,0.02332369832548707,-0.02332369832548635,0.02332369832548635,0.02582594871488512,38.720745984585534,10.33037948595405,0.828573290990589,0.2275,3.642080399958633,0.6010732909905889
20,-3.52,0,12,-1.172387795083913e-14,0,0,0.05652829518957165,-0.028264147594786557,0.028264147594785093,0.028264147594785093,0.028264147594785093,0.02250811023486681,44.42842999990831,9.003244093946725,0.8024998439932983,0.24,3.3437493499720765,0.5624998439932983
20,-3.52,1,12,6.09606313947174e-15,0,0,0.04302678993930979,-0.021513394969654057,0.02151339496965574,-0.021513394969654057,0.021513394969654057,0.03171131256800051,31.53448782214986,12.684525027200205,0.7832382340077457,0.255,3.071522486304885,0.5282382340077457
20,-3.52,2,12,-4.333505753494041e-15,0,0,0.0445355441980513,-0.022267772099025827,0.022267772099025473,0.022267772099025473,0.022267772099025473,0.03117208102380629,32.07998847546606,12.468832409522516,0.7626261256069519,0.26,2.933177406180584,0.5026261256069519
20,-3.52,3,12,5.539466070215625e-15,0,0,0.04703007784893395,-0.02351503892446686,0.023515038924467088,-0.02351503892446686,0.02351503892446686,0.02562807129520616,39.01971351964571,10.251228518082465,0.7702939764000288,0.245,3.14405704653073,0.5252939764000288
20,-3.52,4,12,4.417437057588218e-15,0,0,0.04121929165119802,-0.02060964582559876,0.020609645825599255,-0.02060964582559876,0.02060964582559876,0.020051133456630163,49.87249235375955,8.020453382652065,0.792446628541491,0.2575,3.077462635112586,0.534946628541491
20,-3.52,5,12,-2.35449395169452e-15,0,0,0.03606391487542278,-0.018031957437711944,0.01803195743771083,0.01803195743771083,0.01803195743771083,0.025970508750471525,38.505214110672505,10.388203500188611,0.7899287291263138,0.2575,3.0676843849565585,0.5324287291263139
20,-3.52,6,12,-5.831016916016447e-16,0,0,0.04414496380930453,-0.022072481904652434,0.022072481904652094,0.022072481904652094,0.022072481904652094,0.02144657094425578,46.627500619992524,8.578628377702312,0.7716023517592786,0.2275,3.391658689051774,0.5441023517592786
20,-3.52,7,12,-5.362768587912096e-15,0,0,0.041465676493171746,-0.020732838246586265,0.020732838246585485,0.020732838246585485,0.020732838246585485,0.031141660056373966,32.11132605614978,12.456664022549585,0.8412236383592434,0.2225,3.780780397120195,0.6187236383592434
20,-3.52,8,12,-5.004956186247451e-15,0,0,0.05491492218998113,-0.027457461094991052,0.027457461094990084,0.027457461094990084,0.027457461094990084,0.024180988314965037,41.35480266458438,9.672395325986015,0.7891234796101204,0.235,3.357972253660087,0.5541234796101204
20,-3.52,9,12,3.578124016646457e-15,0,0,0.050827759710096704,-0.025413879855047786,0.025413879855048917,-0.025413879855047786,0.025413879855047786,0.02311130524722103,43.26886730554705,9.244522098888412,0.7390226701618673,0.23,3.2131420441820318,0.5090226701618673
20,-3.52,10,12,-2.7299761015895186e-15,0,0,0.02511781081898628,-0.012558905409493617,0.01255890540949266,0.01255890540949266,0.01255890540949266,0.017487938344250407,57.18226930556253,6.9951753377001635,0.8106769129488184,0.2625,3.088293001709784,0.5481769129488183
20,-3.52,11,12,3.2512336743849282e-15,0,0,0.04371085034332129,-0.02185542517166036,0.02185542517166093,-0.02185542517166036,0.02185542517166036,0.017549222186655472,56.98258243948872,7.019688874662188,0.8225261250109497,0.235,3.5001111702593604,0.5875261250109497
20,-3.52,12,12,-7.112073662717031e-16,0,0,0.05386915292815979,-0.026934576464080037,0.026934576464079756,0.026934576464079756,0.026934576464079756,0.03692195209993604,27.084158424053975,14.768780839974415,0.7781520842264309,0.255,3.0515768008879642,0.5231520842264309
20,-3.52,13,12,-3.392591660227751e-15,0,0,0.05058533800282016,-0.02529266900141043,0.02529266900140973,0.02529266900140973,0.02529266900140973,0.025580784572688274,39.09184243972195,10.23231382907531,0.7518025248229001,0.23,3.268706629664783,0.5218025248229001
20,-3.52,14,12,-8.834874115176436e-17,0,0,7.02695966526465e-05,-3.51347983272759e-05,3.513479832537059e-05,3.513479832537059e-05,3.513479832537059e-05,0.017867257110684615,55.968299655910826,7.146902844273846,0.7889108845589446,0.2225,3.5456668968941334,0.5664108845589446
20,-3.52,15,12,2.332406766406579e-15,0,0,0.030205352675479163,-0.015102676337739745,0.015102676337739419,0.015102676337739419,0.015102676337739419,0.018167144795718106,55.044422843797356,7.266857918287242,0.7895082339932937,0.24,3.289617641638724,0.5495082339932937
20,-3.52,16,12,-1.9569246165115804e-15,0,0,0.05208195925928815,-0.026040979629644356,0.026040979629643794,0.026040979629643794,0.026040979629643794,0.018911791623349845,52.87706315277548,7.564716649339937,0.7600992403821861,0.2675,2.8414924874100413,0.4925992403821861
20,-3.52,17,12,1.8376538159566985e-15,0,0,0.029995837929145168,-0.014997918964573085,0.014997918964572084,0.014997918964572084,0.014997918964572084,0.0267146197799718,37.43268697949837,10.68584791198872,0.8300848378311239,0.245,3.3881013789025465,0.5850848378311239
20,-3.52,18,12,-1.113194138512231e-15,0,0,0.05203654938133199,-0.026018274690665907,0.02601827469066608,-0.026018274690665907,0.026018274690665907,0.022387879722161556,44.66702574831636,8.955151888864622,0.7865555129280865,0.2475,3.178002072436713,0.5390555129280865
20,-3.52,19,12,-6.6482427716702674e-15,0,0,0.05379248766062148,-0.026896243830311712,0.02689624383030977,0.02689624383030977,0.02689624383030977,0.025751798211226928,38.83223966721024,10.300719284490771,0.7690208784687582,0.25,3.076083513875033,0.5190208784687582
20,-3.52,20,12,-8.039735444810556e-16,0,0,0.029840316018681153,-0.014920158009340413,0.014920158009340741,-0.014920158009340413,0.014920158009340413,0.022494519229598588,44.45527329538062,8.997807691839434,0.7967230142938633,0.24,3.3196792262244306,0.5567230142938633
20,-3.52,21,12,8.834874115176435e-16,0,0,0.06448693723378188,-0.032243468616891494,0.03224346861689039,0.03224346861689039,0.03224346861689039,0.022494996032513797,44.454331023424984,8.997998413005519,0.8107736617171184,0.2425,3.343396543163375,0.5682736617171185
20,-3.52,22,12,8.658176632872906e-16,0,0,0.035475263971381746,-0.01773763198569151,0.01773763198569023,0.01773763198569023,0.01773763198569023,0.02145386102411353,46.61165646948251,8.581544409645412,0.7851461942896353,0.24,3.271442476206814,0.5451461942896353
20,-3.52,23,12,4.770832022195275e-15,0,0,0.04340346256567696,-0.021701731282837904,0.021701731282839056,-0.021701731282837904,0.021701731282837904,0.02524951907298781,39.60471473176732,10.099807629195123,0.7681883031944972,0.2525,3.0423299136415727,0.5156883031944972
20,-3.52,24,12,7.597991739051735e-16,0,0,0.0372973413465849,-0.018648670673292997,0.018648670673291904,0.018648670673291904,0.018648670673291904,0.0343859554649044,29.08164064310028,13.754382185961763,0.7210344531465477,0.2325,3.1012234543937534,0.48853445314654764
20,-3.52,25,12,2.6327924863225776e-15,0,0,0.021662719407177428,-0.010831359703589134,0.010831359703588292,0.010831359703588292,0.010831359703588292,0.016034421618589124,62.36582920089078,6.413768647435649,0.8129634414881566,0.245,3.318218128523088,0.5679634414881566
20,-3.52,26,12,-9.431228117950844e-15,0,0,0.06053337048761344,-0.030266685243807052,0.03026668524380639,0.03026668524380639,0.03026668524380639,0.025470393235080636,39.261270557169475,10.188157294032255,0.8079500255387192,0.255,3.1684314727008593,0.5529500255387192
20,-3.52,27,12,-2.2661452105427557e-15,0,0,0.060558137468883166,-0.03027906873444134,0.03027906873444183,-0.03027906873444134,0.03027906873444134,0.0245138135313131,40.79332653496097,9.80552541252524,0.8018317890647161,0.2475,3.2397244002614793,0.5543317890647161
20,-3.52,28,12,-5.565970692561155e-16,0,0,0.0437772187562752,-0.02188860937813818,0.021888609378137018,0.021888609378137018,0.021888609378137018,0.01911106858432189,52.32569783253083,7.644427433728756,0.7914686352801718,0.26,3.0441101356929683,0.5314686352801717
20,-3.52,29,12,1.78464457126564e-15,0,0,0.032131799182786025,-0.016065899591392693,0.01606589959139333,-0.016065899591392693,0.016065899591392693,0.025662339031653877,38.967609256760426,10.26493561266155,0.827837392934662,0.2275,3.6388456832292833,0.6003373929346619
20,-3.5,0,12,-1.5902773407317584e-15,0,0,0.0437453364461715,-0.021872668223085354,0.02187266822308614,-0.021872668223085354,0.021872668223085354,0.02197873706512763,45.49851963908523,8.791494826051052,0.8066970464579692,0.24,3.361237693574872,0.5666970464579693
20,-3.5,1,12,4.417437057588218e-15,0,0,0.029947092552842277,-0.014973546276421572,0.014973546276420705,0.014973546276420705,0.014973546276420705,0.0322178157672294,31.03872736826429,12.88712630689176,0.7881544147126488,0.255,3.090801626324113,0.5331544147126488
20,-3.5,2,12,1.8994979347629337e-16,0,0,0.031412038105342155,-0.01570601905266988,0.01570601905267227,-0.01570601905266988,0.01570601905266988,0.03148472523107809,31.761433287431558,12.593890092431238,0.7624827412529425,0.26,2.9326259278959323,0.5024827412529425
20,-3.5,3,12,2.738810975704695e-15,0,0,0.0339464093115628,-0.016973204655780925,0.016973204655781875,-0.016973204655780925,0.016973204655780925,0.025634502561977624,39.009924127931,10.253801024791048,0.7709385708726967,0.245,3.146688044378354,0.5259385708726967
20,-3.5,4,12,2.350076514636932e-15,0,0,0.02725021384757214,-0.01362510692378576,0.013625106923786379,-0.01362510692378576,0.01362510692378576,0.02025342210809625,49.37437212648882,8.1013688432385,0.7928444618214914,0.2575,3.0790076187242383,0.5353444618214913
20,-3.5,5,12,5.437865017891096e-15,0,0,0.02312152883227063,-0.011560764416135393,0.011560764416135235,0.011560764416135235,0.011560764416135235,0.025935072151626753,38.55782602622433,10.374028860650702,0.7902798473247925,0.2575,3.069047950775893,0.5327798473247924
20,-3.5,6,12,4.854763326289451e-15,0,0,0.030614179824124062,-0.015307089912062335,0.015307089912061728,0.015307089912061728,0.015307089912061728,0.021325886878365376,46.891367552665635,8.530354751346149,0.7719647076743625,0.2275,3.39325146230489,0.5444647076743625
20,-3.5,7,12,-1.501928599579994e-15,0,0,0.027016845043273965,-0.013508422521636346,0.01350842252163762,-0.013508422521636346,0.013508422521636346,0.030888234725669463,32.37478635090003,12.355293890267784,0.8421894408992383,0.2225,3.785121082693206,0.6196894408992383
20,-3.5,8,12,-1.2015428796639952e-15,0,0,0.04440753919737606,-0.022203769598688076,0.022203769598687986,0.022203769598687986,0.022203769598687986,0.02119639437042883,47.17783517913328,8.478557748171532,0.7921115233410974,0.235,3.370687333366372,0.5571115233410974
20,-3.5,9,12,-9.011571597479964e-16,0,0,0.03853198169092692,-0.019265990845463776,0.019265990845463148,0.019265990845463148,0.019265990845463148,0.02267802894355686,44.095542980780685,9.071211577422744,0.740650591100471,0.23,3.2202199613063955,0.5106505911004711
20,-3.5,10,12,6.24625599942974e-15,0,0,0.012981436382418235,-0.006490718191209237,0.006490718191208998,0.006490718191208998,0.006490718191208998,0.01696156004255677,58.95684108601964,6.7846240170227095,0.8049472555112284,0.2625,3.06646573528087,0.5424472555112283
20,-3.5,11,12,-3.984528225944572e-15,0,0,0.032955598917287804,-0.016477799458643517,0.01647779945864429,-0.016477799458643517,0.016477799458643517,0.017541931029928723,57.00626677267601,7.016772411971489,0.8148794793728451,0.235,3.4675722526504047,0.5798794793728451
20,-3.5,12,12,3.516279897840221e-15,0,0,0.040406469625740224,-0.02020323481286938,0.02020323481287084,-0.02020323481286938,0.02020323481286938,0.03707588099667338,26.97171242106761,14.830352398669353,0.7792111072698658,0.255,3.055729832430846,0.5242111072698658
20,-3.5,13,12,-1.219212627894348e-15,0,0,0.037655742190341436,-0.018827871095170912,0.018827871095170524,0.018827871095170524,0.018827871095170524,0.02581120864884435,38.74285832968047,10.324483459537738,0.7543222362135273,0.23,3.2796618965805537,0.5243222362135274
20,-3.5,14,12,1.0000000000000038,1,1,0.011811540094345607,-0.005905770047172532,0.005905770047173074,-0.005905770047172532,0.005905770047172532,0.01631180783560715,61.30528326952783,6.52472313424286,0.7867472461119651,0.2225,3.5359426791548993,0.5642472461119651
20,-3.5,15,12,-4.806171518655981e-15,0,0,0.019341270557904952,-0.009670635278952214,0.00967063527895274,-0.009670635278952214,0.009670635278952214,0.020174343325526475,49.56790830136741,8.06973733021059,0.7872400988660504,0.24,3.2801670786085433,0.5472400988660504
20,-3.5,16,12,1.5107634736951705e-15,0,0,0.0387269687950582,-0.01936348439753027,0.019363484397527934,0.019363484397527934,0.019363484397527934,0.018818934179569764,53.137972132641885,7.527573671827906,0.7628289742855592,0.2675,2.8516971001329314,0.49532897428555916
20,-3.5,17,12,9.188269079783492e-16,0,0,0.016050634049986662,-0.008025317024993303,0.008025317024993359,-0.008025317024993303,0.008025317024993303,0.026552802354854924,37.66080832583607,10.621120941941967,0.8287752228395977,0.245,3.3827560115901947,0.5837752228395977
20,-3.5,18,12,-1.5125304485182056e-14,0,0,0.03816404926007762,-0.01908202463003912,0.0190820246300385,0.0190820246300385,0.0190820246300385,0.022626771975300042,44.195433669974015,9.050708790120016,0.7883824356633222,0.2475,3.1853835784376656,0.5408824356633222
20,-3.5,19,12,-4.072876967096337e-15,0,0,0.04117021665494426,-0.020585108327471718,0.02058510832747254,-0.020585108327471718,0.020585108327471718,0.024884808864874458,40.18515896304614,9.953923545949783,0.7739547984926919,0.25,3.0958191939707675,0.5239547984926919
20,-3.5,20,12,2.2970672699458733e-15,0,0,0.017269892388804872,-0.00863494619440207,0.008634946194402804,-0.00863494619440207,0.00863494619440207,0.02363851321499927,42.303845039013424,9.455405285999706,0.7932896240889189,0.24,3.3053734337038287,0.5532896240889189
20,-3.5,21,12,2.42959038167352e-15,0,0,0.052211956941848575,-0.026105978470924836,0.026105978470923743,0.026105978470923743,0.026105978470923743,0.02286851982757638,43.7282346010927,9.147407931030552,0.8028280351303375,0.2425,3.3106310727024226,0.5603280351303375
20,-3.5,22,12,1.2554356117665715e-14,0,0,0.021898294376661978,-0.010949147188331494,0.010949147188330486,0.010949147188330486,0.010949147188330486,0.02177628138990944,45.92152269227077,8.710512555963776,0.7840979518667548,0.24,3.2670747994448117,0.5440979518667548
20,-3.5,23,12,-1.7890620083232284e-15,0,0,0.02983216656372696,-0.014916083281863562,0.0149160832818634,0.0149160832818634,0.0149160832818634,0.025529756609511418,39.169977814337564,10.211902643804567,0.7687836554907336,0.2525,3.044687744517757,0.5162836554907335
20,-3.5,24,12,2.3854160110976376e-15,0,0,0.025082429102124864,-0.01254121455106255,0.012541214551062314,0.012541214551062314,0.012541214551062314,0.03525737465213414,28.362860532483513,14.102949860853656,0.7223705319726854,0.2325,3.1069700299900447,0.4898705319726854
20,-3.5,25,12,1.236882376124701e-16,0,0,0.010612656779732652,-0.005306328389866252,0.0053063283898664,-0.005306328389866252,0.005306328389866252,0.016690331727320002,59.9149265777099,6.676132690928,0.8147644076275976,0.245,3.3255690107248883,0.5697644076275976
20,-3.5,26,12,-2.7476458498198714e-15,0,0,0.04734514757222668,-0.02367257378611325,0.02367257378611343,-0.02367257378611325,0.02367257378611325,0.02555535039906439,39.13074891888828,10.222140159625756,0.805938594088688,0.255,3.1605435062301486,0.550938594088688
20,-3.5,27,12,-9.497489673814668e-15,0,0,0.04725556101973182,-0.023627780509866005,0.023627780509865817,0.023627780509865817,0.023627780509865817,0.023780621118057177,42.051046313532865,9.51224844722287,0.8029042557637945,0.2475,3.2440575990456346,0.5554042557637946
20,-3.5,28,12,-4.3467580646668065e-15,0,0,0.031175230325349097,-0.01558761516267407,0.015587615162675027,-0.01558761516267407,0.01558761516267407,0.018980311394779233,52.686174594325266,7.592124557911694,0.7886769187676641,0.26,3.033372764491016,0.5286769187676641
20,-3.5,29,12,2.341241640521755e-16,0,0,0.017660100676604867,-0.00883005033830263,0.008830050338302238,0.008830050338302238,0.008830050338302238,0.025286916409751253,39.546142510851006,10.1147665639005,0.8257338064446085,0.2275,3.62959914920707,0.5982338064446084
20,-3.48,0,12,-7.067899292141149e-17,0,0,0.031117467029242965,-0.015558733514622466,0.015558733514620499,0.015558733514620499,0.015558733514620499,0.021366143036742252,46.803019069953415,8.5464572146969,0.8111418799502146,0.24,3.379757833125894,0.5711418799502146
20,-3.48,1,12,4.134721085902572e-15,0,0,0.0165554965412514,-0.008277748270626146,0.008277748270625255,0.008277748270625255,0.008277748270625255,0.03259548523034471,30.679095369595903,13.038194092137886,0.7921637076682861,0.255,3.1065243437972003,0.5371637076682861
20,-3.48,2,12,7.951386703658792e-16,0,0,0.018271570430177166,-0.009135785215088047,0.009135785215089117,-0.009135785215088047,0.009135785215088047,0.03189214727409136,31.355681115030563,12.756858909636545,0.7618724572669908,0.26,2.9302786817961186,0.5018724572669908
20,-3.48,3,12,-3.145215185002811e-15,0,0,0.02075249282773788,-0.010376246413868797,0.010376246413869082,-0.010376246413868797,0.010376246413868797,0.025760358711031765,38.819335212585926,10.304143484412707,0.7710049091327645,0.245,3.146958812786794,0.5260049091327645
20,-3.48,4,12,1.360570613737171e-15,0,0,0.013196803457928702,-0.00659840172896452,0.006598401728964183,0.006598401728964183,0.006598401728964183,0.020477334574942663,48.834480695727954,8.190933829977066,0.7930074595722295,0.2575,3.0796406196979786,0.5355074595722296
20,-3.48,5,12,6.612903275209562e-15,0,0,0.010030047104573147,-0.00501502355228568,0.005015023552287467,-0.00501502355228568,0.00501502355228568,0.026205244600196034,38.16030017107794,10.482097840078413,0.7899200338481419,0.2575,3.067650616885988,0.532420033848142
20,-3.48,6,12,-5.318594217336214e-15,0,0,0.017017221417149727,-0.008508610708575023,0.008508610708574704,0.008508610708574704,0.008508610708574704,0.0211549644934548,47.27022823930492,8.46198579738192,0.7718178184176403,0.2275,3.3926057952423747,0.5443178184176403
20,-3.48,7,12,8.039735444810556e-15,0,0,0.012795245599219046,-0.006397622799609684,0.006397622799609363,0.006397622799609363,0.006397622799609363,0.030102501963538596,33.21983007297007,12.041000785415438,0.8413286678991821,0.2225,3.781252439996324,0.6188286678991821
20,-3.48,8,12,-5.300924469105861e-15,0,0,0.035250970834594,-0.01762548541729646,0.017625485417297533,-0.01762548541729646,0.01762548541729646,0.017448844043628065,57.31038672244756,6.979537617451226,0.7961522728578101,0.235,3.3878820121608944,0.5611522728578101
20,-3.48,9,12,2.3677462628672847e-15,0,0,0.026490069936455952,-0.013245034968227749,0.013245034968228202,-0.013245034968227749,0.013245034968227749,0.021988220115809348,45.47889709731477,8.795288046323739,0.7425521589492577,0.23,3.2284876476054682,0.5125521589492578
20,-3.48,10,12,-2.049690794720933e-15,0,0,0.001001537453690716,-0.0005007687268450156,0.0005007687268457002,-0.0005007687268450156,0.0005007687268450156,0.016740245050957343,59.73628205298057,6.696098020382937,0.7980612217637352,0.2625,3.04023322576661,0.5355612217637351
20,-3.48,11,12,-3.9491887294838665e-15,0,0,0.022375842816087593,-0.011187921408043837,0.011187921408043758,0.011187921408043758,0.011187921408043758,0.017718867696268223,56.43701488953554,7.087547078507289,0.80611725074237,0.235,3.4302861733717873,0.57111725074237
20,-3.48,12,12,3.94035385536869e-15,0,0,0.026935613024619533,-0.013467806512310313,0.013467806512309222,0.013467806512309222,0.013467806512309222,0.037089061917208364,26.962127061402594,14.835624766883345,0.7799913750768482,0.255,3.0587897061837186,0.5249913750768482
20,-3.48,13,12,-4.68248328104351e-16,0,0,0.02466558965392212,-0.012332794826961362,0.012332794826960756,0.012332794826960756,0.012332794826960756,0.025994922707083812,38.46905071687297,10.397969082833525,0.7555229350104842,0.23,3.2848823261325397,0.5255229350104842
20,-3.48,14,12,1.0000000000000013,1,1,0.02311482018586486,-0.01155741009293271,0.01155741009293215,0.01155741009293215,0.01155741009293215,0.014720508741070969,67.93243478127553,5.888203496428388,0.7846563766657182,0.2225,3.5265455131043515,0.5621563766657182
20,-3.48,15,12,1.5107634736951705e-15,0,0,0.008096096177262771,-0.004048048088631909,0.004048048088630862,0.004048048088630862,0.004048048088630862,0.022369321972670952,44.704081832329116,8.947728789068382,0.7851071082853311,0.24,3.2712796178555466,0.5451071082853312
20,-3.48,16,12,8.834874115176435e-16,0,0,0.02523902347879297,-0.01261951173939694,0.012619511739396029,0.012619511739396029,0.012619511739396029,0.018762365356465055,53.29818394435136,7.5049461425860216,0.764344428090677,0.2675,2.857362348002531,0.496844428090677
20,-3.48,17,12,1.2103777537791717e-15,0,0,0.0020740478356017474,-0.0010370239178003956,0.0010370239178013518,-0.0010370239178003956,0.0010370239178003956,0.026380333937488086,37.907025831046745,10.552133574995235,0.8269474031704108,0.245,3.375295523144534,0.5819474031704108
20,-3.48,18,12,-5.3274290914513905e-15,0,0,0.024166626823820182,-0.012083313411909023,0.01208331341191116,-0.012083313411909023,0.012083313411909023,0.022861962869060885,43.74077614102422,9.144785147624354,0.7897152860685203,0.2475,3.190768832600082,0.5422152860685203
20,-3.48,19,12,6.308100118235975e-15,0,0,0.02852171312942045,-0.014260856564710411,0.014260856564710038,0.014260856564710038,0.014260856564710038,0.023987348590267958,41.688642504062145,9.594939436107184,0.7777862153738562,0.25,3.1111448614954247,0.5277862153738562
20,-3.48,20,12,3.710647128374103e-16,0,0,0.004664751143621256,-0.0023323755718098974,0.002332375571811359,-0.0023323755718098974,0.0023323755718098974,0.024847961591338664,40.2447499093275,9.939184636535465,0.7897440262833135,0.24,3.2906001095138064,0.5497440262833135
20,-3.48,21,12,-6.043053894780682e-15,0,0,0.04021727965644117,-0.020108639828220125,0.02010863982822104,-0.020108639828220125,0.020108639828220125,0.023324101395529376,42.87410618921739,9.32964055821175,0.7935141348225405,0.2425,3.2722232363816106,0.5510141348225406
20,-3.48,22,12,6.308100118235975e-15,0,0,0.008290674851060947,-0.004145337425530114,0.004145337425530833,-0.004145337425530114,0.004145337425530114,0.02212381596305238,45.20015903540503,8.849526385220951,0.7825632989718918,0.24,3.2606804123828828,0.5425632989718918
20,-3.48,23,12,-4.055207218865984e-15,0,0,0.016183633544441307,-0.008091816772221084,0.008091816772220223,0.008091816772220223,0.008091816772220223,0.025755152519320014,38.8271822211054,10.302061007728005,0.7686439249630488,0.2525,3.044134356289302,0.5161439249630488
20,-3.48,24,12,-8.172258556538202e-15,0,0,0.01278136722571042,-0.006390683612855702,0.006390683612854717,0.006390683612854717,0.006390683612854717,0.03619012334787827,27.631848346784572,14.47604933915131,0.7230158156953522,0.2325,3.109745443850977,0.4905158156953522
20,-3.48,25,12,1.0000000000000064,1,1,0.000912086142163618,-0.0004560430710824572,0.0004560430710811608,0.0004560430710811608,0.0004560430710811608,0.018555692688040196,53.89181728820803,7.422277075216078,0.8159887827244099,0.245,3.3305664600996323,0.5709887827244099
20,-3.48,26,12,6.4582929781939745e-15,0,0,0.03422331184258451,-0.01711165592129208,0.017111655921292424,-0.01711165592129208,0.01711165592129208,0.025619308687514594,39.03305948639213,10.247723475005838,0.80333272335996,0.255,3.1503244053331763,0.54833272335996
20,-3.48,27,12,8.834874115176436e-18,0,0,0.03391280305158366,-0.01695640152579161,0.016956401525792045,-0.01695640152579161,0.01695640152579161,0.02296388222836513,43.54664381464184,9.185552891346052,0.8029558036908883,0.2475,3.2442658734985383,0.5554558036908883
20,-3.48,28,12,-4.090546715326689e-15,0,0,0.018713716305155975,-0.009356858152578244,0.009356858152577729,0.009356858152577729,0.009356858152577729,0.01891946859592757,52.855607171506435,7.5677874383710275,0.7849991148621036,0.26,3.0192273648542445,0.5249991148621036
20,-3.48,29,12,-6.343439614696681e-15,0,0,0.003293258616889572,-0.0016466293084436154,0.0016466293084459566,-0.0016466293084436154,0.0016466293084436154,0.02478530276472573,40.34649120458569,9.914121105890292,0.8221343527118276,0.2275,3.6137773745574835,0.5946343527118275
20,-3.46,0,12,8.52565352114526e-15,0,0,0.018741164409012096,-0.009370582204505021,0.009370582204507075,-0.009370582204505021,0.009370582204505021,0.02071119459662117,48.28306717581323,8.284477838648469,0.8162153675968397,0.24,3.400897364986832,0.5762153675968397
20,-3.46,1,12,-3.622298387222339e-15,0,0,0.002887073541636032,-0.001443536770818397,0.001443536770817635,0.001443536770817635,0.001443536770817635,0.032973277963648046,30.327588330843756,13.189311185459218,0.7950886424303525,0.255,3.1179946761974606,0.5400886424303525
20,-3.46,2,12,5.088887490341627e-15,0,0,0.005130303335838322,-0.002565151667918019,0.0025651516679203027,-0.002565151667918019,0.002565151667918019,0.0324298688935952,30.835770668116915,12.97194755743808,0.7608208989429674,0.26,2.9262342267037207,0.5008208989429674
20,-3.46,3,12,1.90833280887811e-15,0,0,0.0074630757466549865,-0.003731537873328262,0.0037315378733267244,0.0037315378733267244,0.0037315378733267244,0.026002950663437517,38.4571740700985,10.401180265375007,0.7704601662108482,0.245,3.1447353722891767,0.5254601662108482
20,-3.46,4,12,-1.4312496066585826e-15,0,0,0.0009338357165496163,-0.00046691785827510427,0.000466917858274512,0.000466917858274512,0.000466917858274512,0.020728273757222155,48.24328411098775,8.291309502888861,0.7929265165944158,0.2575,3.0793262780365662,0.5354265165944159
20,-3.46,5,12,1.643286585422817e-15,0,0,0.003196272843669184,-0.0015981364218343546,0.0015981364218348292,-0.0015981364218343546,0.0015981364218343546,0.02681360228002972,37.294504093721926,10.725440912011887,0.7887639532040659,0.2575,3.063160983316761,0.5312639532040659
20,-3.46,6,12,7.430129130863381e-15,0,0,0.003368099319100911,-0.0016840496595506291,0.0016840496595502815,0.0016840496595502815,0.0016840496595502815,0.020957839658846858,47.714841619082314,8.383135863538744,0.77113145654309,0.2275,3.3895888199696262,0.54363145654309
20,-3.46,7,12,-8.013230822465027e-15,0,0,0.0010494378692779078,-0.0005247189346381312,0.0005247189346397766,-0.0005247189346381312,0.0005247189346381312,0.028764095610720044,34.7655637616262,11.505638244288017,0.8385440979238146,0.2225,3.768737518758717,0.6160440979238145
20,-3.46,8,12,3.1805546814635167e-16,0,0,0.028000408978653156,-0.014000204489327175,0.014000204489325983,0.014000204489325983,0.014000204489325983,0.014097168984402553,70.93622848008874,5.638867593761021,0.8016068377043717,0.235,3.4110929264015817,0.5666068377043717
20,-3.46,9,12,6.237421125314563e-15,0,0,0.015009739220894446,-0.0075048696104472465,0.0075048696104472,0.0075048696104472,0.0075048696104472,0.02087362836717939,47.90733946247448,8.349451346871756,0.7451803486015649,0.23,3.2399145591372385,0.5151803486015649
20,-3.46,10,12,-3.2070593038090463e-15,0,0,0.010881756845970304,-0.005440878422985594,0.0054408784229847094,0.0054408784229847094,0.0054408784229847094,0.017046203640329768,58.66408856187139,6.818481456131908,0.7903226130863451,0.2625,3.010752811757505,0.527822613086345
20,-3.46,11,12,3.4632706531491626e-15,0,0,0.011896575679214674,-0.005948287839607,0.005948287839607673,-0.005948287839607,0.005948287839607,0.018062738655607355,55.36259030629125,7.225095462242942,0.7966241842284647,0.235,3.3898901456530415,0.5616241842284647
20,-3.46,12,12,-1.7493050748049341e-15,0,0,0.013510883128232242,-0.006755441564116041,0.006755441564116202,-0.006755441564116041,0.006755441564116041,0.03685767974890878,27.13138772740046,14.74307189956351,0.7805050383810634,0.255,3.0608040720826017,0.5255050383810634
20,-3.46,13,12,2.8448294650868124e-15,0,0,0.011651144655620754,-0.0058255723278102575,0.005825572327810496,-0.0058255723278102575,0.0058255723278102575,0.02613428847860523,38.26390761771255,10.453715391442092,0.755503589327793,0.23,3.2847982144686654,0.5255035893277931
20,-3.46,14,12,0.9999999999999983,1,1,0.0337229099843467,-0.01686145499217287,0.016861454992173824,-0.01686145499217287,0.01686145499217287,0.013625079236362421,73.3940685886959,5.450031694544968,0.7830778461854151,0.2225,3.5194509940917533,0.5605778461854151
20,-3.46,15,12,4.717822777504216e-15,0,0,0.003492984969779749,-0.0017464924848889216,0.0017464924848908275,-0.0017464924848889216,0.0017464924848889216,0.0245608919362298,40.715133741739194,9.824356774491921,0.7829690273918863,0.24,3.2623709474661933,0.5429690273918863
20,-3.46,16,12,6.308100118235975e-15,0,0,0.011651926631986666,-0.005825963315992265,0.005825963315994401,-0.005825963315992265,0.005825963315992265,0.01872591953392743,53.40191696264689,7.490367813570973,0.7646141404806405,0.2675,2.8583706186192166,0.49711414048064045
20,-3.46,17,12,1.0000000000000033,1,1,0.01191708711410245,-0.005958543557051516,0.0059585435570509325,0.0059585435570509325,0.0059585435570509325,0.026195155174348114,38.17499813779537,10.478062069739245,0.8245291874324212,0.245,3.365425254826209,0.5795291874324212
20,-3.46,18,12,6.378779111157387e-15,0,0,0.01005726923979327,-0.005028634619896727,0.005028634619896543,0.005028634619896543,0.005028634619896543,0.023084440262009454,43.319222326812096,9.23377610480378,0.7905281111397475,0.2475,3.1940529743020103,0.5430281111397475
20,-3.46,19,12,1.0239619099489489e-14,0,0,0.015867040401580424,-0.007933520200790065,0.00793352020079036,-0.007933520200790065,0.007933520200790065,0.023071247636959426,43.343993170010926,9.22849905478377,0.7804891033210709,0.25,3.1219564132842836,0.5304891033210709
20,-3.46,20,12,-1.78464457126564e-15,0,0,0.007979375520160818,-0.003989687760080561,0.003989687760080257,0.003989687760080257,0.003989687760080257,0.026091060986927962,38.32730299856399,10.436424394771183,0.786023473050727,0.24,3.275097804378029,0.546023473050727
20,-3.46,21,12,4.4439416799337474e-15,0,0,0.02853054811795567,-0.01426527405897718,0.014265274058978488,-0.01426527405897718,0.01426527405897718,0.023899462114899447,41.841945864404124,9.55978484595978,0.7830111835422243,0.2425,3.2289120970813374,0.5405111835422243
20,-3.46,22,12,0.9999999999999949,1,1,0.005334056719679969,-0.0026670283598403404,0.0026670283598396283,0.0026670283598396283,0.0026670283598396283,0.022501676557349255,44.441132972973556,9.000670622939701,0.7805018038674598,0.24,3.2520908494477494,0.5405018038674598
20,-3.46,23,12,4.594134539891746e-16,0,0,0.00247684887796667,-0.0012384244389841324,0.001238424438982538,0.001238424438982538,0.001238424438982538,0.025924016528659,38.574269496183206,10.369606611463599,0.767789003730358,0.2525,3.04074852962518,0.5152890037303579
20,-3.46,24,12,-3.984528225944572e-15,0,0,0.0004117112968971533,-0.00020585564844805004,0.0002058556484491032,-0.00020585564844805004,0.00020585564844805004,0.037193002674477345,26.88677783701024,14.877201069790937,0.7229645783570058,0.2325,3.109525068202175,0.49046457835700574
20,-3.46,25,12,1.0000000000000002,1,1,0.01283728847288738,-0.006418644236443372,0.00641864423644401,-0.006418644236443372,0.006418644236443372,0.0214057403868551,46.71644063356402,8.56229615474204,0.8156184561278956,0.245,3.3290549229710025,0.5706184561278956
20,-3.46,26,12,-8.393130409417613e-17,0,0,0.02119450372074627,-0.010597251860373793,0.010597251860372477,0.010597251860372477,0.010597251860372477,0.025603796115569018,39.05670844613254,10.241518446227607,0.8000866437324149,0.255,3.1375946813035878,0.5450866437324149
20,-3.46,27,12,4.055207218865984e-15,0,0,0.020561197484796886,-0.010280598742398575,0.010280598742398311,0.010280598742398311,0.010280598742398311,0.022061314029476545,45.328215656777324,8.824525611790618,0.8019534414924971,0.2475,3.240215925222211,0.5544534414924971
20,-3.46,28,12,-1.5461029701558762e-15,0,0,0.006373468377815674,-0.003186734188908074,0.0031867341889075997,0.0031867341889075997,0.0031867341889075997,0.01895647930279523,52.75241167026964,7.582591721118092,0.7807556183944361,0.26,3.0029062245939846,0.5207556183944361
20,-3.46,29,12,2.438425255788696e-15,0,0,0.010904758499901503,-0.005452379249951214,0.005452379249950289,0.005452379249950289,0.005452379249950289,0.02428849805521837,41.17175124318363,9.715399222087349,0.8168837973983537,0.2275,3.590698010542214,0.5893837973983537
20,-3.44,0,12,1.5372680960406998e-15,0,0,0.0067110283312836775,-0.003355514165642335,0.0033555141656413426,0.0033555141656413426,0.0033555141656413426,0.020088607918898424,49.77945729426312,8.03544316755937,0.8223037200397034,0.24,3.426265500165431,0.5823037200397034
20,-3.44,1,12,0.9999999999999993,1,1,0.011014828412040678,-0.0055074142060193695,0.005507414206021309,-0.0055074142060193695,0.0055074142060193695,0.033445626664707656,29.899275323048904,13.378250665883062,0.796890232333602,0.255,3.1250597346415763,0.541890232333602
20,-3.44,2,12,1.0000000000000018,1,1,0.007997268186250829,-0.003998634093123956,0.003998634093126874,-0.003998634093123956,0.003998634093123956,0.033134715653871216,30.179827418653804,13.253886261548487,0.7593679564331695,0.26,2.920645986281421,0.49936795643316945
20,-3.44,3,12,0.9999999999999994,1,1,0.0059050516449629335,-0.0029525258224813535,0.0029525258224815795,-0.0029525258224813535,0.0029525258224813535,0.026354960573125245,37.94352100149688,10.5419842292501,0.7692775263033328,0.245,3.139908270625848,0.5242775263033328
20,-3.44,4,12,0.9999999999999974,1,1,0.015133977161894838,-0.007566988580947179,0.00756698858094766,-0.007566988580947179,0.007566988580947179,0.021012392965107242,47.59096223169726,8.404957186042896,0.7925900904062404,0.2575,3.078019768567924,0.5350900904062403
20,-3.44,5,12,-1.5991122148469348e-15,0,0,0.016534297329580644,-0.008267148664789899,0.008267148664790745,-0.008267148664789899,0.008267148664789899,0.027761485456573073,36.02112723990533,11.104594182629231,0.7867339014270371,0.2575,3.05527728709529,0.5292339014270371
20,-3.44,6,12,1.0000000000000056,1,1,0.010317965867311521,-0.00515898293365571,0.005158982933655811,-0.00515898293365571,0.00515898293365571,0.020768174245421014,48.15059755291108,8.307269698168406,0.769850899988252,0.2275,3.38395999994836,0.5423508999882519
20,-3.44,7,12,3.69297738014375e-15,0,0,0.014319437647646028,-0.0071597188238225196,0.007159718823823508,-0.0071597188238225196,0.0071597188238225196,0.026873128605814447,37.21189351148468,10.749251442325779,0.8337148233431974,0.2225,3.7470329139020104,0.6112148233431973
20,-3.44,8,12,9.99224262426455e-15,0,0,0.02274153159072515,-0.011370765795361967,0.011370765795363183,-0.011370765795361967,0.011370765795361967,0.013454235709101647,74.32603543012931,5.381694283640659,0.8079361541627005,0.235,3.4380261879263854,0.5729361541627005
20,-3.44,9,12,-5.5836404407915076e-15,0,0,0.004650952259227716,-0.0023254761296138712,0.002325476129613845,0.002325476129613845,0.002325476129613845,0.019773953319568622,50.571576853596795,7.909581327827448,0.7489106892953223,0.23,3.2561334317187924,0.5189106892953224
20,-3.44,10,12,0.9999999999999922,1,1,0.02275275406677063,-0.011376377033385267,0.011376377033385364,-0.011376377033385267,0.011376377033385267,0.01803344355589835,55.45252613014787,7.213377422359341,0.7821587864943769,0.2625,2.9796525199785786,0.5196587864943769
20,-3.44,11,12,-1.2898916208157595e-15,0,0,0.0014342020052359279,-0.0007171010026184297,0.0007171010026174982,0.0007171010026174982,0.0007171010026174982,0.018544189946239305,53.92524574538218,7.417675978495721,0.7868696680364432,0.235,3.3483815661125242,0.5518696680364432
20,-3.44,12,12,2.4472601299038728e-15,0,0,0.00021273699272569493,-0.00010636849636270896,0.00010636849636298596,-0.00010636849636270896,0.00010636849636270896,0.036194995965283694,27.62812851144248,14.477998386113477,0.7807899060348356,0.255,3.06192120013661,0.5257899060348356
20,-3.44,13,12,1.0000000000000029,1,1,0.0013545756593824222,-0.0006772878296913476,0.0006772878296910747,0.0006772878296910747,0.0006772878296910747,0.02623822224824469,38.11233819649877,10.495288899297876,0.7543560760203847,0.23,3.2798090261755855,0.5243560760203847
20,-3.44,14,12,1.0000000000000007,1,1,0.04366735424110936,-0.021833677120554843,0.021833677120554514,0.021833677120554514,0.021833677120554514,0.013862787294742966,72.13556543417637,5.545114917897186,0.7824985103462446,0.2225,3.516847237511212,0.5599985103462446
20,-3.44,15,12,2.1203697876423444e-16,0,0,0.015376069136645446,-0.007688034568323114,0.007688034568322332,0.007688034568322332,0.007688034568322332,0.02664405786134001,37.53182061096557,10.657623144536004,0.7806956184558258,0.24,3.2528984102326075,0.5406956184558258
20,-3.44,16,12,0.9999999999999978,1,1,0.001998788815668863,-0.0009993944078347148,0.000999394407834148,0.000999394407834148,0.000999394407834148,0.01868699352200355,53.51315602600924,7.47479740880142,0.7636170190431729,0.2675,2.8546430618436367,0.4961170190431729
20,-3.44,17,12,0.9999999999999959,1,1,0.02590261490602584,-0.012951307453012666,0.012951307453013173,-0.012951307453012666,0.012951307453012666,0.025990881115474165,38.475032668462745,10.396352446189665,0.8214215767694468,0.245,3.3527411296712115,0.5764215767694468
20,-3.44,18,12,1.0000000000000027,1,1,0.004149449716342268,-0.0020747248581710967,0.002074724858171171,-0.0020747248581710967,0.0020747248581710967,0.023285577116627793,42.945038252280156,9.314230846651117,0.7907805344137154,0.2475,3.1950728663180423,0.5432805344137155
20,-3.44,19,12,6.418536044675681e-15,0,0,0.00321801958512574,-0.0016090097925631167,0.0016090097925626232,0.0016090097925626232,0.0016090097925626232,0.022190540688371854,45.064246700577854,8.876216275348742,0.7820018841181295,0.25,3.128007536472518,0.5320018841181295
20,-3.44,20,12,1.0000000000000027,1,1,0.020657504078962365,-0.010328752039481132,0.010328752039481233,-0.010328752039481132,0.010328752039481132,0.02735220153089811,36.560128400281094,10.940880612359244,0.7820075967550995,0.24,3.2583649864795814,0.5420075967550995
20,-3.44,21,12,5.0358782456505685e-15,0,0,0.01713068166318963,-0.008565340831594952,0.008565340831594678,0.008565340831594678,0.008565340831594678,0.024533905781501678,40.759918494265605,9.813562312600672,0.7717509132367716,0.2425,3.182477992728955,0.5292509132367715
20,-3.44,22,12,0.9999999999999999,1,1,0.01895895449802351,-0.009479477249012176,0.009479477249011336,0.009479477249011336,0.009479477249011336,0.022915048130851205,43.63944576025876,9.166019252340483,0.7778299013755288,0.24,3.2409579223980365,0.5378299013755288
20,-3.44,23,12,1.0000000000000078,1,1,0.01126900095979593,-0.005634500479898768,0.005634500479897162,0.005634500479897162,0.005634500479897162,0.02603080434076914,38.416023835030394,10.412321736307657,0.7662332601077042,0.2525,3.034587168743383,0.5137332601077043
20,-3.44,24,12,1.000000000000004,1,1,0.01200923853953673,-0.00600461926976872,0.006004619269768011,0.006004619269768011,0.006004619269768011,0.03826667930682578,26.13239554919065,15.30667172273031,0.7222389517388575,0.2325,3.1064040935004624,0.4897389517388575
20,-3.44,25,12,0.9999999999999986,1,1,0.024959923847645702,-0.01247996192382268,0.012479961923823023,-0.01247996192382268,0.01247996192382268,0.025039662073834994,39.93664119952091,10.015864829533998,0.8122797060706421,0.245,3.3154273717169067,0.5672797060706422
20,-3.44,26,12,-1.0522335071175134e-14,0,0,0.008285726533169488,-0.004142863266585049,0.0041428632665844395,0.0041428632665844395,0.0041428632665844395,0.02542830811312357,39.32624992395382,10.171323245249429,0.7961571941748455,0.255,3.1221850751954725,0.5411571941748455
20,-3.44,27,12,8.967397226904082e-16,0,0,0.00723298335341021,-0.003616491676704983,0.003616491676705227,-0.003616491676704983,0.003616491676704983,0.021074869686377395,47.449878214259655,8.429947874550958,0.7998599516317892,0.2475,3.231757380330462,0.5523599516317892
20,-3.44,28,12,0.9999999999999949,1,1,0.00589799452464328,-0.002948997262322289,0.002948997262320991,0.002948997262320991,0.002948997262320991,0.019096719044698264,52.36501608780936,7.638687617879305,0.776371624357582,0.26,2.986044709067623,0.516371624357582
20,-3.44,29,12,0.9999999999999993,1,1,0.024868489250056615,-0.012434244625028812,0.012434244625027803,0.012434244625027803,0.012434244625027803,0.023983080905593486,41.69606081622206,9.593232362237394,0.8098289342701034,0.2275,3.5596876231652894,0.5823289342701033
20,-3.42,0,12,1.0000000000000047,1,1,0.004927137925457611,-0.00246356896273006,0.002463568962727552,0.002463568962727552,0.002463568962727552,0.01959570273334451,51.0315967540361,7.838281093337804,0.8295827162476956,0.24,3.456594651032065,0.5895827162476956
20,-3.42,1,12,1.000000000000003,1,1,0.025105871545155076,-0.012552935772577335,0.012552935772577739,-0.012552935772577335,0.012552935772577335,0.034061366754163935,29.35877491990987,13.624546701665574,0.7976194497476983,0.255,3.1279194107752875,0.5426194497476983
20,-3.42,2,12,0.9999999999999999,1,1,0.021099842259292192,-0.01054992112964528,0.010549921129646912,-0.01054992112964528,0.01054992112964528,0.034035994944151646,29.380660140561822,13.614397977660659,0.7575720688030472,0.26,2.913738726165566,0.49757206880304716
20,-3.42,3,12,1.0000000000000095,1,1,0.019333241924608738,-0.00966662096230412,0.009666620962304617,-0.00966662096230412,0.00966662096230412,0.026805022582156893,37.30644124380118,10.722009032862758,0.7674356383048381,0.245,3.1323903604279106,0.5224356383048381
20,-3.42,4,12,1.0000000000000042,1,1,0.029395113843721087,-0.014697556921860684,0.014697556921860403,0.014697556921860403,0.014697556921860403,0.021336493503061264,46.8680572961309,8.534597401224506,0.7919833559958843,0.2575,3.0756635184306185,0.5344833559958844
20,-3.42,5,12,0.9999999999999907,1,1,0.029953382459343522,-0.014976691229671941,0.01497669122967158,0.01497669122967158,0.01497669122967158,0.029025387468932053,34.45259778428011,11.61015498757282,0.7837605468247724,0.2575,3.0437302789311547,0.5262605468247723
20,-3.42,6,12,0.9999999999999958,1,1,0.024023585384842255,-0.012011792692421155,0.012011792692421102,0.012011792692421102,0.012011792692421102,0.020631973145567077,48.46846169024105,8.252789258226832,0.7678940670086946,0.2275,3.375358536301954,0.5403940670086945
20,-3.42,7,12,0.9999999999999991,1,1,0.026753333453133604,-0.013376666726566807,0.013376666726566797,0.013376666726566797,0.013376666726566797,0.024401908028780093,40.980401975967624,9.760763211512037,0.8267486709666949,0.2225,3.715724363895258,0.6042486709666949
20,-3.42,8,12,1.0000000000000024,1,1,0.01822614782474665,-0.009113073912373147,0.009113073912373504,-0.009113073912373147,0.009113073912373147,0.01686332379032238,59.30029052599261,6.745329516128952,0.8134316007853013,0.235,3.461411067171495,0.5784316007853013
20,-3.42,9,12,0.9999999999999976,1,1,0.004144975934097286,-0.002072487967048183,0.002072487967049103,-0.002072487967048183,0.002072487967048183,0.020578254860482304,48.59498566714527,8.231301944192921,0.752241759986104,0.23,3.2706163477656696,0.522241759986104
20,-3.42,10,12,1.0000000000000069,1,1,0.03468419517750264,-0.017342097588751736,0.017342097588750903,0.017342097588750903,0.017342097588750903,0.01971154228545717,50.73169747543207,7.884616914182868,0.7738346925357902,0.2625,2.9479416858506293,0.5113346925357902
20,-3.42,11,12,1.0000000000000016,1,1,0.009078009484875362,-0.004539004742437965,0.004539004742437396,0.004539004742437396,0.004539004742437396,0.01912478800800827,52.288161290010756,7.649915203203308,0.7772299305623492,0.235,3.307361406648295,0.5422299305623492
20,-3.42,12,12,-2.7564807239350477e-15,0,0,0.012838475438797431,-0.0064192377193988594,0.0064192377193985715,0.0064192377193985715,0.0064192377193985715,0.034792376808031454,28.741928311409886,13.916950723212583,0.7809434470934248,0.255,3.062523321934999,0.5259434470934248
20,-3.42,13,12,1.0000000000000024,1,1,0.014322413926127934,-0.007161206963064485,0.007161206963063449,0.007161206963063449,0.007161206963063449,0.026327710042299224,37.982794492698275,10.531084016919689,0.7521527671781671,0.23,3.2702294225137702,0.5221527671781672
20,-3.42,14,12,1.0000000000000022,1,1,0.053259261380389264,-0.02662963069019507,0.0266296306901942,0.0266296306901942,0.0266296306901942,0.01576822640501921,63.418673369738556,6.307290562007683,0.7829249323008849,0.2225,3.5187637406781342,0.5604249323008849
20,-3.42,15,12,-7.562652242591028e-15,0,0,0.02750076917156545,-0.013750384585783083,0.013750384585782366,0.013750384585782366,0.013750384585782366,0.028582332915029027,34.98664727518392,11.432933166011612,0.778171040194723,0.24,3.2423793341446796,0.5381710401947231
20,-3.42,16,12,0.9999999999999986,1,1,0.01567560766880774,-0.007837803834403943,0.007837803834403797,0.007837803834403797,0.007837803834403797,0.018623185982333233,53.696505042082684,7.449274392933293,0.7613269398100299,0.2675,2.84608201798142,0.49382693981002984
20,-3.42,17,12,0.9999999999999963,1,1,0.039858003114866786,-0.019929001557433816,0.019929001557432966,0.019929001557432966,0.019929001557432966,0.025752119683398796,38.83175491160263,10.300847873359517,0.8174920686348259,0.245,3.3367023209584734,0.5724920686348259
20,-3.42,18,12,1.0000000000000056,1,1,0.018436830699486942,-0.00921841534974367,0.009218415349743273,0.009218415349743273,0.009218415349743273,0.023458572789902387,42.62833928372849,9.383429115960954,0.7904160585710615,0.2475,3.193600236650753,0.5429160585710615
20,-3.42,19,12,0.9999999999999972,1,1,0.009422572658729873,-0.004711286329365298,0.004711286329364575,0.004711286329364575,0.004711286329364575,0.021422923350822097,46.67897016779577,8.56916934032884,0.7822742303393394,0.25,3.1290969213573576,0.5322742303393394
20,-3.42,20,12,1.0000000000000029,1,1,0.033353663316441115,-0.016676831658220752,0.016676831658220367,0.016676831658220367,0.016676831658220367,0.028635690225789365,34.921456130971755,11.454276090315748,0.7775091516022326,0.24,3.2396214650093023,0.5375091516022326
20,-3.42,21,12,1.4224147325434062e-15,0,0,0.005948912971964886,-0.0029744564859823935,0.0029744564859824924,-0.0029744564859823935,0.0029744564859823935,0.02507340956256301,39.88288858381252,10.029363825025204,0.7603210531388862,0.2425,3.135344549026335,0.5178210531388863
20,-3.42,22,12,0.9999999999999963,1,1,0.03256064202492956,-0.016280321012464172,0.016280321012465383,-0.016280321012464172,0.016280321012464172,0.023369802189603092,42.79026377231752,9.347920875841236,0.7743849935183894,0.24,3.226604139659956,0.5343849935183894
20,-3.42,23,12,0.9999999999999996,1,1,0.025034087577058876,-0.012517043788529759,0.012517043788529116,0.012517043788529116,0.012517043788529116,0.02606504613242005,38.36555649737319,10.42601845296802,0.7639821673363566,0.2525,3.0256719498469566,0.5114821673363565
20,-3.42,24,12,1.0000000000000009,1,1,0.02446539337012995,-0.012232696685064623,0.012232696685065325,-0.012232696685064623,0.012232696685064623,0.039400768508796535,25.380215611194032,15.760307403518613,0.7208865329124908,0.2325,3.1005872383332935,0.4883865329124908
20,-3.42,25,12,1.0000000000000033,1,1,0.03693027071693767,-0.018465135358469317,0.018465135358468353,0.018465135358468353,0.018465135358468353,0.029322621152761786,34.103363229034315,11.729048461104714,0.803796125699391,0.245,3.2808005130587388,0.558796125699391
20,-3.42,26,12,3.2335639261545754e-15,0,0,0.004477558470546562,-0.0022387792352730634,0.002238779235273499,-0.0022387792352730634,0.0022387792352730634,0.02500330967689511,39.99470521792854,10.001323870758046,0.7915112345144528,0.255,3.103965625546874,0.5365112345144528
20,-3.42,27,12,1.0000000000000089,1,1,0.006039320960921566,-0.0030196604804601924,0.0030196604804613738,-0.0030196604804601924,0.0030196604804601924,0.020014458781135176,49.96387916032782,8.00578351245407,0.7966387364676709,0.2475,3.218742369566347,0.549138736467671
20,-3.42,28,12,1.0000000000000007,1,1,0.018171385660339476,-0.009085692830169773,0.009085692830169703,0.009085692830169703,0.009085692830169703,0.019308674857709048,51.790193131806085,7.723469943083618,0.772220585332803,0.26,2.970079174356935,0.512220585332803
20,-3.42,29,12,1.0000000000000013,1,1,0.03853454028939249,-0.019267270144696192,0.0192672701446963,-0.019267270144696192,0.019267270144696192,0.024113789943684148,41.47004690409185,9.64551597747366,0.8008710033646645,0.2275,3.5203121027018223,0.5733710033646645
20,-3.4,0,12,1.0000000000000016,1,1,0.01624929849440513,-0.008124649247202501,0.008124649247202628,-0.008124649247202501,0.008124649247202501,0.019327133538330096,51.74073009930691,7.730853415332039,0.837679763558685,0.24,3.490332348161188,0.597679763558685
20,-3.4,1,12,1.0000000000000038,1,1,0.03934459157236436,-0.019672295786182195,0.01967229578618217,0.01967229578618217,0.01967229578618217,0.03482910314721463,28.711620732042093,13.931641258885852,0.7973706068904648,0.255,3.1269435564331953,0.5423706068904648
20,-3.4,2,12,1.0000000000000013,1,1,0.034171010518776794,-0.01708550525938754,0.017085505259389254,-0.01708550525938754,0.01708550525938754,0.03514116475378588,28.456654951719162,14.056465901514352,0.7555092641717005,0.26,2.905804862198848,0.4955092641717005
20,-3.4,3,12,1.0,1,1,0.032801151629049285,-0.01640057581452445,0.016400575814524837,-0.01640057581452445,0.01640057581452445,0.02733769528061862,36.579528366788175,10.93507811224745,0.7649174517242179,0.245,3.1221120478539506,0.5199174517242179
20,-3.4,4,12,0.9999999999999938,1,1,0.043707733073706304,-0.021853866536852954,0.02185386653685335,-0.021853866536852954,0.021853866536852954,0.021707727049863193,46.06654569144779,8.683090819945278,0.7910867445650733,0.2575,3.072181532291547,0.5335867445650733
20,-3.4,5,12,1.0000000000000064,1,1,0.04341659034448489,-0.02170829517224238,0.021708295172242507,-0.02170829517224238,0.02170829517224238,0.03055960664446216,32.72293428492851,12.223842657784864,0.7797878371440486,0.2575,3.028302280171063,0.5222878371440487
20,-3.4,6,12,1.0000000000000009,1,1,0.03772807357691125,-0.01886403678845586,0.01886403678845539,0.01886403678845539,0.01886403678845539,0.020613500669456872,48.511895967369824,8.245400267782749,0.765153448388054,0.2275,3.363311861046391,0.537653448388054
20,-3.4,7,12,1.0000000000000049,1,1,0.03806317084920454,-0.01903158542460236,0.01903158542460218,0.01903158542460218,0.01903158542460218,0.02118961746022713,47.19292369845741,8.475846984090852,0.8176847797365802,0.2225,3.6749877740969894,0.5951847797365801
20,-3.4,8,12,0.9999999999999947,1,1,0.012335830758722514,-0.006167915379361121,0.006167915379361394,-0.006167915379361121,0.006167915379361121,0.023204408265934163,43.09525968253524,9.281763306373666,0.8169824925791874,0.235,3.476521245017819,0.5819824925791874
20,-3.4,9,12,1.000000000000007,1,1,0.012330476170365624,-0.006165238085183084,0.006165238085182541,0.006165238085182541,0.006165238085182541,0.023057828793643157,43.36921784568421,9.223131517457263,0.7524835314835393,0.23,3.271667528189301,0.5224835314835393
20,-3.4,10,12,0.999999999999999,1,1,0.04670442474791343,-0.0233522123739566,0.023352212373956828,-0.0233522123739566,0.0233522123739566,0.02196888078608647,45.51893242705969,8.787552314434588,0.7653122868347826,0.2625,2.9154753784182192,0.5028122868347826
20,-3.4,11,12,0.9999999999999979,1,1,0.01967234977704871,-0.009836174888524868,0.00983617488852384,0.00983617488852384,0.00983617488852384,0.019747237193733932,50.63999536691207,7.898894877493573,0.7678672825461131,0.235,3.267520351260056,0.5328672825461132
20,-3.4,12,12,0.9999999999999984,1,1,0.025472475463616785,-0.012736237731807938,0.012736237731808847,-0.012736237731807938,0.012736237731807938,0.032258570497131905,30.999513759883115,12.903428198852762,0.781173965424393,0.255,3.0634273153897764,0.526173965424393
20,-3.4,13,12,0.9999999999999974,1,1,0.027227195677706262,-0.013613597838853667,0.013613597838852593,0.013613597838852593,0.013613597838852593,0.026439562997685212,37.82210772876807,10.575825199074085,0.7489214191200271,0.23,3.2561800831305523,0.5189214191200271
20,-3.4,14,12,0.9999999999999943,1,1,0.06298758887885594,-0.03149379443942836,0.03149379443942758,0.03149379443942758,0.03149379443942758,0.018631845081637698,53.671549737472496,7.45273803265508,0.7835950400398514,0.2225,3.5217754608532643,0.5610950400398513
20,-3.4,15,12,0.9999999999999907,1,1,0.03981729818141392,-0.019908649090706797,0.019908649090707123,-0.019908649090706797,0.019908649090706797,0.030378321719070327,32.91821086259149,12.151328687628132,0.7752823919490099,0.24,3.2303432997875414,0.53528239194901
20,-3.4,16,12,1.0000000000000022,1,1,0.029338672269093525,-0.014669336134546417,0.014669336134547108,-0.014669336134546417,0.014669336134546417,0.01851657139001684,54.005678423768416,7.406628556006735,0.7577155778370557,0.2675,2.832581599390862,0.49021557783705566
20,-3.4,17,12,1.0000000000000049,1,1,0.05375292907459413,-0.02687646453729736,0.02687646453729677,0.02687646453729677,0.02687646453729677,0.025445004471321017,39.30044504912926,10.178001788528409,0.8125648402693872,0.245,3.316591184773009,0.5675648402693872
20,-3.4,18,12,1.0000000000000053,1,1,0.03278543360076333,-0.016392716800382134,0.0163927168003812,0.0163927168003812,0.0163927168003812,0.023601067601458588,42.37096460577903,9.440427040583435,0.7893604467231042,0.2475,3.1893351382751685,0.5418604467231043
20,-3.4,19,12,0.9999999999999976,1,1,0.022060232275123742,-0.011030116137561406,0.011030116137562338,-0.011030116137561406,0.011030116137561406,0.020825593589271593,48.0178389976435,8.330237435708638,0.7813416802370521,0.25,3.1253667209482083,0.5313416802370521
20,-3.4,20,12,0.9999999999999976,1,1,0.046039292548579774,-0.02301964627428984,0.023019646274289932,-0.02301964627428984,0.02301964627428984,0.029962770486423488,33.37475085800603,11.985108194569396,0.7722627262315167,0.24,3.2177613592979863,0.5322627262315167
20,-3.4,21,12,0.999999999999998,1,1,0.005108167997489216,-0.0025540839987452375,0.002554083998743978,0.002554083998743978,0.002554083998743978,0.025349445596877154,39.44859449404258,10.13977823875086,0.7492322392726527,0.2425,3.0896174815367123,0.5067322392726528
20,-3.4,22,12,0.9999999999999999,1,1,0.04610338769623175,-0.023051693848115375,0.02305169384811637,-0.023051693848115375,0.023051693848115375,0.02387604638581775,41.88298112010684,9.5504185543271,0.7698513619796674,0.24,3.2077140082486144,0.5298513619796674
20,-3.4,23,12,1.000000000000001,1,1,0.03879738162345128,-0.019398690811725742,0.019398690811725537,0.019398690811725537,0.019398690811725537,0.026010978751716055,38.445304559484356,10.40439150068642,0.7610304263109058,0.2525,3.013981886379825,0.5085304263109058
20,-3.4,24,12,1.0,1,1,0.036942589838034,-0.01847129491901653,0.018471294919017476,-0.01847129491901653,0.01847129491901653,0.040571927124794606,24.64758444734741,16.228770849917844,0.7189713762040286,0.2325,3.0923500051786177,0.4864713762040286
20,-3.4,25,12,1.0000000000000007,1,1,0.04826855992616891,-0.02413427996308469,0.024134279963084215,0.024134279963084215,0.024134279963084215,0.03309784688753894,30.213445708351852,13.239138755015576,0.7884450582836572,0.245,3.2181430950353356,0.5434450582836572
20,-3.4,26,12,-2.6681319827832834e-15,0,0,0.017073730506677494,-0.008536865253338556,0.00853686525333894,-0.008536865253338556,0.008536865253338556,0.024256096469911975,41.226748963520635,9.70243858796479,0.7861324299251746,0.255,3.082872274216371,0.5311324299251746
20,-3.4,27,12,0.9999999999999966,1,1,0.01922384722347882,-0.009611923611739516,0.009611923611739305,0.009611923611739305,0.009611923611739305,0.01890133183792656,52.90632472752238,7.560532735170623,0.7922602977209665,0.2475,3.2010517079635012,0.5447602977209665
20,-3.4,28,12,0.9999999999999969,1,1,0.030510075180587477,-0.0152550375902939,0.015255037590293577,0.015255037590293577,0.015255037590293577,0.019533978802274275,51.19284760786028,7.813591520909711,0.7684755043946632,0.26,2.9556750169025507,0.5084755043946632
20,-3.4,29,12,1.0000000000000073,1,1,0.05184785138885031,-0.02592392569442522,0.02592392569442509,0.02592392569442509,0.02592392569442509,0.024965940791227603,40.054569077219575,9.986376316491041,0.7900475272947084,0.2275,3.472736383713004,0.5625475272947084
20,-3.38,0,12,1.0000000000000013,1,1,0.027485490133952614,-0.013742745066976729,0.013742745066975886,0.013742745066975886,0.013742745066975886,0.01938320419799283,51.59105738067558,7.753281679197133,0.8456326242659161,0.24,3.523469267774651,0.6056326242659161
20,-3.38,1,12,0.9999999999999937,1,1,0.05369360410272579,-0.026846802051362483,0.02684680205136331,-0.026846802051362483,0.026846802051362483,0.035725445295157886,27.991253621561906,14.290178118063155,0.7962452395004029,0.255,3.122530350981972,0.5412452395004029
20,-3.38,2,12,0.999999999999995,1,1,0.04721054081530207,-0.023605270407651813,0.023605270407650262,0.023605270407650262,0.023605270407650262,0.03642016568075971,27.45731605851224,14.568066272303884,0.7532634309741073,0.26,2.897167042208105,0.4932634309741073
20,-3.38,3,12,0.9999999999999963,1,1,0.04628683885058694,-0.023143419425293424,0.023143419425293514,-0.023143419425293424,0.023143419425293424,0.02793268927395197,35.80034812231734,11.17307570958079,0.7617081739647744,0.245,3.109012954958263,0.5167081739647744
20,-3.38,4,12,0.9999999999999981,1,1,0.05806097770097044,-0.02903048885048556,0.02903048885048488,0.02903048885048488,0.02903048885048488,0.022132931406943085,45.18154335788981,8.853172562777234,0.7898733993511394,0.2575,3.06746951204326,0.5323733993511395
20,-3.38,5,12,1.000000000000004,1,1,0.05688158520153433,-0.02844079260076694,0.028440792600767394,-0.02844079260076694,0.02844079260076694,0.03229341796370877,30.966062530878474,12.917367185483508,0.7747826296090157,0.2575,3.008864581005886,0.5172826296090156
20,-3.38,6,12,0.9999999999999941,1,1,0.05140638430127875,-0.025703192150639174,0.025703192150639577,-0.025703192150639174,0.025703192150639174,0.020806573212444435,48.0617346157655,8.322629284977774,0.7615073023649913,0.2275,3.3472848455604014,0.5340073023649913
20,-3.38,7,12,1.0000000000000038,1,1,0.04817985174122784,-0.024089925870613985,0.024089925870613853,0.024089925870613853,0.024089925870613853,0.017471907584349588,57.23473496939437,6.988763033739835,0.8073566143667267,0.2225,3.628569053333603,0.5848566143667266
20,-3.38,8,12,1.0000000000000049,1,1,0.0040208477236561855,-0.0020104238618281023,0.002010423861828083,0.002010423861828083,0.002010423861828083,0.02969408458778267,33.67674113824812,11.877633835113068,0.8189118890792759,0.235,3.484731442890536,0.5839118890792759
20,-3.38,9,12,1.0000000000000022,1,1,0.021438362548234988,-0.01071918127411743,0.01071918127411756,-0.01071918127411743,0.01071918127411743,0.02528506846131972,39.54903272378984,10.114027384527889,0.7508273563209793,0.23,3.264466766612953,0.5208273563209793
20,-3.38,10,12,0.9999999999999981,1,1,0.05879266717753576,-0.029396333588768062,0.029396333588767698,0.029396333588767698,0.029396333588767698,0.02460457584304883,40.6428465330572,9.841830337219532,0.7564567867224485,0.2625,2.881740139895042,0.4939567867224485
20,-3.38,11,12,1.000000000000008,1,1,0.030345078403658438,-0.01517253920182954,0.015172539201828898,0.015172539201828898,0.015172539201828898,0.020331133548042057,49.18564907544482,8.132453419216823,0.7587358024384285,0.235,3.228662989099696,0.5237358024384285
20,-3.38,12,12,0.999999999999999,1,1,0.03749528416243257,-0.0187476420812164,0.018747642081216175,0.018747642081216175,0.018747642081216175,0.02847671091378111,35.11641506028201,11.390684365512445,0.7817947082063863,0.255,3.065861600809358,0.5267947082063863
20,-3.38,13,12,1.000000000000003,1,1,0.04004651517188414,-0.020023257585942283,0.020023257585941857,0.020023257585941857,0.020023257585941857,0.02662461238514888,37.55923224474046,10.649844954059553,0.7446014168063183,0.23,3.237397464375297,0.5146014168063183
20,-3.38,14,12,1.0000000000000058,1,1,0.07322710948065153,-0.036613554740325606,0.036613554740325925,-0.036613554740325606,0.036613554740325606,0.021536987769899804,46.4317485195216,8.614795107959921,0.7835294551626677,0.2225,3.521480697360304,0.5610294551626677
20,-3.38,15,12,0.9999999999999931,1,1,0.05227956063735012,-0.02613978031867455,0.026139780318675566,-0.02613978031867455,0.02613978031867455,0.03204789360767168,31.203298795294874,12.819157443068672,0.7719000014909924,0.24,3.2162500062124684,0.5319000014909924
20,-3.38,16,12,1.0000000000000053,1,1,0.04294585371065204,-0.02147292685532597,0.021472926855326074,-0.02147292685532597,0.02147292685532597,0.01835530097475089,54.48017449430962,7.342120389900355,0.7527698906455361,0.2675,2.814093049142191,0.4852698906455361
20,-3.38,17,12,0.9999999999999986,1,1,0.06754923170336782,-0.033774615851683745,0.033774615851684085,-0.033774615851683745,0.033774615851683745,0.0250003614446621,39.99942169690162,10.000144577864841,0.8064046480408058,0.245,3.2914475430236974,0.5614046480408058
20,-3.38,18,12,1.000000000000004,1,1,0.047172401125221364,-0.023586200562609613,0.023586200562611754,-0.023586200562609613,0.023586200562609613,0.02371959506195933,42.15923574529169,9.487838024783732,0.7875210538025316,0.2475,3.1819032476869964,0.5400210538025316
20,-3.38,19,12,1.0000000000000018,1,1,0.03470571475411356,-0.017352857377056552,0.01735285737705701,-0.017352857377056552,0.017352857377056552,0.02040275244817632,49.012994817245065,8.161100979270529,0.7793635580310195,0.25,3.117454232124078,0.5293635580310195
20,-3.38,20,12,0.999999999999999,1,1,0.058671511643780254,-0.029335755821890065,0.02933575582189019,-0.029335755821890065,0.029335755821890065,0.031357796441730305,31.88999590128153,12.543118576692123,0.7659131999215327,0.24,3.1913049996730534,0.5259131999215327
20,-3.38,21,12,0.9999999999999944,1,1,0.016124638699863456,-0.008062319349932132,0.008062319349931325,0.008062319349931325,0.008062319349931325,0.025268531441587354,39.574915634162416,10.107412576634943,0.738723582431905,0.2425,3.0462828141521854,0.49622358243190495
20,-3.38,22,12,1.000000000000006,1,1,0.05952702180087549,-0.029763510900438103,0.029763510900437388,0.029763510900437388,0.029763510900437388,0.024462700192159924,40.878561734590974,9.78508007686397,0.7636097108503183,0.24,3.181707128542993,0.5236097108503183
20,-3.38,23,12,1.0000000000000056,1,1,0.05253603371875069,-0.026268016859375375,0.026268016859375312,0.026268016859375312,0.026268016859375312,0.025848116246746832,38.6875387921492,10.339246498698733,0.757362149060238,0.2525,2.999454055684111,0.5048621490602381
20,-3.38,24,12,1.0000000000000024,1,1,0.04942877690630006,-0.024714388453149317,0.024714388453150746,-0.024714388453149317,0.024714388453149317,0.041743696083448016,23.95571292970664,16.697478433379207,0.7165582373787834,0.2325,3.0819709134571327,0.4840582373787834
20,-3.38,25,12,1.000000000000007,1,1,0.05872599904759006,-0.029362999523793596,0.02936299952379646,-0.029362999523793596,0.029362999523793596,0.033921798985136344,29.479568593581202,13.568719594054537,0.7703207912646562,0.245,3.1441664949577808,0.5253207912646563
20,-3.38,26,12,1.0000000000000038,1,1,0.02948703666257884,-0.01474351833128952,0.01474351833128932,0.01474351833128932,0.01474351833128932,0.023162860060734168,43.1725614789344,9.265144024293669,0.7800243008148615,0.255,3.058918826724947,0.5250243008148615
20,-3.38,27,12,0.9999999999999934,1,1,0.03229052800376328,-0.016145264001881834,0.016145264001881446,0.016145264001881446,0.016145264001881446,0.017769726354289063,56.275486749891954,7.107890541715625,0.7867086461158204,0.2475,3.1786207923871532,0.5392086461158203
20,-3.38,28,12,1.000000000000005,1,1,0.04295148702007687,-0.02147574351003865,0.021475743510038215,0.021475743510038215,0.021475743510038215,0.019711876599072524,50.730837065358436,7.88475063962901,0.7650945623063732,0.26,2.9426713934860507,0.5050945623063732
20,-3.38,29,12,0.9999999999999978,1,1,0.06477090562163,-0.03238545281081474,0.032385452810815264,-0.03238545281081474,0.03238545281081474,0.026806441399663778,37.30446667988324,10.72257655986551,0.7776349897171076,0.2275,3.4181757789762974,0.5501349897171076
20,-3.36,0,12,0.9999999999999916,1,1,0.03893605789517801,-0.01946802894758927,0.019468028947588742,0.019468028947588742,0.019468028947588742,0.019867559021404295,50.33330963922901,7.947023608561718,0.85244566801953,0.24,3.5518569500813753,0.61244566801953
20,-3.36,1,12,0.9999999999999903,1,1,0.06811903042206177,-0.03405951521103003,0.034059515211031746,-0.03405951521103003,0.03405951521103003,0.036701044107090866,27.24718122683583,14.680417642836346,0.794322425522278,0.255,3.1149899040089335,0.539322425522278
20,-3.36,2,12,1.0000000000000002,1,1,0.06022446343910474,-0.03011223171955221,0.03011223171955253,-0.03011223171955221,0.03011223171955221,0.03779767676607845,26.45665251303092,15.119070706431382,0.7509076695686088,0.26,2.888106421417726,0.49090766956860876
20,-3.36,3,12,1.0000000000000047,1,1,0.059766743874765355,-0.02988337193738258,0.029883371937382774,-0.02988337193738258,0.02988337193738258,0.0285633375504665,35.009914308269195,11.4253350201866,0.7577918244795749,0.245,3.0930278550186734,0.5127918244795749
20,-3.36,4,12,1.000000000000005,1,1,0.07244210878140152,-0.03622105439070083,0.03622105439070069,0.03622105439070069,0.03622105439070069,0.02261725793278934,44.21402466079901,9.046903173115737,0.7883046168278969,0.2575,3.0613771527296967,0.5308046168278968
20,-3.36,5,12,0.999999999999995,1,1,0.07030136477395257,-0.03515068238697643,0.03515068238697614,0.03515068238697614,0.03515068238697614,0.0341266907377535,29.30257749526605,13.650676295101398,0.7687451542562793,0.2575,2.985418074781667,0.5112451542562793
20,-3.36,6,12,0.9999999999999988,1,1,0.06502858325737565,-0.032514291628687964,0.03251429162868769,0.03251429162868769,0.03251429162868769,0.02135169684098632,46.83468519843438,8.540678736394527,0.7568463363815292,0.2275,3.3267970829957325,0.5293463363815292
20,-3.36,7,12,0.9999999999999963,1,1,0.05759107379315888,-0.028795536896579307,0.028795536896579575,-0.028795536896579307,0.028795536896579307,0.014807313407453832,67.53419560206049,5.922925362981532,0.7979880032421001,0.2225,3.586462935919551,0.5754880032421
20,-3.36,8,12,1.000000000000004,1,1,0.006382890973280478,-0.003191445486639851,0.0031914454866406273,-0.003191445486639851,0.003191445486639851,0.03449824374594217,28.986982855254027,13.799297498376868,0.8198377814557938,0.235,3.4886714104501864,0.5848377814557938
20,-3.36,9,12,0.9999999999999986,1,1,0.03184145750575213,-0.015920728752876746,0.015920728752875386,0.015920728752875386,0.015920728752875386,0.026889664597328895,37.189009791492,10.755865838931557,0.7491055593312357,0.23,3.2569806927445026,0.5191055593312357
20,-3.36,10,12,1.0000000000000033,1,1,0.07090359613813897,-0.03545179806906964,0.03545179806906933,0.03545179806906933,0.03545179806906933,0.02728469668067899,36.650581522063476,10.913878672271595,0.7474184843999818,0.2625,2.8473085119999304,0.4849184843999818
20,-3.36,11,12,0.9999999999999999,1,1,0.04106612279983756,-0.020533061399918534,0.020533061399919027,-0.020533061399918534,0.020533061399918534,0.02078646252739736,48.108233841230145,8.314585010958943,0.749662962735885,0.235,3.190055160578234,0.514662962735885
20,-3.36,12,12,0.9999999999999979,1,1,0.0488075999190054,-0.024403799959502117,0.024403799959503283,-0.024403799959502117,0.024403799959502117,0.024264137020619903,41.213087411688704,9.70565480824796,0.7829607910403493,0.255,3.0704344746680365,0.5279607910403493
20,-3.36,13,12,1.0000000000000069,1,1,0.05275709219230969,-0.026378546096155052,0.026378546096154632,0.026378546096154632,0.026378546096154632,0.02693521190312559,37.12612336582208,10.774084761250236,0.7389832869854034,0.23,3.2129708129800147,0.5089832869854034
20,-3.36,14,12,0.9999999999999918,1,1,0.08410566712942769,-0.04205283356471377,0.042052833564713926,-0.04205283356471377,0.04205283356471377,0.02409466564915921,41.502962297171166,9.637866259663685,0.7820562998376789,0.2225,3.5148597745513657,0.5595562998376788
20,-3.36,15,12,0.9999999999999974,1,1,0.06484358739547258,-0.03242179369773654,0.03242179369773604,0.03242179369773604,0.03242179369773604,0.03360056470254098,29.7614045731909,13.440225881016392,0.7678530526878494,0.24,3.199387719532706,0.5278530526878494
20,-3.36,16,12,0.9999999999999993,1,1,0.05645365432974107,-0.02822682716487043,0.028226827164870637,-0.02822682716487043,0.02822682716487043,0.018132260386724885,55.150322059798285,7.252904154689954,0.7465179101379285,0.2675,2.790721159394125,0.47901791013792844
20,-3.36,17,12,1.0000000000000022,1,1,0.08119768828444776,-0.04059884414222435,0.040598844142223416,0.040598844142223416,0.040598844142223416,0.024290752645062034,41.167929813129355,9.716301058024813,0.7986891931093509,0.245,3.259955890242249,0.5536891931093509
20,-3.36,18,12,1.0000000000000016,1,1,0.06157078750080806,-0.0307853937504035,0.030785393750404556,-0.0307853937504035,0.0307853937504035,0.023836736733359863,41.95205120508317,9.534694693343946,0.784788951195656,0.2475,3.1708644492753777,0.537288951195656
20,-3.36,19,12,1.000000000000006,1,1,0.04737067846629986,-0.023685339233149735,0.02368533923315012,-0.023685339233149735,0.023685339233149735,0.020111215272678958,49.723499372934356,8.044486109071583,0.7765897651206404,0.25,3.1063590604825615,0.5265897651206404
20,-3.36,20,12,0.9999999999999989,1,1,0.0711913822529723,-0.0355956911264869,0.03559569112648539,0.03559569112648539,0.03559569112648539,0.03281496107603916,30.47390480466486,13.125984430415663,0.7580158909399141,0.24,3.1583995455829754,0.5180158909399141
20,-3.36,21,12,0.9999999999999903,1,1,0.027151331357412788,-0.013575665678706777,0.013575665678706009,0.013575665678706009,0.013575665678706009,0.024834472539892846,40.26660918179963,9.933789015957139,0.7287454309088203,0.2425,3.0051357975621453,0.4862454309088203
20,-3.36,22,12,0.9999999999999983,1,1,0.07272308326912807,-0.036361541634564266,0.036361541634563815,0.036361541634563815,0.036361541634563815,0.025228083685298032,39.6383654214197,10.091233474119212,0.7544951591226522,0.24,3.1437298296777176,0.5144951591226522
20,-3.36,23,12,0.9999999999999978,1,1,0.0662247965455145,-0.03311239827275824,0.03311239827275625,0.03311239827275625,0.03311239827275625,0.02555307860538475,39.13422783387329,10.2212314421539,0.752954137844846,0.2525,2.9819965855241426,0.5004541378448459
20,-3.36,24,12,0.9999999999999938,1,1,0.06191341292980805,-0.03095670646490418,0.030956706464903866,0.030956706464903866,0.030956706464903866,0.042868262695506594,23.327280769528805,17.14730507820264,0.7136914892969398,0.2325,3.0696408141803864,0.4811914892969398
20,-3.36,25,12,1.0000000000000067,1,1,0.0686818514253488,-0.03434092571267478,0.034340925712674025,0.034340925712674025,0.034340925712674025,0.03244190850535832,30.824327114874677,12.97676340214333,0.7555210709359664,0.245,3.0837594732080262,0.5105210709359664
20,-3.36,26,12,1.0000000000000009,1,1,0.04170850151150296,-0.02085425075575169,0.02085425075575127,0.02085425075575127,0.02085425075575127,0.021770337228070216,45.93406108154452,8.708134891228086,0.7732074783730327,0.255,3.0321861896981677,0.5182074783730327
20,-3.36,27,12,0.9999999999999912,1,1,0.04521222125514157,-0.022606110627570713,0.02260611062757086,-0.022606110627570713,0.022606110627570713,0.01666503827351093,60.0058627881761,6.666015309404372,0.7799848502780432,0.2475,3.1514539405173463,0.5324848502780433
20,-3.36,28,12,1.0000000000000013,1,1,0.05550398415613131,-0.02775199207806566,0.027751992078065644,0.027751992078065644,0.027751992078065644,0.019797775472798596,50.51072537790736,7.919110189119438,0.7619098841535985,0.26,2.930422631359994,0.5019098841535985
20,-3.36,29,12,0.9999999999999996,1,1,0.07729466531027748,-0.03864733265513813,0.03864733265513935,-0.03864733265513813,0.03864733265513813,0.029764623998900647,33.596930370661994,11.90584959956026,0.7642243059507197,0.2275,3.3592277184647017,0.5367243059507196
20,-3.34,0,12,1.0000000000000016,1,1,0.05083504757714606,-0.025417523788573,0.02541752378857306,-0.025417523788573,0.025417523788573,0.02080270665451723,48.07066775528721,8.32108266180689,0.8576260000434784,0.24,3.573441666847827,0.6176260000434785
20,-3.34,1,12,0.9999999999999994,1,1,0.08258858030805832,-0.04129429015402932,0.04129429015402901,0.04129429015402901,0.04129429015402901,0.037683336026847834,26.5369286649022,15.073334410739134,0.7916287632156362,0.255,3.1044265224142595,0.5366287632156362
20,-3.34,2,12,0.9999999999999986,1,1,0.07322343125727977,-0.03661171562863974,0.03661171562864003,-0.03661171562863974,0.03661171562863974,0.03916185195541545,25.53505388709576,15.66474078216618,0.7484824382797267,0.26,2.8787786087681795,0.4884824382797267
20,-3.34,3,12,0.9999999999999943,1,1,0.07321547270825682,-0.03660773635412837,0.03660773635412845,-0.03660773635412837,0.03660773635412837,0.02919443371893756,34.253104877020775,11.677773487575024,0.7531456145519307,0.245,3.0740637328650235,0.5081456145519307
20,-3.34,4,12,0.999999999999998,1,1,0.0868356051886445,-0.043417802594322104,0.043417802594322395,-0.043417802594322104,0.043417802594322104,0.02316136528279035,43.175347730603455,9.26454611311614,0.7863212848042683,0.2575,3.0536748924437602,0.5288212848042684
20,-3.34,5,12,1.0000000000000029,1,1,0.08362501469189315,-0.04181250734594649,0.04181250734594665,-0.04181250734594649,0.04181250734594649,0.03593032555083532,27.83164317799374,14.372130220334128,0.7617111110060412,0.2575,2.9581014019652083,0.5042111110060412
20,-3.34,6,12,0.9999999999999999,1,1,0.07856063695418769,-0.039280318477093824,0.03928031847709387,-0.039280318477093824,0.039280318477093824,0.022452501962536058,44.538466210517946,8.981000785014423,0.7511221693722218,0.2275,3.3016359093284473,0.5236221693722217
20,-3.34,7,12,0.9999999999999952,1,1,0.0670493773853569,-0.033524688692678176,0.033524688692678724,-0.033524688692678176,0.033524688692678176,0.014101199022852574,70.91595532971259,5.640479609141029,0.7910061198848428,0.2225,3.555083684875698,0.5685061198848428
20,-3.34,8,12,0.999999999999996,1,1,0.018201646836986003,-0.009100823418492584,0.009100823418493421,-0.009100823418492584,0.009100823418492584,0.03761013998908527,26.58857425923453,15.044055995634109,0.8200915643889319,0.235,3.4897513378252425,0.585091564388932
20,-3.34,9,12,0.9999999999999978,1,1,0.04327236077002332,-0.021636180385011243,0.02163618038501208,-0.021636180385011243,0.021636180385011243,0.027993432544621687,35.722664535904784,11.197373017848676,0.74777087644695,0.23,3.251177723682391,0.51777087644695
20,-3.34,10,12,0.9999999999999966,1,1,0.08300329571817243,-0.041501647859086464,0.041501647859085965,0.041501647859085965,0.041501647859085965,0.02956156581011922,33.827707450384445,11.824626324047687,0.7387524597503946,0.2625,2.814295084763408,0.4762524597503946
20,-3.34,11,12,0.9999999999999972,1,1,0.051790941403572155,-0.025895470701785616,0.02589547070178654,-0.025895470701785616,0.025895470701785616,0.021035169289081494,47.53943199872699,8.414067715632598,0.7404298027086749,0.235,3.150765117909255,0.5054298027086749
20,-3.34,12,12,0.9999999999999954,1,1,0.05956176047606104,-0.029780880238030837,0.029780880238030202,0.029780880238030202,0.029780880238030202,0.021046060605617402,47.51483038745456,8.41842424224696,0.7842898445135145,0.255,3.0756464490726056,0.5292898445135145
20,-3.34,13,12,0.9999999999999959,1,1,0.06532780520588632,-0.03266390260294351,0.03266390260294282,0.03266390260294282,0.03266390260294282,0.027395802788589385,36.50194183820412,10.958321115435755,0.7316501954577964,0.23,3.1810878063382453,0.5016501954577964
20,-3.34,14,12,1.0000000000000064,1,1,0.09557341294055201,-0.04778670647027611,0.0477867064702759,0.0477867064702759,0.0477867064702759,0.026443287408640763,37.81678066522221,10.577314963456306,0.7787915238611129,0.2225,3.50018662409489,0.5562915238611129
20,-3.34,15,12,0.9999999999999953,1,1,0.07746411678258544,-0.038732058391293143,0.03873205839129229,0.03873205839129229,0.03873205839129229,0.03502249906184559,28.553073789340914,14.008999624738237,0.7629010776611367,0.24,3.1787544902547364,0.5229010776611367
20,-3.34,16,12,0.999999999999991,1,1,0.06981908356980851,-0.03490954178490403,0.03490954178490447,-0.03490954178490403,0.03490954178490403,0.01784130434829502,56.04971365759834,7.136521739318008,0.739052043501659,0.2675,2.7628113775762952,0.47155204350165897
20,-3.34,17,12,0.999999999999998,1,1,0.09463290069474398,-0.047316450347372016,0.04731645034737196,0.04731645034737196,0.04731645034737196,0.023123772385685144,43.2455389769817,9.249508954274058,0.7889725250817199,0.245,3.220296020741714,0.5439725250817199
20,-3.34,18,12,1.000000000000004,1,1,0.0759490584104631,-0.03797452920523189,0.03797452920523121,0.03797452920523121,0.03797452920523121,0.024001595046753216,41.66389767230381,9.600638018701286,0.7810471020308446,0.2475,3.155745866791291,0.5335471020308447
20,-3.34,19,12,1.000000000000005,1,1,0.06006393999002085,-0.030031969995010496,0.03003196999501035,0.03003196999501035,0.03003196999501035,0.019892393501316906,50.27047147110771,7.956957400526763,0.7732842781211618,0.25,3.0931371124846474,0.5232842781211618
20,-3.34,20,12,1.0000000000000013,1,1,0.08352327753788358,-0.041761638768941824,0.04176163876894175,0.04176163876894175,0.04176163876894175,0.03423529562937828,29.20962070331508,13.694118251751311,0.7480807899940639,0.24,3.1170032916419332,0.5080807899940639
20,-3.34,21,12,0.9999999999999947,1,1,0.03820107745865996,-0.019100538729330395,0.019100538729329562,0.019100538729329562,0.019100538729329562,0.02411075492802383,41.475267074184565,9.644301971209533,0.7190730802762133,0.2425,2.9652498155720135,0.4765730802762133
20,-3.34,22,12,0.9999999999999949,1,1,0.08550157987538558,-0.04275078993769247,0.04275078993769311,-0.04275078993769247,0.04275078993769247,0.02643557746848022,37.82780993501368,10.574230987392088,0.740896797548514,0.24,3.087069989785475,0.500896797548514
20,-3.34,23,12,1.0,1,1,0.07983564203454008,-0.039917821017270566,0.03991782101726951,0.03991782101726951,0.03991782101726951,0.025102972317501644,39.83592011941972,10.041188927000658,0.7477830377986507,0.2525,2.961516981380795,0.49528303779865074
20,-3.34,24,12,1.0000000000000009,1,1,0.0743858884269914,-0.037192944213495664,0.037192944213495734,-0.037192944213495664,0.037192944213495664,0.04388927255719571,22.784610947853327,17.555709022878286,0.7103710361239016,0.2325,3.055359295156566,0.4778710361239016
20,-3.34,25,12,1.0000000000000018,1,1,0.07862801279769094,-0.03931400639884541,0.03931400639884553,-0.03931400639884541,0.03931400639884541,0.030644526030102794,32.632255399143,12.257810412041117,0.7438481616069168,0.245,3.0361149453343543,0.4988481616069168
20,-3.34,26,12,1.0000000000000087,1,1,0.05373521762491941,-0.026867608812459382,0.026867608812460024,-0.026867608812459382,0.026867608812459382,0.020190611324025904,49.52797039929374,8.076244529610362,0.7657126774957168,0.255,3.0027948137086935,0.5107126774957168
20,-3.34,27,12,0.999999999999998,1,1,0.05796539864852425,-0.02898269932426203,0.028982699324262215,-0.02898269932426203,0.02898269932426203,0.015637389991645087,63.949290804558224,6.254955996658035,0.7721047068246398,0.2475,3.119614977069252,0.5246047068246398
20,-3.34,28,12,1.0000000000000018,1,1,0.06815372290762645,-0.03407686145381363,0.03407686145381282,0.03407686145381282,0.03407686145381282,0.019768421354006867,50.58572872827347,7.907368541602747,0.7587171817933973,0.26,2.9181430068976817,0.4987171817933973
20,-3.34,29,12,0.9999999999999986,1,1,0.08944696661072699,-0.04472348330536349,0.0447234833053635,-0.04472348330536349,0.04472348330536349,0.033686373239529874,29.68559402015211,13.47454929581195,0.7506721094520098,0.2275,3.2996576239648783,0.5231721094520098
20,-3.32,0,12,0.9999999999999964,1,1,0.06328997320159371,-0.03164498660079664,0.03164498660079708,-0.03164498660079664,0.03164498660079664,0.02209386377618945,45.261435941218195,8.837545510475781,0.8611394334040325,0.24,3.5880809725168024,0.6211394334040325
20,-3.32,1,12,1.0000000000000069,1,1,0.09706825227777,-0.04853412613888495,0.04853412613888505,-0.04853412613888495,0.04853412613888495,0.03857438668179803,25.923937773762887,15.429754672719211,0.7881017879851577,0.255,3.0905952470006186,0.5331017879851577
20,-3.32,2,12,0.9999999999999901,1,1,0.08621953942956682,-0.043109769714782156,0.04310976971478467,-0.043109769714782156,0.043109769714782156,0.04038813529925736,24.759746707553184,16.155254119702946,0.7459796687550231,0.26,2.869152572134704,0.4859796687550231
20,-3.32,3,12,1.0000000000000009,1,1,0.08660526600353771,-0.043302633001769106,0.043302633001768606,0.043302633001768606,0.043302633001768606,0.029779736702670714,33.57988050681179,11.911894681068285,0.7477312684780654,0.245,3.051964361134961,0.5027312684780654
20,-3.32,4,12,0.9999999999999988,1,1,0.10122155914321065,-0.05061077957160558,0.05061077957160508,0.05061077957160508,0.05061077957160508,0.02375553480116723,42.095453054202125,9.502213920466893,0.7838267557716324,0.2575,3.043987401054883,0.5263267557716325
20,-3.32,5,12,1.000000000000002,1,1,0.09679841035106934,-0.04839920517553447,0.048399205175534865,-0.04839920517553447,0.04839920517553447,0.03755464213252966,26.627866575615815,15.021856853011863,0.7537337896873864,0.2575,2.927121513349073,0.49623378968738635
20,-3.32,6,12,1.000000000000001,1,1,0.09196752504491663,-0.045983762522458525,0.04598376252245811,0.04598376252245811,0.04598376252245811,0.02436968011232071,41.0345969003682,9.747872044928284,0.7444157307655935,0.2275,3.272157058310301,0.5169157307655935
20,-3.32,7,12,1.0000000000000033,1,1,0.07701655980323355,-0.03850827990161759,0.03850827990161596,0.03850827990161596,0.03850827990161596,0.014704332310904044,68.00716814992319,5.881732924361618,0.7860001894082119,0.2225,3.5325851209357837,0.5635001894082119
20,-3.32,8,12,1.0000000000000009,1,1,0.03093336657454276,-0.015466683287271531,0.01546668328727123,0.01546668328727123,0.01546668328727123,0.03956196499415517,25.2768031150055,15.824785997662069,0.819787038639906,0.235,3.4884554835740684,0.584787038639906
20,-3.32,9,12,0.9999999999999978,1,1,0.05543078219765454,-0.027715391098827296,0.027715391098827247,0.027715391098827247,0.027715391098827247,0.028759484436457674,34.77113792527954,11.50379377458307,0.7467487709623589,0.23,3.246733786792865,0.5167487709623589
20,-3.32,10,12,1.000000000000003,1,1,0.09508941471080139,-0.04754470735540118,0.04754470735540021,0.04754470735540021,0.04754470735540021,0.031096182914343393,32.15828781154812,12.438473165737358,0.7310193718353655,0.2625,2.7848357022299637,0.46851937183536546
20,-3.32,11,12,0.9999999999999989,1,1,0.06246917600574203,-0.031234588002871058,0.03123458800287098,0.03123458800287098,0.03123458800287098,0.02102670081659975,47.55857843426105,8.410680326639898,0.7308180299542181,0.235,3.109863957251992,0.4958180299542181
20,-3.32,12,12,0.9999999999999959,1,1,0.07011812039000992,-0.035059060195005085,0.035059060195004835,0.035059060195004835,0.035059060195004835,0.019368890479218803,51.629183461640004,7.747556191687521,0.7851218677623528,0.255,3.07890928534256,0.5301218677623528
20,-3.32,13,12,0.9999999999999938,1,1,0.07770961302533269,-0.03885480651266663,0.038854806512666054,0.038854806512666054,0.038854806512666054,0.027948500988724125,35.78009426707543,11.17940039548965,0.7219764906875316,0.23,3.1390282203805717,0.4919764906875316
20,-3.32,14,12,1.0000000000000022,1,1,0.10750414646446493,-0.053752073232232606,0.053752073232232335,0.053752073232232335,0.053752073232232335,0.029159178121788157,34.294519407348645,11.66367124871526,0.7734672553393573,0.2225,3.476257327367898,0.5509672553393573
20,-3.32,15,12,1.0000000000000018,1,1,0.09008953896746488,-0.045044769483732615,0.04504476948373227,0.04504476948373227,0.04504476948373227,0.03625614253787088,27.581533224486392,14.502457015148352,0.7567021892510217,0.24,3.152925788545924,0.5167021892510217
20,-3.32,16,12,0.9999999999999976,1,1,0.08300222035497569,-0.04150111017748805,0.041501110177487636,0.041501110177487636,0.041501110177487636,0.017473585386668218,57.22923932732018,6.989434154667286,0.7305362249361952,0.2675,2.730976541817552,0.4630362249361952
20,-3.32,17,12,0.9999999999999981,1,1,0.10776702900977489,-0.05388351450488818,0.0538835145048867,0.0538835145048867,0.0538835145048867,0.021340076824269364,46.860187441440374,8.536030729707745,0.7767045387058761,0.245,3.1702226069627595,0.5317045387058761
20,-3.32,18,12,0.9999999999999943,1,1,0.09027108857661519,-0.045135544288307565,0.04513554428830762,-0.045135544288307565,0.045135544288307565,0.0243025717573506,41.14790854171794,9.72102870294024,0.7761892144562064,0.2475,3.1361180382068943,0.5286892144562063
20,-3.32,19,12,1.0000000000000022,1,1,0.07278965524803607,-0.036394827624018425,0.03639482762401764,0.03639482762401764,0.03639482762401764,0.019700253170413573,50.760768978432715,7.880101268165429,0.7696605312549101,0.25,3.0786421250196403,0.5196605312549101
20,-3.32,20,12,1.0000000000000016,1,1,0.09557823348160943,-0.04778911674080431,0.047789116740805125,-0.04778911674080431,0.04778911674080431,0.035344640991628144,28.29283229208251,14.137856396651259,0.7357163960116327,0.24,3.065484983381803,0.49571639601163275
20,-3.32,21,12,1.0000000000000022,1,1,0.04925671882336219,-0.024628359411681414,0.024628359411680775,0.024628359411680775,0.024628359411680775,0.02317617414470921,43.147760012335155,9.270469657883684,0.7094310792766084,0.2425,2.9254889867076637,0.46693107927660843
20,-3.32,22,12,1.000000000000003,1,1,0.09762256589507567,-0.04881128294753799,0.04881128294753768,0.04881128294753768,0.04881128294753768,0.028260960781370626,35.38450117588327,11.304384312548251,0.7231650580105036,0.24,3.0131877417104316,0.4831650580105036
20,-3.32,23,12,1.000000000000007,1,1,0.09333775242493787,-0.046668876212469165,0.04666887621246871,0.04666887621246871,0.04666887621246871,0.024480208476809977,40.84932532119964,9.792083390723992,0.7418355926556539,0.2525,2.9379627431907087,0.4893355926556539
20,-3.32,24,12,0.9999999999999984,1,1,0.08683285895569251,-0.043416429477846546,0.04341642947784596,0.04341642947784596,0.04341642947784596,0.04474374074618316,22.349494774535685,17.897496298473264,0.7065266882074379,0.2325,3.038824465408335,0.4740266882074379
20,-3.32,25,12,0.9999999999999984,1,1,0.08875382641302981,-0.04437691320651507,0.04437691320651475,0.04437691320651475,0.04437691320651475,0.028963186307982274,34.526587971586515,11.58527452319291,0.7332047949312571,0.245,2.992672632372478,0.4882047949312571
20,-3.32,26,12,0.9999999999999964,1,1,0.0655683157071707,-0.0327841578535848,0.0327841578535859,-0.0327841578535848,0.0327841578535848,0.018568467394742976,53.854740875550974,7.427386957897191,0.7575741137367943,0.255,2.970878877399193,0.5025741137367943
20,-3.32,27,12,1.0000000000000038,1,1,0.07052993389050244,-0.03526496694525119,0.03526496694525125,-0.03526496694525119,0.03526496694525119,0.014731337400291736,67.8824992481807,5.892534960116694,0.7630891098088834,0.2475,3.0831883224601353,0.5155891098088834
20,-3.32,28,12,1.0000000000000018,1,1,0.08087308680231636,-0.04043654340115835,0.04043654340115802,0.04043654340115802,0.04043654340115802,0.0196187908135914,50.971540983413995,7.84751632543656,0.7553211335499496,0.26,2.9050812828844212,0.49532113354994955
20,-3.32,29,12,1.0,1,1,0.10129142220947082,-0.050645711104735924,0.0506457111047349,0.0506457111047349,0.0506457111047349,0.038089463645062514,26.253979560293143,15.235785458025006,0.7378643894138196,0.2275,3.2433599534673387,0.5103643894138196
20,-3.3,0,12,0.9999999999999966,1,1,0.07630729255072735,-0.038153646275363995,0.03815364627536336,0.03815364627536336,0.03815364627536336,0.023590702678594647,42.389580913474184,9.43628107143786,0.8630904777831332,0.24,3.5962103240963885,0.6230904777831332
20,-3.3,1,12,1.000000000000007,1,1,0.11151718987003588,-0.05575859493501737,0.05575859493501851,-0.05575859493501737,0.05575859493501737,0.03923997023134207,25.484219129230425,15.695988092536828,0.7835411174307539,0.255,3.072710264434329,0.5285411174307539
20,-3.3,2,12,1.0,1,1,0.09922251070632021,-0.04961125535315985,0.04961125535316037,-0.04961125535315985,0.04961125535315985,0.04136530314441699,24.174850030924247,16.546121257766796,0.7433386683850652,0.26,2.858994878404097,0.48333866838506523
20,-3.3,3,12,1.0000000000000044,1,1,0.09990499608473642,-0.0499524980423681,0.04995249804236832,-0.0499524980423681,0.0499524980423681,0.03025970107487806,33.047253094982196,12.103880429951223,0.7414826367814771,0.245,3.026459741965213,0.4964826367814771
20,-3.3,4,12,0.9999999999999999,1,1,0.115572606832922,-0.057786303416461314,0.05778630341646068,0.05778630341646068,0.05778630341646068,0.024366719363246997,41.03958292835793,9.746687745298798,0.7806498787741303,0.2575,3.0316500146568166,0.5231498787741302
20,-3.3,5,12,1.0000000000000022,1,1,0.10976439822611449,-0.05488219911305704,0.054882199113057445,-0.05488219911305704,0.05488219911305704,0.03883980929387296,25.746779352949904,15.535923717549183,0.7448415962363208,0.2575,2.8925887232478478,0.48734159623632084
20,-3.3,6,12,0.9999999999999999,1,1,0.10521927146888255,-0.052609635734441676,0.05260963573444088,0.05260963573444088,0.05260963573444088,0.027355933612906374,36.55514061959142,10.94237344516255,0.736997594727767,0.2275,3.23954986693524,0.509497594727767
20,-3.3,7,12,0.9999999999999974,1,1,0.08762297922998472,-0.043811489614992295,0.04381148961499241,-0.043811489614992295,0.043811489614992295,0.015827317256903527,63.18190150411132,6.330926902761411,0.7820851377066754,0.2225,3.51498938295135,0.5595851377066754
20,-3.3,8,12,0.9999999999999973,1,1,0.04426671318468604,-0.02213335659234283,0.02213335659234321,-0.02213335659234283,0.02213335659234283,0.0407715125553407,24.526929155318008,16.30860502213628,0.8189349673234025,0.235,3.4848296481846917,0.5839349673234026
20,-3.3,9,12,0.9999999999999939,1,1,0.06810732576545306,-0.03405366288272725,0.0340536628827258,0.0340536628827258,0.0340536628827258,0.029306491478680606,34.122133000037316,11.722596591472243,0.7458934767515593,0.23,3.243015116311127,0.5158934767515593
20,-3.3,10,12,1.0000000000000069,1,1,0.10718080632392732,-0.05359040316196405,0.05359040316196328,0.05359040316196328,0.05359040316196328,0.031835660792266456,31.411315961844927,12.734264316906582,0.7243420756430325,0.2625,2.759398383402029,0.46184207564303253
20,-3.3,11,12,0.9999999999999929,1,1,0.07304925433576533,-0.03652462716788261,0.03652462716788272,-0.03652462716788261,0.03652462716788261,0.02074277822681578,48.2095498040481,8.297111290726312,0.7206298514262277,0.235,3.066510006069054,0.4856298514262277
20,-3.3,12,12,1.0000000000000033,1,1,0.0808131280111658,-0.040406564005582776,0.04040656400558303,-0.040406564005582776,0.040406564005582776,0.018795947115694003,53.20295879982726,7.518378846277601,0.7850886185234851,0.255,3.0787788961705296,0.5300886185234851
20,-3.3,13,12,0.9999999999999972,1,1,0.08982575033133199,-0.04491287516566599,0.04491287516566599,-0.04491287516566599,0.04491287516566599,0.02837353958024498,35.244104711427966,11.349415832097991,0.7093103456544984,0.23,3.0839580245847755,0.47931034565449837
20,-3.3,14,12,0.9999999999999943,1,1,0.11975615358733249,-0.05987807679366575,0.05987807679366675,-0.05987807679366575,0.05987807679366575,0.03325703230750381,30.06882847374115,13.302812923001525,0.7659373710546121,0.2225,3.4424151508072454,0.5434373710546121
20,-3.3,15,12,1.0000000000000002,1,1,0.1026550888617799,-0.05132754443089015,0.05132754443088976,0.05132754443088976,0.05132754443088976,0.03716999029678888,26.903423757051403,14.867996118715553,0.7487872697205857,0.24,3.119946957169107,0.5087872697205857
20,-3.3,16,12,0.9999999999999948,1,1,0.09596874261937499,-0.047984371309687336,0.047984371309687655,-0.047984371309687336,0.047984371309687336,0.017017902988466775,58.76164652470467,6.80716119538671,0.7211889861276872,0.2675,2.6960335930006996,0.4536889861276872
20,-3.3,17,12,0.9999999999999948,1,1,0.12049115205306737,-0.06024557602653402,0.06024557602653336,0.06024557602653336,0.06024557602653336,0.01916863625652556,52.16855213993489,7.667454502610225,0.7615622728794464,0.245,3.1084174403242715,0.5165622728794464
20,-3.3,18,12,1.0000000000000044,1,1,0.10449717205732531,-0.05224858602866236,0.05224858602866295,-0.05224858602866236,0.05224858602866236,0.024877033732470535,40.19771853646516,9.950813492988214,0.7701533569571875,0.2475,3.111730735180555,0.5226533569571874
20,-3.3,19,12,0.9999999999999922,1,1,0.08554731860122455,-0.04277365930061191,0.042773659300612644,-0.04277365930061191,0.04277365930061191,0.019510835484003196,51.253571422909765,7.804334193601279,0.7658560720478627,0.25,3.0634242881914506,0.5158560720478627
20,-3.3,20,12,1.000000000000003,1,1,0.10726561593480868,-0.0536328079674042,0.053632807967404474,-0.0536328079674042,0.0536328079674042,0.035675001231562045,28.03083294963672,14.270000492624817,0.7209027056068811,0.24,3.0037612733620045,0.4809027056068811
20,-3.3,21,12,1.000000000000005,1,1,0.06028217571140938,-0.03014108785570455,0.03014108785570483,-0.03014108785570455,0.03014108785570455,0.022100680599315935,45.24747532123297,8.840272239726374,0.6995684579137468,0.2425,2.8848183831494714,0.4570684579137468
20,-3.3,22,12,0.9999999999999974,1,1,0.10904118486456761,-0.05452059243228408,0.05452059243228353,0.05452059243228353,0.05452059243228353,0.029898211943720242,33.44681621370464,11.959284777488097,0.7066430788041889,0.24,2.9443461616841202,0.46664307880418887
20,-3.3,23,12,0.999999999999995,1,1,0.10669800362768264,-0.05334900181384096,0.05334900181384169,-0.05334900181384096,0.05334900181384096,0.023677654624294546,42.23391276997285,9.471061849717819,0.7351184738210363,0.2525,2.91136029236054,0.48261847382103634
20,-3.3,24,12,1.0000000000000033,1,1,0.09923433129119816,-0.04961716564559926,0.0496171656455989,0.0496171656455989,0.0496171656455989,0.04536043949008094,22.045641780403653,18.144175796032375,0.7019895566363086,0.2325,3.0193099210163807,0.46948955663630854
20,-3.3,25,12,0.9999999999999927,1,1,0.09904781737390797,-0.04952390868695389,0.04952390868695408,-0.04952390868695389,0.04952390868695389,0.027271037879528743,36.66893810266969,10.908415151811496,0.7223302626136994,0.245,2.948286786178365,0.4773302626136994
20,-3.3,26,12,1.0000000000000009,1,1,0.07721057231428921,-0.0386052861571447,0.0386052861571445,0.0386052861571445,0.0386052861571445,0.01703920519951799,58.68818341528561,6.815682079807196,0.7488273036138753,0.255,2.9365776612308836,0.4938273036138753
20,-3.3,27,12,1.0000000000000033,1,1,0.08288768703433472,-0.041443843517167206,0.04144384351716751,-0.041443843517167206,0.041443843517167206,0.013974853838925027,71.55709902415137,5.589941535570011,0.7529491495387947,0.2475,3.042218786015332,0.5054491495387947
20,-3.3,28,12,1.0000000000000056,1,1,0.09362666989507218,-0.04681333494753574,0.046813334947536436,-0.04681333494753574,0.04681333494753574,0.019357180586909106,51.66041591182349,7.7428722347636425,0.7515462007981789,0.26,2.8905623107622267,0.4915462007981789
20,-3.3,29,12,0.9999999999999953,1,1,0.1129130276419708,-0.05645651382098569,0.056456513820985106,0.056456513820985106,0.056456513820985106,0.04232358298557359,23.62748920243496,16.92943319422944,0.7264059983397725,0.2275,3.192993399295703,0.49890599833977245
20,-1.28,0,12,1.0000000000000069,1,1,0.01660238877090327,-0.008301194385450841,0.00830119438545243,-0.008301194385450841,0.008301194385450841,0.002510161891420763,398.38067951625044,1.0040647565683054,0.2689907939070381,0.24,1.1207949746126589,0.028990793907038126
20,-1.28,1,12,1.0000000000000036,1,1,0.01919379579523835,-0.009596897897619236,0.009596897897619115,0.009596897897619115,0.009596897897619115,0.0025656162577324263,389.7699030344593,1.0262465030929704,0.2846889526062802,0.255,1.1164272651226674,0.029688952606280183
20,-1.28,2,12,0.9999999999999976,1,1,0.018224872635934992,-0.009112436317966696,0.009112436317968296,-0.009112436317966696,0.009112436317966696,0.0025636451600858715,390.0695835637816,1.0254580640343485,0.2901157146738618,0.26,1.1158296718225453,0.030115714673861815
20,-1.28,3,12,1.0000000000000007,1,1,0.01816749063712258,-0.009083745318561307,0.00908374531856127,0.00908374531856127,0.00908374531856127,0.002540056621626171,393.69201122760387,1.0160226486504684,0.27524824193905595,0.245,1.1234622119961468,0.030248241939055953
20,-1.28,4,12,0.9999999999999932,1,1,0.01903720450387547,-0.009518602251938969,0.009518602251936504,0.009518602251936504,0.009518602251936504,0.0025715761863841337,388.8665656863503,1.0286304745536534,0.286983005851887,0.2575,1.1144971101044157,0.029483005851887012
20,-1.28,5,12,1.0000000000000018,1,1,0.018901712465907335,-0.009450856232953431,0.009450856232953903,-0.009450856232953431,0.009450856232953431,0.002540621597424193,393.60446318091965,1.0162486389696772,0.2865906800471443,0.2575,1.1129735147461914,0.02909068004714427
20,-1.28,6,12,1.0000000000000004,1,1,0.017112829250932982,-0.008556414625466368,0.008556414625466614,-0.008556414625466368,0.008556414625466368,0.0025278376965906573,395.59501836242055,1.011135078636263,0.2590614447992841,0.2275,1.1387316254913586,0.031561444799284105
20,-1.28,7,12,0.9999999999999918,1,1,0.013350676044442528,-0.0066753380222213795,0.006675338022221149,0.006675338022221149,0.006675338022221149,0.0025015181856779187,399.7572377148228,1.0006072742711676,0.2525303388448012,0.2225,1.1349678150328144,0.03003033884480119
20,-1.28,8,12,1.000000000000009,1,1,0.016017210853063953,-0.00800860542653196,0.008008605426531994,-0.00800860542653196,0.00800860542653196,0.0025119508912555205,398.09695463440414,1.0047803565022082,0.26557651227472184,0.235,1.1301128181903057,0.030576512274721857
20,-1.28,9,12,1.000000000000001,1,1,0.015645940157150633,-0.007822970078575707,0.007822970078574926,0.007822970078574926,0.007822970078574926,0.002536595658693849,394.22916954565903,1.0146382634775395,0.26083541342465427,0.23,1.134067014889801,0.030835413424654262
20,-1.28,10,12,0.9999999999999964,1,1,0.019814776762870603,-0.009907388381434748,0.009907388381435855,-0.009907388381434748,0.009907388381434748,0.002584439035236953,386.93116237826655,1.0337756140947811,0.2923384783731668,0.2625,1.11367039380254,0.029838478373166777
20,-1.28,11,12,0.9999999999999957,1,1,0.0175244916092964,-0.008762245804647946,0.008762245804648457,-0.008762245804647946,0.008762245804647946,0.002507975436385622,398.7279881182384,1.0031901745542489,0.26575532732269214,0.235,1.1308737332880516,0.03075532732269215
20,-1.28,12,12,1.0000000000000107,1,1,0.01756534930806658,-0.008782674654034156,0.008782674654032426,0.008782674654032426,0.008782674654032426,0.0025502054054196846,392.1252766050941,1.0200821621678737,0.2849920100668991,0.255,1.1176157257525456,0.02999201006689911
20,-1.28,13,12,0.9999999999999931,1,1,0.01564293347207865,-0.007821466736039112,0.007821466736039541,-0.007821466736039112,0.007821466736039112,0.0025166103619807378,397.35988340004064,1.0066441447922951,0.26048628744918395,0.23,1.132549075866017,0.03048628744918394
20,-1.28,14,12,1.0000000000000049,1,1,0.014751136309725708,-0.007375568154863676,0.007375568154862032,0.007375568154862032,0.007375568154862032,0.0025180927918820664,397.1259531117527,1.0072371167528265,0.252901676138994,0.2225,1.136636746692108,0.030401676138994
20,-1.28,15,12,1.0000000000000022,1,1,0.01932303696250777,-0.009661518481252896,0.009661518481254874,-0.009661518481252896,0.009661518481252896,0.00256165076467861,390.3732756191932,1.024660305871444,0.2715212005915268,0.24,1.1313383357980282,0.0315212005915268
20,-1.28,16,12,0.9999999999999958,1,1,0.01925033764058969,-0.009625168820295594,0.009625168820294098,0.009625168820294098,0.009625168820294098,0.002577988438858531,387.8993345845938,1.0311953755434125,0.29666133118779187,0.2675,1.1090143221973527,0.02916133118779185
20,-1.28,17,12,0.9999999999999986,1,1,0.018078697847835654,-0.009039348923917943,0.00903934892391771,0.00903934892391771,0.00903934892391771,0.002531950545595608,394.9524218549708,1.0127802182382433,0.27583922256734755,0.245,1.1258743778259084,0.030839222567347557
20,-1.28,18,12,0.9999999999999953,1,1,0.01763977910669378,-0.008819889553347324,0.008819889553346458,0.008819889553346458,0.008819889553346458,0.0025545488875186326,391.458548664282,1.021819555007453,0.27789036033455256,0.2475,1.1227893346850608,0.030390360334552557
20,-1.28,19,12,1.0000000000000013,1,1,0.01793642657099452,-0.008968213285496515,0.008968213285498005,-0.008968213285496515,0.008968213285496515,0.002563669565313686,390.0658702392646,1.0254678261254744,0.2799030422016443,0.25,1.1196121688065772,0.029903042201644303
20,-1.28,20,12,1.0000000000000002,1,1,0.01990683450942744,-0.009953417254714778,0.009953417254712662,0.009953417254712662,0.009953417254712662,0.0025493027599676242,392.26411852811856,1.0197211039870497,0.2731049610045235,0.24,1.1379373375188482,0.033104961004523537
20,-1.28,21,12,1.0000000000000056,1,1,0.01675442383426169,-0.0083772119171302,0.008377211917131488,-0.0083772119171302,0.0083772119171302,0.0025336774704441045,394.68322691629703,1.0134709881776418,0.27355878940004863,0.2425,1.1280774820620563,0.031058789400048636
20,-1.28,22,12,0.9999999999999957,1,1,0.017193482968066876,-0.008596741484033388,0.008596741484033488,-0.008596741484033388,0.008596741484033388,0.00252406421873041,396.1864332053304,1.009625687492164,0.2698092461386006,0.24,1.1242051922441691,0.029809246138600587
20,-1.28,23,12,0.9999999999999991,1,1,0.01811355523681812,-0.00905677761841062,0.0090567776184075,0.0090567776184075,0.0090567776184075,0.0025675672499207254,389.4737323943026,1.0270268999682903,0.28176065810481277,0.2525,1.115883794474506,0.029260658104812765
20,-1.28,24,12,1.0000000000000036,1,1,0.017133050835783127,-0.008566525417893265,0.008566525417889862,0.008566525417889862,0.008566525417889862,0.002528341585738546,395.5161777350955,1.0113366342954184,0.26483459056658903,0.2325,1.139073507813286,0.03233459056658902
20,-1.28,25,12,1.0000000000000044,1,1,0.019679620316594863,-0.009839810158297178,0.009839810158297683,-0.009839810158297178,0.009839810158297178,0.002530062022679095,395.24722755258585,1.012024809071638,0.27578478158229974,0.245,1.1256521697236725,0.030784781582299747
20,-1.28,26,12,1.0000000000000022,1,1,0.017858446740122318,-0.008929223370060144,0.008929223370062175,-0.008929223370060144,0.008929223370060144,0.002550388813003259,392.0970774736229,1.0201555252013037,0.2849846559873017,0.255,1.1175868862247127,0.02998465598730171
20,-1.28,27,12,1.0000000000000002,1,1,0.017521730145105784,-0.008760865072553373,0.008760865072552412,0.008760865072552412,0.008760865072552412,0.002519367745239928,396.92498321826633,1.0077470980959713,0.2777820376846202,0.2475,1.1223516674126068,0.030282037684620178
20,-1.28,28,12,0.9999999999999947,1,1,0.018540177561927104,-0.009270088780962997,0.009270088780964107,-0.009270088780962997,0.009270088780962997,0.002569099237242783,389.24148413714965,1.0276396948971132,0.29023622355034834,0.26,1.1162931675013397,0.03023622355034833
20,-1.28,29,12,0.9999999999999937,1,1,0.015496334538042682,-0.00774816726902098,0.007748167269021702,-0.00774816726902098,0.00774816726902098,0.002527005519799636,395.72529310473726,1.0108022079198544,0.2593411615761118,0.2275,1.1399611497851068,0.031841161576111804
20,-1.26,0,12,1.0000000000000075,1,1,0.013997911183799755,-0.006998955591898835,0.006998955591900919,-0.006998955591898835,0.006998955591898835,0.002509079205318019,398.5525837050061,1.0036316821272075,0.2684092528004939,0.24,1.1183718866687244,0.02840925280049389
20,-1.26,1,12,1.0000000000000024,1,1,0.01642372915992313,-0.008211864579961899,0.008211864579961231,0.008211864579961231,0.008211864579961231,0.0025618599820509394,390.341395316786,1.0247439928203759,0.2839128197794947,0.255,1.1133836069784104,0.02891281977949467
20,-1.26,2,12,1.0000000000000053,1,1,0.015486981267969342,-0.007743490633985007,0.007743490633984335,0.007743490633984335,0.007743490633984335,0.0025599774863463514,390.6284353411323,1.0239909945385406,0.2893034770302386,0.26,1.1127056808855331,0.02930347703023861
20,-1.26,3,12,0.9999999999999958,1,1,0.015464637010947305,-0.00773231850547348,0.007732318505473826,-0.00773231850547348,0.00773231850547348,0.002537580805411801,394.07612079478946,1.0150323221647204,0.27452821697737645,0.245,1.1205233346015366,0.029528216977376454
20,-1.26,4,12,1.0000000000000029,1,1,0.0162605360561721,-0.008130268028087188,0.00813026802808491,0.00813026802808491,0.00813026802808491,0.002567514577206092,389.4817224711441,1.0270058308824368,0.2861787418483056,0.2575,1.1113737547507014,0.0286787418483056
20,-1.26,5,12,1.0,1,1,0.01617330504100651,-0.008086652520503676,0.008086652520502833,0.008086652520502833,0.008086652520502833,0.002538150548871464,393.9876617817762,1.0152602195485858,0.28595329673542313,0.2575,1.110498239749216,0.028453296735423128
20,-1.26,6,12,1.0000000000000018,1,1,0.014472380593335027,-0.00723619029666729,0.007236190296667737,-0.00723619029666729,0.00723619029666729,0.0025259717699746224,395.8872430352009,1.010388707989849,0.25829947805430403,0.2275,1.1353823211178198,0.030799478054304025
20,-1.26,7,12,1.0000000000000013,1,1,0.010931928707736252,-0.0054659643538699275,0.005465964353866325,0.005465964353866325,0.005465964353866325,0.0025006218931431312,399.9005218430125,1.0002487572572525,0.2518479316963212,0.2225,1.1319008166126796,0.02934793169632119
20,-1.26,8,12,1.0000000000000038,1,1,0.013455210427168404,-0.006727605213583403,0.006727605213585,-0.006727605213583403,0.006727605213583403,0.002510780382794546,398.28254468317186,1.0043121531178185,0.2648911405848142,0.235,1.1271963429141032,0.029891140584814235
20,-1.26,9,12,0.9999999999999997,1,1,0.013084734608233029,-0.006542367304116959,0.0065423673041160695,0.0065423673041160695,0.0065423673041160695,0.0025345564729539597,394.5463479196129,1.0138225891815837,0.2600069346233326,0.23,1.1304649331449241,0.030006934623332565
20,-1.26,10,12,0.9999999999999972,1,1,0.016995541165877204,-0.008497770582938293,0.008497770582938912,-0.008497770582938293,0.008497770582938293,0.0025796669889662453,387.6469343823064,1.0318667955864982,0.2914768757714866,0.2625,1.110388098177092,0.02897687577148661
20,-1.26,11,12,0.9999999999999984,1,1,0.014890529784456697,-0.00744526489222921,0.007445264892227487,0.007445264892227487,0.007445264892227487,0.0025072127600829623,398.8492783384329,1.0028851040331848,0.2651342161135075,0.235,1.1282307068659896,0.030134216113507528
20,-1.26,12,12,1.0000000000000038,1,1,0.014871324110116964,-0.007435662055058215,0.007435662055058749,-0.007435662055058215,0.007435662055058215,0.002547226671033491,392.58382906075184,1.0188906684133965,0.28423219189743176,0.255,1.1146360466565952,0.02923219189743176
20,-1.26,13,12,0.9999999999999966,1,1,0.013077524295394521,-0.006538762147697352,0.006538762147697169,0.006538762147697169,0.006538762147697169,0.0025150585616573124,397.60505590018715,1.006023424662925,0.2597651775076132,0.23,1.129413815250492,0.029765177507613177
20,-1.26,14,12,1.0000000000000053,1,1,0.012259191224743055,-0.006129595612371296,0.006129595612371759,-0.006129595612371296,0.006129595612371296,0.002516411069483919,397.3913531564166,1.0065644277935677,0.2521635540077082,0.2225,1.133319343854868,0.029663554007708176
20,-1.26,15,12,1.0000000000000056,1,1,0.016553845092676954,-0.008276922546338742,0.008276922546338212,0.008276922546338212,0.008276922546338212,0.002558072754872802,390.9192958234388,1.0232291019491209,0.2706763237580795,0.24,1.1278180156586646,0.030676323758079493
20,-1.26,16,12,1.0000000000000042,1,1,0.016455709571362616,-0.008227854785680718,0.008227854785681898,-0.008227854785680718,0.008227854785680718,0.002573561924611949,388.5665195916293,1.0294247698447796,0.295847230871809,0.2675,1.105970956530127,0.02834723087180896
20,-1.26,17,12,1.0000000000000022,1,1,0.015404537031487558,-0.007702268515744208,0.00770226851574335,0.00770226851574335,0.00770226851574335,0.0025298693348291645,395.2773316126729,1.0119477339316658,0.27511715482008287,0.245,1.1229271625309505,0.03011715482008287
20,-1.26,18,12,1.0000000000000033,1,1,0.014955201453896637,-0.007477600726948184,0.007477600726948452,-0.007477600726948184,0.007477600726948184,0.0025514065382922077,391.94067467952533,1.0205626153168832,0.27707181662687597,0.2475,1.119482087381317,0.02957181662687597
20,-1.26,19,12,1.0000000000000033,1,1,0.01521538281847706,-0.007607691409238322,0.007607691409238738,-0.007607691409238322,0.007607691409238322,0.002559959519623909,390.6311769128728,1.0239838078495636,0.27907941993294816,0.25,1.1163176797317926,0.02907941993294816
20,-1.26,20,12,1.0000000000000013,1,1,0.01714448190539138,-0.00857224095269511,0.00857224095269627,-0.00857224095269511,0.00857224095269511,0.0025463132092846666,392.72466417473015,1.0185252837138667,0.2722298521998207,0.24,1.1342910508325863,0.03222985219982072
20,-1.26,21,12,0.9999999999999933,1,1,0.014129566029751624,-0.007064783014875516,0.007064783014876109,-0.007064783014875516,0.007064783014875516,0.0025317539136668456,394.98309634353757,1.0127015654667382,0.272805091049383,0.2425,1.1249694476263217,0.030305091049383004
20,-1.26,22,12,0.9999999999999981,1,1,0.014577383716881363,-0.007288691858442028,0.007288691858439335,0.007288691858439335,0.007288691858439335,0.00252235053471905,396.45560212010116,1.00894021388762,0.26911637221270146,0.24,1.1213182175529228,0.02911637221270147
20,-1.26,23,12,1.0000000000000075,1,1,0.015399238712730936,-0.007699619356365608,0.007699619356365327,0.007699619356365327,0.007699619356365327,0.002563812599627314,390.0441085847554,1.0255250398509255,0.28093603685582863,0.2525,1.1126179677458559,0.028436036855828628
20,-1.26,24,12,0.9999999999999983,1,1,0.014521234410719196,-0.007260617205359557,0.007260617205359639,-0.007260617205359557,0.007260617205359557,0.0025266897183864145,395.7747533158192,1.0106758873545658,0.26404059511423816,0.2325,1.1356584736096265,0.03154059511423815
20,-1.26,25,12,1.0000000000000016,1,1,0.016931763164165073,-0.008465881582082764,0.008465881582082307,0.008465881582082307,0.008465881582082307,0.002528183745155765,395.54087075992516,1.011273498062306,0.2751209839754824,0.245,1.1229427917366628,0.030120983975482407
20,-1.26,26,12,0.9999999999999966,1,1,0.015146801978587301,-0.007573400989294821,0.0075734009892924805,0.0075734009892924805,0.0075734009892924805,0.0025474455310460758,392.5501008021015,1.0189782124184303,0.2842305264420683,0.255,1.1146295154590915,0.029230526442068305
20,-1.26,27,12,0.9999999999999933,1,1,0.014854155921865151,-0.00742707796093268,0.007427077960932471,0.007427077960932471,0.007427077960932471,0.002517933385242822,397.15109456859716,1.0071733540971288,0.2771439486259048,0.2475,1.1197735298016356,0.029643948625904804
20,-1.26,28,12,1.0000000000000018,1,1,0.01578506882637258,-0.0078925344131861,0.00789253441318648,-0.0078925344131861,0.0078925344131861,0.002565155334177202,389.8399393893858,1.0260621336708808,0.28940325942176504,0.26,1.113089459314481,0.029403259421765027
20,-1.26,29,12,1.0000000000000013,1,1,0.012953156048038955,-0.006476578024018744,0.0064765780240202105,-0.006476578024018744,0.006476578024018744,0.0025248680338693357,396.06030358248455,1.0099472135477343,0.25853057351327313,0.2275,1.1363981253330686,0.031030573513273124
20,-1.24,0,12,0.9999999999999999,1,1,0.01142272938336241,-0.0057113646916825585,0.005711364691679852,0.005711364691679852,0.005711364691679852,0.0025080764333507647,398.71193186246325,1.003230573340306,0.2678305994274648,0.24,1.11596083094777,0.027830599427464797
20,-1.24,1,12,0.9999999999999999,1,1,0.013691910437030112,-0.006845955218514466,0.006845955218515646,-0.006845955218514466,0.006845955218514466,0.002558284255843679,390.8869773621841,1.0233137023374714,0.2831501871650278,0.255,1.1103928908432463,0.028150187165027818
20,-1.24,2,12,1.0000000000000007,1,1,0.012787055967024681,-0.006393527983511889,0.0063935279835127925,-0.006393527983511889,0.006393527983511889,0.0025564899874833524,391.1613207546395,1.022595994993341,0.2885065426107518,0.26,1.1096405485028915,0.028506542610751806
20,-1.24,3,12,1.0000000000000002,1,1,0.01279622833514868,-0.006398114167575216,0.006398114167573464,0.006398114167573464,0.006398114167573464,0.0025352321242411782,394.4411994618878,1.0140928496964712,0.2738175150733283,0.245,1.1176225105033808,0.028817515073328304
20,-1.24,4,12,0.9999999999999963,1,1,0.013523313585536299,-0.006761656792768729,0.006761656792767569,0.006761656792767569,0.006761656792767569,0.002563648234083873,390.0691158423897,1.0254592936335492,0.2853899346436684,0.2575,1.108310425800654,0.0278899346436684
20,-1.24,5,12,1.0000000000000022,1,1,0.013479641356122101,-0.006739820678060986,0.006739820678061116,-0.006739820678060986,0.006739820678060986,0.002535803022863641,394.3523968477316,1.0143212091454565,0.2853214411204475,0.2575,1.1080444315357183,0.027821441120447488
20,-1.24,6,12,0.9999999999999943,1,1,0.011863226684759191,-0.005931613342379999,0.005931613342379193,0.005931613342379193,0.005931613342379193,0.0025242086303505387,396.16376712139254,1.0096834521402156,0.25754781759874146,0.2275,1.132078319115347,0.03004781759874145
20,-1.24,7,12,0.9999999999999969,1,1,0.008534759513418349,-0.004267379756709496,0.004267379756708852,0.004267379756708852,0.004267379756708852,0.002499829650732739,400.0272577400962,0.9999318602930956,0.25117369651318855,0.2225,1.1288705461266901,0.028673696513188546
20,-1.24,8,12,0.9999999999999934,1,1,0.010920306642324167,-0.005460153321162386,0.005460153321161782,0.005460153321161782,0.005460153321161782,0.002509700345657938,398.45394360729625,1.0038801382631752,0.26421293293521003,0.235,1.1243103529157874,0.029212932935210045
20,-1.24,9,12,0.999999999999999,1,1,0.010551400361774751,-0.005275700180887429,0.005275700180887324,0.005275700180887324,0.005275700180887324,0.002532614903999208,394.8488174893536,1.0130459615996832,0.2591931339474126,0.23,1.1269266693365765,0.029193133947412603
20,-1.24,10,12,0.9999999999999984,1,1,0.01421780176439234,-0.007108900882196286,0.007108900882196053,0.007108900882196053,0.007108900882196053,0.002575126047826843,388.33050554705983,1.0300504191307371,0.29063399739994217,0.2625,1.1071771329521607,0.028133997399942157
20,-1.24,11,12,0.9999999999999997,1,1,0.012285802557623635,-0.0061429012788115495,0.0061429012788120855,-0.0061429012788115495,0.0061429012788115495,0.002506496462279188,398.96326009201215,1.0025985849116752,0.2645159367958507,0.235,1.1255997310461734,0.02951593679585074
20,-1.24,12,12,0.999999999999999,1,1,0.012212759938760198,-0.006106379969379004,0.006106379969381195,-0.006106379969379004,0.006106379969379004,0.0025443986720479067,393.0201705360628,1.0177594688191627,0.28348463587578987,0.255,1.1117044544148622,0.028484635875789865
20,-1.24,13,12,1.0000000000000064,1,1,0.01054077948957989,-0.005270389744790548,0.005270389744789342,0.005270389744789342,0.005270389744789342,0.0025136210349481517,397.8324441498903,1.0054484139792608,0.2590533514526443,0.23,1.126318919359323,0.029053351452644288
20,-1.24,14,12,1.0000000000000022,1,1,0.00979207537203898,-0.004896037686019667,0.004896037686019314,0.004896037686019314,0.004896037686019314,0.0025148623115143548,397.63608346328823,1.005944924605742,0.25143576467290857,0.2225,1.130048380552398,0.028935764672908565
20,-1.24,15,12,0.9999999999999928,1,1,0.013822368916899598,-0.0069111844584486895,0.006911184458450908,-0.0069111844584486895,0.0069111844584486895,0.0025546684026116154,391.44023505270144,1.0218673610446463,0.26984689963145586,0.24,1.124362081797733,0.02984689963145587
20,-1.24,16,12,1.0000000000000067,1,1,0.013701776352906533,-0.006850888176452535,0.006850888176453997,-0.006850888176452535,0.006850888176452535,0.002569350327497307,389.20344543830925,1.0277401309989227,0.2950497040324452,0.2675,1.1029895477848417,0.027549704032445166
20,-1.24,17,12,0.9999999999999999,1,1,0.012762467831676024,-0.006381233915838639,0.006381233915837385,0.006381233915837385,0.006381233915837385,0.0025279048459519895,395.584510074155,1.011161938380796,0.27440387999547217,0.245,1.120015836716213,0.02940387999547217
20,-1.24,18,12,1.0,1,1,0.01230506746014133,-0.006152533730070441,0.00615253373007089,-0.006152533730070441,0.006152533730070441,0.002548421047080242,392.39983563379866,1.0193684188320966,0.27626841373670896,0.2475,1.116236015097814,0.028768413736708964
20,-1.24,19,12,0.9999999999999976,1,1,0.012531514606803117,-0.006265757303402133,0.006265757303400984,0.006265757303400984,0.006265757303400984,0.0025564361184576634,391.16956327596995,1.0225744473830654,0.27827214708587145,0.25,1.1130885883434858,0.028272147085871446
20,-1.24,20,12,0.999999999999995,1,1,0.014417601513790321,-0.007208800756894327,0.007208800756895993,-0.007208800756894327,0.007208800756894327,0.002543480516564115,393.1620444849562,1.017392206625646,0.2713695621180668,0.24,1.1307065088252783,0.031369562118066796
20,-1.24,21,12,1.0000000000000009,1,1,0.011535495550576237,-0.00576774777528834,0.005767747775287897,0.005767747775287897,0.005767747775287897,0.002529917543592958,395.2697994179732,1.0119670174371833,0.2720612962715211,0.2425,1.1219022526660665,0.029561296271521098
20,-1.24,22,12,0.9999999999999996,1,1,0.011990354379057606,-0.005995177189527431,0.005995177189530175,-0.005995177189527431,0.005995177189527431,0.0025207455958424505,396.7080222809209,1.00829823833698,0.2684317260662951,0.24,1.1184655252762297,0.028431726066295127
20,-1.24,23,12,1.0000000000000056,1,1,0.012720906588086132,-0.006360453294043629,0.006360453294042503,0.006360453294042503,0.006360453294042503,0.0025602365384029178,390.58891043864355,1.0240946153611672,0.2801281128708487,0.2525,1.1094182687954404,0.02762811287084871
20,-1.24,24,12,1.000000000000001,1,1,0.011937876482509192,-0.005968938241254628,0.005968938241254565,0.005968938241254565,0.005968938241254565,0.0025251171883179466,396.02122413420693,1.0100468753271787,0.26325731258403573,0.2325,1.1322895164904763,0.030757312584035718
20,-1.24,25,12,0.9999999999999953,1,1,0.014218197692396333,-0.0071090988461979055,0.007109098846198427,-0.0071090988461979055,0.0071090988461979055,0.0025263952939793876,395.82087663917207,1.010558117591755,0.27446210351752703,0.245,1.1202534837450082,0.02946210351752704
20,-1.24,26,12,0.9999999999999986,1,1,0.012471475958356014,-0.006235737979177981,0.006235737979178033,-0.006235737979177981,0.006235737979177981,0.0025446448138535145,392.9821539555603,1.0178579255414058,0.28348808810880743,0.255,1.1117179925835585,0.02848808810880743
20,-1.24,27,12,0.9999999999999969,1,1,0.012219418922883418,-0.006109709461440745,0.006109709461442673,-0.006109709461440745,0.006109709461440745,0.002516580914272798,397.36453309666945,1.0066323657091192,0.2765103046010834,0.2475,1.1172133519235692,0.029010304601083392
20,-1.24,28,12,0.9999999999999938,1,1,0.013068721929433116,-0.006534360964715595,0.006534360964717521,-0.006534360964715595,0.006534360964715595,0.0025614028818773723,390.41105445585083,1.0245611527509488,0.2885866779798821,0.26,1.1099487614610848,0.02858667797988207
20,-1.24,29,12,1.0000000000000009,1,1,0.01043754353789247,-0.005218771768944343,0.005218771768948128,-0.005218771768944343,0.005218771768944343,0.00252288239730213,396.3720231546901,1.0091529589208519,0.2577331731030344,0.2275,1.1328930685847665,0.03023317310303439
20,-1.22,0,12,0.9999999999999997,1,1,0.008876759081099082,-0.0044383795405511465,0.0044383795405479355,0.0044383795405479355,0.0044383795405479355,0.0025071491035758516,398.85940512023717,1.0028596414303406,0.2672549548760268,0.24,1.113562311983445,0.027254954876026805
20,-1.22,1,12,1.0000000000000049,1,1,0.010997853471080942,-0.00549892673554135,0.005498926735539591,0.005498926735539591,0.005498926735539591,0.0025548821210160558,391.4074906917068,1.0219528484064224,0.2824008860925078,0.255,1.1074544552647365,0.027400886092507792
20,-1.22,2,12,0.9999999999999974,1,1,0.010124562369498939,-0.005062281184749899,0.005062281184749039,0.005062281184749039,0.005062281184749039,0.0025531752312332873,391.66916072460856,1.021270092493315,0.28772467528612616,0.26,1.1066333664851007,0.027724675286126155
20,-1.22,3,12,1.0000000000000067,1,1,0.010161965559343294,-0.005080982779672968,0.005080982779670326,0.005080982779670326,0.005080982779670326,0.002533005442942172,394.78793967314414,1.013202177176869,0.27311611907541355,0.245,1.1147596696955655,0.02811611907541356
20,-1.22,4,12,1.0000000000000016,1,1,0.010824959487910388,-0.005412479743955071,0.005412479743955317,-0.005412479743955071,0.005412479743955071,0.0025599694226968615,390.62966578191623,1.0239877690787447,0.2846163495037583,0.2575,1.1053062116650807,0.027116349503758297
20,-1.22,5,12,1.0000000000000029,1,1,0.010820457614085989,-0.005410228807043369,0.005410228807042619,0.005410228807042619,0.005410228807042619,0.00253357434107825,394.69929253167896,1.0134297364312999,0.28469522742416326,0.2575,1.105612533686071,0.02719522742416325
20,-1.22,6,12,1.0000000000000064,1,1,0.009285201593124997,-0.00464260079656174,0.0046426007965632565,-0.00464260079656174,0.00464260079656174,0.00252254380665982,396.42522653516636,1.0090175226639282,0.25680641467124793,0.2275,1.1288194051483424,0.02930641467124792
20,-1.22,7,12,1.0000000000000093,1,1,0.006159216047121201,-0.0030796080235613887,0.003079608023559813,0.003079608023559813,0.003079608023559813,0.0024991332801043414,400.13872327699505,0.9996533120417366,0.2505074989335765,0.2225,1.1258763997014674,0.028007498933576486
20,-1.22,8,12,0.9999999999999962,1,1,0.008412469325744064,-0.004206234662872134,0.004206234662871931,0.004206234662871931,0.004206234662871931,0.0025087047526983143,398.6120721955899,1.0034819010793257,0.2635418759688295,0.235,1.1214547913567214,0.02854187596882951
20,-1.22,9,12,1.0000000000000075,1,1,0.008045870330763878,-0.004022935165383025,0.004022935165380854,0.004022935165380854,0.004022935165380854,0.0025307665364063267,395.1371987951105,1.0123066145625306,0.258393837748779,0.23,1.1234514684729522,0.02839383774877899
20,-1.22,10,12,1.0000000000000009,1,1,0.011480888214818186,-0.005740444107409554,0.0057404441074086305,0.0057404441074086305,0.0057404441074086305,0.002570806696245969,388.9829606637691,1.0283226784983877,0.2898094820707399,0.2625,1.1040361221742472,0.02730948207073991
20,-1.22,11,12,0.9999999999999984,1,1,0.009710313140155656,-0.004855156570077359,0.004855156570078298,-0.004855156570077359,0.004855156570077359,0.0025058248844137725,399.0701849199434,1.0023299537655088,0.2639006624010476,0.235,1.1229815421321174,0.028900662401047605
20,-1.22,12,12,0.9999999999999994,1,1,0.009589245816516842,-0.004794622908258434,0.004794622908258408,0.004794622908258408,0.004794622908258408,0.0025417149817116153,393.43514406426107,1.016685992684646,0.2827492032583711,0.255,1.1088204049347887,0.027749203258371102
20,-1.22,13,12,1.0000000000000049,1,1,0.008032544616371779,-0.004016272308185848,0.004016272308185932,-0.004016272308185848,0.004016272308185848,0.002512290882214069,398.0430797562363,1.0049163528856278,0.2583507479637907,0.23,1.1232641215816987,0.028350747963790696
20,-1.22,14,12,1.0000000000000058,1,1,0.007349709313400344,-0.003674854656700005,0.003674854656700339,-0.003674854656700005,0.003674854656700005,0.0025134376682067307,397.86146784116306,1.0053750672826922,0.25071817676496627,0.2225,1.126823266359399,0.02821817676496627
20,-1.22,15,12,0.9999999999999996,1,1,0.011128169484451509,-0.005564084742226758,0.005564084742224751,0.005564084742224751,0.005564084742224751,0.002551431032114044,391.9369120361557,1.0205724128456175,0.26903272069059586,0.24,1.1209696695441496,0.02903272069059587
20,-1.22,16,12,0.9999999999999988,1,1,0.01098788546347336,-0.005493942731735545,0.005493942731737815,-0.005493942731735545,0.005493942731735545,0.002565344818338574,389.81114462719376,1.0261379273354296,0.29426846133687495,0.2675,1.1000690143434577,0.026768461336874938
20,-1.22,17,12,1.0000000000000024,1,1,0.010152290763646737,-0.005076145381823591,0.005076145381823147,0.005076145381823147,0.005076145381823147,0.002526051343044402,395.8747722026893,1.0104205372177608,0.273699380306176,0.245,1.1171403277803102,0.028699380306176026
20,-1.22,18,12,0.9999999999999913,1,1,0.009689009401428576,-0.00484450470071431,0.0048445047007142665,0.0048445047007142665,0.0048445047007142665,0.002545585380817457,392.83695119229225,1.0182341523269827,0.2754799246932689,0.2475,1.1130502007808845,0.027979924693268876
20,-1.22,19,12,0.9999999999999978,1,1,0.009884312957159124,-0.004942156478579893,0.0049421564785792306,0.0049421564785792306,0.0049421564785792306,0.0025530912069821545,391.68205086650073,1.0212364827928617,0.27748092707790367,0.25,1.1099237083116147,0.027480927077903672
20,-1.22,20,12,1.0000000000000064,1,1,0.011725891313484022,-0.005862945656741816,0.005862945656742206,-0.005862945656741816,0.005862945656741816,0.0025407974076000397,393.57722776668356,1.0163189630400158,0.270523955241951,0.24,1.1271831468414626,0.030523955241951006
20,-1.22,21,12,0.9999999999999984,1,1,0.008972058540671565,-0.004486029270336637,0.004486029270334928,0.004486029270334928,0.004486029270334928,0.002528165603735544,395.54370905229825,1.0112662414942175,0.2713274237482818,0.2425,1.1188759742197187,0.02882742374828179
20,-1.22,22,12,0.9999999999999984,1,1,0.009432302506847599,-0.004716151253424811,0.004716151253422788,0.004716151253422788,0.004716151253422788,0.002519242945432832,396.94464633230905,1.0076971781731328,0.2677552735644138,0.24,1.1156469731850576,0.027755273564413818
20,-1.22,23,12,0.9999999999999984,1,1,0.010078130458687239,-0.005039065229343633,0.0050390652293436046,0.0050390652293436046,0.0050390652293436046,0.0025568316376306773,391.1090528145465,1.0227326550522708,0.2793366126848839,0.2525,1.1062836145935997,0.02683661268488391
20,-1.22,24,12,0.9999999999999957,1,1,0.009382970178671932,-0.00469148508933612,0.004691485089335813,0.004691485089335813,0.004691485089335813,0.0025236208023051232,396.2560457128032,1.0094483209220493,0.26248474151880713,0.2325,1.1289666301884178,0.029984741518807118
20,-1.22,25,12,0.9999999999999988,1,1,0.011538740825051599,-0.005769370412525035,0.0057693704125265635,-0.005769370412525035,0.005769370412525035,0.0025246941068620046,396.0875883070528,1.0098776427448017,0.27380831118828985,0.245,1.1175849436256728,0.02880831118828986
20,-1.22,26,12,1.0000000000000013,1,1,0.009832027959024568,-0.004916013979512222,0.004916013979512346,-0.004916013979512222,0.004916013979512222,0.00254198131838307,393.3939218074547,1.016792527353228,0.28275725187887774,0.255,1.1088519681524618,0.02775725187887773
20,-1.22,27,12,0.9999999999999984,1,1,0.009617280173649382,-0.004808640086823335,0.004808640086826046,-0.004808640086823335,0.004808640086823335,0.0025153070378219067,397.56577823832407,1.0061228151287627,0.275881245593156,0.2475,1.114671699366287,0.028381245593156024
20,-1.22,28,12,1.0000000000000044,1,1,0.010390571794113464,-0.0051952858970577545,0.005195285897055709,0.005195285897055709,0.005195285897055709,0.00255783413042568,390.9557653113253,1.0231336521702719,0.28778621324569575,0.26,1.1068700509449836,0.027786213245695746
20,-1.22,29,12,1.0000000000000013,1,1,0.007949315832579563,-0.003974657916288418,0.003974657916291145,-0.003974657916288418,0.003974657916288418,0.002521039016828302,396.6618498662078,1.0084156067313208,0.2569487418939698,0.2275,1.129445019314153,0.029448741893969815
20,-1.2,0,12,1.0,1,1,0.006359898299715644,-0.003179949149857867,0.0031799491498577773,0.0031799491498577773,0.0031799491498577773,0.0025062929461230235,398.99565673154723,1.0025171784492095,0.2666824368654616,0.24,1.1111768202727568,0.026682436865461623
20,-1.2,1,12,1.0000000000000038,1,1,0.00834106840964295,-0.004170534204821182,0.004170534204821768,-0.004170534204821182,0.004170534204821182,0.002551646782479337,391.9037724446871,1.0206587129917346,0.28166474433177685,0.255,1.1045676248304974,0.026664744331776846
20,-1.2,2,12,0.9999999999999989,1,1,0.007498967026123007,-0.0037494835130619042,0.0037494835130611024,0.0037494835130611024,0.0037494835130611024,0.0025500260158275493,392.15286188971453,1.0200104063310198,0.28695763758743664,0.26,1.1036832214901409,0.026957637587436634
20,-1.2,3,12,1.000000000000009,1,1,0.007561537900168532,-0.0037807689500841536,0.003780768950084378,-0.0037807689500841536,0.0037807689500841536,0.0025308957582882794,395.11702397270204,1.0123583033153118,0.27242400521966015,0.245,1.1119347151822863,0.027424005219660152
20,-1.2,4,12,0.9999999999999957,1,1,0.008164897613563399,-0.004082448806781678,0.004082448806781721,-0.004082448806781678,0.004082448806781678,0.002556470616462673,391.16428468232345,1.022588246585069,0.28385774901579547,0.2575,1.1023601903526037,0.026357749015795462
20,-1.2,5,12,1.000000000000001,1,1,0.008195474470885936,-0.004097737235442964,0.00409773723544297,-0.004097737235442964,0.004097737235442964,0.0025314599156085367,395.02896879155617,1.0125839662434146,0.2840747591881995,0.2575,1.1032029483036874,0.026574759188199515
20,-1.2,6,12,1.0000000000000029,1,1,0.006738123458130404,-0.00336906172906548,0.0033690617290649235,0.0033690617290649235,0.0033690617290649235,0.0025209729693373255,396.67224209185576,1.0083891877349302,0.2560752167684053,0.2275,1.1256053484325506,0.02857521676840527
20,-1.2,7,12,0.9999999999999969,1,1,0.003805340759155102,-0.0019026703795785706,0.0019026703795765314,0.0019026703795765314,0.0019026703795765314,0.002498525077570305,400.23612689629346,0.999410031028122,0.24984921601135224,0.2225,1.1229178247701224,0.027349216011352234
20,-1.2,8,12,0.9999999999999969,1,1,0.005931654293397301,-0.002965827146698877,0.0029658271466984245,0.0029658271466984245,0.0029658271466984245,0.0025077879529477277,398.7577972150997,1.003115181179091,0.2628779581282363,0.235,1.1186296090563246,0.02787795812823629
20,-1.2,9,12,0.9999999999999974,1,1,0.005568062471950752,-0.002784031235975585,0.002784031235975167,0.002784031235975167,0.002784031235975167,0.0025290071959040024,395.4120817131746,1.0116028783616011,0.25760887102541646,0.23,1.1200385696757238,0.027608871025416454
20,-1.2,10,12,0.9999999999999997,1,1,0.008784135910550411,-0.00439206795527405,0.004392067955276361,-0.00439206795527405,0.00439206795527405,0.0025666997169643494,389.6053727635525,1.0266798867857398,0.28900297027824806,0.2625,1.1009636962980878,0.02650297027824805
20,-1.2,11,12,1.0000000000000002,1,1,0.007164039403351804,-0.0035820197016759193,0.0035820197016758846,0.0035820197016758846,0.0035820197016758846,0.0025051963808598713,399.1703036297557,1.0020785523439484,0.2632885598391326,0.235,1.1203768503792877,0.028288559839132588
20,-1.2,12,12,0.9999999999999984,1,1,0.0070003664130248895,-0.0035001832065129986,0.003500183206511891,0.003500183206511891,0.003500183206511891,0.002539169390340105,393.82957427115826,1.0156677561360419,0.28202575256628454,0.255,1.1059833433971942,0.027025752566284533
20,-1.2,13,12,0.9999999999999929,1,1,0.005552656941699107,-0.0027763284708496243,0.0027763284708494824,0.0027763284708494824,0.0027763284708494824,0.002511061547957077,398.23794873270606,1.0044246191828308,0.2576573056241903,0.23,1.120249154887784,0.027657305624190304
20,-1.2,14,12,0.999999999999998,1,1,0.004932012842833877,-0.002466006421416966,0.002466006421416911,0.002466006421416911,0.002466006421416911,0.002512128738282606,398.06877122214723,1.0048514953130423,0.25001066566094576,0.2225,1.12364344117279,0.02751066566094576
20,-1.2,15,12,0.999999999999995,1,1,0.00847080123666206,-0.004235400618330435,0.004235400618331625,-0.004235400618330435,0.004235400618330435,0.0025483541187991156,392.4101413626295,1.0193416475196462,0.26823357606726095,0.24,1.117639900280254,0.028233576067260957
20,-1.2,16,12,0.9999999999999947,1,1,0.008313389989272462,-0.004156694994637168,0.004156694994635294,0.004156694994635294,0.004156694994635294,0.002561536839948476,390.39063752841224,1.0246147359793902,0.29350321297668774,0.2675,1.0972082728100476,0.02600321297668773
20,-1.2,17,12,0.9999999999999917,1,1,0.007573795028845436,-0.0037868975144221104,0.0037868975144233256,-0.0037868975144221104,0.0037868975144221104,0.0025243033480228695,396.14890214491777,1.0097213392091478,0.27300363484307544,0.245,1.1143005503798997,0.028003634843075442
20,-1.2,18,12,1.0000000000000053,1,1,0.007106656029137764,-0.003553328014568504,0.0035533280145692596,-0.003553328014568504,0.003553328014568504,0.0025428928098090056,393.25291107143016,1.0171571239236024,0.2747061229724031,0.2475,1.1099237291814266,0.0272061229724031
20,-1.2,19,12,1.0000000000000022,1,1,0.007273269889519013,-0.0036366349447596717,0.0036366349447593408,0.0036366349447593408,0.0036366349447593408,0.0025499169321517167,392.1696379168564,1.0199667728606867,0.2767054662161136,0.25,1.1068218648644543,0.026705466216113583
20,-1.2,20,12,0.9999999999999988,1,1,0.009069040570492827,-0.004534520285247221,0.004534520285245606,0.004534520285245606,0.004534520285245606,0.002538256920292243,393.9711508340396,1.0153027681168971,0.2696928911700103,0.24,1.1237203798750428,0.029692891170010283
20,-1.2,21,12,0.9999999999999976,1,1,0.006439084912958453,-0.0032195424564794603,0.0032195424564789923,0.0032195424564789923,0.0032195424564789923,0.0025264953587916285,395.8051996890585,1.0105981435166513,0.27060348139302903,0.2425,1.1158906449197075,0.02810348139302904
20,-1.2,22,12,1.0000000000000029,1,1,0.006903124049466452,-0.0034515620247332875,0.0034515620247331643,0.0034515620247331643,0.0034515620247331643,0.0025178365086586155,397.16637540248905,1.0071346034634463,0.2670869817860294,0.24,1.112862424108456,0.027086981786029418
20,-1.2,23,12,0.9999999999999979,1,1,0.007470479513829707,-0.0037352397569152757,0.0037352397569144313,0.0037352397569144313,0.0037352397569144313,0.0025535907449317653,391.6054293291704,1.021436297972706,0.27856126255232067,0.2525,1.1032129209992898,0.026061262552320663
20,-1.2,24,12,1.0000000000000056,1,1,0.00685648766517426,-0.0034282438325870575,0.0034282438325872024,-0.0034282438325870575,0.0034282438325870575,0.002522197498721473,396.47965732537205,1.0088789994885892,0.2617228725290562,0.2325,1.1256897743185212,0.02922287252905617
20,-1.2,25,12,0.9999999999999988,1,1,0.008893188916449486,-0.00444659445822444,0.0044465944582250455,-0.00444659445822444,0.00444659445822444,0.0025230775781319914,396.3413605143164,1.0092310312527966,0.27315976499968503,0.245,1.114937816325245,0.028159764999685033
20,-1.2,26,12,0.999999999999999,1,1,0.0072280130492455436,-0.003614006524622721,0.003614006524622822,-0.003614006524622721,0.003614006524622721,0.0025394498025118643,393.78608665974133,1.0157799210047458,0.2820379217192918,0.255,1.1060310655658503,0.027037921719291813
20,-1.2,27,12,1.0000000000000024,1,1,0.0070474873106541654,-0.003523743655327354,0.0035237436553268117,0.0035237436553268117,0.0035237436553268117,0.0025141085167523823,397.7553050461629,1.005643406700953,0.27525690152793164,0.2475,1.112149097082552,0.027756901527931643
20,-1.2,28,12,1.0000000000000062,1,1,0.007750055090802364,-0.0038750275454018466,0.0038750275454005174,0.0038750275454005174,0.0038750275454005174,0.0025544415557412956,391.4749968549589,1.0217766222965183,0.2870015979362048,0.26,1.1038522997546336,0.02700159793620477
20,-1.2,29,12,1.0000000000000078,1,1,0.005488292480350753,-0.002744146240176612,0.002744146240174141,0.002744146240174141,0.002744146240174141,0.002519328799600761,396.93111917684996,1.0077315198403045,0.2561770700631238,0.2275,1.126053055222522,0.028677070063123783
20,-1.18,0,12,1.0000000000000044,1,1,0.0038720284768739054,-0.0019360142384374078,0.0019360142384364976,0.0019360142384364976,0.0019360142384364976,0.002505503884853886,399.1213129004257,1.0022015539415543,0.2661131593828358,0.24,1.108804830761816,0.026113159382835816
20,-1.18,1,12,0.9999999999999999,1,1,0.0057210625842779705,-0.0028605312921389566,0.0028605312921390143,-0.0028605312921389566,0.0028605312921389566,0.0025485716133873204,392.3766531601969,1.0194286453549282,0.2809415865241789,0.255,1.1017317118595251,0.025941586524178883
20,-1.18,2,12,0.9999999999999964,1,1,0.004909737972378224,-0.002454868986188794,0.00245486898618943,-0.002454868986188794,0.002454868986188794,0.002547035368728209,392.6133151811402,1.0188141474912835,0.2862051911076192,0.26,1.100789196567766,0.026205191107619208
20,-1.18,3,12,0.9999999999999954,1,1,0.0049946240040224885,-0.002497312002011137,0.0024973120020113514,-0.002497312002011137,0.002497312002011137,0.0025288982002849352,395.4291239905696,1.0115592801139741,0.2717411434053368,0.245,1.1091475241034154,0.026741143405336787
20,-1.18,4,12,1.0000000000000029,1,1,0.005542553907863826,-0.002771276953933004,0.0027712769539308224,0.0027712769539308224,0.0027712769539308224,0.002553144499680445,391.67387514696543,1.021257799872178,0.28311389365391254,0.2575,1.0994714316656797,0.025613893653912534
20,-1.18,5,12,1.000000000000001,1,1,0.00560439847455539,-0.0028021992372771155,0.0028021992372782743,-0.0028021992372771155,0.0028021992372771155,0.002529455253022362,395.3420400717242,1.0117821012089447,0.2834601296108202,0.2575,1.1008160373235736,0.02596012961082017
20,-1.18,6,12,0.9999999999999986,1,1,0.004221795672479928,-0.002110897836239732,0.0021108978362401965,-0.002110897836239732,0.002110897836239732,0.0025194919274767066,396.9054193404417,1.0077967709906828,0.25535416762600754,0.2275,1.1224359016527803,0.027854167626007537
20,-1.18,7,12,0.9999999999999963,1,1,0.0014731705473972638,-0.0007365852736980835,0.0007365852736991803,-0.0007365852736980835,0.0007365852736980835,0.0024979977979641705,400.32060909540616,0.9991991191856682,0.24919873524669384,0.2225,1.119994315715478,0.026698735246693833
20,-1.18,8,12,1.0000000000000002,1,1,0.0034778038147790903,-0.0017389019073900753,0.0017389019073890148,0.0017389019073890148,0.0017389019073890148,0.002506944649312055,398.8919341615363,1.002777859724822,0.2622211690751915,0.235,1.1158347620220916,0.02722116907519151
20,-1.18,9,12,1.0000000000000002,1,1,0.00311788050243188,-0.001558940251216948,0.0015589402512149316,0.0015589402512149316,0.0015589402512149316,0.002527332930778102,395.674027676332,1.010933172311241,0.2568380574044169,0.23,1.1166872061061603,0.026838057404416887
20,-1.18,10,12,1.0000000000000044,1,1,0.00612688640665042,-0.00306344320332602,0.0030634432033244,0.0030634432033244,0.0030634432033244,0.002562796189595649,390.19880084876246,1.0251184758382597,0.2882141046500293,0.2625,1.0979584939048734,0.025714104650029268
20,-1.18,11,12,0.9999999999999976,1,1,0.004646935430620567,-0.0023234677153106567,0.0023234677153099095,0.0023234677153099095,0.0023234677153099095,0.0025046093192171667,399.26386615560347,1.0018437276868666,0.26267978953541027,0.235,1.1177863384485545,0.027679789535410282
20,-1.18,12,12,1.0000000000000007,1,1,0.004445702798935794,-0.002222851399467782,0.0022228513994680126,-0.002222851399467782,0.002222851399467782,0.0025367559012706457,394.2042667562559,1.0147023605082583,0.2813141398463771,0.255,1.1031927052799102,0.026314139846377094
20,-1.18,13,12,0.9999999999999999,1,1,0.0031009458289035286,-0.0015504729144508365,0.0015504729144526922,-0.0015504729144508365,0.0015504729144508365,0.0025099268087422928,398.41799231631506,1.003970723496917,0.25697296271987824,0.23,1.1172737509559922,0.02697296271987823
20,-1.18,14,12,1.0000000000000033,1,1,0.0025389044755771382,-0.0012694522377887031,0.001269452237788435,0.001269452237788435,0.001269452237788435,0.002510927560550862,398.259199393476,1.0043710242203447,0.249313112863358,0.2225,1.1205083724195866,0.026813112863357996
20,-1.18,15,12,1.0000000000000069,1,1,0.0058498130317727205,-0.0029249065158864183,0.002924906515886302,0.002924906515886302,0.002924906515886302,0.0025454312942186034,392.8607314097551,1.0181725176874414,0.2674492519902977,0.24,1.114371883292907,0.027449251990297685
20,-1.18,16,12,0.9999999999999989,1,1,0.005677649037725179,-0.0028388245188629983,0.002838824518862181,0.002838824518862181,0.002838824518862181,0.002557918106653877,390.94293026767116,1.0231672426615508,0.29275366917757295,0.2675,1.0944062399161605,0.025253669177572935
20,-1.18,17,12,0.9999999999999972,1,1,0.005026759176786836,-0.002513379588394721,0.002513379588392115,0.002513379588392115,0.002513379588392115,0.0025226556300168342,396.4076539425743,1.0090622520067336,0.27231661948548436,0.245,1.1114964060632015,0.02731661948548436
20,-1.18,18,12,1.0000000000000029,1,1,0.0045576330003527996,-0.002278816500177007,0.002278816500175793,0.002278816500175793,0.002278816500175793,0.0025403368941649216,393.6485756267093,1.0161347576659687,0.2739467825769597,0.2475,1.1068556871796351,0.026446782576959704
20,-1.18,19,12,1.0000000000000009,1,1,0.004697878883177744,-0.00234893944158941,0.0023489394415883345,0.0023489394415883345,0.0023489394415883345,0.0025469057348098323,392.6332986464716,1.018762293923933,0.27594547379201806,0.25,1.1037818951680722,0.02594547379201806
20,-1.18,20,12,0.9999999999999964,1,1,0.006446730419920572,-0.0032233652099611454,0.003223365209959426,0.003223365209959426,0.003223365209959426,0.002535852391948013,394.34471942265196,1.0143409567792052,0.26887622483220625,0.24,1.120317603467526,0.028876224832206254
20,-1.18,21,12,0.9999999999999986,1,1,0.003936389562658644,-0.0019681947813292083,0.001968194781329435,-0.0019681947813292083,0.0019681947813292083,0.002524904099339499,396.0546462978909,1.0099616397357996,0.2698894669028041,0.2425,1.1129462552692952,0.027389466902804083
20,-1.18,22,12,1.0000000000000024,1,1,0.004402703667353191,-0.002201351833676894,0.0022013518336762975,0.0022013518336762975,0.0022013518336762975,0.00251652057047914,397.3740615240042,1.0066082281916562,0.2664268185180122,0.24,1.110111743825051,0.026426818518012207
20,-1.18,23,12,1.0000000000000009,1,1,0.004897521065123036,-0.0024487605325616097,0.0024487605325614254,0.0024487605325614254,0.0024487605325614254,0.0025505069752666237,392.0789120349151,1.0202027901066495,0.2778017887623583,0.2525,1.1002051040093397,0.02530178876235828
20,-1.18,24,12,1.0000000000000022,1,1,0.004358381263251741,-0.002179190631624868,0.0021791906316268733,-0.002179190631624868,0.002179190631624868,0.00252084433871865,396.6924830068254,1.0083377354874599,0.2609716884817975,0.2325,1.122458875190527,0.028471688481797514
20,-1.18,25,12,0.9999999999999922,1,1,0.006281319366147129,-0.0031406596830741546,0.0031406596830729746,0.0031406596830729746,0.0031406596830729746,0.0025215430693453812,396.58255778260826,1.0086172277381524,0.27251661033234287,0.245,1.1123126952340525,0.027516610332342872
20,-1.18,26,12,0.9999999999999959,1,1,0.004658982944392803,-0.002329491472196351,0.0023294914721964525,-0.002329491472196351,0.002329491472196351,0.0025370451322292544,394.15932625578426,1.0148180528917017,0.28132999525600916,0.255,1.1032548833568987,0.026329995256009153
20,-1.18,27,12,0.9999999999999984,1,1,0.004509775752933359,-0.0022548878764679526,0.002254887876465406,0.002254887876465406,0.002254887876465406,0.002512982172046536,397.9335831044176,1.0051928688186142,0.2746373925272027,0.2475,1.1096460304129403,0.02713739252720271
20,-1.18,28,12,1.0000000000000013,1,1,0.005146610819983076,-0.0025733054099907546,0.0025733054099923215,-0.0025733054099907546,0.0025733054099907546,0.002551217860480413,391.9696610354133,1.0204871441921655,0.2862325639534855,0.26,1.100894476744175,0.0262325639534855
20,-1.18,29,12,1.0000000000000002,1,1,0.0030542933484969123,-0.0015271466742478828,0.0015271466742490295,-0.0015271466742478828,0.0015271466742478828,0.002517743138769158,397.1811042205311,1.0070972555076632,0.25541795577655324,0.2275,1.1227162891277065,0.027917955776553233
20,-1.16,0,12,1.0000000000000042,1,1,0.0014130155265295965,-0.0007065077632649894,0.0007065077632646072,0.0007065077632646072,0.0007065077632646072,0.0025047780294460372,399.236973593689,1.0019112117784148,0.2655472323776305,0.24,1.1064468015734605,0.025547232377630513
20,-1.16,1,12,1.0000000000000078,1,1,0.003137341327572919,-0.0015686706637855962,0.0015686706637873227,-0.0015686706637855962,0.0015686706637855962,0.0025456501592772546,392.8269547783871,1.0182600637109018,0.2802312345958641,0.255,1.0989460180229964,0.02523123459586407
20,-1.16,2,12,1.000000000000008,1,1,0.002356345253050919,-0.001178172626524621,0.001178172626526298,-0.001178172626524621,0.001178172626524621,0.0025441965447535104,393.051394579613,1.0176786179014041,0.28546709687918115,0.26,1.097950372612235,0.02546709687918114
20,-1.16,3,12,1.0000000000000007,1,1,0.002460893041293947,-0.0012304465206471283,0.0012304465206468187,0.0012304465206468187,0.0012304465206468187,0.002527008033115087,395.72489952368,1.0108032132460347,0.2710674974814237,0.245,1.1063979489037703,0.02606749748142373
20,-1.16,4,12,1.0000000000000073,1,1,0.002957356995897993,-0.0014786784979483817,0.001478678497949611,-0.0014786784979483817,0.0014786784979483817,0.0025499839695682395,392.1593280326852,1.0199935878272959,0.28238454230611015,0.2575,1.0966389992470298,0.024884542306110147
20,-1.16,5,12,0.9999999999999932,1,1,0.0030469234189509538,-0.0015234617094746126,0.0015234617094763414,-0.0015234617094746126,0.0015234617094746126,0.0025275559580104794,395.63911407410825,1.0110223832041918,0.2828514219033911,0.2575,1.0984521238966642,0.02535142190339107
20,-1.16,6,12,1.0000000000000069,1,1,0.001736008007345247,-0.0008680040036727804,0.0008680040036724668,0.0008680040036724668,0.0008680040036724668,0.0025180966261634167,397.1253484119092,1.0072386504653668,0.2546432072356345,0.2275,1.119310801035756,0.027143207235634487
20,-1.16,7,12,5.786842545440565e-15,0,0,0.0008372636194257046,-0.0004186318097117082,0.0004186318097139964,-0.0004186318097117082,0.0004186318097117082,0.002497544638086487,400.39324412882473,0.9990178552345947,0.2485559536574663,0.2225,1.1171054096964776,0.026055953657466296
20,-1.16,8,12,0.9999999999999979,1,1,0.0010508470889546337,-0.0005254235444772019,0.0005254235444774317,-0.0005254235444772019,0.0005254235444772019,0.002506169877311423,399.01524994498106,1.0024679509245693,0.2615714991678782,0.235,1.1130702092250138,0.02657149916787821
20,-1.16,9,12,1.000000000000004,1,1,0.0006952146087095899,-0.00034760730435488797,0.00034760730435470197,0.00034760730435470197,0.00034760730435470197,0.0025257399949024854,395.9235717129341,1.0102959979609942,0.2560812191542988,0.23,1.1133966050186905,0.026081219154298813
20,-1.16,10,12,0.999999999999996,1,1,0.0035084878013479813,-0.0017542439006735591,0.0017542439006744224,-0.0017542439006735591,0.0017542439006735591,0.00255908748831321,390.76428788260665,1.0236349953252841,0.2874425303590726,0.2625,1.0950191632726574,0.024942530359072568
20,-1.16,11,12,1.0000000000000029,1,1,0.0021589330109514603,-0.0010794665054770613,0.0010794665054743992,0.0010794665054743992,0.0010794665054743992,0.0025040620811091216,399.35112134163666,1.0016248324436485,0.262074505141599,0.235,1.115210660177017,0.027074505141599037
20,-1.16,12,12,0.9999999999999968,1,1,0.0019248331508067858,-0.0009624165754041079,0.0009624165754026779,0.0009624165754026779,0.0009624165754026779,0.0025344687266839186,394.5600075753916,1.0137874906735675,0.280614218928189,0.255,1.1004479173654471,0.025614218928188992
20,-1.16,13,12,0.9999999999999993,1,1,0.0006772331238550001,-0.000338616561927122,0.0003386165619278781,-0.000338616561927122,0.000338616561927122,0.0025088807609595603,398.5841079260915,1.0035523043838241,0.2562976570618787,0.23,1.1143376393994724,0.02629765706187867
20,-1.16,14,12,1.0000000000000002,1,1,0.00017030097244054974,-8.515048621987318e-05,8.515048622067655e-05,-8.515048621987318e-05,8.515048621987318e-05,0.002509826604008975,398.4338991397607,1.00393064160359,0.2486254054005403,0.2225,1.1174175523619787,0.026125405400540286
20,-1.16,15,12,0.9999999999999918,1,1,0.003264749101296674,-0.0016323745506481133,0.0016323745506485608,-0.0016323745506481133,0.0016323745506481133,0.0025426563501134494,393.289482456165,1.0170625400453797,0.26667953221494145,0.24,1.111164717562256,0.02667953221494146
20,-1.16,16,12,1.0000000000000036,1,1,0.00308002810744759,-0.0015400140537237862,0.001540014053723804,-0.0015400140537237862,0.0015400140537237862,0.0025544806028727335,391.4690128691578,1.0217922411490934,0.2920195406679723,0.2675,1.0916618342727937,0.024519540667972295
20,-1.16,17,12,1.0000000000000018,1,1,0.0025109517540801993,-0.0012554758770408985,0.0012554758770393008,0.0012554758770393008,0.0012554758770393008,0.0025211031949842096,396.65175229221956,1.0084412779936838,0.2716383068391798,0.245,1.1087277830170603,0.02663830683917978
20,-1.16,18,12,0.9999999999999991,1,1,0.002041563294827006,-0.0010207816474143683,0.0010207816474126375,0.0010207816474126375,0.0010207816474126375,0.0025379114708414933,394.0247764704065,1.0151645883365972,0.2732016781240294,0.2475,1.1038451641374925,0.025701678124029403
20,-1.16,19,12,1.0000000000000078,1,1,0.0021576353044572864,-0.0010788176522290715,0.0010788176522282152,0.0010788176522282152,0.0010788176522282152,0.002544050341768079,393.07398268896446,1.0176201367072315,0.27520066217293637,0.25,1.1008026486917455,0.025200662172936372
20,-1.16,20,12,1.000000000000004,1,1,0.003858634440505373,-0.0019293172202529088,0.0019293172202524645,0.0019293172202524645,0.0019293172202524645,0.00253357744692014,394.6988086808307,1.013430978768056,0.2680738067189929,0.24,1.1169741946624705,0.0280738067189929
20,-1.16,21,12,0.9999999999999968,1,1,0.0014637735189701956,-0.000731886759485619,0.0007318867594845767,0.0007318867594845767,0.0007318867594845767,0.002523389146141675,396.29242343735405,1.00935565845667,0.2691853683061844,0.2425,1.1100427559017914,0.026685368306184398
20,-1.16,22,12,0.9999999999999978,1,1,0.0019309150684068282,-0.0009654575342029267,0.0009654575342039016,-0.0009654575342029267,0.0009654575342029267,0.002515289754545156,397.56851002672323,1.0061159018180623,0.2657747518017264,0.24,1.10739479917386,0.025774751801726392
20,-1.16,23,12,1.0000000000000022,1,1,0.002358821046346792,-0.0011794105231735534,0.0011794105231732385,0.0011794105231732385,0.0011794105231732385,0.0025475737022046204,392.5303511865504,1.019029480881848,0.2770579179391393,0.2525,1.0972590809470864,0.024557917939139307
20,-1.16,24,12,1.000000000000001,1,1,0.0018885845357930024,-0.0009442922678954576,0.000944292267897545,-0.0009442922678954576,0.0009442922678954576,0.002519558498255992,396.89493246225004,1.0078233993023968,0.2602311647167585,0.2325,1.119273826738746,0.02773116471675849
20,-1.16,25,12,0.9999999999999974,1,1,0.003702892152914342,-0.0018514460764568498,0.0018514460764574923,-0.0018514460764568498,0.0018514460764568498,0.0025200879194549435,396.8115525970557,1.0080351677819774,0.2718789803013911,0.245,1.1097101236791476,0.02687898030139113
20,-1.16,26,12,0.9999999999999901,1,1,0.0021244868011878583,-0.001062243400593065,0.001062243400594793,-0.001062243400593065,0.001062243400593065,0.0025347622876711147,394.51431199837623,1.013904915068446,0.28063336433132685,0.255,1.1005229973777524,0.025633364331326847
20,-1.16,27,12,1.0000000000000024,1,1,0.002003869808029653,-0.0010019349040151053,0.0010019349040145474,0.0010019349040145474,0.0010019349040145474,0.002511924888995679,398.10107554602126,1.0047699555982716,0.2740228291813926,0.2475,1.1071629461874448,0.026522829181392593
20,-1.16,28,12,0.9999999999999954,1,1,0.002579680844006608,-0.0012898404220027134,0.0012898404220038947,-0.0012898404220027134,0.0012898404220027134,0.002548155974028926,392.44065520011543,1.0192623896115705,0.2854788428399345,0.26,1.0979955493843636,0.025478842839934512
20,-1.16,29,12,1.0000000000000022,1,1,0.0006471382473618639,-0.0003235691236810282,0.00032356912368083565,0.00032356912368083565,0.00032356912368083565,0.0025162738981041365,397.4130164261692,1.0065095592416546,0.25467120457374853,0.2275,1.1194338662582353,0.027171204573748525
20,-1.14,0,12,-8.304781668265849e-15,0,0,0.0010172891414506461,-0.0005086445707241341,0.000508644570726512,-0.0005086445707241341,0.0005086445707241341,0.0025041116678674873,399.34321333664985,1.001644667146995,0.26498476150926464,0.24,1.1041031729552695,0.024984761509264652
20,-1.14,1,12,0.9999999999999947,1,1,0.0005894087299584985,-0.00029470436497824437,0.00029470436498025415,-0.00029470436497824437,0.00029470436497824437,0.0025428761412071305,393.25548885180433,1.0171504564828522,0.2795335081526231,0.255,1.0962098358926398,0.024533508152623118
20,-1.14,2,12,-5.654319433712919e-16,0,0,0.00016173859632689816,-8.086929816281411e-05,8.086929816408404e-05,-8.086929816281411e-05,8.086929816281411e-05,0.002541503023660539,393.4679560442526,1.0166012094642156,0.2847431157286061,0.26,1.095165829725408,0.024743115728606102
20,-1.14,3,12,2.8094899686261067e-15,0,0,3.999426467979978e-05,-1.9997132339938604e-05,1.999713233986118e-05,1.999713233986118e-05,1.999713233986118e-05,0.002525220655743352,396.0049977120233,1.0100882622973408,0.2704030255405803,0.245,1.103685818532981,0.025403025540580326
20,-1.14,4,12,1.0000000000000038,1,1,0.00040873871485917637,-0.00020436935742892124,0.00020436935743025513,-0.00020436935742892124,0.00020436935742892124,0.0025469821373079694,392.62152072136206,1.0187928549231877,0.28166945276429456,0.2575,1.0938619524826974,0.024169452764294552
20,-1.14,5,12,0.9999999999999999,1,1,0.0005227316165103215,-0.0002613658082561532,0.0002613658082541683,0.0002613658082541683,0.0002613658082541683,0.0025257577366063467,395.9207906232598,1.0103030946425386,0.28224870966147214,0.2575,1.0961114938309597,0.024748709661472135
20,-1.14,6,12,1.9171676829932865e-15,0,0,0.0007194623163037847,-0.000359731158152162,0.00035973115815162267,0.00035973115815162267,0.00035973115815162267,0.0025167831439291627,397.3326038884763,1.006713257571665,0.2539422718917169,0.2275,1.1162297665569973,0.026442271891716912
20,-1.14,7,12,6.272760621775269e-16,0,0,0.0031259370377073937,-0.0015629685188542136,0.0015629685188531801,0.0015629685188531801,0.0015629685188531801,0.0024971592198211956,400.4550418982107,0.9988636879284782,0.2479207768926216,0.2225,1.114250682663468,0.025420776892621594
20,-1.14,8,12,1.6697912077683463e-15,0,0,0.00134929927018546,-0.0006746496350930953,0.0006746496350923645,0.0006746496350923645,0.0006746496350923645,0.0025054589848644547,399.12846549914684,1.002183593945782,0.26092893899264413,0.235,1.1103359106069963,0.025928938992644146
20,-1.14,9,12,8.684681255218437e-15,0,0,0.001700057853519009,-0.0008500289267597266,0.0008500289267592822,0.0008500289267592822,0.0008500289267592822,0.0025242248322748222,396.1612243148736,1.009689932909929,0.25533817722297364,0.23,1.1101659879259722,0.02533817722297363
20,-1.14,10,12,0.999999999999999,1,1,0.0009282950772794571,-0.0004641475386400165,0.00046414753863944065,0.00046414753863944065,0.00046414753863944065,0.0025555652787634785,391.30285902297686,1.0222261115053914,0.28668789549921636,0.2625,1.0921443638065385,0.02418789549921635
20,-1.14,11,12,-3.3219126673063397e-15,0,0,0.00030005692590004483,-0.00015002846295020236,0.0001500284629498425,0.0001500284629498425,0.0001500284629498425,0.0025035530633711377,399.43231666656135,1.0014212253484551,0.26147285331428693,0.235,1.1126504396352637,0.026472853314286948
20,-1.14,12,12,-1.4489193548889355e-15,0,0,0.0005626665905617385,-0.0002813332952808739,0.0002813332952808646,0.0002813332952808646,0.0002813332952808646,0.0025323022833047904,394.8975628197698,1.0129209133219161,0.27992584167566975,0.255,1.0977483987281167,0.024925841675669747
20,-1.14,13,12,-7.730514850779381e-15,0,0,0.0017186664672981635,-0.0008593332336484735,0.0008593332336496899,-0.0008593332336484735,0.0008593332336484735,0.0025079178085160945,398.73715023846347,1.0031671234064379,0.2556313258301124,0.23,1.111440547087445,0.025631325830112378
20,-1.14,14,12,7.5361476202455e-15,0,0,0.0021738830990142397,-0.0010869415495072476,0.0010869415495069921,0.0010869415495069921,0.0010869415495069921,0.002508818756647585,398.5939587506322,1.003527502659034,0.24794743525118093,0.2225,1.1143704955109255,0.025447435251180928
20,-1.14,15,12,0.9999999999999989,1,1,0.0007151499415368778,-0.00035757497076848864,0.00035757497076838917,0.00035757497076838917,0.00035757497076838917,0.0025400232416412233,393.6971849729434,1.0160092966564893,0.26592419843590825,0.24,1.1080174934829512,0.025924198435908263
20,-1.14,16,12,0.9999999999999996,1,1,0.0005198994178393803,-0.0002599497089185711,0.0002599497089208092,-0.0002599497089185711,0.0002599497089185711,0.002551216580856558,391.9698576371964,1.0204866323426232,0.2913005391089356,0.2675,1.0889739779773293,0.023800539108935592
20,-1.14,17,12,1.0000000000000007,1,1,2.6131939913890308e-05,-1.3065969956927373e-05,1.3065969956962936e-05,-1.3065969956927373e-05,1.3065969956927373e-05,0.002519641275603373,396.88189334036537,1.0078565102413493,0.27096866620012094,0.245,1.105994555918861,0.02596866620012095
20,-1.14,18,12,4.452776554048924e-15,0,0,0.0004419323816007056,-0.00022096619080033575,0.00022096619080036985,-0.00022096619080033575,0.00022096619080033575,0.0025356106412777065,394.3823171116269,1.0142442565110827,0.2724705849377332,0.2475,1.1008912522736694,0.024970584937733187
20,-1.14,19,12,6.61732071226715e-15,0,0,0.00034796319666702746,-0.0001739815983333123,0.00017398159833371512,-0.0001739815983333123,0.0001739815983333123,0.0025413437578816083,393.49261464477024,1.0165375031526434,0.2744707468892809,0.25,1.0978829875571237,0.024470746889280914
20,-1.14,20,12,0.9999999999999953,1,1,0.0013044192207017557,-0.0006522096103506068,0.0006522096103511489,-0.0006522096103506068,0.0006522096103506068,0.00253142598462046,395.0342637214934,1.012570393848184,0.2672854831218414,0.24,1.1136895130076727,0.027285483121841425
20,-1.14,21,12,3.145215185002811e-15,0,0,0.000978974962310177,-0.000489487481154966,0.0004894874811552111,-0.000489487481154966,0.000489487481154966,0.0025219478540675416,396.51890438065277,1.0087791416270167,0.2684911645043704,0.2425,1.1071800598118366,0.02599116450437039
20,-1.14,22,12,2.2882323958306966e-15,0,0,0.0005123786362772287,-0.0002561893181387235,0.00025618931813850516,0.00025618931813850516,0.00025618931813850516,0.0025141390030655533,397.7504818869103,1.0056556012262212,0.26513074952963855,0.24,1.104711456373494,0.025130749529638563
20,-1.14,23,12,-9.806710267845842e-16,0,0,0.00014605551438301456,-7.302775719087171e-05,7.302775719214285e-05,-7.302775719087171e-05,7.302775719087171e-05,0.0025447845493798676,392.9605750882477,1.017913819751947,0.27632937732663343,0.2525,1.0943737715906274,0.023829377326633427
20,-1.14,24,12,-5.760337923095036e-15,0,0,0.0005529866572706413,-0.00027649332863482156,0.0002764933286358198,-0.00027649332863482156,0.00027649332863482156,0.0025183372609126438,397.0874018826218,1.0073349043650577,0.2595012692857793,0.2325,1.116134491551739,0.02700126928577931
20,-1.14,25,12,0.9999999999999976,1,1,0.001157651290344004,-0.0005788256451716775,0.0005788256451723264,-0.0005788256451716775,0.0005788256451716775,0.002518709454474193,397.02872366783583,1.0074837817896773,0.27124699614560355,0.245,1.1071305965126677,0.02624699614560355
20,-1.14,26,12,-4.947529504498804e-16,0,0,0.0003759280467626399,-0.00018796402338136135,0.00018796402338127857,0.00018796402338127857,0.00018796402338127857,0.002532596368096384,394.8517073613456,1.0130385472385537,0.2799479155353541,0.255,1.0978349628837416,0.02494791553535408
20,-1.14,27,12,-1.9790118017995217e-15,0,0,0.00047051628456894716,-0.00023525814228290062,0.00023525814228604654,-0.00023525814228290062,0.00023525814228290062,0.0025109336208518143,398.258238169099,1.0043734483407256,0.2734133128378326,0.2475,1.1047002538902326,0.025913312837832603
20,-1.14,28,12,1.0000000000000042,1,1,4.871037139866872e-05,-2.4355185700280385e-05,2.4355185698388334e-05,2.4355185698388334e-05,2.4355185698388334e-05,0.0025452490516877377,392.88886065468,1.018099620675095,0.28474016620100434,0.26,1.0951544853884783,0.024740166201004332
20,-1.14,29,12,4.753162273964923e-15,0,0,0.0017333534164308026,-0.0008666767082164918,0.0008666767082143109,0.0008666767082143109,0.0008666767082143109,0.0025149133958597553,397.6280064539309,1.005965358343902,0.2539366287780187,0.2275,1.1162049616616205,0.026436628778018695
20,-1.12,0,12,-5.47762195140939e-16,0,0,0.0034190476426817417,-0.0017095238213410276,0.001709523821340714,0.001709523821340714,0.001709523821340714,0.0025035012592096693,399.4405819934319,1.0014005036838678,0.2644258479426793,0.24,1.1017743664278306,0.024425847942679324
20,-1.12,1,12,-3.1540500591179877e-15,0,0,0.001923231660127173,-0.0009616158300643036,0.0009616158300628694,0.0009616158300628694,0.0009616158300628694,0.0025402434579771876,393.6630549562783,1.016097383190875,0.27884822485595767,0.255,1.0935224504155203,0.023848224855957667
20,-1.12,2,12,-1.2633869984702302e-15,0,0,0.0026450381083815617,-0.0013225190541913737,0.001322519054190188,0.001322519054190188,0.001322519054190188,0.0025389485072479533,393.8638366021577,1.0155794028991814,0.2840330086080308,0.26,1.092434648492426,0.024033008608030815
20,-1.12,3,12,3.745986624834808e-15,0,0,0.0025083846707892967,-0.001254192335395464,0.0012541923353938328,0.0012541923353938328,0.0012541923353938328,0.0025235316021833274,396.27005230876154,1.0094126408733308,0.2697476802177819,0.245,1.1010109396644159,0.024747680217781898
20,-1.12,4,12,-6.5554765934609154e-15,0,0,0.002103865402255851,-0.0010519327011274764,0.0010519327011283748,-0.0010519327011274764,0.0010519327011274764,0.0025441323282032703,393.0613156062621,1.017652931281308,0.2809683821790332,0.2575,1.09113934826809,0.023468382179033187
20,-1.12,5,12,2.6151227380922248e-15,0,0,0.0019685049061627722,-0.0009842524530806914,0.0009842524530820809,-0.0009842524530806914,0.0009842524530806914,0.0025240563989689423,396.1876606277468,1.009622559587577,0.28165205724626435,0.2575,1.0937943970728712,0.024152057246264347
20,-1.12,6,12,-3.993363100059749e-15,0,0,0.0031448496086730086,-0.001572424804336356,0.0015724248043366528,-0.001572424804336356,0.001572424804336356,0.0025155476902896496,397.5277446975598,1.0062190761158598,0.25325129426473475,0.2275,1.1131925022625704,0.025751294264734742
20,-1.12,7,12,3.0126920732751644e-15,0,0,0.005392831564206586,-0.002696415782103293,0.002696415782103293,-0.002696415782103293,0.002696415782103293,0.002496835573014388,400.5069500002023,0.9987342292057553,0.2472931183886196,0.2225,1.1114297455668296,0.024793118388619584
20,-1.12,8,12,-1.298726494930936e-15,0,0,0.003722730741515479,-0.001861365370758213,0.001861365370757266,0.001861365370757266,0.001861365370757266,0.0025048076131068573,399.2322583049172,1.001923045242743,0.26029347894714666,0.235,1.1076318253070072,0.025293478947146675
20,-1.12,9,12,-3.6134635131071625e-15,0,0,0.004068071670380376,-0.002034035835190501,0.002034035835189875,0.002034035835189875,0.002034035835189875,0.0025227840629419235,396.3874731449898,1.0091136251767694,0.2546087512979747,0.23,1.1069945708607596,0.024608751297974713
20,-1.12,10,12,-1.1485336349729366e-15,0,0,0.0016143295948378026,-0.0008071647974210989,0.0008071647974167038,0.0008071647974167038,0.0008071647974167038,0.002552221514298606,391.81552008616194,1.0208886057194424,0.28594985142572155,0.2625,1.089332767336082,0.023449851425721535
20,-1.12,11,12,2.0231861723754037e-15,0,0,0.0027301429320517098,-0.0013650714660265355,0.0013650714660251744,0.0013650714660251744,0.0013650714660251744,0.002503080679530598,399.50769792507435,1.0012322718122393,0.26087497355393224,0.235,1.1101062704422648,0.025874973553932257
20,-1.12,12,12,-3.1098756885421053e-15,0,0,0.0030172221057603453,-0.001508611052880159,0.0015086110528801863,-0.001508611052880159,0.001508611052880159,0.00253025118799566,395.21767828598496,1.012100475198264,0.2792488582326539,0.255,1.095093561696682,0.02424885823265388
20,-1.12,13,12,4.594134539891746e-16,0,0,0.004086945007420506,-0.002043472503710172,0.002043472503710334,-0.002043472503710172,0.002043472503710172,0.0025070326505400578,398.8779323574357,1.0028130602160232,0.2549739054381203,0.23,1.108582197557045,0.02497390543812031
20,-1.12,14,12,1.6609563336531698e-15,0,0,0.004493735765609097,-0.0022468678828057105,0.0022468678828033864,0.0022468678828033864,0.0022468678828033864,0.0025078973131527635,398.74040884986067,1.0031589252611053,0.24727909879499818,0.2225,1.1113667361572952,0.024779098794998178
20,-1.12,15,12,8.128084185962321e-16,0,0,0.0017994468563565964,-0.0008997234281776783,0.000899723428178918,-0.0008997234281776783,0.0008997234281776783,0.0025375260898246287,394.0846180892316,1.0150104359298515,0.2651830306833236,0.24,1.1049292945138485,0.025183030683323615
20,-1.12,16,12,-5.35393371379692e-15,0,0,0.002003357798704553,-0.0010016788993516238,0.0010016788993529294,-0.0010016788993516238,0.0010016788993516238,0.002548118557702788,392.44641776069193,1.0192474230811153,0.29059637748735756,0.2675,1.0863415980835796,0.023096377487357544
20,-1.12,17,12,-8.834874115176436e-17,0,0,0.0024279498327825257,-0.001213974916390761,0.0012139749163917644,-0.001213974916390761,0.001213974916390761,0.0025182653214701088,397.09874550320285,1.0073061285880436,0.2703076635414989,0.245,1.103296585883669,0.02530766354149888
20,-1.12,18,12,-1.375589899732971e-14,0,0,0.0028932352073336425,-0.0014466176036670264,0.0014466176036666163,0.0014466176036666163,0.0014466176036666163,0.002533428759611508,394.7219736122938,1.0133715038446032,0.2717532791463287,0.2475,1.0979930470558734,0.024253279146328688
20,-1.12,19,12,-3.6576378836830444e-15,0,0,0.002819416319491274,-0.0014097081597461128,0.0014097081597451613,0.0014097081597451613,0.0014097081597451613,0.0025387792581394904,393.8900937503469,1.015511703255796,0.27375544671734037,0.25,1.0950217868693615,0.023755446717340367
20,-1.12,20,12,-2.7123063533591657e-15,0,0,0.001216255084717295,-0.0006081275423583094,0.0006081275423589857,-0.0006081275423583094,0.0006081275423583094,0.0025293921679372887,395.35190022174254,1.0117568671749155,0.26651109638322434,0.24,1.1104629015967682,0.026511096383224353
20,-1.12,21,12,-5.7249984266343305e-15,0,0,0.0033920793627036276,-0.0016960396813513166,0.001696039681352311,-0.0016960396813513166,0.0016960396813513166,0.0025205776156500114,396.7344603042974,1.0082310462600046,0.26780682580335824,0.2425,1.1043580445499308,0.025306825803358246
20,-1.12,22,12,-2.129204661757521e-15,0,0,0.002927324559785828,-0.0014636622798931713,0.0014636622798926567,0.0014636622798926567,0.0014636622798926567,0.0025130635576498814,397.92069601899,1.0052254230599524,0.26449477908926977,0.24,1.1020615795386242,0.02449477908926978
20,-1.12,23,12,-6.255090873544916e-15,0,0,0.0026175440489969214,-0.0013087720244989707,0.0013087720244979505,0.0013087720244979505,0.0013087720244979505,0.0025421333821466488,393.370390012963,1.0168533528586596,0.2756158950584088,0.2525,1.091548099241223,0.023115895058408775
20,-1.12,24,12,-4.868015637462216e-15,0,0,0.0029664331350499986,-0.001483216567524956,0.0014832165675250427,-0.001483216567524956,0.001483216567524956,0.002517178011414798,397.27027467475085,1.0068712045659192,0.25878196321158287,0.2325,1.1130407019853026,0.026281963211582854
20,-1.12,25,12,1.1308638867425838e-15,0,0,0.0013546737933579217,-0.0006773368966788438,0.000677336896679078,-0.0006773368966788438,0.0006773368966788438,0.0025174049965893813,397.2344542712894,1.0069619986357525,0.2706207676347618,0.245,1.104574561774538,0.025620767634761787
20,-1.12,26,12,-8.852543863406788e-15,0,0,0.002842715408759984,-0.0014213577043807612,0.001421357704379223,0.001421357704379223,0.001421357704379223,0.0025305425959000665,395.1721664832592,1.0122170383600264,0.27927353071170996,0.255,1.0951903165165096,0.024273530711709956
20,-1.12,27,12,8.481479150569378e-16,0,0,0.0029136773696585407,-0.00145683868483051,0.0014568386848280309,0.0014568386848280309,0.0014568386848280309,0.0025100053919677166,398.405518649524,1.0040021567870867,0.2728089359011873,0.2475,1.1022583268734842,0.025308935901187324
20,-1.12,28,12,3.4544357790339863e-15,0,0,0.0024468516030427753,-0.001223425801521344,0.001223425801521431,-0.001223425801521344,0.001223425801521344,0.002542490473143131,393.3151414187047,1.0169961892572523,0.28401626609680497,0.26,1.0923702542184806,0.02401626609680496
20,-1.12,29,12,-4.125886211787395e-15,0,0,0.004087362956673088,-0.002043681478335999,0.0020436814783370886,-0.002043681478335999,0.002043681478335999,0.002513654388049625,397.8271654027633,1.00546175521985,0.2532140469345311,0.2275,1.1130287777342025,0.025714046934531082
20,-1.1,0,12,-2.1733790323334032e-15,0,0,0.005792434679931676,-0.0028962173399644086,0.0028962173399672674,-0.0028962173399644086,0.0028962173399644086,0.002502943426850381,399.52960553262125,1.0011773707401526,0.2638705881874959,0.24,1.0994607841145665,0.023870588187495934
20,-1.1,1,12,2.3854160110976374e-16,0,0,0.004401076189392989,-0.0022005380946965906,0.002200538094696399,0.002200538094696399,0.002200538094696399,0.002537746187518964,394.05043929064215,1.0150984750075855,0.2781752007802899,0.255,1.0908831403148624,0.023175200780289895
20,-1.1,2,12,-2.4207555075583433e-15,0,0,0.005094074480791021,-0.0025470372403963533,0.002547037240394668,0.002547037240394668,0.002547037240394668,0.0025365269160374303,394.2398535877565,1.0146107664149722,0.28333653690483734,0.26,1.0897559111724513,0.023336536904837335
20,-1.1,3,12,-4.329088316436453e-16,0,0,0.004944631506470461,-0.0024723157532353292,0.002472315753235131,0.002472315753235131,0.002472315753235131,0.002521936541437309,396.52068304227726,1.0087746165749236,0.2691014089909766,0.245,1.0983730979223536,0.024101408990976625
20,-1.1,4,12,-3.003857199159988e-15,0,0,0.004581015688287596,-0.002290507844143815,0.0022905078441437816,0.0022905078441437816,0.0022905078441437816,0.0025414280810478005,393.4795587792954,1.0165712324191203,0.280281087480641,0.2575,1.088470242643266,0.022781087480641005
20,-1.1,5,12,-4.417437057588218e-15,0,0,0.004427123286167119,-0.0022135616430838294,0.00221356164308329,0.00221356164308329,0.00221356164308329,0.0025224478617279244,396.4403051387477,1.0089791446911698,0.2810615201726962,0.2575,1.0915010492143542,0.023561520172696193
20,-1.1,6,12,-1.7934794453808165e-15,0,0,0.005540398742761195,-0.0027701993713806585,0.002770199371380536,0.002770199371380536,0.002770199371380536,0.0025143866033345078,397.7113140333426,1.005754641333803,0.2525702034966414,0.2275,1.1101986966885335,0.02507020349664138
20,-1.1,7,12,-4.081711841211513e-15,0,0,0.007637935870860445,-0.0038189679354319974,0.0038189679354284473,0.0038189679354284473,0.0038189679354284473,0.0024965681182063356,400.5498559031716,0.9986272472825342,0.24667289856950045,0.2225,1.1086422407617997,0.024172898569500445
20,-1.1,8,12,1.0601848938211723e-15,0,0,0.006069554399045319,-0.003034777199522842,0.003034777199522477,0.003034777199522477,0.003034777199522477,0.002504211678227702,399.3272648212099,1.0016846712910807,0.2596651088718014,0.235,1.104957910092772,0.0246651088718014
20,-1.1,9,12,3.2777382967304577e-15,0,0,0.006408973093147221,-0.00320448654657464,0.0032044865465725805,0.0032044865465725805,0.0032044865465725805,0.0025214144702040355,396.6027845945847,1.0085657880816141,0.25389275988580506,0.23,1.1038815647208915,0.023892759885805054
20,-1.1,10,12,-5.919365657168212e-16,0,0,0.004120016587596457,-0.002060008293798119,0.0020600082937983384,-0.002060008293798119,0.002060008293798119,0.0025490484316143666,392.303256225963,1.0196193726457468,0.2852280530629275,0.2625,1.0865830592873427,0.022728053062927467
20,-1.1,11,12,-3.684142506028574e-15,0,0,0.005131451721184628,-0.0025657258605926558,0.002565725860591972,0.002565725860591972,0.002565725860591972,0.0025026433614926853,399.5775088798735,1.001057344597074,0.2602809980981082,0.235,1.1075787153110987,0.025280998098108187
20,-1.1,12,12,-5.7161635525191535e-15,0,0,0.005439260124209014,-0.0027196300621054074,0.002719630062103607,0.002719630062103607,0.002719630062103607,0.002528310253256049,395.5210792315397,1.0113241013024197,0.2785831172612935,0.255,1.0924828127893862,0.023583117261293474
20,-1.1,13,12,-5.654319433712919e-15,0,0,0.006427800964270473,-0.0032139004821345437,0.00321390048213593,-0.0032139004821345437,0.0032139004821345437,0.0025062202691645205,399.00722705964006,1.0024881076658083,0.2543253314175149,0.23,1.1057623105109342,0.02432533141751489
20,-1.1,14,12,4.417437057588218e-15,0,0,0.006789348011437891,-0.0033946740057188085,0.0033946740057190826,-0.0033946740057188085,0.0033946740057188085,0.0025070559616917273,398.8742235036563,1.002822384676691,0.24662029629135102,0.2225,1.1084058260285439,0.024120296291351012
20,-1.1,15,12,-1.2006593922524776e-14,0,0,0.004279505834511572,-0.0021397529172557848,0.0021397529172557874,-0.0021397529172557848,0.0021397529172557848,0.002535159183272437,394.4525482258589,1.014063673308975,0.26445580770079485,0.24,1.101899198753312,0.024455807700794863
20,-1.1,16,12,-9.983407750149373e-16,0,0,0.0044903570393099446,-0.0022451785196547828,0.002245178519655162,-0.0022451785196547828,0.0022451785196547828,0.002545179311732727,392.8996261246569,1.0180717246930908,0.28990677047470814,0.2675,1.0837636279428342,0.022406770474708126
20,-1.1,17,12,3.507445023725045e-15,0,0,0.004851551271014538,-0.002425775635506818,0.00242577563550772,-0.002425775635506818,0.002425775635506818,0.002516970989621342,397.3029503015615,1.0067883958485366,0.2696552615226424,0.245,1.1006337205005812,0.024655261522642413
20,-1.1,18,12,-6.4582929781939745e-15,0,0,0.00531272786910036,-0.002656363934551131,0.002656363934549229,0.002656363934549229,0.002656363934549229,0.002531360421457949,395.04449525368074,1.0125441685831795,0.27104953778249435,0.2475,1.0951496476060378,0.023549537782494356
20,-1.1,19,12,2.0408559206057566e-15,0,0,0.005257220773522876,-0.002628610386761819,0.002628610386761057,0.002628610386761057,0.002628610386761057,0.0025363503797870986,394.2672936552008,1.0145401519148396,0.2730544837571885,0.25,1.092217935028754,0.023054483757188493
20,-1.1,20,12,1.872993312417404e-15,0,0,0.00370373420849321,-0.0018518671042465522,0.0018518671042466576,-0.0018518671042465522,0.0018518671042465522,0.0025274704120752307,395.6525050589731,1.0109881648300922,0.2657504851541269,0.24,1.1072936881421955,0.025750485154126923
20,-1.1,21,12,3.834335365986573e-15,0,0,0.00577577391911238,-0.0028878869595554755,0.0028878869595569045,-0.0028878869595554755,0.0028878869595554755,0.002519275864291149,396.9394595384539,1.0077103457164596,0.2671323144354069,0.2425,1.101576554372812,0.02463231443540692
20,-1.1,22,12,-2.5002693745949314e-15,0,0,0.005314079652330177,-0.0026570398261642277,0.0026570398261659494,-0.0026570398261642277,0.0026570398261642277,0.0025120589411263693,398.07983149934176,1.0048235764505478,0.26386680705175336,0.24,1.0994450293823057,0.02386680705175337
20,-1.1,23,12,6.449458104078798e-15,0,0,0.0050560800293239505,-0.002528040014661054,0.002528040014662897,-0.002528040014661054,0.002528040014661054,0.0025396142994436816,393.76058018694266,1.0158457197774726,0.27491720041245,0.2525,1.0887809917324751,0.02241720041244999
20,-1.1,24,12,5.5836404407915076e-15,0,0,0.0053518714035946345,-0.0026759357017978693,0.002675935701796765,0.002675935701796765,0.002675935701796765,0.0025160782298135637,397.44392211290585,1.0064312919254255,0.2580732007624125,0.2325,1.1099922613437097,0.025573200762412512
20,-1.1,25,12,2.7653155980502243e-15,0,0,0.0038343669487829564,-0.0019171834743931106,0.001917183474389846,0.001917183474389846,0.001917183474389846,0.0025161718726865127,397.42913067870103,1.0064687490746052,0.27000039349065735,0.245,1.1020424224108463,0.025000393490657358
20,-1.1,26,12,-3.8520051142169255e-15,0,0,0.0052763296087209345,-0.002638164804360518,0.002638164804360416,0.002638164804360416,0.002638164804360416,0.002528596319751367,395.4763329317542,1.011438527900547,0.2786100874377568,0.255,1.0925885781872815,0.023610087437756777
20,-1.1,27,12,3.5427845201857506e-15,0,0,0.005325916449422112,-0.0026629582247120146,0.0026629582247100977,0.0026629582247100977,0.0026629582247100977,0.002509137300452261,398.543355845754,1.0036549201809044,0.2722097821429977,0.2475,1.0998375036080714,0.024709782142997683
20,-1.1,28,12,-1.6167819630772877e-15,0,0,0.004907551899399477,-0.002453775949699061,0.002453775949700416,-0.002453775949699061,0.002453775949699061,0.002539873840307526,393.7203431643364,1.0159495361230104,0.28330687540387056,0.26,1.089641828476425,0.023306875403870553
20,-1.1,29,12,5.194905979723744e-15,0,0,0.006415072693994273,-0.0032075363469961644,0.003207536346998108,-0.0032075363469961644,0.0032075363469961644,0.0025124900512993164,398.0115262477784,1.0049960205197266,0.2525032832772472,0.2275,1.1099045418780096,0.025003283277247185
20,-1.08,0,12,3.0745361920813996e-15,0,0,0.008137636644218267,-0.00406881832210875,0.004068818322109517,-0.00406881832210875,0.00406881832210875,0.0025024349519207007,399.61078677888,1.0009739807682803,0.2633190739765503,0.24,1.0971628082356264,0.02331907397655031
20,-1.08,1,12,2.9331782062385767e-15,0,0,0.0068446205029943875,-0.003422310251497805,0.0034223102514965827,0.0034223102514965827,0.0034223102514965827,0.002535378587530725,394.41841345435023,1.01415143501229,0.2775142507513002,0.255,1.0882911794168635,0.022514250751300202
20,-1.08,2,12,7.456633753208912e-15,0,0,0.007509365208631975,-0.003754682604315521,0.003754682604316454,-0.003754682604315521,0.003754682604315521,0.002534232385588162,394.5968040211565,1.0136929542352648,0.2826534627298747,0.26,1.0871287028072103,0.022653462729874674
20,-1.08,3,12,8.834874115176436e-18,0,0,0.007349093822292971,-0.003674546911147357,0.0036745469111456137,0.0036745469111456137,0.0036745469111456137,0.0025204312771202513,396.7574950674957,1.0081725108481003,0.2684641544818563,0.245,1.0957720591096176,0.023464154481856292
20,-1.08,4,12,-3.4632706531491626e-15,0,0,0.0070232679457198684,-0.0035116339728603328,0.003511633972859536,0.003511633972859536,0.003511633972859536,0.0025388631467941985,393.87707890545096,1.0155452587176794,0.2796073257682257,0.2575,1.0858536923037891,0.022107325768225716
20,-1.08,5,12,-2.8271597168564594e-16,0,0,0.006853468771952567,-0.0034267343859763115,0.003426734385976255,0.003426734385976255,0.003426734385976255,0.002520928149896833,396.67929450544796,1.0083712599587333,0.28047714550089975,0.2575,1.0892316330132028,0.022977145500899743
20,-1.08,6,12,5.636649685482566e-15,0,0,0.007906364234839938,-0.003953182117419378,0.00395318211742056,-0.003953182117419378,0.003953182117419378,0.0025132963473445255,397.8838393079154,1.0053185389378103,0.25189892531495667,0.2275,1.1072480233624469,0.02439892531495666
20,-1.08,7,12,-4.770832022195275e-16,0,0,0.009861245659902745,-0.004930622829951185,0.00493062282995156,-0.004930622829951185,0.004930622829951185,0.002496351649305364,400.5845892257449,0.9985406597221457,0.2460600440909867,0.2225,1.1058878386111761,0.023560044090986693
20,-1.08,8,12,1.5107634736951705e-15,0,0,0.008389888410942105,-0.004194944205471478,0.0041949442054706266,0.0041949442054706266,0.0041949442054706266,0.002503667354301526,399.4140828181148,1.0014669417206103,0.25904381772647056,0.235,1.1023141179849811,0.024043817726470573
20,-1.08,9,12,6.935376180413502e-15,0,0,0.008722919175053138,-0.00436145958752624,0.004361459587526897,-0.00436145958752624,0.00436145958752624,0.0025201129889932377,396.8076052016584,1.008045195597295,0.2531900204075042,0.23,1.1008261756848008,0.023190020407504203
20,-1.08,10,12,6.9795505509893845e-16,0,0,0.006589388580925417,-0.003294694290463194,0.0032946942904622228,0.0032946942904622228,0.0032946942904622228,0.00254603854587276,392.76703081382794,1.0184154183491039,0.28452215918085366,0.2625,1.0838939397365854,0.02202215918085365
20,-1.08,11,12,3.772491247180338e-15,0,0,0.007504126904498915,-0.003752063452248117,0.0037520634522507975,-0.003752063452248117,0.003752063452248117,0.0025022395613581412,399.64199089603943,1.0008958245432564,0.25969105186317626,0.235,1.10506830580075,0.024691051863176272
20,-1.08,12,12,-1.2015428796639952e-15,0,0,0.007829207891041697,-0.003914603945520708,0.003914603945520989,-0.003914603945520708,0.003914603945520708,0.0025264744826424407,395.80847021027483,1.0105897930569763,0.2779284661727732,0.255,1.0899155536187186,0.02292846617277322
20,-1.08,13,12,-3.1805546814635168e-15,0,0,0.008741438852881282,-0.004370719426440927,0.004370719426440355,0.004370719426440355,0.004370719426440355,0.0025054759174513606,399.12576809647715,1.0021903669805443,0.25368553832109536,0.23,1.1029806013960668,0.02368553832109535
20,-1.08,14,12,2.5179391228252842e-15,0,0,0.009060814102449058,-0.004530407051223337,0.004530407051225721,-0.004530407051223337,0.004530407051223337,0.002506288769958406,398.9963215677641,1.0025155079833623,0.24597093138694343,0.2225,1.1054873320761502,0.023470931386943422
20,-1.08,15,12,1.0115930861877018e-14,0,0,0.006725492951482195,-0.003362746475741562,0.0033627464757406324,0.0033627464757406324,0.0033627464757406324,0.002532916979225118,394.80172789000164,1.0131667916900473,0.2637423073051689,0.24,1.0989262804382038,0.023742307305168908
20,-1.08,16,12,6.511302222885033e-15,0,0,0.006941704305335763,-0.0034708521526680062,0.0034708521526677564,0.0034708521526677564,0.0034708521526677564,0.0025423918783221387,393.33039431354456,1.0169567513288555,0.28923143475329194,0.2675,1.0812390084235213,0.021731434753291923
20,-1.08,17,12,-6.007714398319976e-16,0,0,0.007244937630966683,-0.0036224688154843448,0.003622468815482338,0.003622468815482338,0.003622468815482338,0.002515754135398462,397.4951232035293,1.0063016541593848,0.26901141951673074,0.245,1.0980057939458399,0.024011419516730748
20,-1.08,18,12,-6.670329956958209e-15,0,0,0.0077007942000085075,-0.0038503971000042815,0.003850397100004226,0.003850397100004226,0.003850397100004226,0.002529400453229121,395.35060520897946,1.0117601812916486,0.2703591388857332,0.2475,1.0923601571140735,0.02285913888573321
20,-1.08,19,12,-8.225267801229261e-15,0,0,0.007661869965964548,-0.0038309349829816785,0.003830934982982869,-0.0038309349829816785,0.0038309349829816785,0.002534050914496417,394.6250622982161,1.0136203657985667,0.2723675835054323,0.25,1.089470334021729,0.022367583505432276
20,-1.08,20,12,1.9436723053388158e-16,0,0,0.006158369236139129,-0.0030791846180690673,0.003079184618070062,-0.0030791846180690673,0.0030791846180690673,0.0025256553738281164,395.93683697404356,1.0102621495312465,0.265003484657236,0.24,1.1041811860718167,0.025003484657236008
20,-1.08,21,12,8.658176632872906e-16,0,0,0.008130302693764338,-0.004065151346882893,0.004065151346881445,0.004065151346881445,0.004065151346881445,0.0025180400771317155,397.13426687755265,1.0072160308526863,0.26646758506826107,0.2425,1.0988354023433446,0.023967585068261077
20,-1.08,22,12,-1.9790118017995217e-15,0,0,0.007672810302176187,-0.0038364051510878993,0.003836405151088288,-0.0038364051510878993,0.0038364051510878993,0.0025111209403268202,398.228529713846,1.0044483761307281,0.2632467989022803,0.24,1.0968616620928346,0.02324679890228032
20,-1.08,23,12,1.0425151455908194e-14,0,0,0.007462098571371183,-0.0037310492856860978,0.0037310492856850856,0.0037310492856850856,0.0037310492856850856,0.0025372216258731906,394.1319078327845,1.0148886503492762,0.2742330240512118,0.2525,1.0860713823810368,0.021733024051211802
20,-1.08,24,12,-1.9436723053388158e-16,0,0,0.007709432695840139,-0.0038547163479200753,0.0038547163479200636,0.0038547163479200636,0.0038547163479200636,0.0025150354862523874,397.6087039193564,1.006014194500955,0.2573749297392993,0.2325,1.106988945115266,0.024874929739299306
20,-1.08,25,12,-6.7498438239947965e-15,0,0,0.006281724069446404,-0.0031408620347232216,0.003140862034723183,0.003140862034723183,0.003140862034723183,0.0025150074222724437,397.61314067870484,1.0060029689089776,0.2693859618176683,0.245,1.099534538031299,0.024385961817668278
20,-1.08,26,12,-1.6609563336531698e-15,0,0,0.007677224905511974,-0.0038386124527566923,0.0038386124527552815,0.0038386124527552815,0.0038386124527552815,0.00252675301693948,395.7648386272617,1.0107012067757921,0.2779574594797776,0.255,1.090029252861873,0.02295745947977762
20,-1.08,27,12,1.1838731314336424e-15,0,0,0.007707543810642054,-0.0038537719053204564,0.0038537719053215983,-0.0038537719053204564,0.0038537719053204564,0.0025083265203687424,398.6721791918034,1.003330608147497,0.2716159270176029,0.2475,1.0974380889600117,0.0241159270176029
20,-1.08,28,12,-2.473764752249402e-15,0,0,0.007333932792144216,-0.003666966396071778,0.0036669663960724385,-0.003666966396071778,0.003666966396071778,0.0025373929746089763,394.1052923243411,1.0149571898435905,0.28261172814858926,0.26,1.0869681851868818,0.02261172814858925
20,-1.08,29,12,-6.511302222885033e-15,0,0,0.008716666211866494,-0.004358333105933455,0.00435833310593304,0.00435833310593304,0.00435833310593304,0.002511413965424243,398.1820654688739,1.0045655861696972,0.2518041672256966,0.2275,1.1068315042887762,0.024304167225696588
20,-1.06,0,12,-1.7316353265745813e-15,0,0,0.010454850754468434,-0.005227425377233161,0.0052274253772352725,-0.005227425377233161,0.005227425377233161,0.0025019727670526778,399.6846061510091,1.0007891068210713,0.26277139217990153,0.24,1.0948808007495898,0.02277139217990154
20,-1.06,1,12,-2.6151227380922248e-15,0,0,0.009254358994937855,-0.004627179497468525,0.004627179497469329,-0.004627179497468525,0.004627179497468525,0.0025331350954335393,394.7677333919898,1.0132540381734156,0.2768651886655798,0.255,1.0857458379042344,0.021865188665579793
20,-1.06,2,12,-3.268903422615281e-15,0,0,0.009891423750070637,-0.004945711875034564,0.004945711875036074,-0.004945711875034564,0.004945711875034564,0.0025320592624947956,394.9354641149737,1.0128237049979183,0.28198354918504015,0.26,1.0845521122501545,0.02198354918504014
20,-1.06,3,12,-4.0640420929811603e-16,0,0,0.009722135591971597,-0.004861067795986785,0.00486106779598481,0.00486106779598481,0.00486106779598481,0.002519011746783557,396.9810785030546,1.0076046987134228,0.2678358547546217,0.245,1.0932075704270272,0.022835854754621687
20,-1.06,4,12,3.586958890761633e-15,0,0,0.009431173089724843,-0.004715586544861771,0.004715586544863071,-0.004715586544861771,0.004715586544861771,0.0025364314866067354,394.2546862709903,1.0145725946426942,0.27894685466827535,0.2575,1.0832887559933022,0.02144685466827534
20,-1.06,5,12,5.0270433715353915e-15,0,0,0.00924789373734163,-0.004623946868671709,0.004623946868669922,0.004623946868669922,0.004623946868669922,0.002519493398365103,396.905187625774,1.0077973593460412,0.27989897222829224,0.2575,1.086986299915698,0.022398972228292235
20,-1.06,6,12,-5.618979937252213e-15,0,0,0.010243009372104829,-0.005121504686052519,0.005121504686052309,0.005121504686052309,0.005121504686052309,0.002512273510416467,398.0458321332326,1.004909404166587,0.25123738216234737,0.2275,1.1043401413729554,0.02373738216234736
20,-1.06,7,12,6.537806845230562e-16,0,0,0.01206276384009384,-0.006031381920047097,0.006031381920046743,0.006031381920046743,0.006031381920046743,0.0024961813162882804,400.61192409169985,0.9984725265153122,0.24545448712867624,0.2225,1.1031662342861852,0.022954487128676232
20,-1.06,8,12,-2.6504622345529306e-17,0,0,0.010683861537054824,-0.005341930768527512,0.005341930768527311,0.005341930768527311,0.005341930768527311,0.002503171057089407,399.49327360902066,1.001268422835763,0.2584295933093941,0.235,1.0997003970612516,0.023429593309394092
20,-1.06,9,12,4.664813532813158e-15,0,0,0.011010077122766183,-0.0055050385613836595,0.005505038561382522,0.005505038561382522,0.005505038561382522,0.0025188766953266476,397.0023629403265,1.007550678130659,0.2525003493077774,0.23,1.0978276056859888,0.022500349307777417
20,-1.06,10,12,-9.36496656208702e-16,0,0,0.009023060356512742,-0.004511530178256149,0.004511530178256593,-0.004511530178256149,0.004511530178256149,0.0025431846453829506,393.2077845057219,1.0172738581531802,0.28383183264259526,0.2625,1.0812641243527439,0.02133183264259525
20,-1.06,11,12,3.5339496460705744e-16,0,0,0.009848327781888364,-0.004924163890943886,0.0049241638909444775,-0.004924163890943886,0.004924163890943886,0.0025018677533100026,399.7013825678785,1.000747101324001,0.2591052524289678,0.235,1.102575542250927,0.024105252428967827
20,-1.06,12,12,-5.618979937252213e-15,0,0,0.010187492671400449,-0.005093746335700345,0.005093746335700104,0.005093746335700104,0.005093746335700104,0.0025247390661223895,396.08053498211444,1.0098956264489558,0.27728475134979536,0.255,1.0873911817639033,0.02228475134979535
20,-1.06,13,12,4.2495744493998655e-15,0,0,0.011028068884309817,-0.0055140344421558,0.005514034442154017,0.005514034442154017,0.005514034442154017,0.0025047951075060793,399.2342515375074,1.0019180430024317,0.2530544596435345,0.23,1.1002367810588456,0.023054459643534503
20,-1.06,14,12,-7.324110641481265e-15,0,0,0.01130823187292984,-0.005654115936465183,0.005654115936464657,0.005654115936464657,0.005654115936464657,0.0025055901706442178,399.10756823526646,1.0022360682576872,0.24533091065359972,0.2225,1.1026108343982008,0.022830910653599712
20,-1.06,15,12,5.857521538361976e-15,0,0,0.009137874917404615,-0.004568937458701532,0.004568937458703084,-0.004568937458701532,0.004568937458701532,0.0025307941039772117,395.13289462326185,1.0123176415908848,0.26304230672772827,0.24,1.0960096113655344,0.02304230672772828
20,-1.06,16,12,-2.1557092841030504e-15,0,0,0.009357997906948773,-0.004678998953476149,0.004678998953472625,0.004678998953472625,0.004678998953472625,0.002539749545263964,393.73961179155043,1.0158998181055856,0.28857008931198486,0.2675,1.0787666890167658,0.02107008931198484
20,-1.06,17,12,-1.4135798584282298e-15,0,0,0.009608381143213707,-0.00480419057160716,0.0048041905716065475,0.0048041905716065475,0.0048041905716065475,0.0025146108036600344,397.6758544680126,1.0058443214640138,0.26837609365638787,0.245,1.0954126271689302,0.023376093656387875
20,-1.06,18,12,9.453315303238785e-16,0,0,0.010057818831515866,-0.005028909415758591,0.005028909415757276,0.005028909415757276,0.005028909415757276,0.002527543901974439,395.64100121815136,1.0110175607897756,0.26968186160594526,0.2475,1.0896236832563444,0.022181861605945263
20,-1.06,19,12,-2.80065509451093e-15,0,0,0.010033853714357173,-0.005016926857179378,0.005016926857177795,0.005016926857177795,0.005016926857177795,0.0025318749005991997,394.9642218749977,1.01274996023968,0.27169447492260557,0.25,1.0867778996904223,0.021694474922605567
20,-1.06,20,12,-1.1838731314336424e-15,0,0,0.008580516083493988,-0.0042902580417475316,0.004290258041746456,0.004290258041746456,0.004290258041746456,0.0025239419412887874,396.2056272536028,1.009576776515515,0.2642699269540316,0.24,1.1011246956417984,0.02426992695403163
20,-1.06,21,12,1.5991122148469348e-15,0,0,0.01045591869373144,-0.005227959346866097,0.005227959346865343,0.005227959346865343,0.005227959346865343,0.0025168677775998993,397.31924294950693,1.0067471110399597,0.26581258530088936,0.2425,1.0961343723748016,0.023312585300889366
20,-1.06,22,12,5.274419846760332e-15,0,0,0.010003691926894438,-0.0050018459634473406,0.005001845963447097,0.005001845963447097,0.005001845963447097,0.0025102455898225223,398.36739642303337,1.004098235929009,0.26263471880967654,0.24,1.0943113283736523,0.022634718809676546
20,-1.06,23,12,1.9436723053388158e-16,0,0,0.009836034063074064,-0.004918017031537936,0.004918017031536129,0.004918017031536129,0.004918017031536129,0.0025349499039982403,394.4851132650605,1.0139799615992962,0.27356309824716335,0.2525,1.083418210879855,0.021063098247163348
20,-1.06,24,12,5.919365657168212e-16,0,0,0.010039262043769641,-0.00501963102188566,0.005019631021883981,0.005019631021883981,0.005019631021883981,0.0025140474362663956,397.76496878081866,1.0056189745065582,0.25668709177305776,0.2325,1.1040305022497108,0.02418709177305775
20,-1.06,25,12,2.005516424145051e-15,0,0,0.00869705192397343,-0.004348525961987456,0.004348525961985974,0.004348525961985974,0.004348525961985974,0.0025139090047795274,397.7868721973495,1.005563601911811,0.2687775505393198,0.245,1.0970512266911012,0.02377755053931979
20,-1.06,26,12,2.3765811369824613e-15,0,0,0.010045854958806059,-0.005022927479403503,0.005022927479402557,0.005022927479402557,0.005022927479402557,0.0025250082950043036,396.0383029150784,1.0100033180017216,0.277315517223625,0.255,1.0875118322495099,0.022315517223625014
20,-1.06,27,12,3.021526947390341e-15,0,0,0.01005887620356834,-0.005029438101783314,0.005029438101785027,-0.005029438101783314,0.005029438101783314,0.0025075703035044488,398.7924081739413,1.0030281214017793,0.27102743798210066,0.2475,1.095060355483235,0.023527437982100663
20,-1.06,28,12,1.1927080055488188e-15,0,0,0.009726531685445843,-0.00486326584272454,0.004863265842721304,0.004863265842721304,0.004863265842721304,0.002535041913801329,394.4707953567863,1.0140167655205314,0.28193055981354714,0.26,1.0843483069751814,0.021930559813547135
20,-1.06,29,12,2.9773525768144587e-15,0,0,0.010992328582548144,-0.005496164291272766,0.005496164291275378,-0.005496164291272766,0.005496164291272766,0.0025104200958691,398.3397048348607,1.0041680383476401,0.2511165329121373,0.2275,1.1038089358775267,0.023616532912137306
20,-1.04,0,12,4.68248328104351e-16,0,0,0.012744284234889132,-0.006372142117444703,0.006372142117444429,0.006372142117444429,0.006372142117444429,0.00250155395038683,399.7515223868604,1.000621580154732,0.2622276247507176,0.24,1.09261510312799,0.0222276247507176
20,-1.04,1,12,-8.048570318925732e-15,0,0,0.011630784302779707,-0.005815392151391111,0.005815392151388596,0.005815392151388596,0.005815392151388596,0.0025310103277177906,395.09913849371725,1.0124041310871164,0.27622782779183447,0.255,1.08324638349739,0.021227827791834464
20,-1.04,2,12,2.8271597168564595e-15,0,0,0.01224075922323023,-0.006120379611614608,0.006120379611615621,-0.006120379611614608,0.006120379611614608,0.0025300021001152494,395.25658889945066,1.0120008400460998,0.28132656061100375,0.26,1.0820252331192453,0.021326560611003742
20,-1.04,3,12,4.929859756268451e-15,0,0,0.012064124965162935,-0.006032062482580883,0.006032062482582052,-0.006032062482580883,0.006032062482580883,0.002517674020955368,397.1920080505638,1.0070696083821473,0.26721644361130115,0.245,1.0906793616787802,0.02221644361130115
20,-1.04,4,12,3.145215185002811e-15,0,0,0.011805276827736001,-0.005902638413868307,0.005902638413867695,0.005902638413867695,0.005902638413867695,0.0025341272693741204,394.61317199233656,1.0136509077496483,0.27829943266436913,0.2575,1.0807744957839578,0.020799432664369122
20,-1.04,5,12,-5.3716034620272725e-15,0,0,0.011610756758466827,-0.005805378379233645,0.005805378379233183,0.005805378379233183,0.005805378379233183,0.0025181398529839113,397.11853129008443,1.0072559411935647,0.27932703167985523,0.2575,1.0847651715722533,0.021827031679855224
20,-1.04,6,12,4.58529966577657e-15,0,0,0.012550605385800584,-0.00627530269289959,0.0062753026929009935,-0.00627530269289959,0.00627530269289959,0.002511314802080578,398.1977883344288,1.0045259208322312,0.25058549333883573,0.2275,1.1014746959948822,0.023085493338835722
20,-1.04,7,12,3.887344610677631e-15,0,0,0.014242500665303519,-0.007121250332652153,0.007121250332651365,0.007121250332651365,0.007121250332651365,0.002496052608007591,400.6325815377041,0.9984210432030363,0.24485616471016308,0.2225,1.1004771447647779,0.02235616471016308
20,-1.04,8,12,6.219751377084211e-15,0,0,0.012951612626535814,-0.0064758063132691855,0.006475806313266629,0.006475806313266629,0.006475806313266629,0.002502719428778446,399.56536417991157,1.0010877715113784,0.257822422015423,0.235,1.0971166894273319,0.022822422015423005
20,-1.04,9,12,9.718361526694079e-17,0,0,0.013270623663431257,-0.006635311831715319,0.006635311831715938,-0.006635311831715319,0.006635311831715319,0.002517702796741034,397.1874683915911,1.0070811186964137,0.251823562175251,0.23,1.0948850529358738,0.02182356217525097
20,-1.04,10,12,5.831016916016447e-16,0,0,0.011421638620469103,-0.005710819310234458,0.005710819310234645,-0.005710819310234458,0.005710819310234458,0.00254047978590789,393.6264344817963,1.016191914363156,0.28315674062425944,0.2625,1.078692345235274,0.02065674062425943
20,-1.04,11,12,-5.990044650089623e-15,0,0,0.012164228187302598,-0.006082114093650959,0.006082114093651639,-0.006082114093650959,0.006082114093650959,0.0025015264355164046,399.75591934672644,1.0006105742065619,0.2585237100615075,0.235,1.1001008938787553,0.023523710061507497
20,-1.04,12,12,-9.69185690434855e-15,0,0,0.012514541290106953,-0.006257270645053305,0.006257270645053648,-0.006257270645053305,0.006257270645053305,0.0025230993753766655,396.33793649158713,1.009239750150666,0.2766518183604208,0.255,1.0849090916094932,0.021651818360420794
20,-1.04,13,12,2.067360542951286e-15,0,0,0.013287906620720501,-0.006643953310361208,0.006643953310359293,0.006643953310359293,0.006643953310359293,0.0025041735988261,399.33333714115406,1.00166943953044,0.2524320277585167,0.23,1.0975305554718118,0.022432027758516687
20,-1.04,14,12,-3.410261408458104e-15,0,0,0.013531702974522409,-0.006765851487260494,0.006765851487261915,-0.006765851487260494,0.006765851487260494,0.0025049549464882283,399.2087767494302,1.0019819785952913,0.24470014315665967,0.2225,1.099775924299594,0.022200143156659663
20,-1.04,15,12,-3.127545436772458e-15,0,0,0.011517118578276187,-0.005758559289138431,0.005758559289137757,0.005758559289137757,0.005758559289137757,0.0025287853527279115,395.4467700950799,1.0115141410911646,0.26235558293671113,0.24,1.0931482622362965,0.022355582936711138
20,-1.04,16,12,-7.686340480203499e-16,0,0,0.011739828295313729,-0.005869914147657298,0.005869914147656432,0.005869914147656432,0.005869914147656432,0.002537245847735397,394.12814524557945,1.0148983390941588,0.28792245571334407,0.2675,1.0763456288349311,0.020422455713344057
20,-1.04,17,12,-7.951386703658792e-17,0,0,0.01194216045444223,-0.005971080227220593,0.0059710802272216375,-0.005971080227220593,0.005971080227220593,0.002513537220346855,397.84570998395844,1.0054148881387421,0.2677492368946733,0.245,1.0928540281415235,0.022749236894673286
20,-1.04,18,12,8.711185877563965e-15,0,0,0.012384186859423057,-0.006192093429712323,0.006192093429710734,0.006192093429710734,0.006192093429710734,0.0025257860257187938,395.916356261975,1.0103144102875175,0.2690174863072742,0.2475,1.0869393386152493,0.02151748630727418
20,-1.04,19,12,1.8288189418415222e-15,0,0,0.012373657983058395,-0.00618682899152901,0.006186828991529386,-0.00618682899152901,0.00618682899152901,0.002529816615396446,395.28556888827717,1.0119266461585783,0.2710348904950431,0.25,1.0841395619801724,0.02103489049504309
20,-1.04,20,12,-2.579783241631519e-15,0,0,0.010970534987337778,-0.005485267493669164,0.005485267493668615,0.005485267493668615,0.005485267493668615,0.0025223252239941593,396.459580424953,1.0089300895976636,0.2635496412141355,0.24,1.098123505058898,0.023549641214135497
20,-1.04,21,12,-1.7669748230352872e-16,0,0,0.01275288303801659,-0.0063764415190087605,0.00637644151900783,0.00637644151900783,0.00637644151900783,0.0025157565376545308,397.4947436417324,1.0063026150618124,0.26516725614471415,0.2425,1.0934732212153162,0.022667256144714154
20,-1.04,22,12,7.810028717815969e-15,0,0,0.012306908557089479,-0.00615345427854589,0.006153454278543588,0.006153454278543588,0.006153454278543588,0.0025094291565893575,398.4970037405363,1.003771662635743,0.26203052943242483,0.24,1.0917938726351035,0.02203052943242484
20,-1.04,23,12,6.396448859387739e-15,0,0,0.012178319814536674,-0.006089159907268616,0.006089159907268057,0.006089159907268057,0.006089159907268057,0.0025327938868593943,394.82091503307316,1.0131175547437576,0.27290715709408203,0.2525,1.0808204241349784,0.02040715709408203
20,-1.04,24,12,-7.350615263826794e-15,0,0,0.01234151738276874,-0.006170758691384886,0.006170758691383854,0.006170758691383854,0.006170758691383854,0.002513111816559591,397.91305480747917,1.0052447266238365,0.25600962262832727,0.2325,1.1011166564659236,0.02350962262832726
20,-1.04,25,12,4.965199252729157e-15,0,0,0.011080667053785204,-0.005540333526892623,0.0055403335268925805,0.0055403335268925805,0.0055403335268925805,0.0025128740062519157,397.9507120182093,1.0051496025007662,0.26817522783767805,0.245,1.0945927666844002,0.02317522783767806
20,-1.04,26,12,5.548300944330802e-15,0,0,0.012382672337662538,-0.006191336168831057,0.00619133616883148,-0.006191336168831057,0.006191336168831057,0.0025233578927237885,396.2973317750697,1.0093431570895153,0.27668412808144505,0.255,1.0850357963978237,0.021684128081445042
20,-1.04,27,12,-4.664813532813158e-15,0,0,0.0123802360698683,-0.006190118034932901,0.006190118034935399,-0.006190118034932901,0.006190118034932901,0.002506865980739713,398.9044518865445,1.0027463922958852,0.27044437481820877,0.2475,1.0927045447200354,0.022944374818208768
20,-1.04,28,12,3.5516193943009273e-15,0,0,0.01208588082174087,-0.006042940410869869,0.0060429404108710005,-0.006042940410869869,0.006042940410869869,0.0025328149083609355,394.8176381538798,1.0131259633443743,0.2812631076182097,0.26,1.0817811831469604,0.02126310761820971
20,-1.04,29,12,3.887344610677631e-15,0,0,0.013242246563388523,-0.0066211232816935075,0.006621123281695016,-0.0066211232816935075,0.0066211232816935075,0.0025095027761315595,398.48531331035895,1.0038011104526237,0.25044021873937056,0.2275,1.1008361263269035,0.02294021873937055
20,-1.02,0,12,-4.797336644540805e-15,0,0,0.015006153529070813,-0.0075030767645360204,0.007503076764534793,0.007503076764534793,0.007503076764534793,0.0025011757198208275,399.8119732553758,1.000470287928331,0.26168784869965533,0.24,1.0903660362485639,0.021687848699655343
20,-1.02,1,12,-3.348417289651869e-15,0,0,0.013974386843895627,-0.0069871934219479,0.006987193421947727,0.006987193421947727,0.006987193421947727,0.002528999078745403,395.41335084079367,1.0115996314981612,0.2756019810539713,0.255,1.0807920825645934,0.02060198105397132
20,-1.02,2,12,-6.237421125314563e-15,0,0,0.014557876132220857,-0.007278938066108967,0.007278938066111889,-0.007278938066108967,0.007278938066108967,0.0025280556540712654,395.5609119560191,1.0112222616285063,0.28068226281586756,0.26,1.0795471646764137,0.020682262815867547
20,-1.02,3,12,3.145215185002811e-15,0,0,0.014375433568492748,-0.0071877167842476905,0.007187716784245057,0.007187716784245057,0.007187716784245057,0.0025164143019160245,397.39084269175765,1.0065657207664098,0.2666058508822195,0.245,1.0881871464580388,0.0216058508822195
20,-1.02,4,12,8.746525374024671e-16,0,0,0.014146119372941988,-0.007073059686471098,0.007073059686470889,0.007073059686470889,0.007073059686470889,0.0025319448687526284,394.95330737302095,1.0127779475010514,0.2776648193995319,0.2575,1.0783099782506094,0.020164819399531908
20,-1.02,5,12,-2.42959038167352e-15,0,0,0.013942421750490422,-0.006971210875246005,0.006971210875244416,0.006971210875244416,0.006971210875244416,0.002516863871263949,397.31985961473873,1.0067455485055796,0.2787613478945655,0.2575,1.0825683413381184,0.02126134789456552
20,-1.02,6,12,-3.127545436772458e-15,0,0,0.014829430668102444,-0.007414715334051156,0.007414715334051288,-0.007414715334051156,0.007414715334051156,0.002510417050899808,398.34018799448893,1.0041668203599232,0.24994317515408984,0.2275,1.0986513193586367,0.022443175154089834
20,-1.02,7,12,-1.846488690071875e-15,0,0,0.016400473836713433,-0.00820023691835756,0.008200236918355872,0.008200236918355872,0.008200236918355872,0.002495961335180182,400.6472319523374,0.9983845340720727,0.2442650180906544,0.2225,1.097820306025413,0.021765018090654398
20,-1.02,8,12,-2.3059021440610495e-15,0,0,0.015193290117213598,-0.007596645058606979,0.0075966450586066195,0.0075966450586066195,0.0075966450586066195,0.0025023093236260837,399.6308492152781,1.0009237294504334,0.2572222886307111,0.235,1.0945629303434516,0.02222228863071113
20,-1.02,9,12,2.8271597168564595e-15,0,0,0.015504744428103482,-0.007752372214052346,0.007752372214051137,0.007752372214051137,0.007752372214051137,0.0025165886236211436,397.3633158053025,1.0066354494484575,0.2511594738716268,0.23,1.0919977124853337,0.021159473871626783
20,-1.02,10,12,-9.515159422045022e-15,0,0,0.013785721852252596,-0.006892860926125488,0.006892860926127108,-0.006892860926125488,0.006892860926125488,0.002537917284658662,394.02387384524053,1.0151669138634647,0.2824965548091709,0.2625,1.0761773516539843,0.019996554809170897
20,-1.02,11,12,-1.78464457126564e-15,0,0,0.014452015387046525,-0.007226007693522775,0.007226007693523749,-0.007226007693522775,0.007226007693522775,0.002501214132005423,399.8058331767941,1.000485652802169,0.2579465277691854,0.235,1.0976447990178104,0.022946527769185432
20,-1.02,12,12,8.569827891721142e-16,0,0,0.014810779704758774,-0.0074053898523788195,0.007405389852379954,-0.0074053898523788195,0.0074053898523788195,0.0025215509590629888,396.58131690965354,1.0086203836251957,0.2760295121629642,0.255,1.082468675148879,0.02102951216296417
20,-1.02,13,12,-8.631672010527378e-15,0,0,0.01552117263691474,-0.007760586318457451,0.007760586318457287,0.007760586318457287,0.007760586318457287,0.00250360738691808,399.42364974046177,1.001442954767232,0.2518181738712407,0.23,1.0948616255271335,0.021818173871240715
20,-1.02,14,12,1.360570613737171e-15,0,0,0.015731333088509505,-0.007865666544255655,0.007865666544253849,0.007865666544253849,0.007865666544253849,0.002504378215048759,399.30071024856386,1.0017512860195035,0.24407854005426882,0.2225,1.0969822024910958,0.02157854005426882
20,-1.02,15,12,1.1043592643970545e-15,0,0,0.01386369034661558,-0.00693184517330739,0.00693184517330819,-0.00693184517330739,0.00693184517330739,0.002526885688910233,395.7440593330792,1.0107542755640933,0.26168191294123644,0.24,1.0903413039218186,0.021681912941236448
20,-1.02,16,12,8.861378737521965e-15,0,0,0.014087777920367327,-0.0070438889601850165,0.007043888960182311,0.007043888960182311,0.007043888960182311,0.002534874562934686,394.49683807717713,1.0139498251738746,0.28728825833387567,0.2675,1.0739747975098155,0.019788258333875652
20,-1.02,17,12,2.111534913527168e-15,0,0,0.014246560086004077,-0.007123280043002479,0.007123280043001597,0.007123280043001597,0.007123280043001597,0.0025125297843990894,398.00523210082684,1.0050119137596358,0.2671307990798847,0.245,1.0903297921627946,0.02213079907988469
20,-1.02,18,12,-5.194905979723744e-15,0,0,0.014680283523801553,-0.00734014176190075,0.007340141761900803,-0.00734014176190075,0.00734014176190075,0.002524122284275585,396.17731923277114,1.009648913710234,0.26836579467144794,0.2475,1.0843062410967594,0.020865794671447946
20,-1.02,19,12,-7.067899292141149e-17,0,0,0.014681764642240464,-0.007340882321119266,0.007340882321121198,-0.007340882321119266,0.007340882321119266,0.0025278705675567245,395.58987427371926,1.01114822702269,0.27038856629115476,0.25,1.081554265164619,0.020388566291154764
20,-1.02,20,12,1.1308638867425838e-15,0,0,0.013328790009875646,-0.006664395004937081,0.006664395004938565,-0.006664395004937081,0.006664395004937081,0.002520800543499401,396.69937495800036,1.0083202173997605,0.26284245398534234,0.24,1.095176891605593,0.022842453985342348
20,-1.02,21,12,4.267244197630218e-15,0,0,0.015021464170036122,-0.007510732085018048,0.007510732085018075,-0.007510732085018048,0.007510732085018048,0.0025147039797381093,397.6611195820129,1.0058815918952437,0.26453153248951755,0.2425,1.0908516803691446,0.022031532489517558
20,-1.02,22,12,-6.184411880623505e-15,0,0,0.014582652414794457,-0.007291326207397639,0.007291326207396819,0.007291326207396819,0.007291326207396819,0.0025086681255752624,398.6178920221622,1.003467250230105,0.2614341917584549,0.24,1.0893091323268955,0.0214341917584549
20,-1.02,23,12,-1.8553235641870515e-16,0,0,0.014489387729874676,-0.007244693864938281,0.007244693864936395,0.007244693864936395,0.007244693864936395,0.002530748530710108,395.1400101057879,1.0122994122840432,0.2722649367044023,0.2525,1.0782769770471379,0.019764936704402325
20,-1.02,24,12,-3.1363803108876344e-15,0,0,0.014616368688159093,-0.0073081843440799404,0.007308184344079152,0.007308184344079152,0.007308184344079152,0.0025122264412096467,398.0532899408925,1.0048905764838587,0.25534245251228677,0.2325,1.098247107579728,0.022842452512286754
20,-1.02,25,12,4.240739575284689e-15,0,0,0.013432894733726419,-0.006716447366863329,0.00671644736686309,0.00671644736686309,0.00671644736686309,0.0025118998454191836,398.10504460344873,1.0047599381676735,0.2675790525928161,0.245,1.092159398338025,0.022579052592816118
20,-1.02,26,12,-1.033680271475643e-15,0,0,0.014688128069018917,-0.0073440640345101465,0.00734406403450877,0.00734406403450877,0.00734406403450877,0.002521797680524647,396.5425171586148,1.0087190722098587,0.27606315687514116,0.255,1.0826006151966319,0.021063156875141154
20,-1.02,27,12,2.6151227380922248e-15,0,0,0.014671950817314273,-0.007335975408656871,0.007335975408657402,-0.007335975408656871,0.007335975408656871,0.0025062109630446675,399.00870866239893,1.0024843852178669,0.2698667899542299,0.2475,1.090370868501939,0.022366789954229915
20,-1.02,28,12,-3.366087037882222e-15,0,0,0.014412507021235837,-0.007206253510618277,0.00720625351061756,0.00720625351061756,0.00720625351061756,0.0025307064175300086,395.1465855830123,1.0122825670120035,0.28060911077525874,0.26,1.079265810674072,0.020609110775258732
20,-1.02,29,12,8.887883359867495e-15,0,0,0.015466608764292891,-0.007733304382146783,0.007733304382146108,0.007733304382146108,0.007733304382146108,0.002508656690280068,398.61970905566966,1.003462676112027,0.24977506696919338,0.2275,1.0979123822821686,0.022275066969193374
20,-1.0,0,12,-3.595793764876809e-15,0,0,0.017240683549894532,-0.008620341774945767,0.008620341774948765,-0.008620341774945767,0.008620341774945767,0.002500835427482669,399.8663762559522,1.0003341709930675,0.261152136094663,0.24,1.088133900394429,0.021152136094662988
20,-1.0,1,12,-3.003857199159988e-16,0,0,0.016285654390735333,-0.008142827195368546,0.008142827195366787,0.008142827195366787,0.008142827195366787,0.002527096319068744,395.71107458559726,1.0108385276274976,0.2749874612965014,0.255,1.0783822011627506,0.01998746129650142
20,-1.0,2,12,-9.54166404439055e-16,0,0,0.016843274120479448,-0.008421637060239885,0.008421637060239563,0.008421637060239563,0.008421637060239563,0.0025262148775608887,395.8491452498768,1.0104859510243556,0.28005042328557556,0.26,1.077117012636829,0.020050423285575547
20,-1.0,3,12,-3.922684107138337e-15,0,0,0.016656435852329857,-0.008328217926164932,0.008328217926164927,0.008328217926164927,0.008328217926164927,0.0025152289222280465,397.5781254591242,1.0060915688912186,0.26600400271048635,0.245,1.0857306233081077,0.021004002710486358
20,-1.0,4,12,-3.3307475414215163e-15,0,0,0.016454235189315103,-0.008227117594656273,0.00822711759465883,-0.008227117594656273,0.008227117594656273,0.0025298788598037414,395.27584339653964,1.0119515439214966,0.27704277595274346,0.2575,1.0758942755446348,0.019542775952743452
20,-1.0,5,12,-4.5499601693158646e-15,0,0,0.016243257160947704,-0.008121628580475004,0.008121628580472702,0.008121628580472702,0.008121628580472702,0.002515661922705669,397.5096935618719,1.0062647690822677,0.2782019380062384,0.2575,1.080395875752382,0.020701938006238374
20,-1.0,6,12,9.453315303238785e-16,0,0,0.017079770031163274,-0.008539885015581545,0.008539885015581731,-0.008539885015581545,0.008539885015581545,0.0025095772020429508,398.47349552982,1.0038308808171803,0.24931034108749803,0.2275,1.0958696311538374,0.02181034108749802
20,-1.0,7,12,4.170060582363278e-15,0,0,0.018536708570204306,-0.009268354285102474,0.009268354285101834,0.009268354285101834,0.009268354285101834,0.0024959036136260075,400.6564975268482,0.9983614454504031,0.24368099217143105,0.2225,1.095195470433398,0.021180992171431046
20,-1.0,8,12,1.7934794453808165e-15,0,0,0.01740905153815925,-0.008704525769079761,0.00870452576907949,0.00870452576907949,0.00870452576907949,0.0025019377944733813,399.6901930211596,1.0007751177893525,0.2566291761610982,0.235,1.092039047494035,0.021629176161098218
20,-1.0,9,12,7.076734166256325e-15,0,0,0.0177126333523288,-0.008856316676164908,0.008856316676163892,0.008856316676163892,0.008856316676163892,0.0025155316213399783,397.5302840627056,1.0062126485359912,0.2505078986677283,0.23,1.08916477681621,0.020507898667728314
20,-1.0,10,12,-4.815006392771157e-15,0,0,0.016115900177920136,-0.008057950088960073,0.008057950088960063,0.008057950088960063,0.008057950088960063,0.0025354907140329617,394.4009711671931,1.0141962856131848,0.28185095155798195,0.2625,1.073717910697074,0.019350951557981944
20,-1.0,11,12,-1.7669748230352872e-16,0,0,0.01671188902981298,-0.008355944514906299,0.008355944514906679,-0.008355944514906299,0.008355944514906299,0.0025009293944759387,399.85135214484797,1.0003717577903755,0.2573738013881634,0.235,1.0952076654815464,0.022373801388163417
20,-1.0,12,12,1.5902773407317584e-15,0,0,0.017076632610448065,-0.008538316305224584,0.00853831630522348,0.00853831630522348,0.00853831630522348,0.0025200895380544813,396.811297733494,1.0080358152217925,0.27541767730175065,0.255,1.0800693227519633,0.020417677301750647
20,-1.0,13,12,1.1927080055488188e-15,0,0,0.017728092188359378,-0.008864046094179368,0.008864046094180008,-0.008864046094179368,0.008864046094179368,0.0025030926922129607,399.50578063328106,1.0012370768851844,0.2512128279851835,0.23,1.0922296868921022,0.021212827985183508
20,-1.0,14,12,-4.470446302279276e-15,0,0,0.017907232102531957,-0.008953616051266346,0.008953616051265613,0.008953616051265613,0.008953616051265613,0.0025038554133263212,399.38408371253365,1.0015421653305285,0.24346601422754413,0.2225,1.0942292774271647,0.020966014227544127
20,-1.0,15,12,3.1010408144269287e-15,0,0,0.016178055675832467,-0.008089027837916702,0.008089027837915765,0.008089027837915765,0.008089027837915765,0.0025250902430475047,396.02545008178026,1.010036097219002,0.26102107407680386,0.24,1.0875878086533495,0.02102107407680387
20,-1.0,16,12,-4.21423495293916e-15,0,0,0.016402421112238566,-0.008201210556120404,0.00820121055611816,0.00820121055611816,0.00820121055611816,0.0025326297044469303,394.8465100303235,1.0130518817787721,0.286667224579199,0.2675,1.0716531759970056,0.019167224579199005
20,-1.0,17,12,3.0568664438510467e-15,0,0,0.016521869909717327,-0.008260934954858051,0.008260934954859276,-0.008260934954858051,0.008260934954858051,0.0025115850600218106,398.15494044677746,1.0046340240087241,0.2665207270424448,0.245,1.0878397022140605,0.021520727042444787
20,-1.0,18,12,-1.581442466616582e-15,0,0,0.016946493902902683,-0.008473246951451035,0.008473246951451647,-0.008473246951451035,0.008473246951451035,0.002522548330511511,396.42451559975643,1.0090193322046042,0.2677265697998903,0.2475,1.081723514342991,0.020226569799890293
20,-1.0,19,12,6.1137328877020935e-15,0,0,0.016958651248240062,-0.008479325624118683,0.008479325624121379,-0.008479325624118683,0.008479325624118683,0.002526031489614727,395.877883593811,1.0104125958458907,0.26975524201205753,0.25,1.0790209680482301,0.019755242012057528
20,-1.0,20,12,2.4472601299038728e-15,0,0,0.01565564855767587,-0.00782782427883767,0.007827824278838198,-0.00782782427883767,0.00782782427883767,0.0025193634243715845,396.9256639698317,1.0077453697486338,0.26214818946289975,0.24,1.0922841227620823,0.02214818946289976
20,-1.0,21,12,1.2015428796639952e-15,0,0,0.017261937113585438,-0.008630968556792719,0.00863096855679272,-0.008630968556792719,0.008630968556792719,0.002513707778454835,397.81871567215165,1.005483111381934,0.26390534355340695,0.2425,1.0882694579521937,0.021405343553406952
20,-1.0,22,12,2.774150472165401e-15,0,0,0.01683112348844404,-0.008415561744222163,0.008415561744221877,0.008415561744221877,0.008415561744221877,0.002507959186139326,398.73057166427367,1.0031836744557303,0.26084566497611084,0.24,1.086856937400462,0.020845664976110845
20,-1.0,23,12,1.0513500197059958e-14,0,0,0.01676966799983981,-0.008384833999919976,0.008384833999919834,0.008384833999919834,0.008384833999919834,0.002528808987968865,395.44307409441717,1.011523595187546,0.2716361753929484,0.2525,1.0757868332393996,0.019136175392948374
20,-1.0,24,12,-2.6681319827832834e-15,0,0,0.016863997143718792,-0.008431998571859233,0.00843199857185956,-0.008431998571859233,0.008431998571859233,0.0025113891982534854,398.1859923166977,1.0045556793013941,0.25468550638585624,0.2325,1.0954215328423924,0.02218550638585623
20,-1.0,25,12,1.5461029701558762e-15,0,0,0.01575406799305422,-0.007877033996527436,0.007877033996526785,0.007877033996526785,0.007877033996526785,0.0025109839791688827,398.25025101553723,1.004393591667553,0.26698907481995143,0.245,1.08975132579572,0.021989074819951437
20,-1.0,26,12,-2.9331782062385767e-15,0,0,0.01696267122362779,-0.008481335611814828,0.00848133561181296,0.00848133561181296,0.00848133561181296,0.0025203236603781624,396.7744364427999,1.008129464151265,0.27545246619729596,0.255,1.0802057497933175,0.02045246619729596
20,-1.0,27,12,6.802853068685855e-16,0,0,0.016934352138932525,-0.008467176069465674,0.00846717606946685,-0.008467176069465674,0.008467176069465674,0.002505602742131421,399.10556577270427,1.0022410968525683,0.2692947287855128,0.2475,1.088059510244496,0.021794728785512807
20,-1.0,28,12,5.459952203179037e-15,0,0,0.016706931450274784,-0.008353465725138329,0.008353465725136457,0.008353465725136457,0.008353465725136457,0.0025287111050614447,395.4583811485659,1.0114844420245779,0.2799683107238883,0.26,1.0768011950918779,0.019968310723888272
20,-1.0,29,12,4.611804288122099e-15,0,0,0.017665605787211568,-0.008832802893606252,0.008832802893605317,0.008832802893605317,0.008832802893605317,0.002507876855662925,398.7436614927661,1.00315074226517,0.24912092334122074,0.2275,1.0950370256756956,0.021620923341220732
20,-0.98,0,12,-4.532290421085511e-15,0,0,0.019448106964263686,-0.009724053482132499,0.009724053482131187,0.009724053482131187,0.009724053482131187,0.0025005305544134964,399.91512930524925,1.0002122217653986,0.26062055408331886,0.24,1.0859189753471619,0.020620554083318865
20,-0.98,1,12,-4.373262687012336e-15,0,0,0.018565071682743375,-0.00928253584137139,0.009282535841371984,-0.00928253584137139,0.00928253584137139,0.0025252971933229563,395.9929954557676,1.0101188773291825,0.274384081532713,0.255,1.0760160060106392,0.019384081532712982
20,-0.98,2,12,2.8536643392019886e-15,0,0,0.019097447749661073,-0.009548723874830417,0.009548723874830656,-0.009548723874830417,0.009548723874830417,0.0025244749165188474,396.1219790525632,1.009789966607539,0.2794308113768795,0.26,1.0747338899110748,0.019430811376879464
20,-0.98,3,12,-1.9525071794539923e-15,0,0,0.018907508480897613,-0.00945375424044831,0.009453754240449303,-0.00945375424044831,0.00945375424044831,0.002514114343040708,397.7543832754023,1.0056457372162833,0.2654108218295554,0.245,1.0833094768553282,0.020410821829555392
20,-0.98,4,12,-8.834874115176436e-17,0,0,0.018730152765903136,-0.009365076382952054,0.009365076382951082,0.009365076382951082,0.009365076382951082,0.0025279240152849963,395.58151034348265,1.0111696061139985,0.276433065091041,0.2575,1.0735264663729747,0.01893306509104098
20,-0.98,5,12,4.134721085902572e-15,0,0,0.018513635216738815,-0.009256817608370457,0.009256817608368356,0.009256817608368356,0.009256817608368356,0.002514530588784263,397.6885405412724,1.0058122355137054,0.27764881261732727,0.2575,1.0782478159896205,0.02014881261732726
20,-0.98,6,12,3.975693351829396e-15,0,0,0.01930191400658221,-0.009650957003292169,0.009650957003290042,0.009650957003290042,0.009650957003290042,0.0025087923148271463,398.5981597958216,1.0035169259308585,0.2486869019540205,0.2275,1.0931292393583318,0.02118690195402048
20,-0.98,7,12,-5.919365657168212e-16,0,0,0.020651237630513623,-0.010325618815257153,0.01032561881525647,0.01032561881525647,0.01032561881525647,0.0024958758478191177,400.66095470004825,0.9983503391276471,0.2431040349603385,0.2225,1.092602404316128,0.020604034960338496
20,-0.98,8,12,-6.272760621775269e-15,0,0,0.019599063016832098,-0.00979953150841619,0.009799531508415907,0.009799531508415907,0.009799531508415907,0.002501602080089739,399.7438313467214,1.0006408320358955,0.25604306569152596,0.235,1.0895449603894722,0.021043065691525975
20,-0.98,9,12,-5.47762195140939e-16,0,0,0.01989449209432876,-0.009947246047164744,0.009947246047164017,0.009947246047164017,0.009947246047164017,0.0025145293431348375,397.6887375485189,1.005811737253935,0.2498686503846089,0.23,1.0863854364548213,0.019868650384608888
20,-0.98,10,12,3.639968135452691e-15,0,0,0.018412755265987506,-0.009206377632993624,0.009206377632993883,-0.009206377632993624,0.009206377632993624,0.00253319389514935,394.7585701650535,1.01327755805974,0.28121961205627954,0.2625,1.0713128078334457,0.018719612056279533
20,-0.98,11,12,-3.3572521637670454e-15,0,0,0.01894406014699455,-0.009472030073497267,0.009472030073497284,-0.009472030073497267,0.009472030073497267,0.0025006708040157233,399.8927001483528,1.0002683216062893,0.2568056196931603,0.235,1.0927898710347248,0.021805619693160305
20,-0.98,12,12,-2.694636605128813e-15,0,0,0.019312523074356755,-0.009656261537177626,0.009656261537179127,-0.009656261537177626,0.009656261537177626,0.0025187110006654346,397.02847993906545,1.0074844002661738,0.27481615809359855,0.255,1.077710423896465,0.019816158093598546
20,-0.98,13,12,-3.4986101496098683e-15,0,0,0.01990889488585164,-0.00995444744292649,0.009954447442925148,0.009954447442925148,0.009954447442925148,0.0025026259493016833,399.5802889676875,1.0010503797206733,0.25061591888204365,0.23,1.089634429921929,0.020615918882043643
20,-0.98,14,12,-4.1523908341329246e-16,0,0,0.020059514252899292,-0.010029757126450036,0.010029757126449254,0.010029757126449254,0.010029757126449254,0.0025033822823553446,399.45956598332043,1.0013529129421377,0.2428624799413436,0.2225,1.0915167637813195,0.020362479941343603
20,-0.98,15,12,5.839851790131624e-15,0,0,0.01846067857583935,-0.009230339287920006,0.009230339287919345,0.009230339287919345,0.009230339287919345,0.002523394311184177,396.2916122810472,1.009357724473671,0.2603728442726513,0.24,1.084886851136047,0.02037284427265129
20,-0.98,16,12,4.417437057588218e-17,0,0,0.018684323984488348,-0.009342161992244077,0.00934216199224427,-0.009342161992244077,0.009342161992244077,0.0025305055163922846,395.17795694264663,1.0122022065569138,0.286059085075741,0.2675,1.0693797572924897,0.018559085075741
20,-0.98,17,12,-3.4190962825732806e-15,0,0,0.018768384641059527,-0.009384192320529457,0.00938419232053007,-0.009384192320529457,0.009384192320529457,0.0025106997692925263,398.2953327317919,1.0042799077170106,0.2659189646922834,0.245,1.0853835293562586,0.02091896469228338
20,-0.98,18,12,-4.70898790338904e-15,0,0,0.01918320262086736,-0.009591601310434083,0.00959160131043328,0.00959160131043328,0.00959160131043328,0.0025210600020400603,396.6585480673973,1.0084240008160241,0.26709959631397656,0.2475,1.079190288137279,0.019599596313976564
20,-0.98,19,12,1.3694054878523474e-15,0,0,0.019204790844044188,-0.009602395422021575,0.009602395422022613,-0.009602395422021575,0.009602395422021575,0.002524294330580202,396.1503172928938,1.0097177322320807,0.2691346610365609,0.25,1.0765386441462437,0.019134661036560918
20,-0.98,20,12,-1.563772718386229e-15,0,0,0.017951480915687226,-0.00897574045784363,0.008975740457843594,0.008975740457843594,0.008975740457843594,0.0025180095855904814,397.13907592829787,1.0072038342361924,0.26146666975670907,0.24,1.0894444573196211,0.021466669756709078
20,-0.98,21,12,-2.252892899369991e-15,0,0,0.019474582770354083,-0.00973729138517811,0.009737291385175975,0.009737291385175975,0.009737291385175975,0.0025127656619888744,397.9678706722265,1.0051062647955498,0.26328861331636855,0.2425,1.0857262404798704,0.020788613316368554
20,-0.98,22,12,4.1523908341329246e-16,0,0,0.019052529106275633,-0.009526264553137698,0.009526264553137934,-0.009526264553137698,0.009526264553137698,0.0025072992193286743,398.83552481133404,1.0029196877314697,0.2602649063737527,0.24,1.0844371098906362,0.020264906373752722
20,-0.98,23,12,-3.81666561775622e-15,0,0,0.01901958881430087,-0.009509794407149575,0.009509794407151296,-0.009509794407149575,0.009509794407149575,0.0025269706003849756,395.7307615085246,1.0107882401539903,0.27102061384739984,0.2525,1.0733489657322766,0.018520613847399836
20,-0.98,24,12,2.067360542951286e-15,0,0,0.0190845943420027,-0.009542297171001612,0.009542297171001086,0.009542297171001086,0.009542297171001086,0.002510598046610556,398.3114705876771,1.0042392186442224,0.2540387042754805,0.2325,1.0926395882816364,0.021538704275480464
20,-0.98,25,12,-1.0248453973604665e-14,0,0,0.01804452669431693,-0.009022263347158537,0.009022263347158391,0.009022263347158391,0.009022263347158391,0.0025101239074347167,398.3867079382447,1.0040495629738868,0.26640533610218636,0.245,1.087368718784434,0.021405336102186368
20,-0.98,26,12,2.3059021440610495e-15,0,0,0.01920674853697614,-0.00960337426848815,0.00960337426848799,0.00960337426848799,0.00960337426848799,0.0025189319652382347,396.993651992273,1.0075727860952939,0.2748519167503139,0.255,1.0778506539227997,0.01985191675031389
20,-0.98,27,12,6.184411880623505e-16,0,0,0.01916777537440561,-0.009583887687202237,0.00958388768720337,-0.009583887687202237,0.009583887687202237,0.002505038890788778,399.1953991920355,1.002015556315511,0.2687282299920327,0.2475,1.0857706262304352,0.02122822999203272
20,-0.98,28,12,7.226927026214325e-15,0,0,0.018969669416395572,-0.009484834708198183,0.00948483470819739,0.00948483470819739,0.00948483470819739,0.0025268238347148815,395.7537467636072,1.0107295338859525,0.27934045134134144,0.26,1.0743863513128518,0.019340451341341436
20,-0.98,29,12,4.912190008038098e-15,0,0,0.01983943033871083,-0.009919715169355135,0.009919715169355693,-0.009919715169355135,0.009919715169355135,0.002507158605893744,398.8578934133779,1.0028634423574976,0.2484776367216084,0.2275,1.0922093921828941,0.020977636721608406
20,-0.96,0,12,4.770832022195275e-16,0,0,0.021628663511697892,-0.010814331755849537,0.010814331755848354,0.010814331755848354,0.010814331755848354,0.0025002587054469036,399.95861141147674,1.0001034821787615,0.2600931649350788,0.24,1.0837215205628283,0.02009316493507879
20,-0.96,1,12,-3.7989958695258673e-16,0,0,0.020813120072506387,-0.010406560036252569,0.01040656003625382,-0.010406560036252569,0.010406560036252569,0.0025235970177443197,396.2597803724762,1.0094388070977278,0.2737916551761439,0.255,1.0736927653966428,0.018791655176143895
20,-0.96,2,12,3.392591660227751e-15,0,0,0.021320886302316093,-0.010660443151157878,0.010660443151158215,-0.010660443151157878,0.010660443151157878,0.0025228311046575883,396.3800819459633,1.0091324418630352,0.27882319849368786,0.26,1.072396917283415,0.018823198493687854
20,-0.96,3,12,-2.235223151139638e-15,0,0,0.02112902976357976,-0.010564514881790561,0.010564514881789198,0.010564514881789198,0.010564514881789198,0.002513067152189377,397.92012685725604,1.0052268608757506,0.26482622783308724,0.245,1.0809233789105601,0.01982622783308724
20,-0.96,4,12,-3.3572521637670454e-15,0,0,0.020974394418333722,-0.010487197209166606,0.010487197209167116,-0.010487197209166606,0.010487197209166606,0.0025260753016474783,395.87101752184947,1.0104301206589914,0.2758354514986275,0.2575,1.0712056368878737,0.018335451498627475
20,-0.96,5,12,1.0778546420515252e-15,0,0,0.02075393122193736,-0.010376965610969428,0.010376965610967934,0.010376965610967934,0.010376965610967934,0.0025134665626127066,397.85689408993636,1.0053866250450827,0.2771019761644747,0.2575,1.0761241792795133,0.019601976164474677
20,-0.96,6,12,-1.2898916208157595e-15,0,0,0.02149615818381823,-0.010748079091908244,0.010748079091909985,-0.010748079091908244,0.010748079091908244,0.002508059560227138,398.7146142212973,1.0032238240908553,0.24807276607401318,0.2275,1.0904297409846733,0.020572766074013177
20,-0.96,7,12,-1.643286585422817e-15,0,0,0.02274410133397599,-0.011372050666987777,0.01137205066698821,-0.011372050666987777,0.011372050666987777,0.0024958747148062393,400.66113658178244,0.9983498859224957,0.24253409707325693,0.2225,1.090040885722503,0.02003409707325693
20,-0.96,8,12,5.742668174864683e-16,0,0,0.02176349879201802,-0.010881749396009702,0.010881749396008318,0.010881749396008318,0.010881749396008318,0.002501299593310507,399.7921731064951,1.0005198373242028,0.25546393627392683,0.235,1.0870805798890504,0.02046393627392684
20,-0.96,9,12,5.459952203179037e-15,0,0,0.02205052947134381,-0.011025264735673125,0.011025264735670684,0.011025264735670684,0.011025264735670684,0.0025135794436485495,397.83902694098447,1.00543177745942,0.24924154253808697,0.23,1.0836588806003782,0.019241542538086964
20,-0.96,10,12,6.361109362927033e-16,0,0,0.020676860244149636,-0.010338430122075516,0.01033843012207412,0.01033843012207412,0.01033843012207412,0.002531020891223894,395.0974895021284,1.0124083564895576,0.2806022224411962,0.2625,1.0689608473950332,0.018102222441196192
20,-0.96,11,12,5.3716034620272725e-15,0,0,0.02114875020201729,-0.010574375101008275,0.010574375101009014,-0.010574375101008275,0.010574375101008275,0.0025004369727041125,399.9300965856956,1.000174789081645,0.2562420645300793,0.235,1.0903917639577843,0.02124206453007932
20,-0.96,12,12,-2.5886181157466957e-15,0,0,0.02151887219849669,-0.010759436099249054,0.010759436099247635,0.010759436099247635,0.010759436099247635,0.002517411397876362,397.23344418142386,1.0069645591505447,0.27422479880498424,0.255,1.0753913678626832,0.019224798804984233
20,-0.96,13,12,-1.519598347810347e-15,0,0,0.022063814377049733,-0.011031907188523735,0.011031907188525996,-0.011031907188523735,0.011031907188523735,0.0025022037965091682,399.6477031147914,1.0008815186036673,0.250027374113799,0.23,1.087075539625213,0.020027374113798985
20,-0.96,14,12,-2.694636605128813e-15,0,0,0.022188298234030984,-0.011094149117017317,0.011094149117013667,0.011094149117013667,0.011094149117013667,0.0025029548518700206,399.52778183468826,1.0011819407480083,0.24226785253515876,0.2225,1.0888442810568932,0.019767852535158753
20,-0.96,15,12,-6.025384146550329e-15,0,0,0.020712021167457823,-0.010356010583728828,0.010356010583728996,-0.010356010583728828,0.010356010583728828,0.0025217933529359457,396.54319765565674,1.0087173411743784,0.25973700230135827,0.24,1.082237509588993,0.019737002301358275
20,-0.96,16,12,3.472105527264339e-15,0,0,0.020934044357534973,-0.010467022178768506,0.010467022178766465,0.010467022178766465,0.010467022178766465,0.0025284964674046266,395.4919506082796,1.0113985869618507,0.2854635738405336,0.2675,1.0671535470674154,0.017963573840533598
20,-0.96,17,12,-5.1330618609175094e-15,0,0,0.020986403350064076,-0.010493201675031923,0.01049320167503215,-0.010493201675031923,0.010493201675031923,0.0025098707851022493,398.42688553357584,1.0039483140408998,0.265325453125181,0.245,1.0829610331640043,0.020325453125181026
20,-0.96,18,12,5.963540027744094e-15,0,0,0.02139079356919884,-0.010695396784599217,0.01069539678459962,-0.010695396784599217,0.010695396784599217,0.002519653313321093,396.87999722546135,1.0078613253284372,0.266484660452862,0.2475,1.0767056987994426,0.018984660452862012
20,-0.96,19,12,3.878509736562455e-15,0,0,0.021420651778765627,-0.010710325889381702,0.010710325889383926,-0.010710325889381702,0.010710325889381702,0.0025226542486666416,396.4078710067199,1.0090616994666566,0.2685265704605579,0.25,1.0741062818422316,0.01852657046055789
20,-0.96,20,12,-5.707328678403977e-15,0,0,0.02021665979676519,-0.010108329898382956,0.010108329898382234,0.010108329898382234,0.010108329898382234,0.002516734932342152,397.3402153517092,1.0066939729368607,0.26079771515523786,0.24,1.0866571464801578,0.020797715155237873
20,-0.96,21,12,1.3782403619675238e-15,0,0,0.021659687257155513,-0.010829843628578664,0.010829843628576849,0.010829843628576849,0.010829843628576849,0.0025118754132777503,398.1089168332192,1.0047501653111002,0.26268126093710564,0.2425,1.0832216945860027,0.02018126093710565
20,-0.96,22,12,2.6416273604377543e-15,0,0,0.02124708350996104,-0.010623541754980962,0.010623541754980077,0.010623541754980077,0.010623541754980077,0.002506685285957067,398.9332069734451,1.0026741143828268,0.2596918712655576,0.24,1.0820494636064901,0.019691871265557603
20,-0.96,23,12,-1.4489193548889355e-15,0,0,0.02123957609384275,-0.01061978804692089,0.01061978804692186,-0.01061978804692089,0.01061978804692089,0.0025252288924141175,396.0037060418711,1.010091556965647,0.2704179952858645,0.2525,1.0709623575677802,0.01791799528586452
20,-0.96,24,12,-3.675307631913397e-15,0,0,0.021278361516075643,-0.01063918075803848,0.010639180758037162,0.010639180758037162,0.010639180758037162,0.002509851013304273,398.43002421226527,1.0039404053217091,0.25340196158375405,0.2325,1.0899009100376518,0.020901961583754042
20,-0.96,25,12,3.975693351829396e-16,0,0,0.020304616667592368,-0.010152308333796132,0.010152308333796238,-0.010152308333796132,0.010152308333796132,0.0025093171775209945,398.5147867946771,1.0037268710083977,0.2658278700170757,0.245,1.085011714355411,0.0208278700170757
20,-0.96,26,12,2.208718528794109e-15,0,0,0.02142080406298598,-0.010710402031493501,0.010710402031492476,0.010710402031492476,0.010710402031492476,0.0025176188580743903,397.20071081960896,1.007047543229756,0.27426136766456466,0.255,1.0755347751551556,0.019261367664564655
20,-0.96,27,12,-1.4489193548889355e-15,0,0,0.021372558911632145,-0.010686279455815373,0.01068627945581677,-0.010686279455815373,0.010686279455815373,0.0025045170629259734,399.2785734235412,1.0018068251703893,0.2681673258519008,0.2475,1.0835043468763668,0.020667325851900786
20,-0.96,28,12,3.4632706531491626e-15,0,0,0.021201230188269436,-0.010600615094135723,0.010600615094133712,0.010600615094133712,0.010600615094133712,0.0025250396655492223,396.03338262113584,1.010015866219689,0.2787252791339263,0.26,1.072020304361255,0.018725279133926298
20,-0.96,29,12,-1.8288189418415222e-15,0,0,0.02198827731686805,-0.010994138658433567,0.010994138658434483,-0.010994138658433567,0.010994138658433567,0.0025064975741867198,398.9630831078976,1.0025990296746878,0.24784505878097404,0.2275,1.0894288298064794,0.020345058780974035
24,-3.7,0,17,-3.4323485937460453e-15,0,0,0.13943392557837653,-0.06971696278918844,0.06971696278918807,0.06971696278918807,0.06971696278918807,0.01683277993679295,59.40789363105783,9.69568124359274,0.7704592907945831,0.2465277777777778,3.125243320406196,0.5239315130168053
24,-3.7,1,17,2.6129140195634307e-15,0,0,0.10996633737385925,-0.05498316868692935,0.054983168686929894,-0.05498316868692935,0.05498316868692935,0.028209708315355526,35.44878907718678,16.248791989644786,0.79980566625013,0.2378472222222222,3.362686596788868,0.5619584440279078
24,-3.7,2,17,4.770832022195275e-16,0,0,0.15176721094413786,-0.07588360547206915,0.07588360547206871,0.07588360547206871,0.07588360547206871,0.015349354348505248,65.14932011439178,8.841228104739024,0.824645747821259,0.25,3.298582991285036,0.574645747821259
24,-3.7,3,17,-5.510752729341301e-15,0,0,0.17428670192036386,-0.08714335096018196,0.0871433509601819,0.0871433509601819,0.0871433509601819,0.017145963170826752,58.32276612500046,9.87607478639621,0.7283247306805842,0.2378472222222222,3.0621536122045003,0.490477508458362
24,-3.7,4,17,-5.610145063137037e-16,0,0,0.1546247281648651,-0.07731236408243244,0.07731236408243267,-0.07731236408243244,0.07731236408243244,0.018346224338055158,54.507128092057755,10.56742521871977,0.787662317654494,0.23958333333333334,3.2876340215144095,0.5480789843211606
24,-3.7,5,17,-2.213135965851697e-15,0,0,0.15070571901157565,-0.07535285950578786,0.07535285950578778,0.07535285950578778,0.07535285950578778,0.03763391659478882,26.57177595324932,21.67713595859836,0.7824735009880592,0.2222222222222222,3.5211307544462667,0.560251278765837
24,-3.7,6,17,1.8023143194959927e-15,0,0,0.14982038495580402,-0.07491019247790225,0.07491019247790176,0.07491019247790176,0.07491019247790176,0.013738206148298706,72.78970698251145,7.913206741420054,0.7757528684131282,0.2517361111111111,3.081611394523875,0.5240167573020171
24,-3.7,7,17,-2.650462234552931e-16,0,0,0.15206111531616426,-0.0760305576580818,0.07603055765808246,-0.0760305576580818,0.0760305576580818,0.017401492941835746,57.46633368426988,10.02325993449739,0.7978969451351572,0.2482638888888889,3.213906576208745,0.5496330562462683
24,-3.7,8,17,-5.404734239959184e-15,0,0,0.15413385651924738,-0.07706692825962412,0.07706692825962325,0.07706692825962325,0.07706692825962325,0.01728430250671538,57.85596494920609,9.955758243868058,0.7436096283905442,0.25,2.974438513562177,0.49360962839054423
24,-3.7,9,17,-1.2280475020095245e-15,0,0,0.14938342318494907,-0.07469171159247437,0.07469171159247472,-0.07469171159247437,0.07469171159247437,0.013514416161975575,73.99505742716578,7.784303709297932,0.7598664367447281,0.234375,3.2420967967775067,0.5254914367447281
24,-3.7,10,17,1.6256168371924641e-15,0,0,0.15642711841940427,-0.07821355920970208,0.07821355920970217,-0.07821355920970208,0.07821355920970208,0.02449577934591923,40.82335923582651,14.109568903249475,0.7633487208749119,0.2309027777777778,3.3059313024357087,0.5324459430971341
24,-3.7,11,17,-1.5328506589831115e-15,0,0,0.16291807916222736,-0.08145903958111379,0.08145903958111357,0.08145903958111357,0.08145903958111357,0.016770780526022166,59.627516945222844,9.659969582988767,0.7324291710437407,0.2378472222222222,3.079410237380983,0.4945819488215185
24,-3.7,12,17,-2.6637145457256953e-15,0,0,0.16970322250069375,-0.08485161125034707,0.08485161125034667,0.08485161125034667,0.08485161125034667,0.017302777629678315,57.79418896794731,9.966399914694708,0.7859135821589177,0.24131944444444445,3.2567354195937885,0.5445941377144733
24,-3.7,13,17,-3.5008188681386627e-15,0,0,0.14955324038152878,-0.07477662019076432,0.07477662019076448,-0.07477662019076432,0.07477662019076432,0.013614517401686555,73.45100604712738,7.841962023371456,0.7235446814404238,0.234375,3.0871239741458085,0.48916968144042383
24,-3.7,14,17,1.239091094653495e-15,0,0,0.16543993906262677,-0.08271996953131314,0.08271996953131364,-0.08271996953131314,0.08271996953131314,0.01575806563134936,63.45956562146709,9.07664580365723,0.7498283698570376,0.2482638888888889,3.0202876995640113,0.5015644809681488
24,-3.7,15,17,-4.830467422472716e-15,0,0,0.1620320716758114,-0.08101603583790576,0.08101603583790563,0.08101603583790563,0.08101603583790563,0.015047920007185344,66.45436708345756,8.667601924138758,0.755680235635509,0.25,3.022720942542036,0.505680235635509
24,-3.7,16,17,-8.702351003448789e-16,0,0,0.15060159984895688,-0.07530079992447829,0.0753007999244786,-0.07530079992447829,0.07530079992447829,0.014225383577880224,70.2968742125837,8.193820940859009,0.7857412609395441,0.23958333333333334,3.2796156978346187,0.5461579276062107
24,-3.7,17,17,-3.8056220251122495e-15,0,0,0.14996629854011034,-0.07498314927005535,0.07498314927005499,0.07498314927005499,0.07498314927005499,0.03808642223402055,26.256076085475783,21.937779206795835,0.7860746390102284,0.2326388888888889,3.3789477020141163,0.5534357501213396
24,-3.7,18,17,-7.704010228433851e-15,0,0,0.16110952553342192,-0.08055476276671066,0.08055476276671127,-0.08055476276671066,0.08055476276671066,0.018547496502832855,53.91563221738658,10.683357985631725,0.7520620676226617,0.2465277777777778,3.0506179644412192,0.5055342898448839
24,-3.7,19,17,1.7228004524594049e-15,0,0,0.16278528476291965,-0.08139264238145953,0.08139264238146011,-0.08139264238145953,0.08139264238145953,0.01369442788335279,73.02240068134714,7.887990460811208,0.7726542159539276,0.2621527777777778,2.9473432343673,0.5105014381761498
24,-3.7,20,17,-1.0005494935437314e-15,0,0,0.1601320566621775,-0.08006602833108854,0.08006602833108895,-0.08006602833108854,0.08006602833108854,0.017875218961713492,55.94337065978751,10.29612612194697,0.7096362229367563,0.2361111111111111,3.005518120673321,0.4735251118256452
24,-3.7,21,17,2.1998836546789323e-15,0,0,0.1579432891037913,-0.07897164455189513,0.07897164455189616,-0.07897164455189513,0.07897164455189513,0.0183205429022347,54.58353528803026,10.552632711687187,0.7552651159600874,0.22569444444444445,3.3464054368693104,0.529570671515643
24,-3.7,22,17,-5.349516276739332e-15,0,0,0.12900744873598244,-0.06450372436799139,0.06450372436799105,0.06450372436799105,0.06450372436799105,0.02523415424723042,39.62882964899667,14.534872846404722,0.7681088490478533,0.2309027777777778,3.3265465943726578,0.5372060712700755
24,-3.7,23,17,-1.9966815500298746e-15,0,0,0.13084223598367983,-0.06542111799184001,0.06542111799183983,0.06542111799183983,0.06542111799183983,0.014666961494709918,68.1804476244572,8.448169820952913,0.7899135584997421,0.2378472222222222,3.321096421137602,0.5520663362775199
24,-3.7,24,17,-1.9613420535691685e-15,0,0,0.1419113608639007,-0.0709556804319506,0.0709556804319501,0.0709556804319501,0.0709556804319501,0.015934928402187857,62.75522391821356,9.178518759660207,0.7721521613824744,0.24131944444444445,3.1997096759446424,0.53083271693803
24,-3.7,25,17,9.674187156118197e-16,0,0,0.1644281011096274,-0.08221405055481344,0.08221405055481396,-0.08221405055481344,0.08221405055481344,0.014669151947066873,68.17026666629846,8.449431521510519,0.7815182044404232,0.22916666666666666,3.4102612557400285,0.5523515377737566
24,-3.7,26,17,-1.5770250295589938e-15,0,0,0.15368937941865446,-0.0768446897093275,0.07684468970932698,0.07684468970932698,0.07684468970932698,0.013376383702547361,74.75862103219742,7.70479701266728,0.7576808146954976,0.2569444444444444,2.9488118193554507,0.5007363702510532
24,-3.7,27,17,4.565421199017423e-15,0,0,0.13733722908040255,-0.0686686145402012,0.06866861454020134,-0.0686686145402012,0.0686686145402012,0.014305010283240004,69.90557715093831,8.239685923146242,0.8010407948996972,0.22743055555555555,3.522133571467371,0.5736102393441416
24,-3.7,28,17,2.5400263081132252e-15,0,0,0.16034728863130493,-0.08017364431565273,0.0801736443156522,0.0801736443156522,0.0801736443156522,0.017761859575619314,56.30041132476031,10.230831115556725,0.7278669311817529,0.25,2.9114677247270118,0.47786693118175294
24,-3.7,29,17,-4.17668673794966e-15,0,0,0.1655411130885147,-0.08277055654425766,0.08277055654425704,0.08277055654425704,0.08277055654425704,0.016652253383891775,60.051932729256336,9.591697949121663,0.7185352633882572,0.2465277777777778,2.914621913462226,0.47200748561047945
24,-3.68,0,17,-2.573157086045137e-15,0,0,0.12740867606633574,-0.06370433803316791,0.06370433803316783,0.06370433803316783,0.06370433803316783,0.016677300463182436,59.96174274173721,9.606125066793084,0.772076873480851,0.2465277777777778,3.131804782570212,0.5255490957030732
24,-3.68,1,17,-3.165093651761958e-15,0,0,0.09721273982077928,-0.048606369910389774,0.04860636991038951,0.04860636991038951,0.04860636991038951,0.028014012467869505,35.696421608541215,16.136071181492838,0.8014266169796008,0.2378472222222222,3.369501688906935,0.5635793947573786
24,-3.68,2,17,-1.047153454501287e-14,0,0,0.1389792712454155,-0.06948963562270793,0.06948963562270757,0.06948963562270757,0.06948963562270757,0.015333361627701974,65.21727095990177,8.832016297556336,0.829272905845598,0.25,3.317091623382392,0.579272905845598
24,-3.68,3,17,-5.305341906163449e-15,0,0,0.1632474318317998,-0.08162371591590005,0.08162371591589976,0.08162371591589976,0.08162371591589976,0.017652015067966906,56.65075608363257,10.167560679148938,0.7339821651347983,0.2378472222222222,3.0859396139974002,0.4961349429125761
24,-3.68,4,17,2.9088823024218413e-15,0,0,0.14173992957086037,-0.07086996478543006,0.07086996478543031,-0.07086996478543006,0.07086996478543006,0.020289548102808717,49.28645995134649,11.686779707217822,0.7992310088330528,0.23958333333333334,3.335920732520568,0.5596476754997194
24,-3.68,5,17,-5.6278148113673896e-15,0,0,0.1387689925358901,-0.0693844962679451,0.06938449626794498,0.06938449626794498,0.06938449626794498,0.038487813300382076,25.982250334551296,22.168980461020077,0.7864801699994372,0.2222222222222222,3.5391607649974675,0.5642579477772149
24,-3.68,6,17,-6.847027439261737e-16,0,0,0.13822898656295932,-0.06911449328147963,0.06911449328147969,-0.06911449328147963,0.06911449328147963,0.013248019648377077,75.48297983710366,7.630859317465197,0.778475056102525,0.2517361111111111,3.092425050448651,0.5267389449914139
24,-3.68,7,17,-7.372702449114736e-15,0,0,0.13952734227150165,-0.06976367113575077,0.0697636711357509,-0.06976367113575077,0.06976367113575077,0.017213937342277497,58.09246194616941,9.915227909151838,0.8010415421532361,0.2482638888888889,3.226572925036811,0.5527776532643471
24,-3.68,8,17,-4.991703875074687e-16,0,0,0.14262521691836505,-0.07131260845918239,0.07131260845918268,-0.07131260845918239,0.07131260845918239,0.017115160189821406,58.4277324260577,9.85833226933713,0.7475894553212057,0.25,2.9903578212848227,0.4975894553212057
24,-3.68,9,17,-1.1220290126274073e-15,0,0,0.1381711747067461,-0.06908558735337292,0.06908558735337318,-0.06908558735337292,0.06908558735337292,0.013772139290409163,72.61036059201014,7.9327522312756775,0.7631303762948025,0.234375,3.256022938857824,0.5287553762948025
24,-3.68,10,17,-2.4914345004797547e-15,0,0,0.14426077708023827,-0.072130388540119,0.07213038854011929,-0.072130388540119,0.072130388540119,0.02438608544603743,41.006991557248604,14.04638521691756,0.7668999392884827,0.2309027777777778,3.321311015264406,0.5359971615107049
24,-3.68,11,17,-3.533949646070574e-17,0,0,0.1508159023760094,-0.07540795118800461,0.07540795118800478,-0.07540795118800461,0.07540795118800461,0.016272671033267034,61.45272635055733,9.373058515161812,0.7411740347688873,0.2378472222222222,3.1161769636998478,0.5033268125466651
24,-3.68,12,17,1.0734372049939369e-15,0,0,0.1570133409407042,-0.07850667047035194,0.07850667047035227,-0.07850667047035194,0.07850667047035194,0.017463343954574648,57.26280159179038,10.058886117834998,0.7905396638592749,0.24131944444444445,3.2759053696614555,0.5492202194148305
24,-3.68,13,17,-4.8945202598077456e-15,0,0,0.13865193336644094,-0.06932596668322041,0.06932596668322054,-0.06932596668322041,0.06932596668322041,0.014054145949699143,71.15338090119998,8.095188067026706,0.7373180492031989,0.234375,3.145890343266982,0.5029430492031989
24,-3.68,14,17,-5.709537396932771e-15,0,0,0.15331539816763146,-0.07665769908381573,0.07665769908381573,-0.07665769908381573,0.07665769908381573,0.016560913063688128,60.38314410288313,9.539085924684361,0.756266211022222,0.2482638888888889,3.0462191436979014,0.5080023221333332
24,-3.68,15,17,-1.4467106363601412e-15,0,0,0.14972990767300257,-0.07486495383650132,0.07486495383650124,0.07486495383650124,0.07486495383650124,0.015621478208112844,64.01442851167957,8.997971447872999,0.7618363186802204,0.25,3.0473452747208816,0.5118363186802204
24,-3.68,16,17,-4.287122664389365e-15,0,0,0.1384271278206338,-0.06921356391031713,0.06921356391031666,0.06921356391031666,0.06921356391031666,0.014478889295941903,69.06607126834493,8.339840234462535,0.7885275069732879,0.23958333333333334,3.2912452464972013,0.5489441736399545
24,-3.68,17,17,-2.1027000394119918e-15,0,0,0.13797523099516087,-0.06898761549758056,0.06898761549758031,0.06898761549758031,0.06898761549758031,0.03779339904109704,26.459647064625937,21.768997847671894,0.7889742981770858,0.2326388888888889,3.3914119085821,0.5563354092881969
24,-3.68,18,17,-7.279936270905382e-15,0,0,0.14868570916343932,-0.07434285458171934,0.07434285458171998,-0.07434285458171934,0.07434285458171934,0.018695936680966106,53.487558129038625,10.768859528236478,0.7582426815642374,0.2465277777777778,3.075688623809864,0.5117149037864596
24,-3.68,19,17,5.59026659637789e-15,0,0,0.1498407549712114,-0.07492037748560547,0.07492037748560595,-0.07492037748560547,0.07492037748560547,0.013264393406528381,75.3898025602759,7.6402906021603485,0.7878344098177761,0.2621527777777778,3.0052491394373444,0.5256816320399983
24,-3.68,20,17,-1.3716142063811417e-15,0,0,0.14970365270602948,-0.0748518263530144,0.07485182635301509,-0.0748518263530144,0.0748518263530144,0.01911014809866027,52.32821822401814,11.007445304828316,0.7180941915805465,0.2361111111111111,3.041340105517609,0.48198308046943544
24,-3.68,21,17,-8.567619173192348e-15,0,0,0.14602656260354546,-0.07301328130177294,0.07301328130177252,0.07301328130177252,0.07301328130177252,0.018595028488402367,53.77781489410975,10.710736409319763,0.7612873943589099,0.22569444444444445,3.373088762697939,0.5355929499144655
24,-3.68,22,17,-2.0342297650193744e-15,0,0,0.11741249484726363,-0.05870624742363253,0.0587062474236311,0.0587062474236311,0.0587062474236311,0.024928047130071636,40.11545689006912,14.358555146921264,0.7699656197999514,0.2309027777777778,3.3345879474043003,0.5390628420221736
24,-3.68,23,17,-2.637209923380166e-15,0,0,0.11869174116526521,-0.05934587058263249,0.05934587058263272,-0.05934587058263249,0.05934587058263249,0.014503954168396041,68.94671538462174,8.35427760099612,0.7920477219596593,0.2378472222222222,3.330069254370539,0.5542004997374371
24,-3.68,24,17,4.527872984027923e-16,0,0,0.13060437121769675,-0.06530218560884833,0.06530218560884843,-0.06530218560884833,0.06530218560884833,0.015933471074289184,62.76096371829711,9.17767933879057,0.7750820641219194,0.24131944444444445,3.2118508556419103,0.533762619677475
24,-3.68,25,17,4.726657651619393e-15,0,0,0.15243190093395254,-0.07621595046697602,0.07621595046697653,-0.07621595046697602,0.07621595046697602,0.014741871091552372,67.8339943274254,8.491317748734165,0.7831375666603153,0.22916666666666666,3.417327563608649,0.5539708999936487
24,-3.68,26,17,1.7250091709881991e-15,0,0,0.14122420668314278,-0.07061210334157159,0.0706121033415712,0.0706121033415712,0.0706121033415712,0.01317998121852821,75.87264226099319,7.591669181872248,0.7698772635841125,0.2569444444444444,2.9962790798949244,0.512932819139668
24,-3.68,27,17,-5.903904627466653e-15,0,0,0.12416510569788221,-0.0620825528489411,0.06208255284894111,-0.0620825528489411,0.0620825528489411,0.014110217386209295,70.87063031200043,8.127485214456554,0.807750206044612,0.22743055555555555,3.551634493753409,0.5803196504890564
24,-3.68,28,17,-7.960221577773968e-15,0,0,0.14852686818683825,-0.07426343409341896,0.0742634340934193,-0.07426343409341896,0.07426343409341896,0.017970931434749836,55.64541847098314,10.351256506415906,0.7329904981753752,0.25,2.931961992701501,0.4829904981753752
24,-3.68,29,17,-7.845368214276674e-15,0,0,0.15412468270002994,-0.0770623413500145,0.07706234135001543,-0.0770623413500145,0.0770623413500145,0.01693764347381632,59.040090290357504,9.756082640918198,0.7240058800641539,0.2465277777777778,2.9368125839222015,0.4774781022863761
24,-3.66,0,17,-3.5383670831281625e-15,0,0,0.11533148726070377,-0.05766574363035192,0.057665743630351846,0.057665743630351846,0.057665743630351846,0.016504015849597826,60.59131359985747,9.506313129368348,0.7733961549766921,0.2465277777777778,3.1371562342716524,0.5268683771989143
24,-3.66,1,17,-1.0734372049939369e-15,0,0,0.08443359638831092,-0.04221679819415478,0.04221679819415614,-0.04221679819415478,0.04221679819415478,0.027737365791195078,36.05245024087468,15.976722695728364,0.8029460966394047,0.2378472222222222,3.375890158133556,0.5650988744171825
24,-3.66,2,17,-2.215344684380491e-15,0,0,0.1262058955078752,-0.0631029477539375,0.0631029477539377,-0.0631029477539375,0.0631029477539375,0.015264387203301122,65.51196498630073,8.792287029101445,0.8327808512297877,0.25,3.331123404919151,0.5827808512297877
24,-3.66,3,17,-5.389273210257626e-16,0,0,0.1521498162104486,-0.07607490810522435,0.07607490810522423,0.07607490810522423,0.07607490810522423,0.01802761543727036,55.47045328760432,10.383906491867727,0.7391991815457202,0.2378472222222222,3.107873931170327,0.501351959323498
24,-3.66,4,17,-6.9972202992197366e-15,0,0,0.12862430036031053,-0.0643121501801552,0.06431215018015535,-0.0643121501801552,0.0643121501801552,0.022450052082411357,44.54332650673255,12.931229999468943,0.807960241508033,0.23958333333333334,3.372355790642225,0.5683769081746997
24,-3.66,5,17,4.967407971257951e-15,0,0,0.12688080513186023,-0.0634404025659302,0.06344040256593005,0.06344040256593005,0.06344040256593005,0.03879077709437938,25.779323718289103,22.343487606362523,0.7895913459654222,0.2222222222222222,3.5531610568444,0.5673691237432
24,-3.66,6,17,-3.7062296913165145e-15,0,0,0.1265527051285149,-0.06327635256425765,0.06327635256425726,0.06327635256425726,0.06327635256425726,0.012794889593093139,78.15620390658268,7.369856405621648,0.7808133259672229,0.2517361111111111,3.101713625911175,0.5290772148561118
24,-3.66,7,17,-1.3296485543340536e-15,0,0,0.12693390301902444,-0.06346695150951218,0.06346695150951226,-0.06346695150951218,0.06346695150951218,0.016939301922733123,59.03430994744629,9.75703790749428,0.8037530808404968,0.2482638888888889,3.237494927021861,0.5554891919516078
24,-3.66,8,17,-5.517378884927684e-15,0,0,0.131031206285381,-0.06551560314269057,0.06551560314269043,0.06551560314269043,0.06551560314269043,0.016900234688299987,59.17077593557318,9.734535180460792,0.7515672043000621,0.25,3.0062688172002483,0.5015672043000621
24,-3.66,9,17,3.5383670831281625e-15,0,0,0.1269927511903235,-0.06349637559516173,0.06349637559516176,-0.06349637559516173,0.06349637559516173,0.01398878626203985,71.4858302405844,8.057540886934953,0.7658383822058665,0.234375,3.267577097411697,0.5314633822058665
24,-3.66,10,17,2.8139074056836948e-15,0,0,0.1320657742370327,-0.06603288711851664,0.06603288711851604,0.06603288711851604,0.06603288711851604,0.024115162198863203,41.46768708224324,13.890333426545205,0.7699790699495619,0.2309027777777778,3.3346461976762978,0.5390762921717841
24,-3.66,11,17,2.067360542951286e-15,0,0,0.13848721576987866,-0.06924360788493944,0.06924360788493923,0.06924360788493923,0.06924360788493923,0.015827656797428265,63.180546103481575,9.11673031531868,0.7493637383060265,0.2378472222222222,3.1506095858705936,0.5115165160838043
24,-3.66,12,17,-6.586398652864033e-15,0,0,0.14419222530102416,-0.07209611265051204,0.07209611265051212,-0.07209611265051204,0.07209611265051204,0.01755067194048283,56.977875456345025,10.10918703771811,0.7944597265755253,0.24131944444444445,3.292149658327357,0.5531402821310809
24,-3.66,13,17,-9.133051116563641e-15,0,0,0.12742520884009773,-0.06371260442004882,0.06371260442004889,-0.06371260442004882,0.06371260442004882,0.014533455369508988,68.80676168022559,8.371270292837178,0.750448355870171,0.234375,3.201912985046063,0.516073355870171
24,-3.66,14,17,-4.768623303666481e-15,0,0,0.1410405564141081,-0.0705202782070538,0.0705202782070543,-0.0705202782070538,0.0705202782070538,0.017335115617053455,57.68637614486101,9.98502659542279,0.7618076475939868,0.2482638888888889,3.068539895203751,0.5135437587050979
24,-3.66,15,17,1.62340811866367e-15,0,0,0.13723497750363564,-0.06861748875181793,0.06861748875181771,0.06861748875181771,0.06861748875181771,0.016355881028180284,61.140087671037406,9.420987472231843,0.767991119650685,0.25,3.07196447860274,0.517991119650685
24,-3.66,16,17,9.497489673814668e-16,0,0,0.1261703346818454,-0.06308516734092251,0.0630851673409229,-0.06308516734092251,0.06308516734092251,0.014794847905748162,67.59109700691654,8.521832393710941,0.7908283375039715,0.23958333333333334,3.300848713060055,0.5512450041706382
24,-3.66,17,17,1.9790118017995217e-15,0,0,0.1260205184643592,-0.06301025923217998,0.0630102592321792,0.0630102592321792,0.0630102592321792,0.03717336807988895,26.90097915935164,21.411860014016035,0.7913012623168949,0.2326388888888889,3.4014143813024735,0.5586623734280061
24,-3.66,18,17,2.9751438582856646e-15,0,0,0.13609562968533928,-0.0680478148426701,0.0680478148426692,0.0680478148426692,0.0680478148426692,0.0185409428217108,53.93468981680018,10.679583065305422,0.7630658650920878,0.2465277777777778,3.095253086570722,0.5165380873143101
24,-3.66,19,17,4.3953498723002764e-16,0,0,0.13659259043629846,-0.06829629521814894,0.0682962952181495,-0.06829629521814894,0.06829629521814894,0.01354389753722468,73.83399034521291,7.801284981441416,0.7982021569314846,0.2621527777777778,3.0447976317386427,0.5360493791537068
24,-3.66,20,17,-7.266683959732618e-16,0,0,0.13907384853872462,-0.06953692426936228,0.06953692426936234,-0.06953692426936228,0.06953692426936228,0.02031714388524651,49.21951656434149,11.702674877901991,0.726032874211255,0.2361111111111111,3.074962761365315,0.48992176310014385
24,-3.66,21,17,1.2479259687686714e-15,0,0,0.1339765316719418,-0.06698826583597113,0.06698826583597066,0.06698826583597066,0.06698826583597066,0.018699546771288458,53.47723194742954,10.770938940262152,0.7659484040517817,0.22569444444444445,3.3937406210294325,0.5402539596073372
24,-3.66,22,17,2.0320210464905801e-16,0,0,0.10588287815319603,-0.05294143907659827,0.052941439076597756,0.052941439076597756,0.052941439076597756,0.024452777924706928,40.895149135166626,14.08480008463119,0.7713484123117167,0.2309027777777778,3.340576582643224,0.5404456345339389
24,-3.66,23,17,-5.311968061749832e-15,0,0,0.10655221160715594,-0.053276105803578236,0.05327610580357771,0.05327610580357771,0.05327610580357771,0.01423151021331026,70.26661155502198,8.197349882866709,0.793200763575546,0.2378472222222222,3.334917078974559,0.5553535413533238
24,-3.66,24,17,8.746525374024671e-16,0,0,0.11940416701883705,-0.0597020835094181,0.05970208350941894,-0.0597020835094181,0.0597020835094181,0.015829547440846255,63.172999969640294,9.117819325927442,0.7774849082297041,0.24131944444444445,3.221807965038198,0.5361654637852596
24,-3.66,25,17,-1.2876829022869655e-15,0,0,0.1405169031114593,-0.07025845155573006,0.07025845155572924,0.07025845155572924,0.07025845155572924,0.014716017776465723,67.9531660799723,8.476426239244256,0.7841289633800048,0.22916666666666666,3.4216536583854755,0.5549622967133382
24,-3.66,26,17,5.941452842456153e-15,0,0,0.12850050599075138,-0.06425025299537598,0.0642502529953754,0.0642502529953754,0.0642502529953754,0.01326791134476434,75.36981322946589,7.64231693458426,0.7802751494040343,0.2569444444444444,3.036746527410296,0.5233307049595899
24,-3.66,27,17,-3.871883580976073e-15,0,0,0.11087043925722126,-0.055435219628610616,0.05543521962861065,-0.055435219628610616,0.055435219628610616,0.014092768379885417,70.95837900999624,8.117434586814,0.8121633762841465,0.22743055555555555,3.5710389674783847,0.5847328207285909
24,-3.66,28,17,6.487006319068298e-15,0,0,0.13658926548414507,-0.06829463274207247,0.06829463274207262,-0.06829463274207247,0.06829463274207247,0.01811098239844807,55.215116331055015,10.43192586150609,0.7376783732091787,0.25,2.950713492836715,0.48767837320917873
24,-3.66,29,17,-2.233014432610844e-15,0,0,0.14258219310251619,-0.07129109655125843,0.07129109655125776,0.07129109655125776,0.07129109655125776,0.01715703509315446,58.285128786557834,9.88245221365697,0.728999149710262,0.2465277777777778,2.957066973472612,0.48247137193248424
24,-3.64,0,17,-2.2705626476003438e-15,0,0,0.10320950289515868,-0.051604751447579596,0.05160475144757909,0.05160475144757909,0.05160475144757909,0.016325658433193092,61.25327220902861,9.40357925751922,0.7744601156075335,0.2465277777777778,3.141472018239009,0.5279323378297557
24,-3.64,1,17,-7.070108010669943e-15,0,0,0.07164359488100738,-0.03582179744050383,0.035821797440503546,0.035821797440503546,0.035821797440503546,0.02737448112998512,36.530372767673484,15.76770113087143,0.8043613313571766,0.2378472222222222,3.3818403420564507,0.5665141091349544
24,-3.64,2,17,-1.981220520328316e-15,0,0,0.11349911692570969,-0.056749558462854725,0.05674955846285497,-0.056749558462854725,0.056749558462854725,0.015090562373487479,66.26658273232376,8.692163927128789,0.8350863879605914,0.25,3.3403455518423657,0.5850863879605914
24,-3.64,3,17,2.794028938924548e-15,0,0,0.14103691421104725,-0.0705184571055234,0.07051845710552383,-0.0705184571055234,0.0705184571055234,0.018227647573590827,54.8617146542186,10.499125002388316,0.7440764428056512,0.2378472222222222,3.1283797887303293,0.506229220583429
24,-3.64,4,17,4.83267614100151e-15,0,0,0.11533375096893106,-0.057666875484465835,0.05766687548446523,0.05766687548446523,0.05766687548446523,0.024592563117328967,40.662699338376704,14.165316355581485,0.8143561138361153,0.23958333333333334,3.3990516055768287,0.5747727805027819
24,-3.64,5,17,8.636089447584966e-16,0,0,0.11509408098186424,-0.05754704049093265,0.057547040490931595,0.057547040490931595,0.057547040490931595,0.03847349381266048,25.991920694005955,22.160732436092434,0.7917888041771233,0.2222222222222222,3.563049618797055,0.5695665819549011
24,-3.64,6,17,-3.686351224557368e-15,0,0,0.11481065517014624,-0.05740532758507291,0.057405327585073336,-0.05740532758507291,0.05740532758507291,0.012389493454936562,80.71355004441708,7.13634823004346,0.7827767468534385,0.2517361111111111,3.109513146121245,0.5310406357423274
24,-3.64,7,17,-8.989484412192023e-16,0,0,0.11430863296956909,-0.057154316484784314,0.057154316484784765,-0.057154316484784314,0.057154316484784314,0.016573812609967112,60.33614736289602,9.546516063341056,0.8060675117372451,0.2482638888888889,3.2468173899346375,0.5578036228483563
24,-3.64,8,17,-2.4892257819509607e-15,0,0,0.11936823328230625,-0.0596841166411531,0.059684116641153154,-0.0596841166411531,0.0596841166411531,0.016634783018468366,60.11500113285362,9.58163501863778,0.7555822780617775,0.25,3.02232911224711,0.5055822780617775
24,-3.64,9,17,2.1424569729302856e-15,0,0,0.11590545836323898,-0.057952729181619894,0.057952729181619096,0.057952729181619096,0.057952729181619096,0.014153574990029123,70.65352751544947,8.152459194256775,0.7679913674422892,0.234375,3.2767631677537676,0.5336163674422892
24,-3.64,10,17,1.0977331088106721e-15,0,0,0.11988139017242619,-0.05994069508621354,0.05994069508621266,0.05994069508621266,0.05994069508621266,0.023679468272215475,42.230678007806425,13.639373724796112,0.7726667415910718,0.2309027777777778,3.346286038770356,0.5417639638132941
24,-3.64,11,17,-1.782435852736846e-15,0,0,0.1259485953952372,-0.06297429769761838,0.06297429769761882,-0.06297429769761838,0.06297429769761838,0.015474333274378,64.623139638318,8.913215966041728,0.7569423192858545,0.2378472222222222,3.182472816851476,0.5190950970636323
24,-3.64,12,17,-6.871323343078473e-15,0,0,0.1312625840640504,-0.06563129203202542,0.06563129203202497,0.06563129203202497,0.06563129203202497,0.017555115683012275,56.96345259448672,10.11174663341507,0.7977696468076927,0.24131944444444445,3.305865586771446,0.5564502023632483
24,-3.64,13,17,-1.400327547255465e-15,0,0,0.1158886799346199,-0.057944339967309924,0.05794433996730998,-0.057944339967309924,0.057944339967309924,0.01506355581406153,66.3853881741866,8.67660814889944,0.7625003712896306,0.234375,3.2533349175024235,0.5281253712896306
24,-3.64,14,17,-2.0452733576633447e-15,0,0,0.12865207867354805,-0.06432603933677418,0.06432603933677386,0.06432603933677386,0.06432603933677386,0.018019908137844702,55.49417856908157,10.379467087398549,0.7664532074168027,0.2482638888888889,3.087252080224324,0.5181893185279138
24,-3.64,15,17,-6.003296961262388e-15,0,0,0.12455332076393408,-0.06227666038196713,0.062276660381966956,0.062276660381966956,0.062276660381966956,0.017299037766548682,57.80668344072349,9.96424575353204,0.7742756157909653,0.25,3.097102463163861,0.5242756157909653
24,-3.64,16,17,-2.796237657453342e-15,0,0,0.11385280018219242,-0.056926400091096195,0.05692640009109622,-0.056926400091096195,0.056926400091096195,0.015174252507735912,65.90110448539029,8.740369444455887,0.7926821073205499,0.23958333333333334,3.308586187077078,0.5530987739872165
24,-3.64,17,17,6.670329956958208e-16,0,0,0.11415747959016528,-0.05707873979508249,0.057078739795082795,-0.05707873979508249,0.05707873979508249,0.03619931133209395,27.62483492644265,20.850803327286116,0.7930808064119358,0.2326388888888889,3.4090637648751865,0.5604419175230468
24,-3.64,18,17,1.4908850069360236e-15,0,0,0.1233643915467814,-0.061682195773390895,0.06168219577339051,0.06168219577339051,0.06168219577339051,0.018188550971858966,54.97964084919046,10.476605359790764,0.7669878109930798,0.2465277777777778,3.1111618248733377,0.520460033215302
24,-3.64,19,17,-4.432898087289776e-15,0,0,0.1231243767176281,-0.06156218835881434,0.06156218835881377,0.06156218835881377,0.06156218835881377,0.013918868540157923,71.84492023290954,8.017268279130963,0.8047302479912446,0.2621527777777778,3.0696994890262044,0.5425774702134668
24,-3.64,20,17,1.9039153718205218e-15,0,0,0.1282688198452975,-0.06413440992264871,0.0641344099226488,-0.06413440992264871,0.06413440992264871,0.021433330865246496,46.65630397286826,12.345598578381981,0.7334041110814007,0.2361111111111111,3.1061821175212265,0.4972929999702896
24,-3.64,21,17,-2.557696056343578e-15,0,0,0.12181644841855055,-0.06090822420927527,0.06090822420927529,-0.06090822420927527,0.06090822420927527,0.018640530298821026,53.646542451812536,10.73694545212091,0.7696320266311938,0.22569444444444445,3.4100619026120587,0.5439375821867494
24,-3.64,22,17,2.6526709530817246e-15,0,0,0.09446258139367883,-0.047231290696839415,0.04723129069683941,0.04723129069683941,0.04723129069683941,0.02379358527327178,42.02813441164486,13.705105117404546,0.7722673490976396,0.2309027777777778,3.3445563389491757,0.5413645713198618
24,-3.64,23,17,9.652099970830256e-16,0,0,0.09445035736882915,-0.04722517868441459,0.04722517868441456,0.04722517868441456,0.04722517868441456,0.013877271999756607,72.06027236603411,7.993308671859806,0.7936007937356846,0.2378472222222222,3.3365989576040462,0.5557535715134624
24,-3.64,24,17,2.3964596037416083e-15,0,0,0.10837699461472661,-0.05418849730736316,0.054188497307363456,-0.05418849730736316,0.05418849730736316,0.015617784590707826,64.02956797054135,8.995843924247708,0.7794240465309049,0.24131944444444445,3.22984353094821,0.5381046020864605
24,-3.64,25,17,-6.471545289366739e-16,0,0,0.1287389666942026,-0.06436948334710137,0.06436948334710124,0.06436948334710124,0.06436948334710124,0.014587970469484072,68.54963149890217,8.402670990422827,0.7845677603766856,0.22916666666666666,3.4235684089164464,0.555401093710019
24,-3.64,26,17,1.5748163110301996e-15,0,0,0.11555746869813188,-0.05777873434906616,0.057778734349065726,0.057778734349065726,0.057778734349065726,0.01350496091695965,74.04686367838289,7.778857488168759,0.7887719331466083,0.2569444444444444,3.0698150911651787,0.5318274887021639
24,-3.64,27,17,-1.5593552813286408e-15,0,0,0.0975052539915848,-0.048752626995792636,0.04875262699579217,0.04875262699579217,0.04875262699579217,0.014117105527981823,70.83605049334498,8.13145278411753,0.8149295358559671,0.22743055555555555,3.583201623305626,0.5874989803004115
24,-3.64,28,17,-3.962441040656632e-15,0,0,0.12456173469160091,-0.06228086734580067,0.06228086734580024,0.06228086734580024,0.06228086734580024,0.018172105873723338,55.02939543435023,10.467132983264642,0.7419383277451773,0.25,2.9677533109807093,0.4919383277451773
24,-3.64,29,17,1.1308638867425838e-15,0,0,0.13094527093803582,-0.06547263546901792,0.0654726354690179,0.0654726354690179,0.0654726354690179,0.017302362641015843,57.79557513315932,9.966160881225125,0.7335563360570032,0.2465277777777778,2.975552461752351,0.4870285582792254
24,-3.62,0,17,1.6653737707107581e-15,0,0,0.09104989406255143,-0.04552494703127572,0.04552494703127571,0.04552494703127571,0.04552494703127571,0.01615433534521547,61.90288728258797,9.30489715884411,0.7753054607239167,0.2465277777777778,3.144901023781521,0.5287776829461389
24,-3.62,1,17,-3.366087037882222e-15,0,0,0.058862357940285256,-0.029431178970142434,0.029431178970142823,-0.029431178970142434,0.029431178970142434,0.026916192008030984,37.152357945047726,15.503726596625846,0.8056559366427106,0.2378472222222222,3.3872833540598637,0.5678087144204884
24,-3.62,2,17,-4.406393464944247e-15,0,0,0.10091753577384652,-0.050458767886923515,0.05045876788692301,0.05045876788692301,0.05045876788692301,0.014746975447797602,67.81051501305278,8.49425785793142,0.8359700220668316,0.25,3.3438800882673263,0.5859700220668316
24,-3.62,3,17,-6.2572995920737104e-15,0,0,0.12996195410968273,-0.06498097705484125,0.06498097705484147,-0.06498097705484125,0.06498097705484125,0.018206059331749833,54.92676815877911,10.486690175087904,0.7486950437499333,0.2378472222222222,3.147798140145705,0.5108478215277111
24,-3.62,4,17,-4.112633900614631e-15,0,0,0.10191945345617127,-0.050959726728085505,0.05095972672808577,-0.050959726728085505,0.050959726728085505,0.02657982460775479,37.62252064327939,15.309978974066759,0.8189615836692317,0.23958333333333334,3.418274436184619,0.5793782503358983
24,-3.62,5,17,-2.0187687353178156e-15,0,0,0.10346898502193108,-0.05173449251096623,0.05173449251096486,0.05173449251096486,0.05173449251096486,0.03743619392279938,26.71211721101221,21.563247699532443,0.7929794451293002,0.2222222222222222,3.568407503081851,0.570757222907078
24,-3.62,6,17,-1.868575875359816e-15,0,0,0.10303075456080295,-0.0515153772804018,0.05151537728040115,0.05151537728040115,0.05151537728040115,0.012034830754514904,83.09215313433859,6.9320625146005845,0.7843649992292305,0.2517361111111111,3.115822341765771,0.5326288881181194
24,-3.62,7,17,-1.4754239772344648e-15,0,0,0.10168603359893805,-0.050843016799468815,0.050843016799469225,-0.050843016799468815,0.050843016799468815,0.01611367796039936,62.059078160652035,9.28147850519003,0.808014117101144,0.2482638888888889,3.2546582618899227,0.5597502282122551
24,-3.62,8,17,4.1943564861800125e-15,0,0,0.10765878133661418,-0.05382939066830715,0.053829390668307026,0.053829390668307026,0.053829390668307026,0.016312239850453544,61.30365965482025,9.39585015386124,0.7596747474611703,0.25,3.038698989844681,0.5096747474611703
24,-3.62,9,17,1.0049669306013195e-15,0,0,0.1049842569871432,-0.05249212849357143,0.05249212849357176,-0.05249212849357143,0.05249212849357143,0.0142483937258931,70.1833497331517,8.207074786114426,0.76957338989343,0.234375,3.283513130211968,0.53519838989343
24,-3.62,10,17,-1.0822720791091133e-16,0,0,0.10775608080210489,-0.05387804040105279,0.053878040401052096,0.053878040401052096,0.053878040401052096,0.023067124150138372,43.35174135671357,13.286663510479702,0.7750330826534164,0.2309027777777778,3.356534252694495,0.5441303048756386
24,-3.62,11,17,-2.6327924863225776e-15,0,0,0.11321836588994816,-0.056609182944973684,0.05660918294497447,-0.056609182944973684,0.056609182944973684,0.01523335455307248,65.64542278038856,8.774412222569747,0.7638605943341162,0.2378472222222222,3.211559871068985,0.526013372111894
24,-3.62,12,17,-2.2020923732077264e-15,0,0,0.11824798470665293,-0.05912399235332661,0.05912399235332631,0.05912399235332631,0.05912399235332631,0.0174741638268786,57.22734489085017,10.065118364282075,0.8005563068439858,0.24131944444444445,3.317413185195222,0.5592368623995414
24,-3.62,13,17,-1.013801804716496e-15,0,0,0.10407105805142,-0.05203552902570992,0.052035529025710084,-0.05203552902570992,0.05203552902570992,0.015634808958056325,63.95984771433479,9.005649959840444,0.773143330481375,0.234375,3.298744876720533,0.538768330481375
24,-3.62,14,17,-5.643275841068948e-15,0,0,0.11619184459233917,-0.05809592229616961,0.05809592229616956,0.05809592229616956,0.05809592229616956,0.01856054870582289,53.87771750984258,10.690876054553984,0.7702529014145761,0.2482638888888889,3.1025571413622086,0.5219890125256872
24,-3.62,15,17,-3.244607518798546e-15,0,0,0.11169277208723224,-0.05584638604361626,0.055846386043615984,0.055846386043615984,0.055846386043615984,0.018456658904623065,54.180987207252215,10.631035529062885,0.78074293318706,0.25,3.12297173274824,0.53074293318706
24,-3.62,16,17,8.212015490056497e-15,0,0,0.1015041836003712,-0.05075209180018551,0.050752091800185695,-0.05075209180018551,0.05075209180018551,0.015607569880116575,64.07147350171152,8.989960250947146,0.7941129986530341,0.23958333333333334,3.3145586030735332,0.5545296653197007
24,-3.62,17,17,-1.1485336349729365e-16,0,0,0.10245654417804512,-0.051228272089022794,0.05122827208902232,0.05122827208902232,0.05122827208902232,0.034834753930663126,28.70696322386692,20.064818264061962,0.7943111077878044,0.2326388888888889,3.4143522245207114,0.5616722188989156
24,-3.62,18,17,-1.5946947777893467e-15,0,0,0.11051266941010174,-0.05525633470505146,0.055256334705050286,0.055256334705050286,0.055256334705050286,0.017696333158786826,56.508881869884235,10.193087899461212,0.7702703428222817,0.2465277777777778,3.1244768835608046,0.5237425650445039
24,-3.62,19,17,3.787952276881897e-15,0,0,0.10949457016182676,-0.0547472850809128,0.05474728508091396,-0.0547472850809128,0.0547472850809128,0.014205379683458683,70.3958656708374,8.182298697672202,0.8089041812002805,0.2621527777777778,3.0856212474924605,0.5467514034225027
24,-3.62,20,17,-6.0364277391943e-15,0,0,0.11732486525160093,-0.058662432625800835,0.05866243262580011,0.05866243262580011,0.05866243262580011,0.022396601927214002,44.64963047742099,12.900442710075264,0.7401889044432777,0.2361111111111111,3.134917712936235,0.5040777933321665
24,-3.62,21,17,9.932607223987107e-15,0,0,0.10956504913229168,-0.054782524566145706,0.05478252456614597,-0.054782524566145706,0.054782524566145706,0.018433034337314167,54.25042788401313,10.61742777829296,0.7725907713756999,0.22569444444444445,3.4231714177877164,0.5468963269312554
24,-3.62,22,17,9.276617820935258e-17,0,0,0.08320735202923363,-0.041603676014617175,0.04160367601461646,0.04160367601461646,0.04160367601461646,0.022929209941707877,43.612492647686715,13.207224926423736,0.7727255479918499,0.2309027777777778,3.346540719122598,0.5418227702140721
24,-3.62,23,17,1.464380384590494e-15,0,0,0.08241502481185047,-0.04120751240592553,0.041207512405924934,0.041207512405924934,0.041207512405924934,0.013466244228629236,74.25975520880573,7.75655667569044,0.7934161270572546,0.2378472222222222,3.335822548795465,0.5555689048350324
24,-3.62,24,17,1.4224147325434062e-15,0,0,0.09760864120563667,-0.048804320602818765,0.0488043206028179,0.0488043206028179,0.0488043206028179,0.015286822019857503,65.41582015549112,8.805209483437922,0.7809442728923348,0.24131944444444445,3.236143173999891,0.5396248284478904
24,-3.62,25,17,-1.398118828726671e-15,0,0,0.11716761618118855,-0.058583808090595095,0.05858380809059346,0.05858380809059346,0.05858380809059346,0.014350197860466853,69.68545031388628,8.265713967628907,0.7844913374684261,0.22916666666666666,3.4232349271349505,0.5553246708017595
24,-3.62,26,17,-3.770282528651544e-15,0,0,0.10243643305018602,-0.05121821652509276,0.05121821652509326,-0.05121821652509276,0.05121821652509276,0.013798660470269699,72.47080266628625,7.948028430875346,0.7955219043424502,0.2569444444444444,3.0960852493327793,0.5385774598980058
24,-3.62,27,17,9.011571597479964e-16,0,0,0.08411780272931857,-0.04205890136465954,0.04205890136465902,0.04205890136465902,0.04205890136465902,0.014116151099799322,70.84083989538878,8.13090303348441,0.8164436848450531,0.22743055555555555,3.589859255501913,0.5890131292894976
24,-3.62,28,17,9.572586103793667e-15,0,0,0.11247893663792335,-0.05623946831896216,0.05623946831896119,0.05623946831896119,0.05623946831896119,0.018141970020158705,55.120805452155196,10.449774731611415,0.7457869448496595,0.25,2.983147779398638,0.49578694484965946
24,-3.62,29,17,-1.4555455104753177e-15,0,0,0.11925312204089203,-0.0596265610204458,0.05962656102044623,-0.0596265610204458,0.0596265610204458,0.017361241414398744,57.59956768820913,10.000075054693676,0.7377255425456974,0.2465277777777778,2.9924641725797305,0.49119776476791965
24,-3.6,0,17,4.722240214561805e-15,0,0,0.07886123517382679,-0.03943061758691338,0.0394306175869134,-0.03943061758691338,0.03943061758691338,0.016000252994213284,62.49901175698059,9.216145724666852,0.7759616065156477,0.2465277777777778,3.1475625729085426,0.5294338287378699
24,-3.6,1,17,-1.9436723053388156e-15,0,0,0.0461185669328943,-0.023059283466446867,0.02305928346644744,-0.023059283466446867,0.023059283466446867,0.02634493457814493,37.95796102790757,15.17468231701148,0.8067873643877063,0.2378472222222222,3.392040305746853,0.568940142165484
24,-3.6,2,17,8.636089447584966e-16,0,0,0.08852301838082985,-0.04426150919041486,0.044261509190414994,-0.04426150919041486,0.04426150919041486,0.014150117900458673,70.67078924957828,8.150467910664197,0.8349656237570378,0.25,3.339862495028151,0.5849656237570378
24,-3.6,3,17,-2.5400263081132254e-16,0,0,0.11899387550178007,-0.059496937750889996,0.05949693775089008,-0.059496937750889996,0.059496937750889996,0.017917888559689298,55.810147309976365,10.320703810381035,0.7531151485690305,0.2378472222222222,3.166381938509209,0.5152679263468083
24,-3.6,4,17,-2.3633288258096963e-16,0,0,0.08843204309251407,-0.04421602154625718,0.04421602154625688,0.04421602154625688,0.04421602154625688,0.028334201660674064,35.293036026772256,16.320500156548263,0.822200424330421,0.23958333333333334,3.431793075466105,0.5826170909970876
24,-3.6,5,17,-1.2810567467005832e-16,0,0,0.09207060280635297,-0.04603530140317655,0.046035301403176423,0.046035301403176423,0.046035301403176423,0.03552750186095563,28.14720843344716,20.463841071910444,0.792918115360228,0.2222222222222222,3.5681315191210263,0.5706958931380058
24,-3.6,6,17,-3.911640514494367e-15,0,0,0.09125524906880805,-0.04562762453440368,0.045627624534404373,-0.04562762453440368,0.04562762453440368,0.01172385383397945,85.29618452779431,6.752939808372164,0.7855641362259029,0.2517361111111111,3.120585810111173,0.5338280251147918
24,-3.6,7,17,-9.643265096715079e-15,0,0,0.08911190631966462,-0.044555953159832525,0.04455595315983209,0.04455595315983209,0.04455595315983209,0.015555083015818563,64.28766718782931,8.959727817111492,0.8096074262845249,0.2482638888888889,3.2610760667124916,0.5613435373956359
24,-3.6,8,17,-4.594134539891746e-16,0,0,0.09593553478788054,-0.04796776739394032,0.04796776739394022,0.04796776739394022,0.04796776739394022,0.015923079964960774,62.80192036971055,9.171694059817407,0.7638774860073699,0.25,3.0555099440294797,0.5138774860073699
24,-3.6,9,17,-1.4356670437161708e-16,0,0,0.09433031744218301,-0.047165158721091366,0.04716515872109165,-0.047165158721091366,0.047165158721091366,0.014245820283583009,70.19602803444091,8.205592483343812,0.7705465781650807,0.234375,3.2876654001710106,0.5361715781650807
24,-3.6,10,17,1.1021505458682604e-15,0,0,0.09575306903342298,-0.047876534516711734,0.04787653451671125,0.04787653451671125,0.04787653451671125,0.0222568855239643,44.92991613419074,12.819966061803438,0.7771447531805609,0.2309027777777778,3.3656795325714515,0.5462419754027831
24,-3.6,11,17,-8.454974528223848e-15,0,0,0.10031735130565081,-0.050158675652825994,0.05015867565282482,0.05015867565282482,0.05015867565282482,0.015107794878862255,66.19099663572534,8.70208985022466,0.7700873375191533,0.2378472222222222,3.2377394628542504,0.532240115296931
24,-3.6,12,17,6.595233526979209e-15,0,0,0.10517499688190403,-0.052587498440952014,0.052587498440952014,-0.052587498440952014,0.052587498440952014,0.017311100330366487,57.76640311221796,9.971193790291096,0.8028988034412853,0.24131944444444445,3.3271202214545346,0.5615793589968409
24,-3.6,13,17,2.1623354396894325e-15,0,0,0.09201312137264822,-0.04600656068632391,0.04600656068632432,-0.04600656068632391,0.04600656068632391,0.016215097029234064,61.670922979807536,9.339895888838821,0.7822184470092379,0.234375,3.337465373906082,0.5478434470092379
24,-3.6,14,17,-4.174478019420866e-15,0,0,0.10370944639675334,-0.051854723198376376,0.05185472319837695,-0.051854723198376376,0.051854723198376376,0.018907353955603032,52.88947371208749,10.890635878427346,0.7732673563101287,0.2482638888888889,3.1146992813610774,0.5250034674212398
24,-3.6,15,17,-7.79456768811441e-15,0,0,0.09866781534589529,-0.049333907672948006,0.049333907672947284,0.049333907672947284,0.049333907672947284,0.01974223330812173,50.652830629278974,11.371526385478116,0.7872785247698836,0.25,3.1491140990795343,0.5372785247698836
24,-3.6,16,17,1.3716142063811417e-15,0,0,0.08916755324213729,-0.044583776621068855,0.04458377662106844,0.04458377662106844,0.04458377662106844,0.016069205477615516,62.23083035393412,9.255862355106537,0.7951282379378554,0.23958333333333334,3.3187961235667007,0.555544904604522
24,-3.6,17,17,-7.935925673957233e-15,0,0,0.09101103738772479,-0.04550551869386235,0.04550551869386244,-0.04550551869386235,0.04550551869386235,0.033034988395830134,30.270935409991722,19.028153315998157,0.7949612234029979,0.2326388888888889,3.4171467513442297,0.5623223345141091
24,-3.6,18,17,5.336263965566567e-15,0,0,0.09756044137837705,-0.04878022068918832,0.048780220689188726,-0.04878022068918832,0.04878022068918832,0.017098387843253085,58.485046026991,9.848671397713776,0.7730675772347126,0.2465277777777778,3.1358234118816513,0.5265397994569349
24,-3.6,19,17,-4.24405265307788e-15,0,0,0.09574206865793883,-0.04787103432896929,0.047871034328969546,-0.04787103432896929,0.04787103432896929,0.014389423177028744,69.49548899197006,8.288307749968556,0.8116658105370329,0.2621527777777778,3.096155674631331,0.5495130327592551
24,-3.6,20,17,3.4632706531491626e-15,0,0,0.10629026551330492,-0.05314513275665238,0.05314513275665255,-0.05314513275665238,0.05314513275665238,0.02315037745412234,43.19583998065362,13.334617413574469,0.746401002048334,0.2361111111111111,3.1612277733811793,0.5102898909372229
24,-3.6,21,17,-6.3147262738223575e-15,0,0,0.0972389945067905,-0.048619497253395476,0.04861949725339501,0.04861949725339501,0.04861949725339501,0.018095679461613494,55.261809987367855,10.423111369889373,0.7749893181713432,0.22569444444444445,3.433798825128413,0.5492948737268988
24,-3.6,22,17,-1.9326287126948453e-15,0,0,0.07219108910664472,-0.03609554455332249,0.03609554455332223,0.03609554455332223,0.03609554455332223,0.02182962383711936,45.80930974630849,12.57386333018075,0.7727193477895498,0.2309027777777778,3.3465138671186514,0.541816570011772
24,-3.6,23,17,-7.958012859245175e-15,0,0,0.07048397774944459,-0.03524198887472253,0.03524198887472207,0.03524198887472207,0.03524198887472207,0.013018351628656964,76.81464048019149,7.498570538106412,0.7927761903612065,0.2378472222222222,3.333132012029598,0.5549289681389843
24,-3.6,24,17,4.439524242876159e-16,0,0,0.08721424431718508,-0.043607122158592894,0.04360712215859218,0.04360712215859218,0.04360712215859218,0.014819302901845475,67.4795573464841,8.535918471462994,0.7820734478183041,0.24131944444444445,3.240822344916138,0.5407540033738597
24,-3.6,25,17,3.2070593038090463e-15,0,0,0.10589319747379217,-0.052946598736896056,0.05294659873689612,-0.052946598736896056,0.052946598736896056,0.013990837324592572,71.47535038823139,8.058722298965321,0.783909173534911,0.22916666666666666,3.420694575425066,0.5547425068682443
24,-3.6,26,17,-7.200422403868795e-16,0,0,0.08917991521900699,-0.04458995760950347,0.044589957609503524,-0.04458995760950347,0.04458995760950347,0.014099444402472424,70.92478054132714,8.121279975824116,0.8007802381945777,0.2569444444444444,3.116550116216735,0.5438357937501332
24,-3.6,27,17,-2.2727713661291382e-15,0,0,0.07076098760688987,-0.035380493803445275,0.0353804938034446,0.0353804938034446,0.0353804938034446,0.014053012676121227,71.15911890545665,8.094535301445827,0.8169175980291319,0.22743055555555555,3.591943026448702,0.5894870424735763
24,-3.6,28,17,2.082821572652845e-15,0,0,0.10038710417291515,-0.05019355208645782,0.05019355208645732,0.05019355208645732,0.05019355208645732,0.01800286896356667,55.54670214085051,10.369652523014402,0.7492494136487036,0.25,2.9969976545948143,0.49924941364870357
24,-3.6,29,17,2.113743632055962e-15,0,0,0.10755688867464716,-0.05377844433732368,0.05377844433732349,0.05377844433732349,0.05377844433732349,0.017314592430887468,57.75475247203058,9.97320524019118,0.7415672799834154,0.2465277777777778,3.0080475582425863,0.49503950220563764
24,-3.58,0,17,-5.791259982498154e-15,0,0,0.0666562313804499,-0.033328115690225174,0.03332811569022474,0.03332811569022474,0.03332811569022474,0.01586899394195084,63.01596709016488,9.140540510563685,0.776448153253078,0.2465277777777778,3.149536170942063,0.5299203754753002
24,-3.58,1,17,2.2661452105427557e-15,0,0,0.03345884633544213,-0.01672942316772135,0.016729423167720785,0.016729423167720785,0.016729423167720785,0.02562343807001948,39.02676905680517,14.75910032833122,0.8076576075784384,0.2378472222222222,3.395699138431975,0.5698103853562162
24,-3.58,2,17,1.8023143194959927e-15,0,0,0.07636599883171724,-0.03818299941585873,0.03818299941585851,0.03818299941585851,0.03818299941585851,0.013216117834589878,75.66518492917417,7.61248387272377,0.8311900211377783,0.25,3.324760084551113,0.5811900211377783
24,-3.58,3,17,-7.443381442036147e-16,0,0,0.10822525511656914,-0.05411262755828468,0.05411262755828445,0.05411262755828445,0.05411262755828445,0.017322425576221972,57.72863595804234,9.977717131903855,0.757368329760176,0.2378472222222222,3.18426392658293,0.5195211075379538
24,-3.58,4,17,-4.969616689786745e-15,0,0,0.0749299446796686,-0.03746497233983435,0.03746497233983424,0.03746497233983424,0.03746497233983424,0.02979046272105328,33.56779011335356,17.15930652732669,0.8243448994061313,0.23958333333333334,3.440743927956026,0.584761566072798
24,-3.58,5,17,-3.182763399992311e-15,0,0,0.0809569148426102,-0.04047845742130508,0.04047845742130511,-0.04047845742130508,0.04047845742130508,0.03253586300964115,30.73531504923279,18.740657093553303,0.7910288298463146,0.2222222222222222,3.559629734308416,0.5688066076240924
24,-3.58,6,17,-8.437304779993496e-16,0,0,0.07955020925485111,-0.03977510462742515,0.03977510462742596,-0.03977510462742515,0.03977510462742515,0.011436169945135665,87.44186251143867,6.587233888398143,0.7863394061406386,0.2517361111111111,3.123665503013847,0.5346032950295274
24,-3.58,7,17,-3.688559943086162e-15,0,0,0.07665201521054446,-0.03832600760527234,0.038326007605272126,0.038326007605272126,0.038326007605272126,0.014892870719535652,67.14622176154761,8.578293534452534,0.8108290863224633,0.2482638888888889,3.265996879172999,0.5625651974335744
24,-3.58,8,17,-2.9486392359401355e-15,0,0,0.08424891017976349,-0.04212445508988167,0.042124455089881815,-0.04212445508988167,0.04212445508988167,0.015451976716791788,64.7166390636152,8.90033858887207,0.7681999499178007,0.25,3.072799799671203,0.5181999499178007
24,-3.58,9,17,-2.23080571408205e-16,0,0,0.08408375556571547,-0.042041877782858096,0.042041877782857374,0.042041877782857374,0.042041877782857374,0.014108625186942088,70.87862826815521,8.126568107678644,0.7708441350456059,0.234375,3.288934976194585,0.5364691350456059
24,-3.58,10,17,-1.7294266080457872e-15,0,0,0.0839592607764181,-0.04197963038820907,0.04197963038820903,0.04197963038820903,0.04197963038820903,0.021216669043484473,47.1327519862075,12.220801369047056,0.7790734218387725,0.2309027777777778,3.3740322630009993,0.5481706440609947
24,-3.58,11,17,-2.255101617898785e-15,0,0,0.08727022494684464,-0.04363511247342261,0.04363511247342203,0.04363511247342203,0.04363511247342203,0.015085334943567457,66.2895456906252,8.689152927494856,0.7756143850262142,0.2378472222222222,3.2609772684313825,0.537767162803992
24,-3.58,12,17,-1.2810567467005832e-16,0,0,0.09207682887206353,-0.04603841443603161,0.04603841443603191,-0.04603841443603161,0.04603841443603161,0.01707269134383693,58.573073211505694,9.83387021405007,0.8048694139123221,0.24131944444444445,3.3352862044136513,0.5635499694678777
24,-3.58,13,17,3.982319507415778e-15,0,0,0.07976615931535583,-0.03988307965767796,0.039883079657677865,0.039883079657677865,0.039883079657677865,0.016754997254835285,59.68368629313934,9.650878418785124,0.7897355650707996,0.234375,3.3695384109687447,0.5553605650707996
24,-3.58,14,17,-2.2749800846579323e-15,0,0,0.09126741083380012,-0.045633705416899865,0.045633705416900254,-0.045633705416899865,0.045633705416899865,0.019008729128262968,52.60740964071914,10.949027977879469,0.7755445297767174,0.2482638888888889,3.123871672387337,0.5272806408878286
24,-3.58,15,17,-2.3898334481552257e-15,0,0,0.08550756465304898,-0.04275378232652272,0.04275378232652626,-0.04275378232652272,0.04275378232652272,0.020958480789607062,47.71338199741473,12.072084934813667,0.7935554281643995,0.25,3.174221712657598,0.5435554281643995
24,-3.58,16,17,-4.459402709635306e-15,0,0,0.07690886515490844,-0.0384544325774542,0.03845443257745424,-0.0384544325774542,0.0384544325774542,0.01650919825102427,60.57229338426278,9.509298192589979,0.7957089851710106,0.23958333333333334,3.321220112018131,0.5561256518376773
24,-3.58,17,17,3.4787316828507214e-15,0,0,0.07994903910373546,-0.03997451955186748,0.039974519551867975,-0.03997451955186748,0.03997451955186748,0.030751558802416253,32.51867674172753,17.71289787019176,0.7949670324603794,0.2326388888888889,3.417171721620735,0.5623281435714904
24,-3.58,18,17,-3.8431702401017495e-16,0,0,0.0845308741441995,-0.0422654370720995,0.0422654370721,-0.0422654370720995,0.0422654370720995,0.016421688715147736,60.89507707435578,9.458892699925096,0.7754705332742886,0.2465277777777778,3.1455706138450017,0.5289427554965108
24,-3.58,19,17,4.6935268736874815e-15,0,0,0.08189749696597684,-0.04094874848298822,0.04094874848298862,-0.04094874848298822,0.04094874848298822,0.014485014772278005,69.03686435403847,8.343368508832132,0.8135087268852688,0.2621527777777778,3.1031856071914885,0.551355949107491
24,-3.58,20,17,-2.798446375982136e-15,0,0,0.09522841394489412,-0.047614206972447136,0.047614206972446976,0.047614206972446976,0.047614206972446976,0.02364336182402031,42.29516967354689,13.618576410635697,0.7520850371485823,0.2361111111111111,3.1853013338057603,0.5159739260374712
24,-3.58,21,17,6.387613985272563e-15,0,0,0.08485489748483035,-0.04242744874241518,0.042427448742415184,-0.04242744874241518,0.04242744874241518,0.01764872350727374,56.66132168640187,10.165664740189673,0.7769325442140513,0.22569444444444445,3.4424088112868736,0.5512380997696069
24,-3.58,22,17,-2.3854160110976374e-16,0,0,0.06151675501029347,-0.030758377505146827,0.030758377505146636,0.030758377505146636,0.030758377505146636,0.02045339822737913,48.89163105724845,11.78115737897038,0.7722393854249083,0.2309027777777778,3.3444352331184,0.5413366076471305
24,-3.58,23,17,8.746525374024671e-16,0,0,0.05871667706814772,-0.029358338534073897,0.029358338534073818,0.029358338534073818,0.029358338534073818,0.012541074818963684,79.7379821455075,7.2236590957230815,0.7917779042743669,0.2378472222222222,3.328934838409017,0.5539306820521447
24,-3.58,24,17,5.9701661833304765e-15,0,0,0.07735269708245725,-0.03867634854122895,0.0386763485412283,0.0386763485412283,0.0386763485412283,0.014193733306337188,70.45362755643168,8.17559038445022,0.7828225193209819,0.24131944444444445,3.2439264109991766,0.5415030748765375
24,-3.58,25,17,-5.254541380001185e-15,0,0,0.09503702474592726,-0.047518512372963916,0.04751851237296335,0.04751851237296335,0.04751851237296335,0.013495046500288963,74.10126374730072,7.7731467841664434,0.7828068611132062,0.22916666666666666,3.415884484857627,0.5536401944465396
24,-3.58,26,17,5.0800526162264503e-17,0,0,0.07583493688166183,-0.03791746844083104,0.03791746844083079,0.03791746844083079,0.03791746844083079,0.014380666276807836,69.53780727202691,8.283263775441313,0.8047916650837854,0.2569444444444444,3.1321621560017596,0.547847220639341
24,-3.58,27,17,-4.664813532813158e-15,0,0,0.057504286464206245,-0.028752143232103095,0.028752143232103147,-0.028752143232103095,0.028752143232103095,0.013896646785445629,71.9598055156248,8.004468548416682,0.8164151435011355,0.22743055555555555,3.5897337607378175,0.58898458794558
24,-3.58,28,17,-2.115952350584756e-15,0,0,0.0883514767426105,-0.04417573837130562,0.04417573837130488,0.04417573837130488,0.04417573837130488,0.01772670480286521,56.41206367008309,10.210581966450361,0.7523606549169448,0.25,3.0094426196677793,0.5023606549169448
24,-3.58,29,17,1.8553235641870513e-15,0,0,0.09592697322807037,-0.0479634866140352,0.04796348661403516,0.04796348661403516,0.04796348661403516,0.017132633126526513,58.36814415010712,9.868396680879272,0.7451647717703813,0.2465277777777778,3.022640200984082,0.4986369939926035
24,-3.56,0,17,-5.221410602069273e-15,0,0,0.05445750169415815,-0.027228750847079007,0.027228750847079146,-0.027228750847079007,0.027228750847079007,0.01575547860555608,63.46998558630619,9.075155676800303,0.7767700640907447,0.2465277777777778,3.15084195011457,0.5302422863129669
24,-3.56,1,17,1.5151809107527586e-15,0,0,0.020969402182531086,-0.010484701091265614,0.010484701091265472,0.010484701091265472,0.010484701091265472,0.024662979046231846,40.54660218157165,14.205875930629542,0.8080336687409369,0.2378472222222222,3.397280242297662,0.5701864465187146
24,-3.56,2,17,2.325780610820197e-15,0,0,0.0644447979937591,-0.032222398996879134,0.03222239899687997,-0.032222398996879134,0.032222398996879134,0.011977643310270101,83.48887791161395,6.899122546715579,0.8233239601139036,0.25,3.2932958404556145,0.5733239601139036
24,-3.56,3,17,7.664253294915558e-15,0,0,0.09778363895842565,-0.04889181947921267,0.04889181947921297,-0.04889181947921267,0.04889181947921267,0.016389534849033053,61.01454429373253,9.44037207304304,0.7614395621843748,0.2378472222222222,3.2013809329795615,0.5235923399621526
24,-3.56,4,17,-7.20263112239759e-15,0,0,0.06149390318356071,-0.03074695159178024,0.030746951591780466,-0.03074695159178024,0.03074695159178024,0.030849733591819365,32.415190783533276,17.769446548887956,0.825515013624498,0.23958333333333334,3.445627882954426,0.5859316802911646
24,-3.56,5,17,1.824401504783934e-15,0,0,0.07013952658956088,-0.0350697632947808,0.03506976329478008,0.03506976329478008,0.03506976329478008,0.02831285967731329,35.319639605365836,16.308207174132455,0.7860225034979491,0.2222222222222222,3.537101265740771,0.5638002812757269
24,-3.56,6,17,-9.404723495605316e-15,0,0,0.068022927078226,-0.03401146353911315,0.03401146353911286,0.03401146353911286,0.03401146353911286,0.011132306740439166,89.82864228555655,6.4122086824929605,0.7866220001796662,0.2517361111111111,3.124788083472329,0.534885889068555
24,-3.56,7,17,-3.2092680223378403e-15,0,0,0.06440920343130555,-0.03220460171565277,0.03220460171565277,-0.03220460171565277,0.03220460171565277,0.014115374793879613,70.84473594237095,8.130455881274656,0.8115894990312917,0.2482638888888889,3.269059800293874,0.5633256101424029
24,-3.56,8,17,-3.628924542808721e-15,0,0,0.07268140417045788,-0.03634070208522952,0.036340702085228355,0.036340702085228355,0.036340702085228355,0.014871058617902576,67.24470837578076,8.565729763911884,0.7725970893890656,0.25,3.0903883575562623,0.5225970893890656
24,-3.56,9,17,-7.045812106853207e-16,0,0,0.07444199057693142,-0.03722099528846577,0.03722099528846565,0.03722099528846565,0.03722099528846565,0.01379491017423536,72.49050464045006,7.945868260359568,0.7703626780096471,0.234375,3.2868807595078278,0.5359876780096471
24,-3.56,10,17,-1.4356670437161708e-16,0,0,0.07250013159902205,-0.036250065799511164,0.03625006579951088,0.03625006579951088,0.03625006579951088,0.019902522771850846,50.244886613789035,11.463853116586087,0.7809066318445508,0.2309027777777778,3.381971578514746,0.550003854066773
24,-3.56,11,17,1.17724697584726e-15,0,0,0.07410830417951664,-0.03705415208975834,0.037054152089758305,0.037054152089758305,0.037054152089758305,0.015139878624405774,66.05072767148746,8.720570087657727,0.7804561730264977,0.2378472222222222,3.2813339829435235,0.5426089508042755
24,-3.56,12,17,3.6002112019343976e-16,0,0,0.07900004432415039,-0.039500022162074815,0.03950002216207558,-0.039500022162074815,0.039500022162074815,0.01676437254618803,59.65030884662518,9.656278586604305,0.8065339807537047,0.24131944444444445,3.342183977799525,0.5652145363092603
24,-3.56,13,17,-1.981220520328316e-15,0,0,0.0673922185877876,-0.033696109293893904,0.033696109293893696,0.033696109293893696,0.033696109293893696,0.017192726480353353,58.164131276253954,9.903010452683532,0.7958212459740923,0.234375,3.395503982822794,0.5614462459740923
24,-3.56,14,17,8.680263818160848e-16,0,0,0.07895052736330513,-0.03947526368165263,0.03947526368165251,0.03947526368165251,0.03947526368165251,0.018801754085787353,53.18652692920398,10.829810353413516,0.7771105891810542,0.2482638888888889,3.1301797158621483,0.5288467002921653
24,-3.56,15,17,-9.811127704903432e-15,0,0,0.07226691347306749,-0.03613345673653368,0.03613345673653381,-0.03613345673653368,0.03613345673653368,0.021858818537653542,45.74812670124055,12.590679477688441,0.7991217210500494,0.25,3.1964868842001977,0.5491217210500494
24,-3.56,16,17,-2.716723790416754e-15,0,0,0.06483506818114594,-0.03241753409057271,0.032417534090573234,-0.03241753409057271,0.03241753409057271,0.016838164914772576,59.38889451799305,9.698782990909002,0.7957894072455527,0.23958333333333334,3.321555786764046,0.5562060739122193
24,-3.56,17,17,-3.7018122542589264e-15,0,0,0.06945159678578902,-0.03472579839289423,0.034725798392894795,-0.03472579839289423,0.03472579839289423,0.027944790242328706,35.78484545163176,16.096199179581333,0.7942264727969239,0.2326388888888889,3.4139884203808073,0.5615875839080351
24,-3.56,18,17,-6.4163273261468866e-15,0,0,0.07145638980433534,-0.03572819490216769,0.03572819490216765,0.03572819490216765,0.03572819490216765,0.015690782495980493,63.73168452600563,9.037890717684764,0.7775228436139121,0.2465277777777778,3.1538954783212207,0.5309950658361343
24,-3.56,19,17,5.8199733233724766e-15,0,0,0.0679927012728945,-0.033996350636447584,0.033996350636446925,0.033996350636446925,0.033996350636446925,0.014499149623655831,68.9695620747625,8.35151018322576,0.814673231894336,0.2621527777777778,3.1076276925240895,0.5525204541165583
24,-3.56,20,17,-3.290990607903222e-16,0,0,0.08422348160677229,-0.04211174080338612,0.04211174080338616,-0.04211174080338612,0.04211174080338612,0.023824246461085226,41.974045291774935,13.722765961585091,0.7573119576627203,0.2361111111111111,3.207438879512698,0.5212008465516091
24,-3.56,21,17,1.1617859461457012e-15,0,0,0.07243135107584836,-0.036215675537923715,0.036215675537924645,-0.036215675537923715,0.036215675537923715,0.017113347189714613,58.4339223013611,9.857287981275617,0.7784819419486729,0.22569444444444445,3.4492738350956587,0.5527874975042285
24,-3.56,22,17,-6.736591512822032e-16,0,0,0.05133590581704345,-0.02566795290852188,0.025667952908521564,0.025667952908521564,0.025667952908521564,0.018746496204570744,53.34330154752766,10.797981813832749,0.7712738895826302,0.2309027777777778,3.34025383759094,0.5403711118048524
24,-3.56,23,17,-7.984517481590704e-15,0,0,0.04722095442628613,-0.023610477213143043,0.02361047721314308,-0.023610477213143043,0.023610477213143043,0.012013765944371556,83.23784603682076,6.919929183958017,0.7904790802037209,0.2378472222222222,3.323474089031703,0.5526318579814987
24,-3.56,24,17,-4.700153029273864e-15,0,0,0.06824698875573973,-0.034123494377870454,0.03412349437786927,0.03412349437786927,0.03412349437786927,0.013391953405573144,74.67170544245202,7.713765161610132,0.7831832450078274,0.24131944444444445,3.2454212167230834,0.541863800563383
24,-3.56,25,17,-4.16564314530569e-15,0,0,0.08476584097006741,-0.04238292048503403,0.04238292048503338,0.04238292048503338,0.04238292048503338,0.012850171255935648,77.81997454221383,7.401698643418934,0.7811472397340478,0.22916666666666666,3.4086425006576633,0.5519805730673811
24,-3.56,26,17,2.902256146835459e-15,0,0,0.062462273247289965,-0.031231136623644833,0.031231136623645135,-0.031231136623644833,0.031231136623644833,0.014615224807577775,68.42180077048934,8.418369489164798,0.8077284206141944,0.2569444444444444,3.143591691039027,0.55078397616975
24,-3.56,27,17,7.70842766549144e-16,0,0,0.04445664915671617,-0.022228324578358,0.022228324578358168,-0.022228324578358,0.022228324578358,0.013598768062706532,73.5360729287247,7.832890404118962,0.8148231440339526,0.22743055555555555,3.582733824149288,0.587392588478397
24,-3.56,28,17,-3.021526947390341e-15,0,0,0.0764700891077902,-0.03823504455389553,0.03823504455389467,0.03823504455389467,0.03823504455389467,0.01726620017861589,57.91662263006168,9.945331302882751,0.7551684001673626,0.25,3.0206736006694506,0.5051684001673626
24,-3.56,29,17,-2.2661452105427557e-15,0,0,0.08446582049484272,-0.04223291024742117,0.04223291024742155,-0.04223291024742117,0.04223291024742117,0.016768151527682726,59.63686565863202,9.658455279945251,0.7486427058576801,0.2465277777777778,3.036747877281857,0.5021149280799023
24,-3.54,0,17,-1.7338440451033755e-15,0,0,0.04231113023842295,-0.021155565119211638,0.021155565119211316,0.021155565119211316,0.021155565119211316,0.01562891255610989,63.98397818209463,9.002253632319295,0.7769083111999979,0.2465277777777778,3.151402727121118,0.5303805334222201
24,-3.54,1,17,-5.060174149467303e-15,0,0,0.008838704638635543,-0.004419352319318013,0.0044193523193175295,0.0044193523193175295,0.0044193523193175295,0.023219104068837922,43.06798389099293,13.374203943650642,0.8072808642969675,0.2378472222222222,3.3941151666792213,0.5694336420747453
24,-3.54,2,17,-5.934826686869771e-15,0,0,0.05263770368476066,-0.026318851842380763,0.026318851842379892,0.026318851842379892,0.026318851842379892,0.010873625947960389,91.96564281186942,6.263208546025184,0.8107387203007578,0.25,3.242954881203031,0.5607387203007578
24,-3.54,3,17,-6.082810828298976e-15,0,0,0.08784710245330073,-0.04392355122665024,0.04392355122665049,-0.04392355122665024,0.04392355122665024,0.015112478376715324,66.17048342916131,8.704787544988026,0.7652347237220076,0.2378472222222222,3.2173372325830396,0.5273875014997854
24,-3.54,4,17,3.5030275866674568e-15,0,0,0.0482564292818711,-0.024128214640935865,0.024128214640935234,0.024128214640935234,0.024128214640935234,0.03131162313096926,31.937022102534634,18.035494923438293,0.8256468056440606,0.23958333333333334,3.446177971383905,0.5860634723107272
24,-3.54,5,17,5.8155558863148885e-15,0,0,0.05949129159803112,-0.029745645799015293,0.029745645799015827,-0.029745645799015293,0.029745645799015293,0.023532491974637353,42.49443709904465,13.554715377391114,0.7757423157165428,0.2222222222222222,3.490840420724443,0.5535200934943206
24,-3.54,6,17,-1.8376538159566985e-15,0,0,0.05685580315893609,-0.028427901579467913,0.028427901579468177,-0.028427901579467913,0.028427901579467913,0.010743326571119753,93.0810390413155,6.188156104964978,0.7862817606732881,0.2517361111111111,3.1234365113642344,0.534545649562177
24,-3.54,7,17,-3.743777906306014e-15,0,0,0.052559135952252936,-0.02627956797612656,0.026279567976126374,0.026279567976126374,0.026279567976126374,0.013190770657498886,75.81058195652163,7.597883898719358,0.8116471350033081,0.2482638888888889,3.269291956376961,0.5633832461144193
24,-3.54,8,17,2.292649832888285e-15,0,0,0.061376145212631246,-0.03068807260631567,0.030688072606315574,0.030688072606315574,0.030688072606315574,0.014125620974403966,70.79334790392784,8.136357681256683,0.7769128984022742,0.25,3.1076515936090967,0.5269128984022742
24,-3.54,9,17,-2.0761954170664623e-16,0,0,0.06568380948245281,-0.03284190474122622,0.0328419047412266,-0.03284190474122622,0.03284190474122622,0.013278853208691384,75.30770799887085,7.648619448206237,0.7689600703986019,0.234375,3.280896300367368,0.5345850703986019
24,-3.54,10,17,-5.0380869641793625e-15,0,0,0.06156533138676339,-0.030782665693381797,0.030782665693381596,0.030782665693381596,0.030782665693381596,0.01826159753522999,54.75972176425505,10.518680180292474,0.7827609627114873,0.2309027777777778,3.390002364825689,0.5518581849337095
24,-3.54,11,17,5.3274290914513905e-15,0,0,0.060875650330094025,-0.03043782516504673,0.030437825165047293,-0.03043782516504673,0.03043782516504673,0.015229318396966472,65.66282048441445,8.772087396652688,0.7846460445938737,0.2378472222222222,3.2989497933289873,0.5467988223716514
24,-3.54,12,17,5.004956186247451e-15,0,0,0.06601799449342925,-0.033008997246714564,0.03300899724671469,-0.033008997246714564,0.033008997246714564,0.016379529068461813,61.05181631414933,9.434608743434005,0.8079517041666786,0.24131944444444445,3.348058860431704,0.5666322597222342
24,-3.54,13,17,-1.6344517113076405e-15,0,0,0.054968845186619764,-0.0274844225933099,0.027484422593309864,0.027484422593309864,0.027484422593309864,0.01745146683101986,57.30177352327238,10.05204489466744,0.8006582283878338,0.234375,3.4161417744547578,0.5662832283878338
24,-3.54,14,17,-5.305341906163449e-15,0,0,0.06688256131505757,-0.033441280657528855,0.033441280657528716,0.033441280657528716,0.033441280657528716,0.018202490667337333,54.93753675118793,10.484634624386304,0.7779731898283131,0.2482638888888889,3.1336542471406177,0.5297093009394243
24,-3.54,15,17,1.0513500197059959e-15,0,0,0.05904413450517153,-0.029522067252585698,0.029522067252585833,-0.029522067252585698,0.029522067252585698,0.022236610708204343,44.97088216915375,12.808287767925702,0.8035719506536813,0.25,3.214287802614725,0.5535719506536813
24,-3.54,16,17,-1.2700131540566126e-15,0,0,0.05313092687120957,-0.02656546343560444,0.02656546343560513,-0.02656546343560444,0.02656546343560444,0.016898754163588228,59.17595997429808,9.733682398226819,0.7952098449828768,0.23958333333333334,3.3191367442763555,0.5556265116495435
24,-3.54,17,17,3.675307631913397e-15,0,0,0.059779947701643396,-0.029889973850822014,0.029889973850821382,0.029889973850821382,0.029889973850821382,0.02461467360281072,40.626173482382114,14.178051995218976,0.7925992630508731,0.2326388888888889,3.4069938471440517,0.5599603741619843
24,-3.54,18,17,-3.885135892148837e-15,0,0,0.05839098052187604,-0.02919549026093771,0.029195490260938328,-0.02919549026093771,0.02919549026093771,0.014919590928927782,67.0259663796202,8.593684375062402,0.7792168003934037,0.2465277777777778,3.160766739623947,0.5326890226156259
24,-3.54,19,17,5.678615337529654e-15,0,0,0.054072312006166315,-0.02703615600308354,0.027036156003082772,0.027036156003082772,0.027036156003082772,0.01442074582430105,69.34454099557422,8.306349594797405,0.8152480599580603,0.2621527777777778,3.1098204141446537,0.5530952821802825
24,-3.54,20,17,7.443381442036147e-16,0,0,0.0733904804823868,-0.03669524024119351,0.03669524024119329,0.03669524024119329,0.03669524024119329,0.023632580439757772,42.31446508979913,13.612366333300477,0.7621744662205694,0.2361111111111111,3.2280330334047647,0.5260633551094582
24,-3.54,21,17,7.498599405256e-15,0,0,0.059991391725008086,-0.029995695862504532,0.029995695862503554,0.029995695862503554,0.029995695862503554,0.016511422402224245,60.5641340666865,9.510579303681165,0.7796638183935509,0.22569444444444445,3.4545104568821947,0.5539693739491065
24,-3.54,22,17,3.1584674961755756e-16,0,0,0.04188502966653695,-0.020942514833268505,0.020942514833268443,0.020942514833268443,0.020942514833268443,0.016650218981799848,60.05927015693234,9.590526133516713,0.7698177961606351,0.2309027777777778,3.333947748785908,0.5389150183828573
24,-3.54,23,17,2.915508458008224e-15,0,0,0.03621356102361421,-0.01810678051180713,0.01810678051180708,0.01810678051180708,0.01810678051180708,0.011359250236797772,88.03397928153265,6.542928136395517,0.7888776517464047,0.2378472222222222,3.316741075955687,0.5510304295241825
24,-3.54,24,17,4.806171518655981e-15,0,0,0.060209588620761874,-0.030104794310381055,0.03010479431038082,0.03010479431038082,0.03010479431038082,0.012420281156422436,80.51347529141137,7.154081946099323,0.7831228379590682,0.24131944444444445,3.245170896866355,0.5418033935146238
24,-3.54,25,17,-3.0082746362175763e-15,0,0,0.07531141187051431,-0.03765570593525715,0.03765570593525716,-0.03765570593525715,0.03765570593525715,0.012059753225194706,82.92043637434006,6.946417857712151,0.7788727619109491,0.22916666666666666,3.3987175065205055,0.5497060952442825
24,-3.54,26,17,-5.941452842456153e-16,0,0,0.04915805299772183,-0.02457902649886089,0.02457902649886094,-0.02457902649886089,0.02457902649886089,0.014746374387885685,67.81327895903087,8.493911647422154,0.8096391729747292,0.2569444444444444,3.1510281326584058,0.5526947285302848
24,-3.54,27,17,2.981770013872047e-16,0,0,0.03182132951358878,-0.01591066475679464,0.015910664756794136,0.015910664756794136,0.015910664756794136,0.013054728835861751,76.60059527647702,7.519523809456369,0.811677567082095,0.22743055555555555,3.5689028903762345,0.5842470115265395
24,-3.54,28,17,-5.521796321985272e-15,0,0,0.06490049227787961,-0.03245024613894006,0.03245024613893955,0.03245024613893955,0.03245024613893955,0.016539702176762847,60.46058080809531,9.5268684538154,0.7577391405412406,0.25,3.0309565621649623,0.5077391405412406
24,-3.54,29,17,-7.553817368475852e-15,0,0,0.07333102942074432,-0.03666551471037205,0.03666551471037228,-0.03666551471037205,0.03666551471037205,0.016146012649157365,61.93479602235964,9.300103285914641,0.7522012781968833,0.2465277777777778,3.0511826495873575,0.5056735004191055
24,-3.52,0,17,-5.8111384492573e-15,0,0,0.030323405636960857,-0.015161702818480654,0.015161702818480203,0.015161702818480203,0.015161702818480203,0.015388352153205533,64.98421598648501,8.863690840246386,0.7767980361247802,0.2465277777777778,3.150955414139953,0.5302702583470024
24,-3.52,1,17,3.290990607903222e-16,0,0,0.0024111773552024807,-0.0012055886776014115,0.001205588677601069,0.001205588677601069,0.001205588677601069,0.020497525954914334,48.78637559477013,11.806574950030658,0.8031916645781931,0.2378472222222222,3.376922618956491,0.5653444423559709
24,-3.52,2,17,-2.431799100202314e-15,0,0,0.040702277527865725,-0.020351138763932915,0.02035113876393281,0.02035113876393281,0.02035113876393281,0.010664267146199002,93.77109428062515,6.142617876210625,0.7961743239029702,0.25,3.1846972956118806,0.5461743239029702
24,-3.52,3,17,-2.5687396489875488e-15,0,0,0.07866309759384676,-0.03933154879692313,0.03933154879692363,-0.03933154879692313,0.03933154879692313,0.013531591109141665,73.90113933640963,7.794196478865599,0.7685351334447503,0.2378472222222222,3.2312134077677097,0.5306879112225281
24,-3.52,4,17,-3.971275914771808e-15,0,0,0.035472430856699946,-0.0177362154283499,0.01773621542835005,-0.0177362154283499,0.0177362154283499,0.03072248586913609,32.549449424748644,17.696151860622386,0.8243423142580907,0.23958333333333334,3.4407331377729,0.5847589809247573
24,-3.52,5,17,-4.558795043431041e-15,0,0,0.048684890058071556,-0.024342445029035775,0.024342445029035778,-0.024342445029035775,0.024342445029035775,0.02073263253557902,48.23314155999785,11.941996340493516,0.760383792153249,0.2222222222222222,3.421727064689621,0.5381615699310268
24,-3.52,6,17,-6.09606313947174e-16,0,0,0.04637530361258706,-0.02318765180629404,0.023187651806293015,0.023187651806293015,0.023187651806293015,0.010158192656074481,98.44270864483079,5.8511189698989,0.7850676404709391,0.2517361111111111,3.1186135235259376,0.533331529359828
24,-3.52,7,17,-7.045812106853207e-16,0,0,0.04142838826852298,-0.020714194134261527,0.020714194134261454,0.020714194134261454,0.020714194134261454,0.012044103435668333,83.02818099672933,6.937403578944959,0.810437651288558,0.2482638888888889,3.2644201898056604,0.5621737623996692
24,-3.52,8,17,-2.0761954170664623e-15,0,0,0.050595804898153476,-0.025297902449076634,0.025297902449076842,-0.025297902449076634,0.025297902449076634,0.013111119960409756,76.27113496174185,7.5520050971960195,0.7807816329769711,0.25,3.1231265319078845,0.5307816329769711
24,-3.52,9,17,-1.8067317565535812e-15,0,0,0.0581932589468193,-0.029096629473409817,0.029096629473409484,0.029096629473409484,0.029096629473409484,0.012604082267956854,79.33937423927192,7.259951386343148,0.7664768456913095,0.234375,3.2703012082829206,0.5321018456913095
24,-3.52,10,17,-4.022076440934072e-15,0,0,0.05145260115646679,-0.02572630057823352,0.02572630057823327,0.02572630057823327,0.02572630057823327,0.016251326410395377,61.53343885581774,9.360764012387737,0.7847911619964736,0.2309027777777778,3.3987948068418703,0.5538883842186958
24,-3.52,11,17,-8.348956038841732e-15,0,0,0.04764330987458289,-0.023821654937290576,0.02382165493729231,-0.023821654937290576,0.023821654937290576,0.01528333737447372,65.43073515279478,8.803202327696862,0.7882322164545497,0.2378472222222222,3.31402742100599,0.5503849942323275
24,-3.52,12,17,-1.7404702006897577e-15,0,0,0.0532600036514933,-0.02663000182574669,0.026630001825746607,0.026630001825746607,0.026630001825746607,0.015874906140931823,62.992498419981345,9.14394593717673,0.8091748151425537,0.24131944444444445,3.353127291525978,0.5678553706981093
24,-3.52,13,17,4.284913945860571e-16,0,0,0.042602602644630824,-0.021301301322315516,0.021301301322315305,0.021301301322315305,0.021301301322315305,0.017422551912749933,57.39687303030469,10.035389901743962,0.8044421736798014,0.234375,3.432286607700486,0.5700671736798014
24,-3.52,14,17,-3.53174092754178e-15,0,0,0.05525758618623332,-0.027628793093116537,0.027628793093116777,-0.027628793093116537,0.027628793093116537,0.017099350984654753,58.481751786802725,9.849226167161138,0.7781418076750759,0.2482638888888889,3.134333435110795,0.5298779187861871
24,-3.52,15,17,-4.240739575284689e-16,0,0,0.0460221593078341,-0.023011079653916484,0.023011079653917618,-0.023011079653916484,0.023011079653916484,0.021910657948453285,45.63988915132473,12.620538978309092,0.8066204410026151,0.25,3.2264817640104604,0.5566204410026151
24,-3.52,16,17,-1.583651185145376e-15,0,0,0.04213735802534839,-0.02106867901267471,0.021068679012673678,0.021068679012673678,0.021068679012673678,0.016422571702392995,60.89180294790774,9.459401300578365,0.7936129579975632,0.23958333333333334,3.3124714768593937,0.5540296246642298
24,-3.52,17,17,-2.0386472020769625e-15,0,0,0.05131200376732761,-0.025656001883663734,0.02565600188366388,-0.025656001883663734,0.025656001883663734,0.02086881365046305,47.918392331698804,12.020436662666716,0.7899268936080114,0.2326388888888889,3.395506647150855,0.5572880047191224
24,-3.52,18,17,-2.0739866985376682e-15,0,0,0.04544005513122028,-0.022720027565610933,0.022720027565609348,0.022720027565609348,0.022720027565609348,0.014082473782967817,71.01025113992824,8.111504898989462,0.7804627388234562,0.2465277777777778,3.165820687058526,0.5339349610456784
24,-3.52,19,17,-2.537817589584431e-15,0,0,0.04021910525721434,-0.02010955262860749,0.02010955262860685,0.02010955262860685,0.02010955262860685,0.014197058629751236,70.4371254693848,8.177505770736712,0.8151783339203114,0.2621527777777778,3.109554439325161,0.5530255561425336
24,-3.52,20,17,5.742668174864683e-16,0,0,0.06289259708320506,-0.03144629854160249,0.03144629854160257,-0.03144629854160249,0.03144629854160249,0.022988252409079177,43.50047938420284,13.241233387629606,0.7667833661493285,0.2361111111111111,3.247553080161862,0.5306722550382175
24,-3.52,21,17,-3.288781889374428e-15,0,0,0.04756601011938058,-0.0237830050596905,0.02378300505969008,0.02378300505969008,0.02378300505969008,0.01586575495966877,63.02883175380121,9.138674856769212,0.7804709142245704,0.22569444444444445,3.458086512256558,0.554776469780126
24,-3.52,22,17,-4.951946941556392e-15,0,0,0.033553597109291525,-0.01677679855464587,0.01677679855464565,0.01677679855464565,0.01677679855464565,0.014146870630473284,70.6870110090591,8.148597483152612,0.7678973774881481,0.2309027777777778,3.3256307476178444,0.5369945997103703
24,-3.52,23,17,3.5781240166464566e-16,0,0,0.026168085364315728,-0.01308404268215768,0.013084042682158048,-0.01308404268215768,0.01308404268215768,0.010418349953660215,95.98448933352216,6.000969573308284,0.7868737645977961,0.2378472222222222,3.308315973783435,0.5490265423755739
24,-3.52,24,17,-3.3329562599503104e-15,0,0,0.053663536502153324,-0.026831768251076762,0.02683176825107656,0.02683176825107656,0.02683176825107656,0.011354931464350366,88.06746241838384,6.540440523465811,0.7825759665640943,0.24131944444444445,3.242904724754808,0.5412565221196499
24,-3.52,25,17,-5.36497730644089e-15,0,0,0.06699322275740346,-0.03349661137870138,0.033496611378702086,-0.03349661137870138,0.03349661137870138,0.01117514115919653,89.48432827419407,6.436881307697202,0.7759175700058906,0.22916666666666666,3.3858221236620683,0.5467509033392239
24,-3.52,26,17,-3.0524490067934586e-15,0,0,0.03611034122058911,-0.018055170610294748,0.018055170610294356,0.018055170610294356,0.018055170610294356,0.014626835121730675,68.36748973223389,8.42505703011687,0.8103317829531468,0.2569444444444444,3.1537236958176527,0.5533873385087024
24,-3.52,27,17,-7.107656225659443e-15,0,0,0.020050251440462456,-0.010025125720231445,0.010025125720231011,0.010025125720231011,0.010025125720231011,0.012035231817870008,83.08938416252124,6.932293527093124,0.8055376338822599,0.22743055555555555,3.541905932184593,0.5781070783267043
24,-3.52,28,17,-3.4014265343429274e-16,0,0,0.05391350512034383,-0.026956752560172163,0.026956752560171666,0.026956752560171666,0.026956752560171666,0.015409084420418037,64.89678248987559,8.87563262616079,0.7601673653958814,0.25,3.0406694615835255,0.5101673653958814
24,-3.52,29,17,-3.732734313662044e-16,0,0,0.06277808253228216,-0.03138904126614156,0.0313890412661406,0.0313890412661406,0.0313890412661406,0.015151040437890504,66.00206791733909,8.72699929222493,0.7561754036815521,0.2465277777777778,3.067303045919535,0.5096476259037743
24,-3.5,0,17,3.737151750719632e-15,0,0,0.01878293939798176,-0.009391469698990679,0.009391469698991082,-0.009391469698990679,0.009391469698990679,0.014705705914807103,68.00081585972048,8.47048660692889,0.7762606429030537,0.2465277777777778,3.148775565578584,0.529732865125276
24,-3.5,1,17,-6.758678698109973e-16,0,0,0.01084231030302454,-0.005421155151512064,0.005421155151512476,-0.005421155151512064,0.005421155151512064,0.014612947424576804,68.4324640981154,8.417057716556238,0.7863484925392654,0.2378472222222222,3.306107530676036,0.5485012703170432
24,-3.5,2,17,-1.0160105232452901e-16,0,0,0.02846449167369463,-0.014232245836846938,0.01423224583684769,-0.014232245836846938,0.014232245836846938,0.011375410439051329,87.9089159338849,6.552236412893566,0.7844261934376296,0.25,3.1377047737505186,0.5344261934376296
24,-3.5,3,17,-1.055767456763584e-15,0,0,0.07056360632104082,-0.03528180316052029,0.03528180316052053,-0.03528180316052029,0.03528180316052029,0.011771148843337105,84.95347508633671,6.7801817337621735,0.7709625572505945,0.2378472222222222,3.241419218805419,0.5331153350283723
24,-3.5,4,17,2.0231861723754037e-15,0,0,0.023713306235737072,-0.011856653117868331,0.011856653117868739,-0.011856653117868331,0.011856653117868331,0.028013890476412447,35.696577054943326,16.136000914413568,0.8203432898025957,0.23958333333333334,3.4240415574369214,0.5807599564692624
24,-3.5,5,17,-9.872971823709666e-16,0,0,0.03748845150866361,-0.018744225754331784,0.018744225754331826,-0.018744225754331784,0.018744225754331784,0.020732970337944127,48.232355697237715,11.942190914655818,0.7463779179966109,0.2222222222222222,3.358700630984749,0.5241556957743887
24,-3.5,6,17,-2.2727713661291382e-15,0,0,0.03718960758759669,-0.01859480379379789,0.0185948037937988,-0.01859480379379789,0.01859480379379789,0.00925191921265845,108.08568222599725,5.329105466491267,0.7824933602820152,0.2517361111111111,3.1083874173961434,0.530757249170904
24,-3.5,7,17,1.950298460925198e-15,0,0,0.03166397410537919,-0.015831987052689702,0.015831987052689487,0.015831987052689487,0.015831987052689487,0.010579766248118263,94.52004671444058,6.093945358916119,0.8067453701889267,0.2482638888888889,3.249547784816935,0.5584814813000378
24,-3.5,8,17,-1.2655957169990243e-15,0,0,0.04084416554042993,-0.020422082770214803,0.02042208277021513,-0.020422082770214803,0.020422082770214803,0.01167187285655246,85.67605321699602,6.722998765374218,0.7834633480884929,0.25,3.1338533923539718,0.5334633480884929
24,-3.5,9,17,9.34287937679908e-16,0,0,0.05246163970461405,-0.026230819852307633,0.026230819852306422,0.026230819852306422,0.026230819852306422,0.011974646151849705,83.50977451183654,6.89739618346543,0.762815815600596,0.234375,3.2546808132292093,0.528440815600596
24,-3.5,10,17,-6.166742132393152e-15,0,0,0.04263670165381171,-0.021318350826905728,0.021318350826905984,-0.021318350826905728,0.021318350826905728,0.013910490766155099,71.8881897706333,8.012442681305338,0.787165815447433,0.2309027777777778,3.4090790202836194,0.5562630376696552
24,-3.5,11,17,2.551069900757196e-15,0,0,0.03454651531740432,-0.017273257658701913,0.017273257658702405,-0.017273257658701913,0.017273257658701913,0.015163453442351727,65.94803774758768,8.734149182794596,0.7912754494905051,0.2378472222222222,3.3268223277848974,0.5534282272682829
24,-3.5,12,17,8.172258556538203e-16,0,0,0.04098074172711797,-0.020490370863558743,0.02049037086355923,-0.020490370863558743,0.020490370863558743,0.01511436166319646,66.16223842486214,8.705872318001159,0.8102489753139992,0.24131944444444445,3.3575784876321118,0.5689295308695548
24,-3.5,13,17,1.990055394443492e-15,0,0,0.030461580550535078,-0.015230790275267648,0.015230790275267431,0.015230790275267431,0.015230790275267431,0.016923588647531282,59.089122338474844,9.74798706097802,0.807357519284697,0.234375,3.444725415614707,0.572982519284697
24,-3.5,14,17,-2.796237657453342e-15,0,0,0.044400822832539835,-0.022200411416270008,0.022200411416269827,0.022200411416269827,0.022200411416269827,0.015362276963037266,65.09451706970727,8.848671530709463,0.7776818073390587,0.2482638888888889,3.13248056662446,0.5294179184501697
24,-3.5,15,17,-2.1203697876423444e-16,0,0,0.03359323324910919,-0.016796616624553548,0.01679661662455564,-0.016796616624553548,0.016796616624553548,0.02051826503673515,48.737064182065915,11.818520661159447,0.8079432003264154,0.25,3.2317728013056617,0.5579432003264154
24,-3.5,16,17,1.3495270210932005e-15,0,0,0.03251523479857715,-0.01625761739928873,0.016257617399288427,0.016257617399288427,0.016257617399288427,0.015051674311722251,66.43779152337886,8.669764403552016,0.7902486039308062,0.23958333333333334,3.298428955537278,0.5506652705974728
24,-3.5,17,17,2.5068955301813136e-15,0,0,0.04457557605382749,-0.022287788026913422,0.022287788026914064,-0.022287788026913422,0.022287788026913422,0.017042942550416575,58.675313669678324,9.816734909039948,0.7861096123222917,0.2326388888888889,3.379098035057015,0.5534707234334029
24,-3.5,18,17,2.6350012048513717e-15,0,0,0.032847398664559185,-0.016423699332280016,0.016423699332279166,0.016423699332279166,0.016423699332279166,0.013033468054900311,76.72554962253665,7.507277599622579,0.7809695513410981,0.2465277777777778,3.1678764899469893,0.5344417735633203
24,-3.5,19,17,4.552168887844659e-15,0,0,0.026638389452816037,-0.013319194726408133,0.013319194726407904,0.013319194726407904,0.013319194726407904,0.013632587681323367,73.35364520486445,7.852370504442259,0.8140851513503449,0.2621527777777778,3.1053844183960173,0.5519323735725671
24,-3.5,20,17,-2.805072531568518e-15,0,0,0.052969981466161345,-0.02648499073308073,0.026484990733080613,0.026484990733080613,0.026484990733080613,0.021786558310909854,45.89986108541243,12.549057587084077,0.7712615315885311,0.2361111111111111,3.266519427904367,0.53515042047742
24,-3.5,21,17,-1.2103777537791717e-15,0,0,0.03519986607844883,-0.01759993303922407,0.01759993303922476,-0.01759993303922407,0.01759993303922407,0.015201218543086148,65.78419994197256,8.755901880817621,0.7808567617900234,0.22569444444444445,3.4597961137773345,0.555162317345579
24,-3.5,22,17,5.610145063137037e-16,0,0,0.026998430770663433,-0.013499215385331472,0.013499215385331963,-0.013499215385331472,0.013499215385331472,0.01142941846366562,87.49351536817228,6.583345035071398,0.7656348380057718,0.2309027777777778,3.3158320803858987,0.534732060227994
24,-3.5,23,17,-5.205949572367715e-15,0,0,0.01816717885454969,-0.009083589427275154,0.009083589427274536,0.009083589427274536,0.009083589427274536,0.009161292064114467,109.1549088274439,5.276904228929933,0.7842471600073277,0.2378472222222222,3.2972727311256995,0.5463999377851055
24,-3.5,24,17,2.0010989870874627e-15,0,0,0.04912977285172766,-0.024564886425863252,0.024564886425864414,-0.024564886425863252,0.024564886425863252,0.01040185565992927,96.13669259536714,5.99146886011926,0.7814400618574837,0.24131944444444445,3.2381976664022347,0.5401206174130393
24,-3.5,25,17,-3.750404061892397e-15,0,0,0.0602334440081433,-0.03011672200407148,0.03011672200407182,-0.03011672200407148,0.03011672200407148,0.010350808126133091,96.61081413298163,5.96206548065266,0.7722455273478168,0.22916666666666666,3.3697986647904736,0.5430788606811502
24,-3.5,26,17,2.3036934255322554e-15,0,0,0.02377680132687625,-0.01188840066343831,0.011888400663437939,0.011888400663437939,0.011888400663437939,0.013845803140521837,72.22405156645256,7.975182608940579,0.8089469351333746,0.2569444444444444,3.148334017816377,0.5520024906889301
24,-3.5,27,17,-4.430689368760982e-15,0,0,0.01031495003371917,-0.0051574750168596984,0.005157475016859472,0.005157475016859472,0.005157475016859472,0.010401888980026152,96.13638464323293,5.991488052495064,0.7920514075991241,0.22743055555555555,3.4826077158556905,0.5646208520435685
24,-3.5,28,17,-3.0966233773693406e-15,0,0,0.04400135814750022,-0.022000679073749866,0.02200067907375035,-0.022000679073749866,0.022000679073749866,0.01367616127801671,73.1199332671966,7.877468896137624,0.7625806501656869,0.25,3.0503226006627475,0.5125806501656869
24,-3.5,29,17,1.7603486674489048e-15,0,0,0.053237912347198116,-0.02661895617359925,0.02661895617359887,0.02661895617359887,0.02661895617359887,0.013634831055326153,73.34157613998242,7.853662687867864,0.7611174671500883,0.2465277777777778,3.0873497259045837,0.5145896893723105
24,-3.48,0,17,-2.9795612953432527e-15,0,0,0.008683824049391577,-0.004341912024695864,0.004341912024695712,0.004341912024695712,0.004341912024695712,0.01251007112902677,79.93559666337372,7.205800970319419,0.774743819731236,0.2465277777777778,3.1426228180647318,0.5282160419534582
24,-3.48,1,17,4.16564314530569e-15,0,0,0.010880011840187644,-0.005440005920094394,0.0054400059200932485,0.0054400059200932485,0.0054400059200932485,0.01393065895007619,71.78411327014295,8.024059555243886,0.7495632082579894,0.2378472222222222,3.151448233259868,0.5117159860357672
24,-3.48,2,17,-2.5201478413540783e-15,0,0,0.016002350869104134,-0.008001175434552199,0.008001175434551934,0.008001175434551934,0.008001175434551934,0.01224717206168079,81.65150248266872,7.0543711075281355,0.7770495808518814,0.25,3.1081983234075254,0.5270495808518814
24,-3.48,3,17,5.740459456335889e-15,0,0,0.06395576059660454,-0.03197788029830267,0.03197788029830187,0.03197788029830187,0.03197788029830187,0.010076097297708558,99.24477408802053,5.80383204348013,0.7720276585515126,0.2378472222222222,3.2458973089465055,0.5341804363292904
24,-3.48,4,17,-7.465468627324088e-16,0,0,0.014408826109381916,-0.007204413054690865,0.007204413054691052,-0.007204413054690865,0.007204413054690865,0.021326633134280328,46.88972674231474,12.28414068534547,0.8101253093059421,0.23958333333333334,3.381392595363932,0.5705419759726087
24,-3.48,5,17,2.2948585514170792e-15,0,0,0.02609993703155348,-0.013049968515777086,0.01304996851577639,0.01304996851577639,0.01304996851577639,0.021029929410059385,47.55127706332972,12.113239340194207,0.7374247965532972,0.2222222222222222,3.3184115844898376,0.515202574331075
24,-3.48,6,17,-4.240739575284689e-16,0,0,0.030402381544892443,-0.015201190772447052,0.01520119077244539,0.01520119077244539,0.01520119077244539,0.008167433539509807,122.43748236976998,4.704441718757648,0.7777744601875181,0.2517361111111111,3.0896419935724855,0.5260383490764069
24,-3.48,7,17,-4.561003761959835e-15,0,0,0.02452634062042753,-0.01226317031021364,0.01226317031021389,-0.01226317031021364,0.01226317031021364,0.009079796264483336,110.13462977265412,5.2299626483424015,0.7984933840912127,0.2482638888888889,3.2163090156401295,0.5502294952023239
24,-3.48,8,17,-4.750953555436128e-15,0,0,0.03308332373224016,-0.016541661866119755,0.016541661866120407,-0.016541661866119755,0.016541661866119755,0.00980987534262378,101.93809452960255,5.650488197351297,0.783662243797075,0.25,3.1346489751883,0.533662243797075
24,-3.48,9,17,-9.54166404439055e-15,0,0,0.04902264585564947,-0.024511322927824392,0.02451132292782508,-0.024511322927824392,0.024511322927824392,0.011804571752378392,84.71294181413396,6.799433329369953,0.7580972427619715,0.234375,3.2345482357844118,0.5237222427619715
24,-3.48,10,17,-2.6305837677937836e-15,0,0,0.03584186057303559,-0.017920930286518102,0.017920930286517485,0.017920930286517485,0.017920930286517485,0.011543599692047215,86.62809060235644,6.649113422619196,0.7899273801278123,0.2309027777777778,3.421038879350525,0.5590246023500345
24,-3.48,11,17,-3.286573170845634e-15,0,0,0.0218989000803232,-0.01094945004016199,0.01094945004016121,0.01094945004016121,0.01094945004016121,0.0145331774395421,68.80807752881239,8.371110205176251,0.7938428174226251,0.2378472222222222,3.3376165170469494,0.5559955952004029
24,-3.48,12,17,-2.7343935386471067e-15,0,0,0.02973878784555844,-0.014869393922779868,0.014869393922778569,0.014869393922778569,0.014869393922778569,0.013764431468816908,72.65102102222555,7.928312526038539,0.8112111852307535,0.24131944444444445,3.361565774769166,0.5698917407863091
24,-3.48,13,17,3.394800378756545e-15,0,0,0.018854492184899634,-0.009427246092449989,0.009427246092449645,0.009427246092449645,0.009427246092449645,0.015616226257912622,64.0359574383925,8.99494632455767,0.8095287427576756,0.234375,3.4539893024327495,0.5751537427576756
24,-3.48,14,17,1.5107634736951705e-15,0,0,0.03488219289639956,-0.01744109644819974,0.017441096448199814,-0.01744109644819974,0.01744109644819974,0.012921096605499534,77.39281196724244,7.4425516447677325,0.7768342975405356,0.2482638888888889,3.129066820862577,0.5285704086516467
24,-3.48,15,17,1.6697912077683463e-15,0,0,0.022774437995996544,-0.01138721899799778,0.011387218997998766,-0.01138721899799778,0.01138721899799778,0.01710504908965909,58.46227010272383,9.852508275643636,0.8066545590997694,0.25,3.2266182363990774,0.5566545590997694
24,-3.48,16,17,2.411920633443167e-15,0,0,0.025508156072705238,-0.012754078036352805,0.012754078036352434,0.012754078036352434,0.012754078036352434,0.012899012060886705,77.52531707697759,7.429830947070742,0.7839137161324068,0.23958333333333334,3.271987684726567,0.5443303827990734
24,-3.48,17,17,-6.13361135446124e-15,0,0,0.04022975724114898,-0.02011487862057463,0.02011487862057435,0.02011487862057435,0.02011487862057435,0.013808289066571746,72.420268374949,7.953574502345325,0.7812837020916583,0.2326388888888889,3.358353823916382,0.5486448132027695
24,-3.48,18,17,-1.057976175292378e-15,0,0,0.0213080866673502,-0.010654043333674998,0.010654043333675202,-0.010654043333674998,0.010654043333674998,0.011293611165933533,88.54563746770715,6.5051200315777145,0.7796960405475212,0.2465277777777778,3.1627106996857197,0.5331682627697434
24,-3.48,19,17,-5.002747467718657e-15,0,0,0.01406951634290883,-0.0070347581714548,0.007034758171454031,0.007034758171454031,0.007034758171454031,0.011864429068008556,84.28555594777136,6.833911143172929,0.8100405451481006,0.2621527777777778,3.0899559867901054,0.5478877673703229
24,-3.48,20,17,9.2987050062232e-16,0,0,0.0439839917430664,-0.02199199587153313,0.021991995871533266,-0.02199199587153313,0.02199199587153313,0.019921929285316393,50.19594165194921,11.475031268342242,0.7757229962643291,0.2361111111111111,3.2854150430018643,0.5396118851532179
24,-3.48,21,17,-1.3097700875749066e-15,0,0,0.022961951079254417,-0.011480975539627371,0.011480975539627044,0.011480975539627044,0.011480975539627044,0.014546973923062867,68.7428193168473,8.379056979684211,0.7807180212049781,0.22569444444444445,3.459181386262057,0.5550235767605337
24,-3.48,22,17,-4.748744836907334e-16,0,0,0.023244042747220035,-0.011622021373610195,0.01162202137360984,0.01162202137360984,0.01162202137360984,0.00929187188035976,107.62094149336058,5.352118203087222,0.7633836298307553,0.2309027777777778,3.306082487086579,0.5324808520529775
24,-3.48,23,17,2.274980084657932e-16,0,0,0.014357365579682469,-0.007178682789841297,0.007178682789841171,0.007178682789841171,0.007178682789841171,0.00905725780896258,110.4086933476105,5.216980497962446,0.7809574638595302,0.2378472222222222,3.283441599876565,0.543110241637308
24,-3.48,24,17,-5.256750098529979e-16,0,0,0.04712899032586983,-0.02356449516293527,0.023564495162934556,0.023564495162934556,0.023564495162934556,0.009884234961653885,101.17120888764005,5.693319337912637,0.779588888429517,0.24131944444444445,3.230526616801452,0.5382694439850726
24,-3.48,25,17,3.306451637604781e-15,0,0,0.05553560351965353,-0.02776780175982684,0.027767801759826696,0.027767801759826696,0.027767801759826696,0.009895597091098858,101.05504405585644,5.699863924472943,0.7679305029522607,0.22916666666666666,3.350969467428047,0.5387638362855941
24,-3.48,26,17,-1.7758096971504636e-15,0,0,0.013536590265110388,-0.006768295132555624,0.006768295132554764,0.006768295132554764,0.006768295132554764,0.011485448736228015,87.06668959705046,6.615618472067336,0.8023669200349975,0.2569444444444444,3.1227253104064774,0.5454224755905531
24,-3.48,27,17,-8.655967914344113e-15,0,0,0.005458590041921408,-0.002729295020961217,0.0027292950209601916,0.0027292950209601916,0.0027292950209601916,0.011326394621215805,88.28934832686038,6.524003301820303,0.7641415725612386,0.22743055555555555,3.3598896625593393,0.536711017005683
24,-3.48,28,17,6.09606313947174e-16,0,0,0.03606723187734198,-0.018033615938671355,0.01803361593867063,0.01803361593867063,0.01803361593867063,0.011257047877247383,88.83323682234564,6.4840595772944924,0.7650845467676057,0.25,3.060338187070423,0.5150845467676057
24,-3.48,29,17,-4.587508384305364e-15,0,0,0.04543871168547162,-0.022719355842735912,0.0227193558427357,0.0227193558427357,0.0227193558427357,0.011529882283667841,86.73115435155023,6.641212195392676,0.7678012643430143,0.2465277777777778,3.1144614666308184,0.5212734865652365
24,-3.46,0,17,-3.4323485937460453e-15,0,0,0.003913671794201352,-0.001956835897100308,0.0019568358971010437,-0.001956835897100308,0.001956835897100308,0.009649274034661145,103.63473940193856,5.55798184396482,0.7712327568723856,0.2465277777777778,3.128380760271085,0.5247049790946078
24,-3.46,1,17,1.0071756491301137e-15,0,0,0.0026343960175492427,-0.0013171980087750277,0.001317198008774215,0.001317198008774215,0.001317198008774215,0.018401976853718888,54.341987708668825,10.59953866774208,0.7311044105883335,0.2378472222222222,3.0738404415976652,0.4932571883661113
24,-3.46,2,17,-6.301473962649592e-15,0,0,0.004140670560802353,-0.002070335280401789,0.0020703352804005643,0.0020703352804005643,0.0020703352804005643,0.011166680669811812,89.5521265064395,6.432008065811603,0.772159317332868,0.25,3.088637269331472,0.522159317332868
24,-3.46,3,17,-3.556036831358515e-15,0,0,0.059251214481687964,-0.029625607240843645,0.02962560724084432,-0.029625607240843645,0.029625607240843645,0.008787430040323084,113.79891451895227,5.061559703226097,0.7713881214438303,0.2378472222222222,3.2432084522017974,0.5335408992216081
24,-3.46,4,17,-3.427931156688457e-15,0,0,0.010574179615735564,-0.005287089807867563,0.005287089807868002,-0.005287089807867563,0.005287089807867563,0.013217257502107935,75.65866064427635,7.61314032121417,0.7895580779951155,0.23958333333333334,3.295546760327438,0.5499747446617821
24,-3.46,5,17,-3.0325705400343113e-15,0,0,0.015047633131548263,-0.007523816565774198,0.007523816565774064,0.007523816565774064,0.007523816565774064,0.019994968321303423,50.01258236226165,11.517101753070772,0.7318708384962374,0.2222222222222222,3.293418773233068,0.5096486162740151
24,-3.46,6,17,-8.691307410804818e-15,0,0,0.02760084553328104,-0.013800422766640771,0.013800422766640268,0.013800422766640268,0.013800422766640268,0.008014784891107234,124.76941222833631,4.616516097277767,0.7705273252185667,0.2517361111111111,3.060853374661341,0.5187912141074555
24,-3.46,7,17,1.095524390281878e-15,0,0,0.021895034833382045,-0.010947517416691038,0.010947517416691007,0.010947517416691007,0.010947517416691007,0.009210892491859284,108.56711234919027,5.305474075310948,0.7848561187015386,0.2482638888888889,3.1613784921124912,0.5365922298126498
24,-3.46,8,17,2.3611201072809025e-15,0,0,0.0288787173872981,-0.014439358693649134,0.014439358693648966,0.014439358693648966,0.014439358693648966,0.008481510146884405,117.90353164493231,4.885349844605417,0.7799756070143153,0.25,3.1199024280572614,0.5299756070143153
24,-3.46,9,17,0.9999999999999934,1,1,0.048285769630267664,-0.024142884815133988,0.024142884815133676,0.024142884815133676,0.024142884815133676,0.012529552686696359,79.81130891143313,7.217022347537103,0.7527791122202016,0.234375,3.21185754547286,0.5184041122202016
24,-3.46,10,17,-4.3489667831956005e-15,0,0,0.03198349937058518,-0.015991749685292867,0.015991749685292312,0.015991749685292312,0.015991749685292312,0.009908750833181466,100.92089475610759,5.707440479912524,0.7926786158151451,0.2309027777777778,3.4329540053347634,0.5617758380373673
24,-3.46,11,17,-3.1739285258771346e-15,0,0,0.010615942498210896,-0.005307971249105567,0.005307971249105329,0.005307971249105329,0.005307971249105329,0.012498494646935516,80.00963541998942,7.199132916634857,0.7959172936812715,0.2378472222222222,3.3463384026307477,0.5580700714590493
24,-3.46,12,17,-1.7780184156792577e-15,0,0,0.020843370058556524,-0.010421685029277924,0.0104216850292786,-0.010421685029277924,0.010421685029277924,0.01139891202180248,87.7276706835985,6.565773324558229,0.8120405618020202,0.24131944444444445,3.365002615812688,0.5707211173575758
24,-3.46,13,17,1.5085547551663764e-15,0,0,0.008419744699366094,-0.004209872349683145,0.004209872349682949,0.004209872349682949,0.004209872349682949,0.012986333384929903,77.0040295716155,7.480128029719625,0.8106636584252814,0.234375,3.4588316092812006,0.5762886584252814
24,-3.46,14,17,3.37050447493981e-15,0,0,0.027670733267493967,-0.013835366633747116,0.013835366633746852,0.013835366633746852,0.013835366633746852,0.01007790297473423,99.22699221326563,5.804872113446917,0.7762049380359943,0.2482638888888889,3.126531778382746,0.5279410491471055
24,-3.46,15,17,4.287122664389365e-15,0,0,0.01634894390774893,-0.008174471953874439,0.008174471953874489,-0.008174471953874439,0.008174471953874439,0.011631396138674921,85.97420189954279,6.6996841758767545,0.8008196675744905,0.25,3.203278670297962,0.5508196675744905
24,-3.46,16,17,-1.3252311172764653e-15,0,0,0.022892488457286014,-0.011446244228643179,0.011446244228642835,0.011446244228642835,0.011446244228642835,0.012058743042708736,82.92738276769613,6.945835992600232,0.7743711781896006,0.23958333333333334,3.2321579611392024,0.5347878448562672
24,-3.46,17,17,-3.2136854593954284e-15,0,0,0.038903936449131066,-0.019451968224565835,0.019451968224565228,0.019451968224565228,0.019451968224565228,0.011981008012991023,83.46543119875211,6.9010606154828285,0.7760186267626854,0.2326388888888889,3.335721858323185,0.5433797378737966
24,-3.46,18,17,2.5444437451708133e-15,0,0,0.013202304505999001,-0.006601152253000381,0.006601152252998619,0.006601152252998619,0.006601152252998619,0.008783489218097879,113.84997182435849,5.059289789624378,0.7726851039466198,0.2465277777777778,3.1342719709384013,0.526157326168842
24,-3.46,19,17,5.2280367576556555e-15,0,0,0.006485891852699065,-0.003242945926349243,0.0032429459263498216,-0.003242945926349243,0.003242945926349243,0.008004711543360783,124.92642546618856,4.610713848975811,0.7929871514543845,0.2621527777777778,3.0249046307134133,0.5308343736766067
24,-3.46,20,17,3.991154381530954e-15,0,0,0.036471117321287314,-0.01823555866064367,0.018235558660643643,0.018235558660643643,0.018235558660643643,0.01740062021582566,57.469215901310896,10.022757244315581,0.7802085388954285,0.2361111111111111,3.304412635321815,0.5440974277843174
24,-3.46,21,17,7.531730183187911e-16,0,0,0.010968903881274278,-0.005484451940637944,0.005484451940636333,0.005484451940636333,0.005484451940636333,0.013937630923334676,71.7482049496503,8.028075411840772,0.7798506268070187,0.22569444444444445,3.4553381618526364,0.5541561823625742
24,-3.46,22,17,4.218652389996748e-16,0,0,0.023416579364260316,-0.011708289682130012,0.011708289682130302,-0.011708289682130012,0.011708289682130012,0.00906559345536927,110.30717458521494,5.2217818302926995,0.7617893308610119,0.2309027777777778,3.299177853954457,0.5308865530832341
24,-3.46,23,17,0.9999999999999968,1,1,0.01671582929438243,-0.008357914647191093,0.008357914647191335,-0.008357914647191093,0.008357914647191093,0.012430666861728635,80.44620703968717,7.160064112355694,0.7778170017724795,0.2378472222222222,3.2702379052623956,0.5399697795502573
24,-3.46,24,17,1.2302562205383186e-15,0,0,0.04798093852914681,-0.02399046926457308,0.02399046926457373,-0.02399046926457308,0.02399046926457308,0.01003344022899142,99.66671223201394,5.779261571899058,0.7769055791701647,0.24131944444444445,3.219407292100826,0.5355861347257203
24,-3.46,25,17,-4.242948293813483e-15,0,0,0.053385152811999605,-0.02669257640599976,0.026692576405999844,-0.02669257640599976,0.02669257640599976,0.010210843024918238,97.93510658812693,5.881445582352905,0.7632509633516988,0.22916666666666666,3.3305496582619587,0.5340842966850322
24,-3.46,26,17,-1.1904992870200247e-15,0,0,0.009362729375910483,-0.004681364687954467,0.004681364687956017,-0.004681364687954467,0.004681364687954467,0.009763036659402367,102.42714791375307,5.623509115815763,0.7852254768924252,0.2569444444444444,3.0560126668245737,0.5282810324479807
24,-3.46,27,17,1.7669748230352872e-16,0,0,0.008175300515356379,-0.0040876502576778,0.00408765025767858,-0.0040876502576778,0.0040876502576778,0.019613795250823882,50.98452325069493,11.297546064474556,0.7344751339637383,0.22743055555555555,3.229447917275674,0.5070445784081827
24,-3.46,28,17,6.686895345924165e-15,0,0,0.03156420286507534,-0.015782101432538134,0.015782101432537204,0.015782101432537204,0.015782101432537204,0.008914297423323206,112.17933983037386,5.134635315834167,0.7674423824688654,0.25,3.0697695298754617,0.5174423824688654
24,-3.46,29,17,-7.167291625936883e-15,0,0,0.04049651196189408,-0.020248255980946837,0.02024825598094724,-0.020248255980946837,0.020248255980946837,0.009244988655388855,108.16670926006007,5.32511346550398,0.7766672550924862,0.2465277777777778,3.1504249220652962,0.5301394773147085
24,-3.44,0,17,0.999999999999999,1,1,0.009536762335337994,-0.004768381167669556,0.0047683811676684385,0.0047683811676684385,0.0047683811676684385,0.014801912076117751,67.55883934842831,8.525901355843825,0.7687747591827605,0.2465277777777778,3.118410290769507,0.5222469814049827
24,-3.44,1,17,0.999999999999999,1,1,0.008295212740535438,-0.004147606370268075,0.004147606370267363,0.004147606370267363,0.004147606370267363,0.02001600150629069,49.96002821471197,11.529216867623436,0.7239025748765839,0.2378472222222222,3.043561190721988,0.4860553526543617
24,-3.44,2,17,1.0000000000000056,1,1,0.005080023891133193,-0.002540011945566182,0.00254001194556701,-0.002540011945566182,0.002540011945566182,0.016168347569029677,61.8492394309664,9.312968199761094,0.7584775992568482,0.25,3.033910397027393,0.5084775992568482
24,-3.44,3,17,-7.911629770140497e-15,0,0,0.05672098231632457,-0.028360491158161957,0.028360491158162606,-0.028360491158161957,0.028360491158161957,0.008167951160748296,122.42972323409269,4.704739868591019,0.76933351735156,0.2378472222222222,3.2345701167481646,0.5314862951293378
24,-3.44,4,17,1.0000000000000036,1,1,0.014152735709549094,-0.007076367854774433,0.007076367854774662,-0.007076367854774433,0.007076367854774433,0.012729092312913557,78.56019702092257,7.3319571722382095,0.7686239513663775,0.23958333333333334,3.208169536137923,0.5290406180330441
24,-3.44,5,17,6.184411880623505e-17,0,0,0.0054715706974964575,-0.002735785348748164,0.0027357853487482934,-0.002735785348748164,0.002735785348748164,0.016400072954347478,60.97533851121748,9.446442021704147,0.7273667571569342,0.2222222222222222,3.273150407206204,0.505144534934712
24,-3.44,6,17,0.9999999999999988,1,1,0.029805576272217076,-0.01490278813610857,0.014902788136108503,0.014902788136108503,0.014902788136108503,0.009986809603664682,100.13207817970694,5.752402331710857,0.7623205340742037,0.2517361111111111,3.028252604322354,0.5105844229630927
24,-3.44,7,17,1.0000000000000004,1,1,0.02479120134896306,-0.012395600674481581,0.012395600674481477,0.012395600674481477,0.012395600674481477,0.012115861198345328,82.53643580338893,6.9787360502469085,0.7706250397474033,0.2482638888888889,3.1040561041573724,0.5223611508585144
24,-3.44,8,17,0.9999999999999989,1,1,0.029654206459964715,-0.014827103229982647,0.014827103229982066,0.014827103229982066,0.014827103229982066,0.009442709969678253,105.90180183560945,5.4390009425346735,0.7732055117938822,0.25,3.0928220471755288,0.5232055117938822
24,-3.44,9,17,0.9999999999999973,1,1,0.05033991510190055,-0.025169957550950698,0.02516995755094985,0.02516995755094985,0.02516995755094985,0.014201948619666144,70.41287268250291,8.180322404927699,0.747506719738352,0.234375,3.1893620042169686,0.513131719738352
24,-3.44,10,17,0.9999999999999974,1,1,0.03173268406796078,-0.01586634203398055,0.01586634203398023,0.01586634203398023,0.01586634203398023,0.009714487567523246,102.9390374993248,5.595544838893391,0.7945343208437827,0.2309027777777778,3.440990742902397,0.5636315430660049
24,-3.44,11,17,-1.7272178895169932e-15,0,0,0.0037301257416040646,-0.0018650628708013577,0.0018650628708027066,-0.0018650628708013577,0.0018650628708013577,0.008889503499069366,112.49222187771107,5.120354015463954,0.7967331278549576,0.2378472222222222,3.3497684791566105,0.5588859056327354
24,-3.44,12,17,4.2937488199757475e-15,0,0,0.016908579957105867,-0.008454289978553148,0.008454289978552718,0.008454289978552718,0.008454289978552718,0.009405225174434203,106.32387651050128,5.417409700474101,0.8123868920281332,0.24131944444444445,3.3664377684043503,0.5710674475836888
24,-3.44,13,17,-2.9331782062385767e-15,0,0,0.00037741554190611637,-0.00018870777095287064,0.00018870777095324572,-0.00018870777095287064,0.00018870777095287064,0.00944895420497238,105.83181781892476,5.44259762206409,0.80809203631516,0.234375,3.4478593549446828,0.57371703631516
24,-3.44,14,17,1.2236300649519364e-15,0,0,0.02407457204856707,-0.012037286024284222,0.012037286024282848,0.012037286024282848,0.012037286024282848,0.008024711234803417,124.61507594976996,4.622233671246768,0.7767107299439435,0.2482638888888889,3.1285690940399404,0.5284468410550547
24,-3.44,15,17,0.9999999999999962,1,1,0.01814304086520228,-0.009071520432600825,0.009071520432601456,-0.009071520432600825,0.009071520432600825,0.011108242990054345,90.02323777894848,6.398347962271302,0.7927561446782609,0.25,3.1710245787130438,0.5427561446782609
24,-3.44,16,17,0.9999999999999933,1,1,0.02559812861132475,-0.012799064305662739,0.01279906430566201,0.01279906430566201,0.01279906430566201,0.014594073513099565,68.52096497269287,8.40618634354535,0.7646911962419285,0.23958333333333334,3.1917545582271796,0.5251078629085951
24,-3.44,17,17,0.9999999999999959,1,1,0.04088754078605,-0.020443770393025047,0.02044377039302496,0.02044377039302496,0.02044377039302496,0.011853529410785891,84.3630589122316,6.8276329406126735,0.77118162171282,0.2326388888888889,3.3149299560192858,0.5385427328239312
24,-3.44,18,17,0.9999999999999974,1,1,0.013717512240248189,-0.006858756120123764,0.006858756120124425,-0.006858756120123764,0.006858756120123764,0.012757853682902533,78.38309051468056,7.348523721351858,0.7581735049738701,0.2465277777777778,3.0754080201756984,0.5116457271960924
24,-3.44,19,17,0.9999999999999938,1,1,0.011952861945921886,-0.0059764309729608235,0.005976430972961063,-0.0059764309729608235,0.0059764309729608235,0.013644833525261874,73.28781242721742,7.85942411055084,0.7747915039765719,0.2621527777777778,2.9554960681490425,0.5126387261987941
24,-3.44,20,17,-1.9790118017995217e-15,0,0,0.031159928801062893,-0.01557996440053127,0.015579964400531622,-0.01557996440053127,0.01557996440053127,0.014609095353018613,68.45050811399997,8.41483892333872,0.7845534092555131,0.2361111111111111,3.3228144391998202,0.5484422981444019
24,-3.44,21,17,3.3439998525942806e-15,0,0,0.0005545815113684472,-0.00027729075568386376,0.00027729075568458345,-0.00027729075568386376,0.00027729075568386376,0.013405823391247722,74.59444830914835,7.7217542733586875,0.7778454268761816,0.22569444444444445,3.446453583697543,0.5521509824317372
24,-3.44,22,17,-7.50964299789997e-17,0,0,0.027808635301515963,-0.013904317650757794,0.01390431765075817,-0.013904317650757794,0.013904317650757794,0.010765784098761269,92.88687111188324,6.2010916408864905,0.7613167212122522,0.2309027777777778,3.2971310632951676,0.5304139434344745
24,-3.44,23,17,1.0000000000000022,1,1,0.024180018680513945,-0.012090009340257167,0.012090009340256778,0.012090009340256778,0.012090009340256778,0.01654874527325842,60.427541997152375,9.53207727739685,0.7751115317519717,0.2378472222222222,3.2588630824024505,0.5372643095297495
24,-3.44,24,17,1.0000000000000009,1,1,0.05162254831815223,-0.025811274159075876,0.02581127415907636,-0.025811274159075876,0.025811274159075876,0.010736755347932916,93.13800748868923,6.184371080409359,0.7732714349812457,0.24131944444444445,3.2043478169007016,0.5319519905368013
24,-3.44,25,17,-8.768612559312612e-16,0,0,0.05407142524142511,-0.02703571262071268,0.027035712620712426,0.027035712620712426,0.027035712620712426,0.011519168399346339,86.81182228890286,6.6350409980234915,0.7586757264920702,0.22916666666666666,3.3105849883290337,0.5295090598254035
24,-3.44,26,17,0.9999999999999972,1,1,0.014490682864733775,-0.007245341432367191,0.007245341432366585,0.007245341432366585,0.007245341432366585,0.014100236685801704,70.92079532302847,8.121736331021783,0.7693128231958087,0.2569444444444444,2.994082338924229,0.5123683787513643
24,-3.44,27,17,1.000000000000004,1,1,0.016206161065182904,-0.008103080532591605,0.008103080532591301,0.008103080532591301,0.008103080532591301,0.026722823528694574,37.42119536605908,15.392346352528076,0.7192354897066804,0.22743055555555555,3.162440015809526,0.4918049341511248
24,-3.44,28,17,0.9999999999999952,1,1,0.03191496955695078,-0.01595748477847541,0.01595748477847537,0.01595748477847537,0.01595748477847537,0.008538694490916987,117.1139219307761,4.9182880267681846,0.7685254329465655,0.25,3.074101731786262,0.5185254329465655
24,-3.44,29,17,1.0000000000000033,1,1,0.039635758849567444,-0.019817879424783306,0.01981787942478414,-0.019817879424783306,0.019817879424783306,0.007972570613133261,125.43005870060207,4.592200673164759,0.7860484610839051,0.2465277777777778,3.1884782646783756,0.5395206833061273
24,-3.42,0,17,1.0000000000000004,1,1,0.0207335110967344,-0.010366755548367617,0.010366755548366784,0.010366755548366784,0.010366755548366784,0.01820033118457422,54.944055130576686,10.483390762314752,0.767963075166932,0.2465277777777778,3.115117826029245,0.5214352973891542
24,-3.42,1,17,0.9999999999999974,1,1,0.020035442931843235,-0.010017721465921711,0.010017721465921526,0.010017721465921526,0.010017721465921526,0.02063583482706007,48.45939155748066,11.8862408603866,0.719226000690993,0.2378472222222222,3.0238990977957076,0.48137877846877075
24,-3.42,2,17,1.0000000000000036,1,1,0.017737138244905963,-0.008868569122453124,0.008868569122452841,0.008868569122452841,0.008868569122452841,0.01898404195828332,52.67582120801568,10.934808167971193,0.7545335136303137,0.25,3.018134054521255,0.5045335136303137
24,-3.42,3,17,-9.718361526694078e-16,0,0,0.05637589612193146,-0.028187948060965865,0.028187948060965598,0.028187948060965598,0.028187948060965598,0.008200126266956632,121.94934168631244,4.72327272976702,0.7669746908487433,0.2378472222222222,3.2246527148093147,0.529127468626521
24,-3.42,4,17,1.000000000000002,1,1,0.022556421034806845,-0.01127821051740326,0.011278210517403587,-0.01127821051740326,0.01127821051740326,0.015336684692738675,65.20314005499905,8.833930383017478,0.7562309660708639,0.23958333333333334,3.156442293165345,0.5166476327375306
24,-3.42,5,17,-2.6659232642544893e-15,0,0,0.00033125136339864274,-0.00016562568169985165,0.00016562568169879106,0.00016562568169879106,0.00016562568169879106,0.012032359906879963,83.10921612544283,6.930639306362858,0.721988680185661,0.2222222222222222,3.2489490608354745,0.49976645796343877
24,-3.42,6,17,1.0000000000000027,1,1,0.03627545076835541,-0.018137725384177544,0.018137725384177867,-0.018137725384177544,0.018137725384177544,0.013033220105009142,76.7270092841955,7.507134780485266,0.7551799252665846,0.2517361111111111,2.999887151403812,0.5034438141554736
24,-3.42,7,17,0.9999999999999966,1,1,0.032030660835144845,-0.016015330417572526,0.016015330417572318,0.016015330417572318,0.016015330417572318,0.01557165596638016,64.2192456704053,8.969273836634972,0.7606287018692264,0.2482638888888889,3.0637911348019187,0.5123648129803375
24,-3.42,8,17,0.999999999999996,1,1,0.03513604125658251,-0.017568020628291096,0.01756802062829142,-0.017568020628291096,0.017568020628291096,0.01203251731293295,83.10812891373668,6.930729972249379,0.7666928595980477,0.25,3.0667714383921907,0.5166928595980477
24,-3.42,9,17,1.0000000000000075,1,1,0.05490537345009444,-0.027452686725047155,0.027452686725047283,-0.027452686725047155,0.027452686725047155,0.016390428115600115,61.011219044865456,9.440886594585667,0.7427331992722457,0.234375,3.1689949835615816,0.5083581992722457
24,-3.42,10,17,1.0000000000000022,1,1,0.03493298208326273,-0.017466491041631258,0.017466491041631473,-0.017466491041631258,0.017466491041631258,0.010643117753493869,93.9574308168981,6.130435826012468,0.7949848317106742,0.2309027777777778,3.44294182755901,0.5640820539328965
24,-3.42,11,17,0.9999999999999966,1,1,0.006098966948186302,-0.0030494834740929493,0.0030494834740933527,-0.0030494834740929493,0.0030494834740929493,0.01088993638762816,91.82790095413965,6.27260335927382,0.7958720364825553,0.2378472222222222,3.3461481241894298,0.5580248142603331
24,-3.42,12,17,0.9999999999999952,1,1,0.020016819891335084,-0.01000840994566766,0.010008409945667424,0.010008409945667424,0.010008409945667424,0.010866379148920533,92.02697479034128,6.259034389778227,0.8115873037740234,0.24131944444444445,3.3631243667182553,0.570267859329579
24,-3.42,13,17,0.999999999999997,1,1,0.004557233501539816,-0.002278616750769597,0.0022786167507702192,-0.002278616750769597,0.002278616750769597,0.00860418384284188,116.22252827988268,4.956009893476923,0.7950031941008344,0.234375,3.3920136281635602,0.5606281941008344
24,-3.42,14,17,1.0000000000000007,1,1,0.024940522775277023,-0.012470261387638544,0.012470261387638477,0.012470261387638477,0.012470261387638477,0.008047207344445128,124.26671231359357,4.635191430400393,0.7786223567488544,0.2482638888888889,3.1362690733380427,0.5303584678599655
24,-3.42,15,17,1.0000000000000024,1,1,0.026432488450836854,-0.013216244225418958,0.013216244225417896,0.013216244225417896,0.013216244225417896,0.01342794004575541,74.47158660170675,7.734493466355115,0.7878459054414005,0.25,3.151383621765602,0.5378459054414005
24,-3.42,16,17,1.0000000000000009,1,1,0.03253362501390235,-0.016266812506950758,0.016266812506951594,-0.016266812506950758,0.016266812506950758,0.01843456152169021,54.245933586399346,10.618307436493563,0.7576281536412893,0.23958333333333334,3.162274032589729,0.518044820307956
24,-3.42,17,17,1.0000000000000024,1,1,0.04593348160711201,-0.022966740803556172,0.022966740803555836,0.022966740803555836,0.022966740803555836,0.012848685672765125,77.82897219749583,7.400842947512712,0.7673645600195715,0.2326388888888889,3.2985222878453224,0.5347256711306827
24,-3.42,18,17,0.9999999999999958,1,1,0.02205373829857902,-0.011026869149289843,0.011026869149289176,0.011026869149289176,0.011026869149289176,0.018877337737582316,52.97357148032217,10.873346536847414,0.7487582695800253,0.2465277777777778,3.037216642803483,0.5022304918022475
24,-3.42,19,17,0.9999999999999952,1,1,0.023700121543463744,-0.011850060771731574,0.011850060771732169,-0.011850060771731574,0.011850060771731574,0.01678621376255623,59.572695435978915,9.668859127232388,0.7702962056821281,0.2621527777777778,2.938348440217919,0.5081434279043503
24,-3.42,20,17,4.958573097142774e-15,0,0,0.028826693162310187,-0.014413346581155426,0.014413346581154758,0.014413346581154758,0.014413346581154758,0.012507126473792374,79.95441655566653,7.204104848904407,0.7882981716160171,0.2361111111111111,3.3386746091972492,0.552187060504906
24,-3.42,21,17,0.999999999999997,1,1,0.011099800614891657,-0.005549900307446174,0.005549900307445482,0.005549900307445482,0.005549900307445482,0.012989449481807556,76.98555673206593,7.481922901521153,0.7739194984544355,0.22569444444444445,3.4290587008442683,0.5482250540099911
24,-3.42,22,17,0.9999999999999918,1,1,0.035490009557957336,-0.017745004778978345,0.01774500477897899,-0.017745004778978345,0.017745004778978345,0.012866611803367884,77.72053865324872,7.4111683987399015,0.7618108988482433,0.2309027777777778,3.299271261177354,0.5309081210704655
24,-3.42,23,17,0.9999999999999958,1,1,0.03437121084525431,-0.017185605422627377,0.017185605422626937,0.017185605422626937,0.017185605422626937,0.019312418455260213,51.78015391063698,11.123953030229881,0.7720557302065387,0.2378472222222222,3.2460153328391703,0.5342085079843165
24,-3.42,24,17,1.0000000000000007,1,1,0.05762492796208489,-0.02881246398104215,0.028812463981042744,-0.02881246398104215,0.02881246398104215,0.011625155544932129,86.02035440600535,6.696089593880907,0.7684252947084345,0.24131944444444445,3.184265969439268,0.52710585026399
24,-3.42,25,17,0.9999999999999913,1,1,0.057543925081846976,-0.028771962540923648,0.02877196254092333,0.02877196254092333,0.02877196254092333,0.013613492781604026,73.45653434005595,7.84137184220392,0.7546506088787105,0.22916666666666666,3.2930208387434643,0.5254839422120439
24,-3.42,26,17,0.9999999999999968,1,1,0.024783218790491713,-0.012391609395246472,0.01239160939524524,0.01239160939524524,0.01239160939524524,0.017571422811640796,56.91058776057198,10.121139539505098,0.7611008345039447,0.2569444444444444,2.9621221667180553,0.5041563900595003
24,-3.42,27,17,0.9999999999999963,1,1,0.02649466903045608,-0.013247334515228243,0.013247334515227837,0.013247334515227837,0.013247334515227837,0.030385424260759956,32.910516286304095,17.502004374197732,0.7119915152866527,0.22743055555555555,3.130588647367267,0.48456095973109714
24,-3.42,28,17,0.999999999999996,1,1,0.03708502090443189,-0.01854251045221585,0.01854251045221604,-0.01854251045221585,0.01854251045221585,0.01037220416877028,96.41152292498299,5.974389601211682,0.7670321590970562,0.25,3.068128636388225,0.5170321590970562
24,-3.42,29,17,0.9999999999999966,1,1,0.043280347307228614,-0.021640173653614425,0.021640173653614193,0.021640173653614193,0.021640173653614193,0.008473977567206865,118.0083369431922,4.881011078711154,0.7911586144249618,0.2465277777777778,3.209206774005479,0.544630836647184
24,-3.4,0,17,1.000000000000006,1,1,0.03353826929476024,-0.016769134647380075,0.01676913464738017,-0.016769134647380075,0.016769134647380075,0.019767005729077525,50.58935145291059,11.385795299948654,0.7670477400822162,0.2465277777777778,3.111404917516595,0.5205199623044384
24,-3.4,1,17,0.9999999999999972,1,1,0.03210669131861568,-0.016053345659308087,0.016053345659307595,0.016053345659307595,0.016053345659307595,0.02097866429183186,47.66747711337155,12.083710632095151,0.7151923453451647,0.2378472222222222,3.006940079699379,0.4773451231229425
24,-3.4,2,17,0.9999999999999978,1,1,0.03117512141597147,-0.015587560707986059,0.01558756070798541,0.01558756070798541,0.01558756070798541,0.019570709595216097,51.09676760235827,11.272728726844472,0.7515728483227717,0.25,3.006291393291087,0.5015728483227717
24,-3.4,3,17,1.0000000000000064,1,1,0.05803147112623822,-0.029015735563119788,0.029015735563118435,0.029015735563118435,0.029015735563118435,0.008695200501064104,115.00597368371457,5.008435488612924,0.7653680139737404,0.2378472222222222,3.2178976353932445,0.5275207917515182
24,-3.4,4,17,1.000000000000004,1,1,0.033046198106794974,-0.016523099053397872,0.016523099053397106,0.016523099053397106,0.016523099053397106,0.01728361649151854,57.85826134771751,9.95536309911468,0.7486401510344995,0.23958333333333334,3.124758891274433,0.5090568177011662
24,-3.4,5,17,0.9999999999999991,1,1,0.002840740089659624,-0.0014203700448298788,0.001420370044829745,0.001420370044829745,0.001420370044829745,0.015796919116265372,63.30348295385936,9.099025410968855,0.7178704716520667,0.2222222222222222,3.2304171224343006,0.49564824942984453
24,-3.4,6,17,1.0,1,1,0.04542719302453528,-0.022713596512267856,0.022713596512267425,0.022713596512267425,0.022713596512267425,0.015913891526792345,62.83818124035958,9.166401519432391,0.7492209513105438,0.2517361111111111,2.9762156410680913,0.4974848401994327
24,-3.4,7,17,1.0000000000000018,1,1,0.04180031859875302,-0.020900159299376518,0.020900159299376508,0.020900159299376508,0.020900159299376508,0.018090486777840174,55.277672308129574,10.42012038403594,0.7543808743577625,0.2482638888888889,3.038625060350148,0.5061169854688736
24,-3.4,8,17,1.000000000000002,1,1,0.04373394650155463,-0.02186697325077721,0.021866973250777418,-0.02186697325077721,0.02186697325077721,0.01432479422141094,69.80903072976245,8.251081471532702,0.7621737606639143,0.25,3.048695042655657,0.5121737606639143
24,-3.4,9,17,0.9999999999999994,1,1,0.06148577600572237,-0.030742888002861544,0.03074288800286083,0.03074288800286083,0.03074288800286083,0.01855434187280824,53.895740784291576,10.687300918737545,0.7385276495551304,0.234375,3.1510513047685564,0.5041526495551304
24,-3.4,10,17,0.9999999999999952,1,1,0.04073668992764188,-0.0203683449638214,0.02036834496382048,0.02036834496382048,0.02036834496382048,0.0119865886636474,83.42657181794957,6.904275070260903,0.7944247260581535,0.2309027777777778,3.4405161068383188,0.5635219482803757
24,-3.4,11,17,1.0000000000000044,1,1,0.015267011103765316,-0.007633505551883741,0.007633505551881576,0.007633505551881576,0.007633505551881576,0.014170951787912332,70.56689028135634,8.162468229837502,0.7962471972372396,0.2378472222222222,3.347725442398905,0.5583999750150174
24,-3.4,12,17,0.9999999999999937,1,1,0.028435261915951103,-0.014217630957975303,0.0142176309579758,-0.014217630957975303,0.014217630957975303,0.013145881155735862,76.069453858076,7.572027545703857,0.8098015607041029,0.24131944444444445,3.355724452989664,0.5684821162596585
24,-3.4,13,17,0.9999999999999972,1,1,0.009138490528996672,-0.004569245264498046,0.0045692452644986266,-0.004569245264498046,0.004569245264498046,0.011277981875567696,88.66834607762334,6.496117560326994,0.7770477784526559,0.234375,3.315403854731332,0.5426727784526559
24,-3.4,14,17,1.0000000000000027,1,1,0.02981769328145551,-0.014908846640728213,0.014908846640727298,0.014908846640727298,0.014908846640727298,0.009734498631249098,102.72742725443102,5.6070712115994805,0.7809895238355431,0.2482638888888889,3.145803956148761,0.5327256349466543
24,-3.4,15,17,0.9999999999999943,1,1,0.03736149060328968,-0.018680745301644583,0.0186807453016451,-0.018680745301644583,0.018680745301644583,0.014480923241716463,69.05637046118804,8.341011787228684,0.7846821648865521,0.25,3.1387286595462083,0.5346821648865521
24,-3.4,16,17,0.9999999999999978,1,1,0.041990512747481334,-0.020995256373740962,0.02099525637374037,0.02099525637374037,0.02099525637374037,0.021678343567777918,46.12898567980867,12.48672589504008,0.7527295128717342,0.23958333333333334,3.1418275319863684,0.5131461795384008
24,-3.4,17,17,1.0000000000000007,1,1,0.05342148762986834,-0.026710743814934042,0.026710743814934303,-0.026710743814934042,0.026710743814934042,0.014136626996606783,70.73823198702422,8.142697150045507,0.7645686627753319,0.2326388888888889,3.2865041026760533,0.531929773886443
24,-3.4,18,17,1.0000000000000013,1,1,0.03326944099173898,-0.016634720495869282,0.016634720495869695,-0.016634720495869282,0.016634720495869282,0.02197740335388763,45.50128074266371,12.658984331839275,0.7434797302812132,0.2465277777777778,3.0158051031125264,0.4969519525034354
24,-3.4,19,17,1.000000000000007,1,1,0.03676936256870063,-0.018384681284350512,0.01838468128435012,0.01838468128435012,0.01838468128435012,0.018315703303440636,54.59795801628585,10.549845102781806,0.7676840263161276,0.2621527777777778,2.9283841003846987,0.5055312485383499
24,-3.4,20,17,1.0000000000000049,1,1,0.02991255052719751,-0.014956275263599321,0.014956275263598188,0.014956275263598188,0.014956275263598188,0.012014903646561447,83.229964169225,6.920584500419393,0.7909576493527783,0.2361111111111111,3.3499382796117674,0.5548465382416672
24,-3.4,21,17,1.0000000000000013,1,1,0.019453763853997528,-0.009726881926998979,0.009726881926998549,0.009726881926998549,0.009726881926998549,0.013151141097009055,76.03902905637813,7.575057271877215,0.7676972112562956,0.22569444444444445,3.4014891821817406,0.5420027668118512
24,-3.4,22,17,1.0000000000000053,1,1,0.04521340790204313,-0.0226067039510218,0.02260670395102133,0.02260670395102133,0.02260670395102133,0.014672023509835415,68.15692459391497,8.451085541665199,0.7629238768912552,0.2309027777777778,3.3040913766117517,0.5320210991134774
24,-3.4,23,17,1.0,1,1,0.045855857832200156,-0.022927928916099884,0.02292792891610027,-0.022927928916099884,0.022927928916099884,0.021031126823293302,47.548569717740314,12.113929050216942,0.7681247302081011,0.2378472222222222,3.229487916787345,0.5302775079858789
24,-3.4,24,17,0.9999999999999921,1,1,0.06537918616704817,-0.03268959308352402,0.032689593083524156,-0.03268959308352402,0.03268959308352402,0.012404724604693797,80.61444585570341,7.145121372303627,0.7617062725123449,0.24131944444444445,3.1564231148713,0.5203868280679005
24,-3.4,25,17,1.000000000000004,1,1,0.0634426106158055,-0.03172130530790223,0.03172130530790328,-0.03172130530790223,0.03172130530790223,0.016000482845312518,62.49811394241511,9.21627811890001,0.7513676370318528,0.22916666666666666,3.2786951434117215,0.5222009703651862
24,-3.4,26,17,1.0000000000000069,1,1,0.03682368624193071,-0.018411843120965405,0.018411843120965308,0.018411843120965308,0.018411843120965308,0.01980471011950085,50.493038977396736,11.40751302883249,0.7544322688627858,0.2569444444444444,2.9361688301686804,0.4974878244183414
24,-3.4,27,17,0.9999999999999949,1,1,0.03772453464152731,-0.018862267320763838,0.018862267320763473,0.018862267320763473,0.018862267320763473,0.032308775294633454,30.951343431643533,18.60985456970887,0.707507343751132,0.22743055555555555,3.110871984737802,0.4800767881955764
24,-3.4,28,17,0.9999999999999989,1,1,0.04562452676059538,-0.02281226338029749,0.02281226338029789,-0.02281226338029749,0.02281226338029749,0.012803187779370284,78.10554818318725,7.374636160917284,0.7629065845293916,0.25,3.0516263381175666,0.5129065845293916
24,-3.4,29,17,0.9999999999999996,1,1,0.05055790059166719,-0.02527895029583358,0.025278950295833606,-0.02527895029583358,0.02527895029583358,0.010219925955187252,97.84806703931524,5.886677350187856,0.7869218076016431,0.2465277777777778,3.192020853370045,0.5403940298238653
24,-3.38,0,17,0.999999999999999,1,1,0.04691181699049097,-0.023455908495245786,0.023455908495245183,0.023455908495245183,0.023455908495245183,0.02085539636846194,47.949220543812125,12.012708308234078,0.7656245130533854,0.2465277777777778,3.105631827596831,0.5190967352756076
24,-3.38,1,17,0.9999999999999988,1,1,0.044342521696624435,-0.022171260848312287,0.02217126084831215,0.02217126084831215,0.02217126084831215,0.02123583581468501,47.09021150504845,12.231841429258566,0.7112909078391533,0.2378472222222222,2.990536955586513,0.47344368561693106
24,-3.38,2,17,1.000000000000004,1,1,0.044751932851777275,-0.022375966425889057,0.022375966425888218,0.022375966425888218,0.022375966425888218,0.01990001272710857,50.25122414307611,11.462407330814536,0.7485202425338252,0.25,2.994080970135301,0.4985202425338252
24,-3.38,3,17,0.999999999999998,1,1,0.061475125274910045,-0.030737562637454894,0.030737562637455154,-0.030737562637454894,0.030737562637454894,0.009518152006482736,105.06241120323652,5.482455555734056,0.764503661533327,0.2378472222222222,3.214263569658368,0.5266564393111048
24,-3.38,4,17,1.0000000000000004,1,1,0.044431463739437446,-0.022215731869718598,0.02221573186971885,-0.022215731869718598,0.022215731869718598,0.018590505494514457,53.79089881633785,10.708131164840328,0.7428705490625405,0.23958333333333334,3.100677074347995,0.5032872157292071
24,-3.38,5,17,0.9999999999999966,1,1,0.010695440560627162,-0.0053477202803134975,0.005347720280313664,-0.0053477202803134975,0.0053477202803134975,0.02094195923577908,47.75102409193464,12.062568519808751,0.7169214094145291,0.2222222222222222,3.226146342365381,0.4946991871923069
24,-3.38,6,17,0.9999999999999978,1,1,0.05606500872870034,-0.028032504364349814,0.02803250436435053,-0.028032504364349814,0.028032504364349814,0.018554263804079145,53.89596755545486,10.687255951149588,0.7438231802499811,0.2517361111111111,2.954773460855097,0.49208706913886996
24,-3.38,7,17,0.9999999999999973,1,1,0.052939945960701534,-0.02646997298035065,0.02646997298035089,-0.02646997298035065,0.02646997298035065,0.01973261351195814,50.67752426175028,11.365985382887889,0.7501118743054912,0.2482638888888889,3.0214296475521882,0.5018479854166022
24,-3.38,8,17,0.9999999999999966,1,1,0.054070024805046205,-0.02703501240252329,0.02703501240252291,0.02703501240252291,0.02703501240252291,0.015802702541095868,63.280315338432814,9.10235666367122,0.7594248707409887,0.25,3.037699482963955,0.5094248707409887
24,-3.38,9,17,0.9999999999999976,1,1,0.06956304973741803,-0.03478152486870953,0.034781524868708495,0.034781524868708495,0.034781524868708495,0.02035663046800098,49.12404346937089,11.725419149568564,0.7346962550289378,0.234375,3.134704021456801,0.5003212550289378
24,-3.38,10,17,1.0000000000000018,1,1,0.04827779981409773,-0.024138899907049118,0.02413889990704861,0.02413889990704861,0.02413889990704861,0.013555816118929247,73.76907382238736,7.8081500845032465,0.793455810876852,0.2309027777777778,3.4363199027448625,0.5625530330990742
24,-3.38,11,17,0.9999999999999993,1,1,0.02692292649293003,-0.01346146324646461,0.01346146324646542,-0.01346146324646461,0.01346146324646461,0.015864158073086002,63.035176237718446,9.137755050097539,0.797450442459464,0.2378472222222222,3.352784342019352,0.5596032202372417
24,-3.38,12,17,0.9999999999999989,1,1,0.03944718967226117,-0.019723594836130575,0.019723594836130596,-0.019723594836130575,0.019723594836130575,0.014381684431809674,69.5328843253007,8.283850232722372,0.8074413252903662,0.24131944444444445,3.345943909116913,0.5661218808459217
24,-3.38,13,17,1.000000000000001,1,1,0.0156475809444514,-0.00782379047222507,0.007823790472226328,-0.00782379047222507,0.00782379047222507,0.011968252637548889,83.5543859479224,6.893713519228161,0.7779238653145337,0.234375,3.3191418253420104,0.5435488653145337
24,-3.38,14,17,1.0000000000000047,1,1,0.037546319321523206,-0.018773159660761787,0.01877315966076142,0.01877315966076142,0.01877315966076142,0.01199732635136785,83.35190447544899,6.910459978387881,0.7828664442669035,0.2482638888888889,3.15336413914501,0.5346025553780147
24,-3.38,15,17,1.0000000000000002,1,1,0.049241409850462464,-0.024620704925231048,0.024620704925231416,-0.024620704925231048,0.024620704925231048,0.014675720371732643,68.13975564198748,8.453214934118002,0.7818462745789867,0.25,3.127385098315947,0.5318462745789867
24,-3.38,16,17,0.9999999999999991,1,1,0.05283386717643185,-0.0264169335882158,0.026416933588216052,-0.0264169335882158,0.0264169335882158,0.024182058678944372,41.352972188042564,13.928865799071957,0.7488338177204948,0.23958333333333334,3.125567239181196,0.5092504843871615
24,-3.38,17,17,0.9999999999999973,1,1,0.06267765201550471,-0.03133882600775276,0.03133882600775196,0.03133882600775196,0.03133882600775196,0.01522981028184433,65.66069973912373,8.772370722342334,0.7624605553767645,0.2326388888888889,3.277442387291167,0.5298216664878757
24,-3.38,18,17,0.9999999999999972,1,1,0.045471960776151774,-0.02273598038807605,0.022735980388075727,0.022735980388075727,0.022735980388075727,0.02380295367326286,42.01159291938083,13.710501315799407,0.7394767792974768,0.2465277777777778,2.9995677808123,0.492949001519699
24,-3.38,19,17,0.9999999999999986,1,1,0.05022713701403879,-0.025113568507019686,0.0251135685070191,0.0251135685070191,0.0251135685070191,0.019644469763126185,50.90491176692681,11.315214583560682,0.7647623608185422,0.2621527777777778,2.9172392041819886,0.5026095830407644
24,-3.38,20,17,1.000000000000003,1,1,0.03421398594666371,-0.01710699297333195,0.017106992973331753,0.017106992973331753,0.017106992973331753,0.013024811414477144,76.77654348902855,7.502291374738835,0.7924852580443331,0.2361111111111111,3.3564081517171758,0.556374146933222
24,-3.38,21,17,0.9999999999999933,1,1,0.023932943682934048,-0.011966471841467024,0.011966471841467022,0.011966471841467022,0.011966471841467022,0.015219921058810672,65.70336312100049,8.766674529874948,0.7642910254338503,0.22569444444444445,3.3863971588453676,0.5385965809894059
24,-3.38,22,17,1.0000000000000036,1,1,0.05608392060419768,-0.028041960302098903,0.028041960302098778,0.028041960302098778,0.028041960302098778,0.016511731827123382,60.56299911298987,9.510757532423067,0.7642460873050121,0.2309027777777778,3.3098176412608042,0.5333433095272343
24,-3.38,23,17,1.0000000000000002,1,1,0.057968243101688376,-0.028984121550844195,0.02898412155084418,0.02898412155084418,0.02898412155084418,0.02213806204753882,45.17107223986547,12.75152373938236,0.7630902219592306,0.2378472222222222,3.208320933200853,0.5252429997370084
24,-3.38,24,17,0.9999999999999978,1,1,0.07425527146653271,-0.03712763573326636,0.03712763573326634,0.03712763573326634,0.03712763573326634,0.01311873423355231,76.22686626598568,7.55639091852613,0.7518583908559467,0.24131944444444445,3.1156146268562974,0.5105389464115023
24,-3.38,25,17,0.9999999999999981,1,1,0.07126982640967817,-0.035634913204839296,0.03563491320483888,0.03563491320483888,0.03563491320483888,0.01825662840743602,54.77462638132542,10.515817962683148,0.7487538803468644,0.22916666666666666,3.2672896596954084,0.5195872136801978
24,-3.38,26,17,0.9999999999999941,1,1,0.04946150311413676,-0.024730751557068702,0.024730751557068054,0.024730751557068054,0.024730751557068054,0.02193066794888142,45.598246361256194,12.632064738555698,0.7469180213695661,0.2569444444444444,2.906924191276149,0.48997357692512167
24,-3.38,27,17,0.9999999999999969,1,1,0.04939678311481807,-0.024698391557408828,0.024698391557409244,-0.024698391557408828,0.024698391557408828,0.033408356220061455,29.93263102838648,19.243213182755397,0.703900540395644,0.22743055555555555,3.0950130631136714,0.4764699848400884
24,-3.38,28,17,0.9999999999999988,1,1,0.05608966764046474,-0.028044833820232415,0.028044833820232325,0.028044833820232325,0.028044833820232325,0.015044368632506756,66.4700543058533,8.665556332323892,0.7568222857952356,0.25,3.0272891431809423,0.5068222857952356
24,-3.38,29,17,1.0000000000000004,1,1,0.06007000315756214,-0.030035001578781195,0.030035001578780945,0.030035001578780945,0.030035001578780945,0.012710890099406591,78.67269657588221,7.321472697258197,0.7733171981105671,0.2465277777777778,3.1368359585330046,0.5267894203327893
24,-3.36,0,17,1.0000000000000049,1,1,0.060532042307971455,-0.030266021153985665,0.03026602115398579,-0.030266021153985665,0.030266021153985665,0.021899667320159223,45.66279411374772,12.614208376411714,0.7635057261202911,0.2465277777777778,3.097037311586533,0.5169779483425133
24,-3.36,1,17,0.9999999999999933,1,1,0.05666583839185113,-0.028332919195925607,0.028332919195925524,0.028332919195925524,0.028332919195925524,0.02145256262391427,46.61447760489224,12.35667607137462,0.7073162156255831,0.2378472222222222,2.973825840878364,0.4694689934033609
24,-3.36,2,17,0.9999999999999999,1,1,0.05836767565046995,-0.02918383782523514,0.029183837825234808,0.029183837825234808,0.029183837825234808,0.020105447315406446,49.73776431393883,11.580737653674113,0.7453514210391794,0.25,2.9814056841567176,0.4953514210391794
24,-3.36,3,17,0.9999999999999958,1,1,0.06651365230755751,-0.033256826153778805,0.0332568261537787,0.0332568261537787,0.0332568261537787,0.010546325200194238,94.81975768977638,6.074683315311882,0.7636709519283752,0.2378472222222222,3.210762542414191,0.525823729706153
24,-3.36,4,17,0.9999999999999991,1,1,0.056243764485141984,-0.028121882242570624,0.028121882242571356,-0.028121882242570624,0.028121882242570624,0.01955456049314611,51.13896578501475,11.263426844052159,0.737776314333029,0.23958333333333334,3.0794141815639473,0.49819298099969567
24,-3.36,5,17,0.9999999999999927,1,1,0.0208602154840297,-0.01043010774201484,0.010430107742014859,-0.01043010774201484,0.01043010774201484,0.023896171711458664,41.8477073262945,13.76419490580019,0.7171558663976839,0.2222222222222222,3.227201398789578,0.4949336441754617
24,-3.36,6,17,1.0000000000000002,1,1,0.06751627759214678,-0.03375813879607351,0.03375813879607326,0.03375813879607326,0.03375813879607326,0.021233123521432584,47.09622675112337,12.230279148345168,0.7386427297504043,0.2517361111111111,2.934194567836089,0.48690661863929324
24,-3.36,7,17,1.0000000000000002,1,1,0.06485315164831083,-0.03242657582415598,0.032426575824154855,0.032426575824154855,0.032426575824154855,0.020801516374353828,48.07341839909802,11.981673431627804,0.7466844925189372,0.2482638888888889,3.007624249586768,0.4984206036300483
24,-3.36,8,17,0.9999999999999952,1,1,0.06535091513226332,-0.032675457566131605,0.03267545756613172,-0.032675457566131605,0.032675457566131605,0.016682459669867443,59.94319901196835,9.609096769843648,0.757883317028213,0.25,3.031533268112852,0.507883317028213
24,-3.36,9,17,1.000000000000006,1,1,0.0787037849723419,-0.03935189248617075,0.03935189248617115,-0.03935189248617075,0.03935189248617075,0.021674945278142295,46.13621797737279,12.484768480209963,0.7309654845599136,0.234375,3.1187860674556314,0.4965904845599136
24,-3.36,10,17,1.000000000000006,1,1,0.05699476702115471,-0.028497383510577616,0.028497383510577096,0.028497383510577096,0.028497383510577096,0.015361034306043374,65.09978300136845,8.847955760280984,0.7923565603586802,0.2309027777777778,3.431559238846615,0.5614537825809024
24,-3.36,11,17,1.0000000000000004,1,1,0.03958574464152906,-0.019792872320764935,0.01979287232076412,0.01979287232076412,0.01979287232076412,0.016888527063286324,59.2117948624355,9.727791588452924,0.7984422598476809,0.2378472222222222,3.356954318775651,0.5605950376254587
24,-3.36,12,17,0.9999999999999928,1,1,0.05161057784266525,-0.02580528892133219,0.025805288921333058,-0.02580528892133219,0.02580528892133219,0.014923336380731953,67.00914423473931,8.595841755301604,0.8045794609239016,0.24131944444444445,3.3340846726055204,0.5632600164794572
24,-3.36,13,17,1.0000000000000036,1,1,0.020668856217072134,-0.010334428108536159,0.010334428108535975,0.010334428108535975,0.010334428108535975,0.013303469483930477,75.16836124650939,7.662798422743955,0.8260110443702591,0.234375,3.5243137893131053,0.5916360443702591
24,-3.36,14,17,1.000000000000004,1,1,0.047139177240400204,-0.023569588620200074,0.023569588620200133,-0.023569588620200074,0.023569588620200074,0.014255692821658006,70.14741496679466,8.211279065275011,0.7839272341492672,0.2482638888888889,3.157636971118727,0.5356633452603783
24,-3.36,15,17,1.0000000000000029,1,1,0.0614707344189037,-0.03073536720945211,0.030735367209451595,0.030735367209451595,0.030735367209451595,0.01447068601162259,69.10522411977001,8.335115142694612,0.7788782712014717,0.25,3.1155130848058867,0.5288782712014717
24,-3.36,16,17,1.0000000000000009,1,1,0.0644631669719749,-0.03223158348598762,0.032231583485987286,0.032231583485987286,0.032231583485987286,0.02621483599055769,38.14633821703823,15.099745530561231,0.7452125367825507,0.23958333333333334,3.110452327440212,0.5056292034492174
24,-3.36,17,17,1.0000000000000004,1,1,0.07315625376589206,-0.036578126882945636,0.03657812688294643,-0.036578126882945636,0.036578126882945636,0.01598038172582411,62.57672796288787,9.204699874074688,0.7606938804172646,0.2326388888888889,3.269848321793615,0.5280549915283757
24,-3.36,18,17,0.999999999999999,1,1,0.05810690396875816,-0.029053451984379006,0.029053451984379156,-0.029053451984379006,0.029053451984379006,0.02512762475105493,39.79683754064407,14.47351185660764,0.7359202888240819,0.2465277777777778,2.9851414532582474,0.4893925110463041
24,-3.36,19,17,1.0000000000000007,1,1,0.06381540744710633,-0.0319077037235533,0.031907703723553026,0.031907703723553026,0.031907703723553026,0.021154899348465594,47.27037380456891,12.185222024716182,0.7610194972863198,0.2621527777777778,2.9029617909729812,0.498866719508542
24,-3.36,20,17,0.9999999999999981,1,1,0.04105779815305287,-0.020528899076526212,0.02052889907652666,-0.020528899076526212,0.020528899076526212,0.014753492912572705,67.78055921576477,8.498011917641879,0.7931687634258633,0.2361111111111111,3.3593029980389506,0.5570576523147521
24,-3.36,21,17,1.0000000000000013,1,1,0.024900090896600627,-0.012450045448300409,0.01245004544830022,0.01245004544830022,0.01245004544830022,0.018006770192955917,55.53466775464213,10.371899631142607,0.7693309614316137,0.22569444444444445,3.4087279521893037,0.5436365169871693
24,-3.36,22,17,0.9999999999999978,1,1,0.06757216759397736,-0.03378608379698864,0.03378608379698872,-0.03378608379698864,0.03378608379698864,0.018887830016920088,52.944144409610864,10.879390089745971,0.7647212060971958,0.2309027777777778,3.3118752985863518,0.5338184283194181
24,-3.36,23,17,1.0000000000000009,1,1,0.07037918164190488,-0.03518959082095245,0.035189590820952424,0.035189590820952424,0.035189590820952424,0.022832793414875346,43.796656056481886,13.1516890069682,0.7567607573120925,0.2378472222222222,3.1817094613997465,0.5189135350898703
24,-3.36,24,17,0.9999999999999981,1,1,0.08367187379434099,-0.04183593689717034,0.04183593689717064,-0.04183593689717034,0.04183593689717034,0.014357609359715754,69.64947819278164,8.269982991196276,0.7380150447277921,0.24131944444444445,3.0582493939799154,0.4966956002833477
24,-3.36,25,17,0.9999999999999952,1,1,0.08054972869693963,-0.04027486434846958,0.040274864348470045,-0.04027486434846958,0.04027486434846958,0.02018127889366334,49.55087362248321,11.624416642750084,0.7466133196686002,0.22916666666666666,3.2579490312811648,0.5174466530019336
24,-3.36,26,17,1.0000000000000018,1,1,0.06226884419907832,-0.03113442209953958,0.03113442209953874,0.03113442209953874,0.03113442209953874,0.024467015737057108,40.87135148588742,14.093001064544895,0.7380386364588445,0.2569444444444444,2.872366585137125,0.48109419201440007
24,-3.36,27,17,1.0000000000000016,1,1,0.06129365415445499,-0.030646827077227535,0.030646827077227455,0.030646827077227455,0.030646827077227455,0.03405250706913237,29.366413402978825,19.614244071820245,0.7004705883367269,0.22743055555555555,3.079931747190494,0.47304003278117135
24,-3.36,28,17,1.0000000000000038,1,1,0.06758154913385948,-0.03379077456692981,0.03379077456692967,0.03379077456692967,0.03379077456692967,0.017043840055059097,58.672223910196315,9.817251871714038,0.7494514400923578,0.25,2.997805760369431,0.49945144009235776
24,-3.36,29,17,0.9999999999999969,1,1,0.07078487560002411,-0.035392437800011604,0.035392437800012506,-0.035392437800011604,0.035392437800011604,0.0149519315818913,66.8809908955929,8.612312591169388,0.7588376040221514,0.2465277777777778,3.0781018303997127,0.5123098262443736
24,-3.34,0,17,0.9999999999999948,1,1,0.07425481340523273,-0.037127406702616106,0.03712740670261662,-0.037127406702616106,0.037127406702616106,0.023099029462208275,43.2918621813126,13.305040970231966,0.7604769651632068,0.2465277777777778,3.0847516333380782,0.513949187385429
24,-3.34,1,17,0.9999999999999927,1,1,0.06903064935516351,-0.03451532467758158,0.03451532467758192,-0.03451532467758158,0.03451532467758158,0.021626522439139647,46.239519220630754,12.456876924944435,0.7031442863833048,0.2378472222222222,2.9562854668378367,0.46529706416108263
24,-3.34,2,17,0.9999999999999962,1,1,0.07198645984766874,-0.035993229923834635,0.03599322992383411,0.03599322992383411,0.03599322992383411,0.02018494508638579,49.54187369449291,11.626528369758216,0.7420621803041376,0.25,2.9682487212165505,0.4920621803041376
24,-3.34,3,17,1.0000000000000042,1,1,0.07293748670682026,-0.036468743353410576,0.03646874335340968,0.03646874335340968,0.03646874335340968,0.011609655227332615,86.13520215877726,6.687161410943586,0.7622349541845177,0.2378472222222222,3.2047250628487753,0.5243877319622955
24,-3.34,4,17,1.0000000000000009,1,1,0.06827930746943539,-0.03413965373471795,0.03413965373471744,0.03413965373471744,0.03413965373471744,0.02033070049437177,49.186696753357516,11.71048348475814,0.7329046388075822,0.23958333333333334,3.0590802315446908,0.4933213054742488
24,-3.34,5,17,0.9999999999999892,1,1,0.03210205192461524,-0.016051025962307806,0.016051025962307428,0.016051025962307428,0.016051025962307428,0.025481845258100842,39.243625799905274,14.677542868666084,0.7174708441076068,0.2222222222222222,3.2286187984842307,0.49524862188538454
24,-3.34,6,17,0.9999999999999988,1,1,0.07942608672207963,-0.039713043361039806,0.03971304336103982,-0.039713043361039806,0.039713043361039806,0.024110001401338146,41.47656332962711,13.887360807170772,0.7336248755194611,0.2517361111111111,2.9142615744773077,0.48188876440835
24,-3.34,7,17,0.999999999999999,1,1,0.07722895332920522,-0.03861447666460275,0.03861447666460247,0.03861447666460247,0.03861447666460247,0.021497162127912077,46.51776797559676,12.382365385677355,0.7434681647312185,0.2482638888888889,2.994668971225048,0.49520427584232957
24,-3.34,8,17,1.0000000000000084,1,1,0.0771564253205846,-0.03857821266029185,0.03857821266029275,-0.03857821266029185,0.03857821266029185,0.01726155684689234,57.93220211072872,9.942656743809987,0.7571150867256244,0.25,3.0284603469024978,0.5071150867256244
24,-3.34,9,17,0.9999999999999954,1,1,0.08857894026478241,-0.0442894701323916,0.04428947013239082,0.04428947013239082,0.04428947013239082,0.02249886935653911,44.44667792647804,12.959348749366526,0.7270744024536918,0.234375,3.1021841171357516,0.4926994024536918
24,-3.34,10,17,1.0000000000000022,1,1,0.0665756847053712,-0.03328784235268552,0.03328784235268569,-0.03328784235268552,0.03328784235268552,0.017310089796647644,57.76977541697472,9.970611722869043,0.7911303574378117,0.2309027777777778,3.4262487660464624,0.5602275796600339
24,-3.34,11,17,0.9999999999999968,1,1,0.05279098537891104,-0.02639549268945607,0.026395492689454965,0.026395492689454965,0.026395492689454965,0.017628154693780942,56.727435024880464,10.153817103617822,0.7985995741766874,0.2378472222222222,3.3576157279253427,0.5607523519544652
24,-3.34,12,17,1.0000000000000029,1,1,0.06429426591813031,-0.032147132959065065,0.03214713295906524,-0.032147132959065065,0.032147132959065065,0.015156358575888311,65.97890878557484,8.730062539711668,0.8011303859955858,0.24131944444444445,3.319792103118399,0.5598109415511414
24,-3.34,13,17,1.0000000000000004,1,1,0.021390141733257345,-0.010695070866628773,0.010695070866628572,0.010695070866628572,0.010695070866628572,0.020602833463934676,48.537013209882176,11.867232075226374,0.8570779762724199,0.234375,3.656866032095658,0.6227029762724199
24,-3.34,14,17,1.0000000000000082,1,1,0.05796187012263092,-0.02898093506131532,0.0289809350613156,-0.02898093506131532,0.02898093506131532,0.016316897591216455,61.28616021579432,9.398533012540678,0.7841569770017711,0.2482638888888889,3.158562368902239,0.5358930881128823
24,-3.34,15,17,0.9999999999999933,1,1,0.07380565839757997,-0.03690282919878994,0.036902829198790024,-0.03690282919878994,0.03690282919878994,0.014088630632638514,70.97921906500578,8.115051244399783,0.7756185259797317,0.25,3.1024741039189268,0.5256185259797317
24,-3.34,16,17,1.000000000000002,1,1,0.07656188756910193,-0.03828094378455091,0.03828094378455102,-0.03828094378455091,0.03828094378455091,0.0279834947021052,35.735350807516184,16.118492948412595,0.7414685865576326,0.23958333333333334,3.0948254047622923,0.5018852532242992
24,-3.34,17,17,1.0000000000000018,1,1,0.08446466020284302,-0.04223233010142162,0.042232330101421404,0.042232330101421404,0.042232330101421404,0.016387769055868043,61.02111865201844,9.439354976179992,0.7590288324056871,0.2326388888888889,3.2626911004901173,0.5263899435167982
24,-3.34,18,17,1.0000000000000044,1,1,0.07097393177590747,-0.035486965887953824,0.03548696588795364,0.03548696588795364,0.03548696588795364,0.026197038553704716,38.17225362897298,15.089494206933917,0.7325340070064947,0.2465277777777778,2.9714055495474714,0.48600622922871695
24,-3.34,19,17,0.9999999999999966,1,1,0.07741666081691878,-0.03870833040845927,0.03870833040845951,-0.03870833040845927,0.03870833040845927,0.023034333561131125,43.413454847568595,13.267776131211527,0.7561679680433346,0.2621527777777778,2.8844552953176206,0.49401519026555685
24,-3.34,20,17,0.9999999999999974,1,1,0.04971098569939521,-0.02485549284969754,0.024855492849697663,-0.02485549284969754,0.02485549284969754,0.01663907230728095,60.09950443946437,9.584105648993827,0.7931793452859397,0.2361111111111111,3.359347815328686,0.5570682341748285
24,-3.34,21,17,0.9999999999999949,1,1,0.023861020300104514,-0.011930510150052153,0.01193051015005236,-0.011930510150052153,0.011930510150052153,0.02041789711790626,48.97664016158704,11.760708739914005,0.7797658458092118,0.22569444444444445,3.4549625168162,0.5540714013647674
24,-3.34,22,17,1.0000000000000018,1,1,0.07937201075513435,-0.03968600537756645,0.039686005377567904,-0.03968600537756645,0.03968600537756645,0.02175793658817405,45.96024057462892,12.532571474788254,0.7620639522209137,0.2309027777777778,3.3003671915732804,0.5311611744431359
24,-3.34,23,17,1.0000000000000004,1,1,0.08289477741835477,-0.041447388709177656,0.04144738870917711,0.04144738870917711,0.04144738870917711,0.023158234508781628,43.181184628767745,13.339143077058218,0.7488062330475629,0.2378472222222222,3.148265622156177,0.5109590108253407
24,-3.34,24,17,0.9999999999999997,1,1,0.09323095161898529,-0.046615475809492816,0.04661547580949247,0.04661547580949247,0.04661547580949247,0.016507596222611724,60.578171801308244,9.508375424224354,0.7228480207446912,0.24131944444444445,2.9953989924384326,0.4815285763002468
24,-3.34,25,17,0.9999999999999957,1,1,0.09089941217853074,-0.045449706089265546,0.0454497060892652,0.0454497060892652,0.0454497060892652,0.021739041292653083,46.00018862551954,12.521687784568176,0.7447444417434093,0.22916666666666666,3.249793927607604,0.5155777750767426
24,-3.34,26,17,1.0000000000000075,1,1,0.0750422166020262,-0.03752110830101352,0.037521108301012684,0.037521108301012684,0.037521108301012684,0.02760370314563702,36.22702340783786,15.899733011886923,0.7280261410490605,0.2569444444444444,2.833399035434182,0.4710816966046161
24,-3.34,27,17,1.0000000000000056,1,1,0.07330242352717442,-0.03665121176358668,0.03665121176358774,-0.03665121176358668,0.03665121176358668,0.03438780550145181,29.080076073996093,19.80737596883624,0.6969134126461185,0.22743055555555555,3.064291035756979,0.4694828570905629
24,-3.34,28,17,1.0000000000000018,1,1,0.07960470148166307,-0.03980235074083142,0.03980235074083166,-0.03980235074083142,0.03980235074083142,0.018841046313978056,53.075608611932886,10.85244267685136,0.7413481578089058,0.25,2.9653926312356234,0.49134815780890584
24,-3.34,29,17,1.0000000000000062,1,1,0.08219574253060757,-0.0410978712653039,0.04109787126530367,0.04109787126530367,0.04109787126530367,0.016258028865388754,61.508071383048836,9.364624626463922,0.7482533068996345,0.2465277777777778,3.0351683434802075,0.5017255291218568
24,-3.32,0,17,1.0000000000000024,1,1,0.08798678789519196,-0.04399339394759581,0.043993393947596146,-0.04399339394759581,0.04399339394759581,0.02460124714649624,40.64834575439083,14.170318356381834,0.756255313934383,0.2465277777777778,3.067627188916934,0.5097275361566053
24,-3.32,1,17,0.9999999999999979,1,1,0.08140266444689526,-0.04070133222344731,0.040701332223447954,-0.04070133222344731,0.04070133222344731,0.021739459083573075,45.99930458967248,12.52192843213809,0.6986725287349357,0.2378472222222222,2.9374845003746204,0.4608253065127135
24,-3.32,2,17,1.0000000000000013,1,1,0.0855861961878502,-0.04279309809392526,0.04279309809392494,0.04279309809392494,0.04279309809392494,0.020118847675473138,49.70463597769065,11.588456261072528,0.7385886195653802,0.25,2.954354478261521,0.48858861956538024
24,-3.32,3,17,1.000000000000004,1,1,0.08051616181759526,-0.04025808090879759,0.04025808090879767,-0.04025808090879759,0.04025808090879759,0.012544137704240923,79.71851262936312,7.225423317642771,0.7598367228646565,0.2378472222222222,3.194641988102498,0.5219895006424343
24,-3.32,4,17,1.0000000000000018,1,1,0.08043838613195323,-0.04021919306597682,0.04021919306597641,0.04021919306597641,0.04021919306597641,0.020980256240832357,47.663860179828134,12.084627594719437,0.7280280504233883,0.23958333333333334,3.0387257756802293,0.4884447170900549
24,-3.32,5,17,0.9999999999999984,1,1,0.04393890357502149,-0.021969451787510644,0.021969451787510846,-0.021969451787510644,0.021969451787510644,0.02627761964333629,38.05519729613671,15.135908914561703,0.7174939155813818,0.2222222222222222,3.2287226201162182,0.49527169335915955
24,-3.32,6,17,0.9999999999999978,1,1,0.09160673593777297,-0.04580336796888687,0.0458033679688861,0.0458033679688861,0.0458033679688861,0.02713397545099726,36.85416469127257,15.629169859774423,0.7288110874523994,0.2517361111111111,2.895139216362635,0.4770749763412883
24,-3.32,7,17,0.9999999999999986,1,1,0.08988841037447673,-0.04494420518723874,0.044944205187238,0.044944205187238,0.044944205187238,0.02192150672012685,45.61730234910666,12.626787870793066,0.7400768830446799,0.2482638888888889,2.9810089834526967,0.491812994155791
24,-3.32,8,17,0.9999999999999978,1,1,0.08925576713280739,-0.04462788356640381,0.04462788356640357,0.04462788356640357,0.04462788356640357,0.017797839651229733,56.18659453035951,10.251555639108325,0.7567926600093218,0.25,3.027170640037287,0.5067926600093218
24,-3.32,9,17,1.0000000000000038,1,1,0.09894524339689663,-0.04947262169844863,0.049472621698448,0.049472621698448,0.049472621698448,0.02285513097444495,43.753851208209305,13.164555441280292,0.7227926339720251,0.234375,3.0839152382806403,0.4884176339720251
24,-3.32,10,17,0.9999999999999934,1,1,0.07683720747030012,-0.0384186037351498,0.03841860373515032,-0.0384186037351498,0.0384186037351498,0.01925657997239591,51.930301301346795,11.091790064100044,0.7896797230582175,0.2309027777777778,3.4199663194100247,0.5587769452804398
24,-3.32,11,17,1.0000000000000007,1,1,0.06634675024054143,-0.03317337512027089,0.033173375120270535,0.033173375120270535,0.033173375120270535,0.018197174540379245,54.95358621642144,10.481572535258445,0.7974534123770487,0.2378472222222222,3.3527968286801464,0.5596061901548265
24,-3.32,12,17,0.9999999999999994,1,1,0.07719807416371674,-0.03859903708185793,0.0385990370818588,-0.03859903708185793,0.03859903708185793,0.01526053704630063,65.52849332667583,8.790069338669163,0.7969369173298622,0.24131944444444445,3.3024148516690692,0.5556174728854177
24,-3.32,13,17,1.0000000000000022,1,1,0.019118948430883867,-0.009559474215442185,0.009559474215441682,0.009559474215441682,0.009559474215441682,0.026108698513374537,38.30141128971773,15.038610343703734,0.8705509949651108,0.234375,3.7143509118511395,0.6361759949651108
24,-3.32,14,17,0.9999999999999979,1,1,0.06962641380832005,-0.034813206904160225,0.03481320690415983,0.03481320690415983,0.03481320690415983,0.01814191137546668,55.12098363308625,10.449740952268806,0.7836043759703462,0.2482638888888889,3.1563365074050305,0.5353404870814573
24,-3.32,15,17,1.0000000000000115,1,1,0.08613575516216052,-0.043067877581080244,0.04306787758108027,-0.043067877581080244,0.043067877581080244,0.01365645933758598,73.22542214494432,7.866120578449523,0.7719889930881823,0.25,3.087955972352729,0.5219889930881823
24,-3.32,16,17,0.9999999999999954,1,1,0.08895004263219222,-0.04447502131609599,0.04447502131609623,-0.04447502131609599,0.04447502131609599,0.029602643802723788,33.78076656477515,17.051122830368904,0.7373538183445366,0.23958333333333334,3.0776507200467615,0.49777048501120325
24,-3.32,17,17,1.0000000000000053,1,1,0.09632497699245117,-0.04816248849622549,0.04816248849622568,-0.04816248849622549,0.04816248849622549,0.016482506586343173,60.67038376484344,9.493923793733668,0.757334855973224,0.2326388888888889,3.25540953015356,0.5246959670843352
24,-3.32,18,17,1.0000000000000013,1,1,0.08398208278800962,-0.04199104139400511,0.0419910413940045,0.0419910413940045,0.0419910413940045,0.02709660522119121,36.904992040033804,15.607644607406137,0.7291838251584624,0.2465277777777778,2.957816079516016,0.48265604738068457
24,-3.32,19,17,0.9999999999999997,1,1,0.0909503652158308,-0.04547518260791537,0.045475182607915436,-0.04547518260791537,0.04547518260791537,0.025405907793900843,39.36092377065418,14.633802889286887,0.749961578347365,0.2621527777777778,2.8607805902522,0.4878088005695872
24,-3.32,20,17,1.0000000000000022,1,1,0.059598696987861334,-0.029799348493930313,0.02979934849393102,-0.029799348493930313,0.029799348493930313,0.01848053199817548,54.11099637709166,10.644786430949077,0.7924114606158009,0.2361111111111111,3.3560955979022156,0.5563003495046899
24,-3.32,21,17,0.9999999999999942,1,1,0.02132199570363831,-0.010660997851818996,0.010660997851819317,-0.010660997851818996,0.010660997851818996,0.022750490537402204,43.95509619258462,13.104282549543669,0.7924143006780923,0.22569444444444445,3.5110049014660087,0.5667198562336478
24,-3.32,22,17,1.0000000000000022,1,1,0.09129349827250689,-0.04564674913625348,0.04564674913625341,0.04564674913625341,0.04564674913625341,0.024286980681714792,41.17432352358566,13.98930087266772,0.753641525554441,0.2309027777777778,3.2638911181906614,0.5227387477766632
24,-3.32,23,17,0.9999999999999974,1,1,0.09536752539258622,-0.04768376269629334,0.047683762696292875,0.047683762696292875,0.047683762696292875,0.023042583375539133,43.397911757652594,13.27252802431054,0.7385803358923548,0.2378472222222222,3.1052720691532585,0.5007331136701326
24,-3.32,24,17,1.0000000000000062,1,1,0.10286769589967179,-0.05143384794983587,0.05143384794983593,-0.05143384794983587,0.05143384794983587,0.01854758610865377,53.915371743896564,10.683409598584571,0.7102510333362375,0.24131944444444445,2.9431985266307397,0.4689315888917931
24,-3.32,25,17,0.9999999999999988,1,1,0.10203452826052775,-0.051017264130264306,0.05101726413026345,0.05101726413026345,0.05101726413026345,0.022965739950531215,43.543121282137015,13.228266211505979,0.7429835828048527,0.22916666666666666,3.2421101795120846,0.513816916138186
24,-3.32,26,17,0.9999999999999953,1,1,0.08767613988074197,-0.04383806994037096,0.043838069940371,-0.04383806994037096,0.04383806994037096,0.031248088768790563,32.00195722046089,17.998899130823364,0.717548744055145,0.2569444444444444,2.7926221390254296,0.4606042996107006
24,-3.32,27,17,0.9999999999999991,1,1,0.08535458627414988,-0.04267729313707507,0.04267729313707481,0.04267729313707481,0.04267729313707481,0.0344681501788897,29.012290906532552,19.853654503040467,0.6930747312030546,0.22743055555555555,3.04741255857221,0.46564417564749905
24,-3.32,28,17,0.9999999999999922,1,1,0.09188536885902981,-0.0459426844295152,0.04594268442951462,0.04594268442951462,0.04594268442951462,0.020402854804794222,49.01274892987142,11.752044367561473,0.7329452061984472,0.25,2.9317808247937887,0.48294520619844716
24,-3.32,29,17,1.0,1,1,0.09403842121512931,-0.04701921060756514,0.047019210607564164,0.047019210607564164,0.047019210607564164,0.0168552487210788,59.32870030861201,9.70862326334139,0.7402102234581192,0.2465277777777778,3.002542878252652,0.49368244568034136
24,-3.3,0,17,0.9999999999999989,1,1,0.1016457694964347,-0.0508228847482176,0.050822884748217105,0.050822884748217105,0.050822884748217105,0.02652341656184859,37.702533445046626,15.277487939624788,0.75050017405404,0.2465277777777778,3.0442823961628664,0.5039723962762622
24,-3.3,1,17,0.9999999999999928,1,1,0.09375133986186762,-0.04687566993093428,0.04687566993093334,0.04687566993093334,0.04687566993093334,0.021769691503392755,45.935423560970186,12.539342305954229,0.6938002554821541,0.2378472222222222,2.916999614289933,0.45595303325993186
24,-3.3,2,17,0.9999999999999957,1,1,0.09914563868283488,-0.04957281934141767,0.04957281934141722,0.04957281934141722,0.04957281934141722,0.019890010928274367,50.276493241060216,11.456646294686035,0.7348021505850597,0.25,2.939208602340239,0.4848021505850597
24,-3.3,3,17,0.9999999999999994,1,1,0.08902111602011516,-0.04451055801005848,0.044510558010056676,0.044510558010056676,0.044510558010056676,0.013237928898140912,75.54051753068688,7.625047045329165,0.7562938176921729,0.2378472222222222,3.1797462700050483,0.5184465954699506
24,-3.3,4,17,0.9999999999999993,1,1,0.0926655131971211,-0.04633275659856067,0.04633275659856043,0.04633275659856043,0.04633275659856043,0.021514552223985267,46.480167915610195,12.392382081015514,0.7229824030390923,0.23958333333333334,3.0176656822501244,0.48339906970575897
24,-3.3,5,17,0.9999999999999974,1,1,0.05614391408907032,-0.028071957044535172,0.028071957044535144,0.028071957044535144,0.028071957044535144,0.02655783920289409,37.65366573538961,15.297315380866996,0.7170891587145511,0.2222222222222222,3.2269012142154803,0.49486693649232893
24,-3.3,6,17,1.0000000000000018,1,1,0.10395621979531675,-0.05197810989765801,0.05197810989765874,-0.05197810989765801,0.05197810989765801,0.03010811774252576,33.21363389606933,17.34227581969484,0.724203094440975,0.2517361111111111,2.8768343613655283,0.47246698332986387
24,-3.3,7,17,0.9999999999999989,1,1,0.10271369713641418,-0.051356848568207145,0.05135684856820704,0.05135684856820704,0.05135684856820704,0.0221125476982295,45.223192444716254,12.736827474180192,0.7362240075280132,0.2482638888888889,2.965489708644305,0.4879601186391243
24,-3.3,8,17,0.9999999999999991,1,1,0.10151343853288516,-0.050756719266442894,0.05075671926644227,0.05075671926644227,0.05075671926644227,0.01849840243727282,54.05872228107001,10.655079803869144,0.7566269974436555,0.25,3.026507989774622,0.5066269974436555
24,-3.3,9,17,0.9999999999999994,1,1,0.10961964484887868,-0.05480982242443953,0.05480982242443914,0.05480982242443914,0.05480982242443914,0.022777210229409508,43.90353295808012,13.119673092139877,0.7179109592632121,0.234375,3.0630867595230384,0.48353595926321213
24,-3.3,10,17,1.0000000000000009,1,1,0.08765246526637288,-0.0438262326331866,0.04382623263318628,0.04382623263318628,0.04382623263318628,0.0210821193255228,47.43356133030529,12.143300731501132,0.7878966287116083,0.2309027777777778,3.4122440461495214,0.5569938509338305
24,-3.3,11,17,0.999999999999999,1,1,0.08014165291069585,-0.04007082645534769,0.04007082645534816,-0.04007082645534769,0.04007082645534769,0.01862243820302975,53.698661211683145,10.726524404945136,0.7945770625095264,0.2378472222222222,3.3407035620838483,0.5567298402873042
24,-3.3,12,17,0.9999999999999962,1,1,0.09015601869738069,-0.045078009348690155,0.04507800934869052,-0.045078009348690155,0.045078009348690155,0.015298229059367379,65.3670432126052,8.81177993819561,0.7917846053008804,0.24131944444444445,3.2810642636928566,0.5504651608564359
24,-3.3,13,17,0.9999999999999999,1,1,0.014299909734914455,-0.007149954867456972,0.007149954867457483,-0.007149954867456972,0.007149954867456972,0.0313684146010737,31.87920118748275,18.068206810218452,0.8782580206863955,0.234375,3.747234221595287,0.6438830206863955
24,-3.3,14,17,0.9999999999999969,1,1,0.08188903150770391,-0.04094451575385207,0.04094451575385184,0.04094451575385184,0.04094451575385184,0.019740235642882548,50.657956576144294,11.370375730300347,0.7823046866032765,0.2482638888888889,3.1511013949894213,0.5340407977143875
24,-3.3,15,17,1.0000000000000013,1,1,0.0984097664006808,-0.04920488320034065,0.04920488320034015,0.04920488320034015,0.04920488320034015,0.013258545326603064,75.42305549866889,7.636922108123366,0.7679193108418263,0.25,3.071677243367305,0.5179193108418263
24,-3.3,16,17,0.9999999999999989,1,1,0.10151326702287378,-0.050756633511437006,0.05075663351143677,0.05075663351143677,0.05075663351143677,0.03112101167156587,32.132631501618675,17.925702722821942,0.7326641138682407,0.23958333333333334,3.0580763013630916,0.49308078053490734
24,-3.3,17,17,0.9999999999999984,1,1,0.10852536794515709,-0.05426268397257873,0.05426268397257836,0.05426268397257836,0.05426268397257836,0.016291844411449954,61.380404498412545,9.384102380995174,0.7555579682035671,0.2326388888888889,3.2477715648153334,0.5229190793146783
24,-3.3,18,17,1.0000000000000038,1,1,0.09708056369526588,-0.048540281847633274,0.048540281847632614,0.048540281847632614,0.048540281847632614,0.027859118421536676,35.89489031450986,16.046852210805124,0.7257808879341694,0.2465277777777778,2.9440126158456446,0.4792531101563916
24,-3.3,19,17,1.0000000000000016,1,1,0.10434485802775832,-0.052172429013878786,0.052172429013879536,-0.052172429013878786,0.052172429013878786,0.028301091656231646,35.334326044621285,16.301428793989427,0.7422032105602472,0.2621527777777778,2.8311857568390884,0.4800504327824694
24,-3.3,20,17,1.0000000000000022,1,1,0.07031814848503622,-0.03515907424251849,0.03515907424251773,0.03515907424251773,0.03515907424251773,0.020219792200376438,49.45649243523792,11.64660030741683,0.7905410073943092,0.2361111111111111,3.3481736783758977,0.5544298962831982
24,-3.3,21,17,0.9999999999999997,1,1,0.017264017365185166,-0.008632008682592804,0.008632008682592363,0.008632008682592363,0.008632008682592363,0.025346082073321237,39.45382947578235,14.599343274233034,0.8054098058173866,0.22569444444444445,3.5685849857754977,0.5797153613729422
24,-3.3,22,17,1.0000000000000009,1,1,0.10320551808302328,-0.051602759041512146,0.05160275904151114,0.05160275904151114,0.05160275904151114,0.025710710514067585,38.894296579351675,14.809369256102928,0.739382067104474,0.2309027777777778,3.2021358695652404,0.5084792893266962
24,-3.3,23,17,0.9999999999999988,1,1,0.1076442726149534,-0.053822136307476606,0.053822136307476794,-0.053822136307476606,0.053822136307476606,0.022310021070919603,44.822907016590314,12.850572136849692,0.7249348948565026,0.2378472222222222,3.0479014557470476,0.48708767263428043
24,-3.3,24,17,1.0000000000000013,1,1,0.11266311607638808,-0.05633155803819445,0.05633155803819363,0.05633155803819363,0.05633155803819363,0.019752716279896866,50.625948645743485,11.377564577220594,0.7003115909858029,0.24131944444444445,2.9020106216390102,0.45899214654135845
24,-3.3,25,17,1.0000000000000007,1,1,0.11374976417164764,-0.05687488208582363,0.056874882085824016,-0.05687488208582363,0.05687488208582363,0.023912114666479155,41.8198061504713,13.773378047891992,0.7412020353255733,0.22916666666666666,3.234336154147956,0.5120353686589066
24,-3.3,26,17,1.0000000000000007,1,1,0.10012779882932417,-0.050063899414662105,0.050063899414662064,0.050063899414662064,0.050063899414662064,0.03506889145262013,28.515301128096716,20.199681476709195,0.7073746945378911,0.2569444444444444,2.7530258382015225,0.4504302500934467
24,-3.3,27,17,1.0000000000000064,1,1,0.09740214352547177,-0.04870107176273556,0.04870107176273622,-0.04870107176273556,0.04870107176273556,0.03430593335102085,29.14947655753674,19.760217610188008,0.6888651840058345,0.22743055555555555,3.0289034044836693,0.46143462845027894
24,-3.3,28,17,0.9999999999999959,1,1,0.10426737435829744,-0.05213368717914851,0.05213368717914894,-0.05213368717914851,0.05213368717914851,0.021644148471965965,46.2018638106842,12.467029519852396,0.7245403635259923,0.25,2.898161454103969,0.47454036352599227
24,-3.3,29,17,0.9999999999999957,1,1,0.1061356035375472,-0.05306780176877372,0.053067801768773466,0.053067801768773466,0.053067801768773466,0.01701227269538815,58.781093972887554,9.799069072543576,0.733049991522463,0.2465277777777778,2.9734985571615398,0.4865222137446852
24,-1.28,0,17,1.0000000000000033,1,1,0.016526578449198574,-0.008263289224599794,0.008263289224598782,0.008263289224598782,0.008263289224598782,0.0017694656229821641,565.1423723703955,1.0192121988377267,0.27677138782678923,0.2465277777777778,1.1226783055509195,0.030243610049011438
24,-1.28,1,17,0.999999999999999,1,1,0.016699744635905303,-0.008349872317952502,0.008349872317952799,-0.008349872317952502,0.008349872317952502,0.0017622958909181072,567.4415999909231,1.0150824331688297,0.26866702764070693,0.2378472222222222,1.1295781600076438,0.030819805418484725
24,-1.28,2,17,0.999999999999996,1,1,0.01748475229602276,-0.008742376148012428,0.008742376148010333,0.008742376148010333,0.008742376148010333,0.0017761936107190133,563.0016874090626,1.0230875197741516,0.2790668869110147,0.25,1.1162675476440589,0.029066886911014722
24,-1.28,3,17,0.999999999999999,1,1,0.014776968314752895,-0.007388484157376333,0.007388484157376562,-0.007388484157376333,0.007388484157376333,0.0017509586831358274,571.1157034322933,1.0085522014862365,0.26825788329389993,0.2378472222222222,1.1278579618780027,0.030410661071677725
24,-1.28,4,17,0.9999999999999972,1,1,0.01670911542258407,-0.008354557711291552,0.008354557711292515,-0.008354557711291552,0.008354557711291552,0.0017741070497842531,563.6638443670063,1.0218856606757298,0.2701173061271751,0.23958333333333334,1.1274461473134265,0.030533972793841763
24,-1.28,5,17,0.999999999999999,1,1,0.01382063793278266,-0.006910318966391736,0.006910318966390925,0.006910318966390925,0.006910318966390925,0.0017499068452186694,571.4589909356229,1.0079463428459536,0.25307968348373344,0.2222222222222222,1.1388585756768006,0.030857461261511232
24,-1.28,6,17,1.0000000000000056,1,1,0.01742138550086895,-0.00871069275043428,0.008710692750434672,-0.00871069275043428,0.00871069275043428,0.0017825252553833938,561.0018691067103,1.026734547100835,0.2817570898473647,0.2517361111111111,1.1192557500143592,0.03002097873625359
24,-1.28,7,17,1.000000000000004,1,1,0.017593002189011858,-0.008796501094505386,0.00879650109450647,-0.008796501094505386,0.008796501094505386,0.0017798432752773414,561.8472221067759,1.0251897265597487,0.2786076020913401,0.2482638888888889,1.122223628004279,0.030343713202451217
24,-1.28,8,17,0.9999999999999929,1,1,0.01661015246706462,-0.008305076233532079,0.00830507623353254,-0.008305076233532079,0.008305076233532079,0.0017734215165772296,563.8817340673962,1.0214907935484843,0.280352098135878,0.25,1.121408392543512,0.030352098135878025
24,-1.28,9,17,0.9999999999999989,1,1,0.016467501587084665,-0.008233750793541914,0.00823375079354275,-0.008233750793541914,0.008233750793541914,0.0017721355217391696,564.2909290699181,1.0207500605217619,0.2663453787993434,0.234375,1.1364069495438651,0.03197037879934339
24,-1.28,10,17,1.000000000000008,1,1,0.015430292103335911,-0.007715146051668812,0.0077151460516670985,0.0077151460516670985,0.0077151460516670985,0.0017663290599921563,566.1459252696894,1.017405538555482,0.2626633938404782,0.2309027777777778,1.1375497357301914,0.03176061606270042
24,-1.28,11,17,0.9999999999999972,1,1,0.015617183581986445,-0.007808591790993187,0.007808591790993257,-0.007808591790993187,0.007808591790993187,0.001760148595221112,568.1338511504358,1.0138455908473607,0.26753612802474835,0.2378472222222222,1.1248234287755843,0.029688905802526144
24,-1.28,12,17,1.0000000000000013,1,1,0.015919957087453175,-0.00795997854372596,0.007959978543727217,-0.00795997854372596,0.00795997854372596,0.0017710057091002555,564.6509183237142,1.0200992884417472,0.27139905899270145,0.24131944444444445,1.1246464602863024,0.030079614548257
24,-1.28,13,17,0.9999999999999997,1,1,0.015264674681904948,-0.007632337340951156,0.0076323373409537916,-0.007632337340951156,0.007632337340951156,0.0017536278387198566,570.2464216865975,1.0100896351026374,0.265145513760638,0.234375,1.131287525378722,0.030770513760637996
24,-1.28,14,17,1.0000000000000033,1,1,0.016088949214507327,-0.008044474607254251,0.008044474607253074,0.008044474607253074,0.008044474607253074,0.0017736115839650853,563.8213062210614,1.021600272363889,0.27753903627545434,0.2482638888888889,1.117919474787844,0.029275147386565448
24,-1.28,15,17,1.0000000000000053,1,1,0.01633803756636094,-0.008169018783180102,0.008169018783180838,-0.008169018783180102,0.008169018783180102,0.0017706330025619478,564.7697736081329,1.019884609475682,0.2793172929521901,0.25,1.1172691718087604,0.0293172929521901
24,-1.28,16,17,0.999999999999999,1,1,0.017337957397291152,-0.008668978698645073,0.00866897869864608,-0.008668978698645073,0.008668978698645073,0.0017603887857342822,568.0563339778868,1.0139839405829465,0.26941275240701534,0.23958333333333334,1.1245054013510205,0.029829419073682
24,-1.28,17,17,0.9999999999999901,1,1,0.014891636537210899,-0.007445818268606047,0.007445818268604852,0.007445818268604852,0.007445818268604852,0.001765101053195948,566.5398013271639,1.016698206640866,0.26334014318490784,0.2326388888888889,1.1319695707052755,0.030701254296018943
24,-1.28,18,17,0.9999999999999994,1,1,0.016171022880519095,-0.008085511440259218,0.008085511440259877,-0.008085511440259218,0.008085511440259218,0.0017639761550845212,566.9010871363422,1.0160502653286843,0.27630495597252025,0.2465277777777778,1.120786300282899,0.02977717819474246
24,-1.28,19,17,0.999999999999999,1,1,0.017226994149538703,-0.008613497074768828,0.008613497074769877,-0.008613497074768828,0.008613497074768828,0.0017853643809989893,560.109751624179,1.0283698834554178,0.2903456493479817,0.2621527777777778,1.1075436690360096,0.028192871570203892
24,-1.28,20,17,1.0000000000000013,1,1,0.014745829868930752,-0.007372914934465086,0.007372914934465665,-0.007372914934465086,0.007372914934465086,0.0017543310159818266,570.017853466691,1.010494665205532,0.26591763495703863,0.2361111111111111,1.1262393951121636,0.029806523845927524
24,-1.28,21,17,1.0,1,1,0.013602015298616908,-0.006801007649308295,0.006801007649308612,-0.006801007649308295,0.006801007649308295,0.0017412245173583953,574.3084766099527,1.0029453219984357,0.25655818241473377,0.22569444444444445,1.136750100545282,0.030863737970289323
24,-1.28,22,17,1.0000000000000009,1,1,0.015291197029033688,-0.007645598514516577,0.00764559851451711,-0.007645598514516577,0.007645598514516577,0.0017684102731094298,565.4796373930133,1.0186043173110315,0.26232615145746724,0.2309027777777778,1.1360891972894822,0.03142337367968945
24,-1.28,23,17,0.9999999999999972,1,1,0.017777380090835578,-0.008888690045417483,0.008888690045418092,-0.008888690045417483,0.008888690045417483,0.0017631976261186636,567.1513987920375,1.0156018326443503,0.26841885551845673,0.2378472222222222,1.128534750208986,0.030571633296234524
24,-1.28,24,17,0.9999999999999937,1,1,0.017386168741122948,-0.008693084370561538,0.00869308437056141,0.00869308437056141,0.00869308437056141,0.0017816873177407327,561.265711465045,1.026251895018662,0.27254711211087523,0.24131944444444445,1.1294038602580154,0.031227667666430786
24,-1.28,25,17,0.9999999999999989,1,1,0.01558518219312606,-0.007792591096562596,0.007792591096563463,-0.007792591096562596,0.007792591096562596,0.0017590633224303432,568.4843673611407,1.0132204737198778,0.26001353922254267,0.22916666666666666,1.134604534789277,0.03084687255587601
24,-1.28,26,17,0.9999999999999973,1,1,0.017249961612900176,-0.008624980806450093,0.008624980806450085,0.008624980806450085,0.008624980806450085,0.0017691655513634862,565.2382272700853,1.0190393575853682,0.2859229830128326,0.2569444444444444,1.1127813392931865,0.028978538568388168
24,-1.28,27,17,1.0000000000000018,1,1,0.016046511215124314,-0.00802325560756217,0.008023255607562143,0.008023255607562143,0.008023255607562143,0.001758600537311108,568.633967057121,1.0129539094911983,0.25983478859826514,0.22743055555555555,1.142479681164891,0.03240423304270959
24,-1.28,28,17,0.9999999999999926,1,1,0.016355656320769338,-0.008177828160384098,0.008177828160385238,-0.008177828160384098,0.008177828160384098,0.0017732224287759124,563.9450436515841,1.0213761189749255,0.2792744517705579,0.25,1.1170978070822315,0.029274451770557874
24,-1.28,29,17,0.9999999999999989,1,1,0.0167750940416013,-0.008387547020800641,0.008387547020800658,-0.008387547020800641,0.008387547020800641,0.0017767037492932023,562.8400347541418,1.0233813595928845,0.27684400321712127,0.2465277777777778,1.122972858120154,0.03031622543934348
24,-1.26,0,17,1.0000000000000073,1,1,0.0138582148135831,-0.006929107406791889,0.006929107406791213,0.006929107406791213,0.006929107406791213,0.0017675258429766297,565.7625906707731,1.0180948855545386,0.2760126195038709,0.2465277777777778,1.119600484748096,0.029484841726093114
24,-1.26,1,17,0.9999999999999972,1,1,0.014046730855221219,-0.0070233654276098175,0.007023365427611401,-0.0070233654276098175,0.0070233654276098175,0.001760709662788238,567.9528096735793,1.014168765766025,0.2679191957966342,0.2378472222222222,1.1264339910865788,0.030071973574411992
24,-1.26,2,17,0.9999999999999981,1,1,0.014756549381097016,-0.007378274690548729,0.007378274690548286,0.007378274690548286,0.007378274690548286,0.0017738626679192609,563.7414993196734,1.0217448967214944,0.27832793477625656,0.25,1.1133117391050262,0.028327934776256558
24,-1.26,3,17,0.9999999999999934,1,1,0.012191771517350784,-0.0060958857586751215,0.006095885758675663,-0.0060958857586751215,0.0060958857586751215,0.0017498368019868166,571.48186554573,1.0079059979444063,0.2675584790384816,0.2378472222222222,1.1249174009209155,0.029711256816259413
24,-1.26,4,17,0.999999999999991,1,1,0.01401120262600015,-0.007005601313000788,0.007005601312999362,0.007005601312999362,0.007005601312999362,0.001771845295415931,564.3833593074814,1.0205828901595764,0.2693125887871748,0.23958333333333334,1.124087327111686,0.029729255453841447
24,-1.26,5,17,0.9999999999999959,1,1,0.011309827374465151,-0.005654913687232323,0.005654913687232829,-0.005654913687232323,0.005654913687232323,0.0017489299649790157,571.7781843894466,1.0073836598279131,0.25230719643549515,0.2222222222222222,1.1353823839597283,0.03008497421327294
24,-1.26,6,17,1.0000000000000049,1,1,0.014685075272429165,-0.007342537636214443,0.007342537636214723,-0.007342537636214443,0.007342537636214443,0.0017798565416562383,561.8430343096383,1.0251973679939932,0.2809531259767608,0.2517361111111111,1.1160620728456154,0.029217014865649704
24,-1.26,7,17,1.0000000000000013,1,1,0.014851649455060078,-0.007425824727528758,0.007425824727531321,-0.007425824727528758,0.007425824727528758,0.001777322889496104,562.6439663327095,1.0237379843497558,0.2778127328588466,0.2482638888888889,1.1190219169698996,0.029548843969957717
24,-1.26,8,17,0.9999999999999978,1,1,0.013917864892085744,-0.0069589324460420775,0.006958932446043666,-0.0069589324460420775,0.0069589324460420775,0.0017712208281098012,564.582340118015,1.0202231969912454,0.27957475824467914,0.25,1.1182990329787166,0.029574758244679145
24,-1.26,9,17,0.9999999999999996,1,1,0.013797247854647246,-0.006898623927323324,0.006898623927323922,-0.006898623927323324,0.006898623927323324,0.0017700261080465303,564.9634180275674,1.0195350382348014,0.2654888758517864,0.234375,1.132752536967622,0.031113875851786377
24,-1.26,10,17,0.9999999999999923,1,1,0.012820426924499188,-0.0064102134622495135,0.006410213462249674,-0.0064102134622495135,0.0064102134622495135,0.0017645735751451327,566.7091551667105,1.0163943792835963,0.26180704961373336,0.2309027777777778,1.1338410569737625,0.030904271835955566
24,-1.26,11,17,1.0000000000000033,1,1,0.012986766800135476,-0.006493383400067901,0.0064933834000675756,0.0064933834000675756,0.0064933834000675756,0.001758511728868801,568.6626842365565,1.0129027558284294,0.2668198772804432,0.2378472222222222,1.121812038784929,0.028972655058220997
24,-1.26,12,17,0.9999999999999954,1,1,0.01325771728813454,-0.006628858644067859,0.0066288586440666816,0.0066288586440666816,0.0066288586440666816,0.0017689698035835298,565.3007744814116,1.0189266068641132,0.27062888401647145,0.24131944444444445,1.12145494383804,0.029309439572027002
24,-1.26,13,17,0.9999999999999976,1,1,0.01265908782288742,-0.006329543911444688,0.006329543911442732,0.006329543911442732,0.006329543911442732,0.001752442527345637,570.632123105723,1.0094068957510869,0.2644274356173558,0.234375,1.1282237253007181,0.03005243561735582
24,-1.26,14,17,1.0000000000000022,1,1,0.013414605791410919,-0.006707302895706127,0.006707302895704791,0.006707302895704791,0.006707302895704791,0.0017713635453733161,564.5368521961138,1.0203054021350302,0.2767735290172305,0.2482638888888889,1.1148360329645088,0.028509640128341618
24,-1.26,15,17,0.9999999999999997,1,1,0.013655836531654208,-0.006827918265827953,0.006827918265826255,0.006827918265826255,0.006827918265826255,0.0017685779937167859,565.4260109266838,1.0187009243808687,0.27858236970421696,0.25,1.1143294788168678,0.02858236970421696
24,-1.26,16,17,1.0000000000000022,1,1,0.014651920430103126,-0.007325960215050861,0.007325960215052265,-0.007325960215050861,0.007325960215050861,0.0017588684004626763,568.5473681470123,1.0131081986665016,0.2687464904541571,0.23958333333333334,1.1217244818956122,0.029163157120823763
24,-1.26,17,17,0.9999999999999963,1,1,0.012312715705776932,-0.006156357852888048,0.006156357852888885,-0.006156357852888048,0.006156357852888048,0.0017634200826534205,567.0798522920861,1.0157299676083702,0.26251866763702947,0.2326388888888889,1.1284384519323059,0.029879778748140573
24,-1.26,18,17,1.0000000000000009,1,1,0.01352323298003626,-0.006761616490019348,0.006761616490016911,0.006761616490016911,0.006761616490016911,0.0017622393387206029,567.4598098156216,1.0150498591030672,0.27558181041496504,0.2465277777777778,1.1178529774578863,0.029054032637187255
24,-1.26,19,17,0.9999999999999918,1,1,0.0144885850222177,-0.007244292511108565,0.007244292511109135,-0.007244292511108565,0.007244292511108565,0.0017825378362154552,560.9979096562246,1.0267417936601022,0.2895852509043185,0.2621527777777778,1.1046430762972679,0.027432473126540735
24,-1.26,20,17,0.999999999999997,1,1,0.012162576980850652,-0.006081288490424621,0.00608128849042603,-0.006081288490424621,0.006081288490424621,0.0017530832177531477,570.4235770858942,1.009775933425813,0.2652293119153774,0.2361111111111111,1.1233241445827749,0.029118200804266303
24,-1.26,21,17,1.0000000000000018,1,1,0.011101016193711476,-0.00555050809685548,0.0055505080968559955,-0.00555050809685548,0.00555050809685548,0.001740461082565886,574.5603909314327,1.0025055835579504,0.2558440940302906,0.22569444444444445,1.1335861397034415,0.030149649585846178
24,-1.26,22,17,0.9999999999999963,1,1,0.012684322724131801,-0.006342161362066134,0.006342161362065666,0.006342161362065666,0.006342161362065666,0.0017664734987301953,566.0996333762357,1.0174887352685924,0.2614725165932322,0.2309027777777778,1.1323922523135468,0.030569738815454384
24,-1.26,23,17,0.9999999999999938,1,1,0.015070342360151364,-0.0075351711800760255,0.0075351711800753386,0.0075351711800753386,0.0075351711800753386,0.0017615527074207474,567.6809985800497,1.0146543594743505,0.2677183427920754,0.2378472222222222,1.1255895288192368,0.029871120569853193
24,-1.26,24,17,1.0000000000000002,1,1,0.014666131191175758,-0.0073330655955872945,0.0073330655955884646,-0.0073330655955872945,0.0073330655955872945,0.0017790486944265216,562.0981612998239,1.0247320479896764,0.2716794310359109,0.24131944444444445,1.1258082897603214,0.030359986591466465
24,-1.26,25,17,0.9999999999999979,1,1,0.012987666607019069,-0.006493833303509002,0.006493833303510068,-0.006493833303509002,0.006493833303509002,0.0017576445451303884,568.9432500846276,1.012403257995104,0.25923358364783206,0.22916666666666666,1.131201092281449,0.030066916981165398
24,-1.26,26,17,1.0000000000000042,1,1,0.014538074394209543,-0.007269037197104143,0.0072690371971054005,-0.007269037197104143,0.007269037197104143,0.0017671929200571877,565.8691751479172,1.0179031219529402,0.285239064128886,0.2569444444444444,1.1101196009340428,0.02829461968444158
24,-1.26,27,17,0.9999999999999911,1,1,0.013420438055023921,-0.006710219027512627,0.006710219027511294,0.006710219027511294,0.006710219027511294,0.0017570820044706605,569.1254007813145,1.0120792345751006,0.259028551766455,0.22743055555555555,1.1389347008967792,0.031597996210899454
24,-1.26,28,17,0.9999999999999964,1,1,0.013686799498407797,-0.006843399749204358,0.006843399749203439,0.006843399749203439,0.006843399749203439,0.0017710257564481008,564.6445266869299,1.020110835714106,0.2785157380386003,0.25,1.1140629521544012,0.028515738038600302
24,-1.26,29,17,1.0000000000000053,1,1,0.01406792040146292,-0.007033960200731189,0.007033960200731731,-0.007033960200731189,0.007033960200731189,0.0017743425444189443,563.5890336651295,1.022021305585312,0.2760513782457389,0.2465277777777778,1.119757703306659,0.029523600467961097
24,-1.24,0,17,0.9999999999999932,1,1,0.011223961582020337,-0.005611980791010971,0.0056119807910093664,0.0056119807910093664,0.0056119807910093664,0.001765680973606952,566.3537269460345,1.0170322407976042,0.27526529958936496,0.2465277777777778,1.1165691025596776,0.028737521811587174
24,-1.24,1,17,1.0000000000000056,1,1,0.011425755606545792,-0.005712877803273367,0.005712877803272424,0.005712877803272424,0.005712877803272424,0.0017592052834638854,568.4384928807139,1.013302243275198,0.26718145758979706,0.2378472222222222,1.1233322596476139,0.029334235367574846
24,-1.24,2,17,0.999999999999999,1,1,0.012065577968521899,-0.0060327889842609825,0.006032788984260916,0.006032788984260916,0.006032788984260916,0.0017716457430580932,564.4469295954555,1.0204679480014618,0.2776009183395168,0.25,1.1104036733580671,0.027600918339516778
24,-1.24,3,17,0.9999999999999958,1,1,0.009637552733208689,-0.004818776366603665,0.004818776366605024,-0.004818776366603665,0.004818776366603665,0.001748785011207747,571.8255780962918,1.0073001664556622,0.2668672442511376,0.2378472222222222,1.1220111875084327,0.029020022028915404
24,-1.24,4,17,1.0000000000000027,1,1,0.011349860943115488,-0.005674930471557376,0.005674930471558113,-0.005674930471557376,0.005674930471557376,0.001769697707047597,565.0682577129567,1.0193458792594159,0.26852211981795904,0.23958333333333334,1.1207879783706116,0.028938786484625695
24,-1.24,5,17,1.0000000000000069,1,1,0.008825541705518327,-0.004412770852759049,0.004412770852759278,-0.004412770852759049,0.004412770852759049,0.0017480151701675752,572.0774150399016,1.0068567380165234,0.25154653137453886,0.2222222222222222,1.1319593911854249,0.029324309152316652
24,-1.24,6,17,1.0000000000000067,1,1,0.011987070638669405,-0.005993535319334092,0.005993535319335312,-0.005993535319334092,0.005993535319334092,0.0017773181528952032,562.6454657940825,1.023735256067637,0.2801640404931638,0.2517361111111111,1.1129274987866369,0.028427929382052686
24,-1.24,7,17,0.9999999999999981,1,1,0.012148563099500864,-0.006074281549751018,0.006074281549749846,0.006074281549749846,0.006074281549749846,0.0017749243989106857,563.4042782969935,1.022356453772555,0.2770316557498792,0.2482638888888889,1.1158757602232896,0.028767766860990307
24,-1.24,8,17,0.999999999999999,1,1,0.011261825447698982,-0.005630912723849972,0.005630912723849009,0.005630912723849009,0.005630912723849009,0.0017691306211858305,565.2493874814681,1.0190192378030383,0.27881016312184626,0.25,1.115240652487385,0.028810163121846255
24,-1.24,9,17,0.9999999999999921,1,1,0.011161510147165567,-0.0055807550735831254,0.005580755073582443,0.005580755073582443,0.005580755073582443,0.0017680213982625423,565.6040141724037,1.0183803253992243,0.26464798053366556,0.234375,1.1291647169436396,0.03027298053366556
24,-1.24,10,17,0.9999999999999941,1,1,0.010242124624939813,-0.005121062312470623,0.00512106231246919,0.00512106231246919,0.00512106231246919,0.0017629055611759746,567.245360172858,1.0154336032373614,0.26096617133884836,0.2309027777777778,1.1301993585802756,0.030063393561070573
24,-1.24,11,17,1.0000000000000002,1,1,0.010389463303784624,-0.005194731651891487,0.005194731651893137,-0.005194731651891487,0.005194731651891487,0.0017569710227997506,569.1613504282445,1.0120153091326562,0.2661137368605846,0.2378472222222222,1.1188431564357426,0.028266514638362383
24,-1.24,12,17,1.0000000000000022,1,1,0.010630719655161401,-0.005315359827580695,0.005315359827580706,-0.005315359827580695,0.005315359827580695,0.001767032668151895,565.920493731381,1.0178108168554916,0.2698713343894888,0.24131944444444445,1.1183157453837809,0.028551889945044345
24,-1.24,13,17,0.9999999999999923,1,1,0.010084994146820288,-0.005042497073410577,0.005042497073409712,0.005042497073409712,0.005042497073409712,0.0017513219520860217,570.9972394332677,1.0087614444015487,0.26371793159919277,0.234375,1.1251965081565558,0.029342931599192768
24,-1.24,14,17,1.000000000000002,1,1,0.010776362512057372,-0.0053881812560289954,0.005388181256028376,0.005388181256028376,0.005388181256028376,0.0017692322624147704,565.2169142762132,1.0190777831509077,0.2760215557315119,0.2482638888888889,1.111807105603852,0.027757666842622986
24,-1.24,15,17,0.9999999999999952,1,1,0.01100970612255018,-0.005504853061275297,0.005504853061274882,0.005504853061274882,0.005504853061274882,0.0017666260276337827,566.0507568426347,1.017576591917059,0.2778588121889773,0.25,1.1114352487559092,0.02785881218897729
24,-1.24,16,17,0.9999999999999976,1,1,0.011999132635144596,-0.005999566317571429,0.005999566317573166,-0.005999566317571429,0.005999566317571429,0.0017574268343597912,569.0137310121861,1.0122778565912398,0.26808655064543296,0.23958333333333334,1.118969950520068,0.02850321731209962
24,-1.24,17,17,1.0000000000000053,1,1,0.009763906198658866,-0.004881953099329795,0.0048819530993290715,0.0048819530993290715,0.0048819530993290715,0.0017618239678988323,567.5935951720587,1.0148106055097275,0.26171185481673487,0.2326388888888889,1.1249703610032782,0.029072965927845973
24,-1.24,18,17,1.0000000000000022,1,1,0.010908625207202333,-0.00545431260360144,0.005454312603600893,0.005454312603600893,0.005454312603600893,0.0017605972322447976,567.9890787542472,1.0141040057730035,0.2748687780513012,0.2465277777777778,1.1149606771658416,0.02834100027352343
24,-1.24,19,17,1.0000000000000007,1,1,0.011789342969300507,-0.005894671484650929,0.005894671484649578,0.005894671484649578,0.005894671484649578,0.0017798510351450332,561.8447725421661,1.0251941962435391,0.2888392489905271,0.2621527777777778,1.1017974001228052,0.026686471212749308
24,-1.24,20,17,0.999999999999998,1,1,0.009610050027688794,-0.004805025013844448,0.004805025013844345,0.004805025013844345,0.004805025013844345,0.001751907152011586,570.806505842375,1.0090985195586737,0.26454910191165193,0.2361111111111111,1.1204432551552317,0.028437990800540824
24,-1.24,21,17,1.000000000000005,1,1,0.008626482384784315,-0.00431324119239258,0.004313241192391735,0.004313241192391735,0.004313241192391735,0.0017397666485382782,574.7897287490725,1.0021055895580484,0.2551388678718608,0.22569444444444445,1.130461445339937,0.02944442342741635
24,-1.24,22,17,1.0000000000000053,1,1,0.010109301489606218,-0.005054650744802807,0.00505465074480341,-0.005054650744802807,0.005054650744802807,0.0017646388332436694,566.6881976987046,1.0164319679483536,0.2606347645402677,0.2309027777777778,1.1287640930465728,0.029731986762489893
24,-1.24,23,17,1.0000000000000002,1,1,0.012397363110309138,-0.006198681555155002,0.006198681555154137,0.006198681555154137,0.006198681555154137,0.0017599882069280356,568.1856253715733,1.0137532071905484,0.2670253778327938,0.2378472222222222,1.1226760411072207,0.029178155610571577
24,-1.24,24,17,1.0000000000000029,1,1,0.011983019737223884,-0.0059915098686118195,0.005991509868612063,-0.0059915098686118195,0.0059915098686118195,0.0017765419677164668,562.8912900297993,1.0232881734046848,0.270829045989057,0.24131944444444445,1.1222843920122074,0.029509601544612546
24,-1.24,25,17,0.9999999999999984,1,1,0.010420044152597415,-0.0052100220762983564,0.005210022076299059,-0.0052100220762983564,0.0052100220762983564,0.0017563021394651499,569.3781141236507,1.0116300323319263,0.2584657356311624,0.22916666666666666,1.127850482754163,0.029299068964495717
24,-1.24,26,17,1.0000000000000022,1,1,0.011862441453701293,-0.005931220726851124,0.0059312207268501695,0.0059312207268501695,0.0059312207268501695,0.001765318587840331,566.4699884134725,1.0168235065960305,0.284563599553281,0.2569444444444444,1.1074907658289854,0.027619155108836557
24,-1.24,27,17,0.9999999999999988,1,1,0.010825933800117253,-0.0054129669000586335,0.0054129669000586205,0.0054129669000586205,0.0054129669000586205,0.0017556510360576605,569.5892745551042,1.0112549967692124,0.2582343064675078,0.22743055555555555,1.1354424467578967,0.030803750911952227
24,-1.24,28,17,0.9999999999999994,1,1,0.01105274039670389,-0.005526370198351729,0.005526370198352161,-0.005526370198351729,0.005526370198351729,0.0017689433439434616,565.309230181858,1.018911366111434,0.27777001519473543,0.25,1.1110800607789417,0.02777001519473543
24,-1.24,29,17,0.9999999999999999,1,1,0.011398029374289657,-0.005699014687144953,0.005699014687144704,0.005699014687144704,0.005699014687144704,0.0017720974395085405,564.303055636338,1.0207281251569191,0.27527252643510625,0.2465277777777778,1.1165984170888816,0.028744748657328456
24,-1.22,0,17,0.9999999999999939,1,1,0.008623511189872507,-0.004311755594936083,0.004311755594936425,-0.004311755594936083,0.004311755594936083,0.0017639271895549817,566.916823960454,1.0160220611836697,0.274529356840127,0.2465277777777778,1.1135838699993885,0.028001579062349236
24,-1.22,1,17,0.9999999999999979,1,1,0.008836647061279637,-0.00441832353064063,0.004418323530639008,0.004418323530639008,0.004418323530639008,0.0017577791314582268,568.8996883074924,1.0124807797199384,0.2664537835856935,0.2378472222222222,1.1202728419369303,0.028606561363471283
24,-1.22,2,17,0.9999999999999986,1,1,0.00941140040486625,-0.00470570020243355,0.0047057002024327,0.0047057002024327,0.0047057002024327,0.0017695383366239683,565.1191496126951,1.0192540818954057,0.2768857095790329,0.25,1.1075428383161317,0.026885709579032913
24,-1.22,3,17,0.9999999999999972,1,1,0.007114094906594598,-0.0035570474532973222,0.003557047453297276,0.003557047453297276,0.003557047453297276,0.0017477996712651107,572.147950615055,1.0067326106487038,0.2661841663001279,0.2378472222222222,1.1191392685319248,0.028336944077905712
24,-1.22,4,17,0.9999999999999969,1,1,0.008724639727457616,-0.004362319863729205,0.004362319863728411,0.004362319863728411,0.004362319863728411,0.0017676595365357707,565.7198002958098,1.018171893044604,0.2677457090410449,0.23958333333333334,1.1175473073017526,0.028162375707711546
24,-1.22,5,17,0.9999999999999948,1,1,0.0063677511449215,-0.0031838755724603973,0.0031838755724611025,-0.0031838755724603973,0.0031838755724603973,0.0017471586954079382,572.3578531408181,1.0063634085549724,0.2507975493821586,0.2222222222222222,1.1285889722197138,0.02857532715993638
24,-1.22,6,17,0.9999999999999942,1,1,0.009326855581509506,-0.004663427790754842,0.0046634277907546635,0.0046634277907546635,0.0046634277907546635,0.0017749048078482836,563.4104970464865,1.0223451693206114,0.2793896109294747,0.2517361111111111,1.1098511441060512,0.02765349981836357
24,-1.22,7,17,0.9999999999999941,1,1,0.009483245270525981,-0.004741622635262935,0.004741622635263047,-0.004741622635262935,0.004741622635262935,0.001772643093023515,564.1293523415063,1.0210424215815448,0.27626420991042444,0.2482638888888889,1.1127845098489824,0.028000321021535546
24,-1.22,8,17,0.9999999999999927,1,1,0.008641604701028737,-0.004320802350514457,0.00432080235051428,0.00432080235051428,0.00432080235051428,0.0017671462770678787,565.8841109968785,1.017876255591098,0.27805818092782447,0.25,1.1122327237112979,0.028058180927824472
24,-1.22,9,17,1.0000000000000027,1,1,0.008559948550278515,-0.00427997427513861,0.0042799742751399045,-0.00427997427513861,0.00427997427513861,0.0017661170615891617,566.2138834105338,1.017283427475357,0.2638224763385013,0.234375,1.125642565710939,0.02944747633850131
24,-1.22,10,17,0.9999999999999997,1,1,0.00769515865819159,-0.0038475793290963824,0.0038475793290952084,0.0038475793290952084,0.0038475793290952084,0.0017613211305189105,567.7556367619263,1.0145209711788925,0.26014056819211884,0.2309027777777778,1.1266238141252665,0.029237790414341047
24,-1.22,11,17,0.9999999999999988,1,1,0.007824961350040505,-0.003912480675020789,0.0039124806750197175,0.0039124806750197175,0.0039124806750197175,0.0017555216064024568,569.6312687653405,1.011180445287815,0.2654176084433679,0.2378472222222222,1.1159163683458388,0.027570386221145715
24,-1.22,12,17,1.0000000000000049,1,1,0.008038562025801096,-0.004019281012899598,0.0040192810129015,-0.004019281012899598,0.004019281012899598,0.0017651905583517477,566.5110745514938,1.0167497616106067,0.26912627880906026,0.24131944444444445,1.1152283208202785,0.027806834364615812
24,-1.22,13,17,1.0000000000000004,1,1,0.007542185020511993,-0.003771092510256664,0.003771092510255329,0.003771092510255329,0.003771092510255329,0.0017502634492888,571.3425601193574,1.0081517467903487,0.26301701657535825,0.234375,1.1222059373881952,0.028642016575358253
24,-1.22,14,17,1.0000000000000024,1,1,0.00817375451512737,-0.004086877257563874,0.004086877257563496,0.004086877257563496,0.004086877257563496,0.0017672124541671871,565.8629202402593,1.0179143736002998,0.27528291347559813,0.2482638888888889,1.1088318752583533,0.02701902458670924
24,-1.22,15,17,0.9999999999999994,1,1,0.008399209151103202,-0.004199604575551733,0.004199604575551469,0.004199604575551469,0.004199604575551469,0.0017647729182290307,566.645141519687,1.0165092008999217,0.27714652815449037,0.25,1.1085861126179615,0.027146528154490368
24,-1.22,16,17,0.9999999999999993,1,1,0.009379414226950752,-0.004689707113474919,0.0046897071134758325,-0.004689707113474919,0.004689707113474919,0.0017560608681535888,569.4563429634707,1.011491060056467,0.26743302529603086,0.23958333333333334,1.1162421925399548,0.027849691962697515
24,-1.22,17,17,0.9999999999999991,1,1,0.007245031352053122,-0.0036225156760266394,0.003622515676026483,0.003622515676026483,0.003622515676026483,0.0017603087218387421,568.0821708111764,1.0139378237791155,0.2609195127157945,0.2326388888888889,1.1215644725693852,0.028280623826905604
24,-1.22,18,17,0.9999999999999966,1,1,0.008326916247618221,-0.004163458123809004,0.004163458123809218,-0.004163458123809004,0.004163458123809004,0.0017590452077027555,568.4902216390226,1.0132100396367871,0.2741657917214891,0.2465277777777778,1.1121091269829415,0.027638013943711293
24,-1.22,19,17,1.0000000000000022,1,1,0.009128679152770297,-0.004564339576385576,0.00456433957638472,0.00456433957638472,0.00456433957638472,0.0017772980253323262,562.6518376472151,1.02372366259142,0.2881074166997687,0.2621527777777778,1.099005774960707,0.025954638921990902
24,-1.22,20,17,1.0000000000000095,1,1,0.0070880644074910945,-0.0035440322037461136,0.003544032203744981,0.003544032203744981,0.003544032203744981,0.001750799406193389,571.1676600200666,1.0084604579673921,0.2638769933366258,0.2361111111111111,1.1175966776610033,0.027765882225514682
24,-1.22,21,17,0.9999999999999983,1,1,0.006178346948010741,-0.003089173474005397,0.003089173474005344,0.003089173474005344,0.003089173474005344,0.0017391364619439554,574.9980072766858,1.0017426020797182,0.2544424146313069,0.22569444444444445,1.1273756217510214,0.028747970186862454
24,-1.22,22,17,1.0000000000000029,1,1,0.00756586028918077,-0.0037829301445900204,0.00378293014459075,-0.0037829301445900204,0.0037829301445900204,0.0017629013346899369,567.2467201211134,1.0154311687814035,0.2598126603094004,0.2309027777777778,1.1252037017910874,0.028909882531622633
24,-1.22,23,17,0.9999999999999983,1,1,0.009758237202106779,-0.004879118601052599,0.00487911860105418,-0.004879118601052599,0.004879118601052599,0.0017585013274824344,568.666047828155,1.012896764629882,0.2663400192802216,0.2378472222222222,1.1197945336161144,0.028492797057999397
24,-1.22,24,17,0.9999999999999964,1,1,0.009336379855876462,-0.004668189927938816,0.0046681899279376465,0.0046681899279376465,0.0046681899279376465,0.0017741613877020515,563.6465808193643,1.0219169593163815,0.2699956606061614,0.24131944444444445,1.1188309389147408,0.028676216161716978
24,-1.22,25,17,1.0000000000000049,1,1,0.00788219320992969,-0.00394109660496538,0.003941096604964312,0.003941096604964312,0.003941096604964312,0.0017550323647731842,569.7900620363986,1.0108986421093542,0.2577098705713118,0.22916666666666666,1.1245521624929968,0.028543203904645126
24,-1.22,26,17,0.9999999999999939,1,1,0.009222678296217297,-0.0046113391481083996,0.004611339148108897,-0.0046113391481083996,0.0046113391481083996,0.0017635386922299188,567.0417124421257,1.0157982867244333,0.2838966121559301,0.2569444444444444,1.1048949229852416,0.026952167711485675
24,-1.22,27,17,1.0000000000000007,1,1,0.008262783581322574,-0.004131391790661106,0.0041313917906614685,-0.004131391790661106,0.004131391790661106,0.001754303360362508,570.0268394819473,1.0104787355688047,0.2574519513130061,0.22743055555555555,1.13200247294879,0.030021395757450525
24,-1.22,28,17,0.9999999999999991,1,1,0.008453100890252502,-0.0042265504451257305,0.004226550445126772,-0.0042265504451257305,0.0042265504451257305,0.0017669697842304702,565.9406340304275,1.0177745957167508,0.2770371001578019,0.25,1.1081484006312077,0.02703710015780192
24,-1.22,29,17,0.9999999999999999,1,1,0.008764933686412476,-0.0043824668432070795,0.004382466843205397,0.004382466843205397,0.004382466843205397,0.0017699637584809099,564.9833196913934,1.0194991248850043,0.2745072773149391,0.2465277777777778,1.1134943079817248,0.027979499537161334
24,-1.2,0,17,1.0000000000000004,1,1,0.00605654654853662,-0.0030282732742686084,0.0030282732742680112,0.0030282732742680112,0.0030282732742680112,0.0017622607834092672,567.4529044818222,1.015062211243738,0.27380471371012954,0.2465277777777778,1.1106444725143283,0.027276935932351754
24,-1.2,1,17,0.9999999999999984,1,1,0.006279218137199892,-0.0031396090686004676,0.0031396090685994246,0.0031396090685994246,0.0031396090685994246,0.001756427729820713,569.3374017171061,1.0117023723767307,0.26573613902177073,0.2378472222222222,1.1172555917995617,0.027888916799548524
24,-1.2,2,17,1.0000000000000044,1,1,0.006793573140392697,-0.003396786570196577,0.00339678657019612,0.00339678657019612,0.00339678657019612,0.0017675360656093705,565.7593185546926,1.0181007737909975,0.27618217743817575,0.25,1.104728709752703,0.026182177438175747
24,-1.2,3,17,0.999999999999999,1,1,0.004621169934479016,-0.0023105849672389457,0.0023105849672400702,-0.0023105849672389457,0.0023105849672389457,0.0017468773052506537,572.4500495794771,1.0062013278243764,0.2655092290522907,0.2378472222222222,1.1163015761614559,0.027662006830068475
24,-1.2,4,17,1.0,1,1,0.0061350849098441,-0.003067542454920705,0.0030675424549233945,-0.003067542454920705,0.003067542454920705,0.0017657261769204848,566.3392280585941,1.0170582779061992,0.2669831639105946,0.23958333333333334,1.1143645102355253,0.02739983057726128
24,-1.2,5,17,1.000000000000005,1,1,0.0039364119307616335,-0.0019682059653808957,0.0019682059653807374,0.0019682059653807374,0.0019682059653807374,0.001746357010413656,572.6206005054671,1.005901637998266,0.25006011429352737,0.2222222222222222,1.1252705143208732,0.02783789207130516
24,-1.2,6,17,0.9999999999999976,1,1,0.006703912588816797,-0.0033519562944092666,0.0033519562944075306,0.0033519562944075306,0.0033519562944075306,0.001772611379723443,564.1394450237686,1.021024154720703,0.2786296135916353,0.2517361111111111,1.106832120198496,0.02689350248052419
24,-1.2,7,17,0.9999999999999978,1,1,0.0068551947878832484,-0.003427597393941016,0.0034275973939422327,-0.003427597393941016,0.003427597393941016,0.0017704743706387926,564.8203761567003,1.0197932374879446,0.27551022960333804,0.2482638888888889,1.1097474982623965,0.027246340714449147
24,-1.2,8,17,0.9999999999999994,1,1,0.006056768222239464,-0.0030283841111195015,0.003028384111119963,-0.0030283841111195015,0.0030283841111195015,0.0017652633212631944,566.4877233637959,1.0167916730475999,0.2773186751362039,0.25,1.1092747005448156,0.027318675136203896
24,-1.2,9,17,0.9999999999999963,1,1,0.0059922154088332315,-0.0029961077044159696,0.002996107704417262,-0.0029961077044159696,0.0029961077044159696,0.0017643089038428521,566.7941695594767,1.016241928613483,0.2630121451888404,0.234375,1.1221851528057192,0.028637145188840418
24,-1.2,10,17,1.0000000000000013,1,1,0.005179292602637937,-0.0025896463013193034,0.002589646301318634,0.002589646301318634,0.002589646301318634,0.0017598165690911086,568.2410414606276,1.0136543437964787,0.25933004685007466,0.2309027777777778,1.123113586358218,0.028427269072296868
24,-1.2,11,17,0.9999999999999916,1,1,0.005292942357398223,-0.0026464711786993887,0.0026464711786988344,0.0026464711786988344,0.0026464711786988344,0.0017541588207011872,570.0738087103605,1.0103954807238837,0.2647313934162688,0.2378472222222222,1.113031259910736,0.02688417119404657
24,-1.2,12,17,0.9999999999999994,1,1,0.005480836437015997,-0.0027404182185076457,0.0027404182185083513,-0.0027404182185076457,0.0027404182185076457,0.0017634398073714359,567.0735092969173,1.0157413290459472,0.26839358135665525,0.24131944444444445,1.1121921069167873,0.027074136912210806
24,-1.2,13,17,0.9999999999999948,1,1,0.005030438279843813,-0.002515219139921915,0.002515219139921898,0.002515219139921898,0.002515219139921898,0.0017492644183022118,571.6688623727753,1.007576304942074,0.26232469786347695,0.234375,1.1192520442175016,0.027949697863476952
24,-1.2,14,17,1.0000000000000016,1,1,0.005606315877465545,-0.0028031579387324227,0.0028031579387331226,-0.0028031579387324227,0.0028031579387324227,0.0017652990446473539,566.4762596638495,1.016812249716876,0.2745573995002131,0.2482638888888889,1.1059095252595994,0.026293510611324178
24,-1.2,15,17,0.9999999999999943,1,1,0.005823904411076129,-0.0029119522055377177,0.0029119522055384116,-0.0029119522055377177,0.0029119522055377177,0.0017630145935650966,567.210279285233,1.0154964058934957,0.2764454192420553,0.25,1.1057816769682212,0.02644541924205529
24,-1.2,16,17,0.9999999999999944,1,1,0.006792566328428399,-0.0033962831642143534,0.0033962831642140455,0.0033962831642140455,0.0033962831642140455,0.0017547673758294387,569.8761065279793,1.0107460084777566,0.2667859977988032,0.23958333333333334,1.1135415560297872,0.027202664465469845
24,-1.2,17,17,0.9999999999999993,1,1,0.004755904132283047,-0.0023779520661425407,0.002377952066140507,0.002377952066140507,0.002377952066140507,0.0017588705596855976,568.5466701874597,1.0131094423789042,0.2601414490675048,0.2326388888888889,1.118219960170767,0.02750256017861591
24,-1.2,18,17,1.0000000000000018,1,1,0.005777814174305059,-0.002888907087151864,0.002888907087153195,-0.002888907087151864,0.002888907087151864,0.001757578849865082,568.9645162017986,1.0123654175222874,0.27347278136462505,0.2465277777777778,1.109298042718479,0.02694500358684726
24,-1.2,19,17,0.9999999999999986,1,1,0.006506007549859675,-0.0032530037749297267,0.003253003774929948,-0.0032530037749297267,0.0032530037749297267,0.0017748730600225158,563.4205749831564,1.022326882572969,0.28738952603209034,0.2621527777777778,1.096267331089298,0.025236748254312547
24,-1.2,20,17,0.9999999999999984,1,1,0.004596421183245358,-0.0022982105916220384,0.00229821059162332,-0.0022982105916220384,0.0022982105916220384,0.0017497567009390814,571.508027066453,1.007859859740911,0.26321297112779185,0.2361111111111111,1.114784348305942,0.027101860016680746
24,-1.2,21,17,1.0000000000000087,1,1,0.0037565328230501384,-0.0018782664115242975,0.0018782664115258407,-0.0018782664115242975,0.0018782664115242975,0.0017385660327488542,575.1866660013458,1.00141403486334,0.25375464898767053,0.22569444444444445,1.1243282908992172,0.02806020454322608
24,-1.2,22,17,1.0000000000000009,1,1,0.005053720307052761,-0.0025268601535261685,0.002526860153526592,-0.0025268601535261685,0.0025268601535261685,0.0017612562970806124,567.7765363607556,1.0144836271184325,0.25900596997566916,0.2309027777777778,1.121710065458537,0.02810319219789137
24,-1.2,23,17,1.0000000000000009,1,1,0.007152741001914006,-0.0035763705009570104,0.0035763705009569952,0.0035763705009569952,0.0035763705009569952,0.0017570892998980503,569.1230377750419,1.012083436741277,0.2656623173739554,0.2378472222222222,1.1169452175722505,0.027815095151733193
24,-1.2,24,17,0.9999999999999996,1,1,0.006725755231552779,-0.00336287761577706,0.003362877615775718,0.003362877615775718,0.003362877615775718,0.0017719014184825982,564.3654830731888,1.0206152170459766,0.26917898003456175,0.24131944444444445,1.1154467086324285,0.027859535590117307
24,-1.2,25,17,1.0000000000000007,1,1,0.005373978332721102,-0.0026869891663607276,0.002686989166360375,0.002686989166360375,0.002686989166360375,0.0017538316666969919,570.1801484080338,1.0102070400174674,0.2569658641459953,0.22916666666666666,1.1213055890007069,0.027799197479328658
24,-1.2,26,17,0.9999999999999966,1,1,0.006618391558712607,-0.00330919577935652,0.0033091957793560866,0.0033091957793560866,0.0033091957793560866,0.0017618494617141077,567.585382139912,1.0148252899473262,0.2832381147634701,0.2569444444444444,1.1023321223226945,0.026293670319025686
24,-1.2,27,17,1.0000000000000022,1,1,0.005730763049769504,-0.0028653815248849105,0.0028653815248845943,0.0028653815248845943,0.0028653815248845943,0.0017530348752309193,570.4393073573476,1.0097480881330094,0.2566813827962161,0.22743055555555555,1.1286143243558815,0.029250827240660554
24,-1.2,28,17,1.0000000000000027,1,1,0.0058874988178055625,-0.002943749408902813,0.002943749408902749,0.002943749408902749,0.002943749408902749,0.0017650999151099418,566.5401666158448,1.0166975511033265,0.27631681063889796,0.25,1.1052672425555918,0.02631681063889796
24,-1.2,29,17,1.0000000000000004,1,1,0.006168143772200825,-0.003084071886100253,0.0030840718861005717,-0.003084071886100253,0.003084071886100253,0.0017679369557533305,565.6310292885375,1.0183316865139185,0.27375545660911277,0.2465277777777778,1.1104446690623164,0.027227678831334978
24,-1.18,0,17,1.0000000000000029,1,1,0.003522741956691053,-0.0017613709783465357,0.0017613709783445173,0.0017613709783445173,0.0017613709783445173,0.0017606781637664792,567.9629705072159,1.014150622329492,0.27309128671513233,0.2465277777777778,1.1077505714641986,0.02656350893735454
24,-1.18,1,17,1.0000000000000053,1,1,0.003753267513999921,-0.0018766337570001962,0.001876633756999725,0.001876633756999725,0.001876633756999725,0.001755147739891984,569.7526067301562,1.0109650981777827,0.26502848388907174,0.2378472222222222,1.1142803410226667,0.027181261666849532
24,-1.18,2,17,0.9999999999999959,1,1,0.004211647666179883,-0.0021058238330902857,0.0021058238330895966,0.0021058238330895966,0.0021058238330895966,0.001765634664845142,566.3685811740147,1.0170055669508018,0.27549018804724046,0.25,1.1019607521889618,0.02549018804724046
24,-1.18,3,17,1.0000000000000009,1,1,0.0021585395214213203,-0.0010792697607106053,0.0010792697607107148,-0.0010792697607106053,0.0010792697607106053,0.0017460145919257536,572.7328996128592,1.005704404949234,0.2648424128557101,0.2378472222222222,1.1134980277729125,0.026995190633487876
24,-1.18,4,17,1.000000000000004,1,1,0.0035807397533592707,-0.0017903698766790555,0.0017903698766802152,-0.0017903698766790555,0.0017903698766790555,0.0017638931624455057,566.9277603035633,1.0160024615686112,0.266234289855234,0.23958333333333334,1.1112387750479331,0.026650956521900665
24,-1.18,5,17,1.000000000000005,1,1,0.0015314667921166036,-0.0007657333960583901,0.0007657333960582136,0.0007657333960582136,0.0007657333960582136,0.0017456068051159223,572.8666943032408,1.0054695197467713,0.24933409227068282,0.2222222222222222,1.1220034152180727,0.027111870048460607
24,-1.18,6,17,0.9999999999999974,1,1,0.004117723382795467,-0.002058861691396775,0.002058861691398693,-0.002058861691396775,0.002058861691396775,0.0017704328960796833,564.8336077658332,1.0197693481418977,0.27788382386958566,0.2517361111111111,1.1038695348198713,0.02614771275847455
24,-1.18,7,17,0.9999999999999942,1,1,0.004263908032409173,-0.0021319540162059113,0.0021319540162032615,0.0021319540162032615,0.0021319540162032615,0.0017684137434953412,565.4785276795347,1.0186063162533165,0.2747695447451257,0.2482638888888889,1.106764040371975,0.02650565585623682
24,-1.18,8,17,0.9999999999999934,1,1,0.0035068774586717714,-0.0017534387293361344,0.001753438729335637,0.001753438729335637,0.001753438729335637,0.0017634774222423104,567.061413651938,1.015762995211571,0.2765915049601859,0.25,1.1063660198407437,0.02659150496018592
24,-1.18,9,17,0.9999999999999984,1,1,0.0034579561728999837,-0.001728978086449565,0.0017289780864504188,-0.001728978086449565,0.001728978086449565,0.001762592866069325,567.3459930823689,1.0152534908559312,0.2622167676896661,0.234375,1.1187915421425754,0.02784176768966612
24,-1.18,10,17,0.999999999999997,1,1,0.0026942808213055083,-0.0013471404106521737,0.0013471404106533346,-0.0013471404106521737,0.0013471404106521737,0.0017583883269333192,568.7025924154246,1.0128316763135918,0.25853441167908736,0.2309027777777778,1.1196678280237167,0.02763163390130957
24,-1.18,11,17,1.0000000000000004,1,1,0.002793081579527284,-0.001396540789764164,0.00139654078976312,0.00139654078976312,0.00139654078976312,0.0017528782109789303,570.4902906183823,1.009657849523864,0.2640549927967999,0.2378472222222222,1.1101874149704871,0.026207770574577682
24,-1.18,12,17,0.99999999999999,1,1,0.002957130044235286,-0.0014785650221174405,0.0014785650221178456,-0.0014785650221174405,0.0014785650221174405,0.0017617768299698442,567.6087816509181,1.0147834540626302,0.2676731019291034,0.24131944444444445,1.109206523101896,0.026353657484658927
24,-1.18,13,17,0.9999999999999997,1,1,0.0025495193442110087,-0.001274759672105647,0.0012747596721053615,0.0012747596721053615,0.0012747596721053615,0.001748322322908502,571.9769100336167,1.0070336579952972,0.2616409755337108,0.234375,1.1163348289438326,0.027265975533710796
24,-1.18,14,17,1.000000000000003,1,1,0.0030735801712169363,-0.0015367900856089003,0.001536790085608036,0.001536790085608036,0.001536790085608036,0.0017634871566577638,567.0582834837554,1.0157686022348718,0.2738448113968788,0.2482638888888889,1.1030392403119034,0.02558092250798988
24,-1.18,15,17,1.0000000000000018,1,1,0.0032833474900570065,-0.0016416737450285924,0.0016416737450284141,0.0016416737450284141,0.0016416737450284141,0.001761347097041353,567.7472666686559,1.0145359278958193,0.27575538150614304,0.25,1.1030215260245722,0.025755381506143038
24,-1.18,16,17,1.0000000000000053,1,1,0.004238372453786344,-0.002119186226892852,0.002119186226893492,-0.002119186226892852,0.002119186226892852,0.0017535433225452993,570.273906063799,1.0100409537860924,0.26614554277473257,0.23958333333333334,1.1108683524510576,0.026562209441399226
24,-1.18,17,17,1.0000000000000067,1,1,0.0022963276852501283,-0.0011481638426251498,0.0011481638426249785,0.0011481638426249785,0.0011481638426249785,0.0017575058864260455,568.9881369521543,1.0123233905814022,0.25937747132140043,0.2326388888888889,1.1149359961278107,0.026738582432511537
24,-1.18,18,17,1.0000000000000002,1,1,0.003261019151958576,-0.0016305095759792665,0.0016305095759793094,-0.0016305095759792665,0.0016305095759792665,0.001756193946425185,569.4131915415987,1.0115677131409067,0.27278967403908705,0.2465277777777778,1.1065271284965783,0.02626189626130926
24,-1.18,19,17,0.9999999999999952,1,1,0.00392074547464365,-0.0019603727373215785,0.001960372737322071,-0.0019603727373215785,0.0019603727373215785,0.0017725705944768497,564.152425362295,1.0210006624186654,0.2866853482757148,0.2621527777777778,1.0935811960716006,0.024532570497937
24,-1.18,20,17,0.9999999999999949,1,1,0.002134908212043849,-0.0010674541060216522,0.0010674541060221971,-0.0010674541060216522,0.0010674541060216522,0.0017487758856003129,571.8285620439717,1.0072949101057802,0.2625570167083161,0.2361111111111111,1.1120061884116919,0.026445905597205
24,-1.18,21,17,0.9999999999999996,1,1,0.0013609530910459972,-0.0006804765455237789,0.0006804765455222183,0.0006804765455222183,0.0006804765455222183,0.0017380511238752725,575.3570687669616,1.001117447352157,0.25307548912479017,0.22569444444444445,1.1213190902759933,0.027381044680345717
24,-1.18,22,17,1.0000000000000022,1,1,0.0025725973340589257,-0.0012862986670296305,0.0012862986670292955,0.0012862986670292955,0.0012862986670292955,0.0017596992387285595,568.2789297121778,1.0135867615076504,0.25821446065221143,0.2309027777777778,1.1182821754561938,0.02731168287443364
24,-1.18,23,17,0.9999999999999974,1,1,0.0045806338673580246,-0.0022903169336796125,0.002290316933678412,0.002290316933678412,0.002290316933678412,0.0017557493878966018,569.5573678644456,1.0113116474284425,0.2649923141447511,0.2378472222222222,1.1141282696888806,0.027145091922528897
24,-1.18,24,17,1.0000000000000002,1,1,0.004150688256293693,-0.00207534412814693,0.0020753441281467634,0.0020753441281467634,0.0020753441281467634,0.0017697567328386343,565.0494112804031,1.0193798781150534,0.26837871111291656,0.24131944444444445,1.1121304863384167,0.02705926666847211
24,-1.18,25,17,0.9999999999999943,1,1,0.0028952509367192276,-0.001447625468359902,0.0014476254683593258,0.0014476254683593258,0.0014476254683593258,0.0017526966664035463,570.5493820855804,1.0095532798484426,0.2562335920631464,0.22916666666666666,1.1181102199119115,0.02706692539647973
24,-1.18,26,17,0.999999999999997,1,1,0.004049180143001466,-0.0020245900715012816,0.002024590071500184,0.002024590071500184,0.002024590071500184,0.0017602472180705936,568.1020198379291,1.0139023976086619,0.2825881107417614,0.2569444444444444,1.0998023769409093,0.025643666297316958
24,-1.18,27,17,0.9999999999999954,1,1,0.003229638980564662,-0.0016148194902829286,0.0016148194902817334,0.0016148194902817334,0.0016148194902817334,0.0017518416440266693,570.8278504565429,1.0090607869593615,0.25592249530486844,0.22743055555555555,1.1252775366076657,0.028491939749312883
24,-1.18,28,17,1.0000000000000049,1,1,0.0033555484993661733,-0.001677774249683406,0.001677774249682767,0.001677774249682767,0.001677774249682767,0.0017633288081915013,567.1092058126222,1.0156773935183048,0.2756089651111856,0.25,1.1024358604447424,0.0256089651111856
24,-1.18,29,17,0.9999999999999981,1,1,0.0036071685445688414,-0.0018035842722851894,0.001803584272283652,0.001803584272283652,0.001803584272283652,0.0017660126169742932,566.2473701424051,1.0172232673771928,0.2730168866973086,0.2465277777777778,1.1074487798426038,0.026489108919530824
24,-1.16,0,17,0.9999999999999943,1,1,0.0010217639646614837,-0.000510881982330948,0.0005108819823305358,0.0005108819823305358,0.0005108819823305358,0.001759175853292082,568.4480025852007,1.0132852914962391,0.27238898679678736,0.2465277777777778,1.104901805598236,0.025861209019009568
24,-1.16,1,17,0.9999999999999969,1,1,0.001258580611737728,-0.0006292903058690312,0.0006292903058686968,0.0006292903058686968,0.0006292903058686968,0.0017539359554481838,570.1462455876673,1.0102671103381538,0.2643307730414718,0.2378472222222222,1.111346899794801,0.02648355081924958
24,-1.16,2,17,0.9999999999999969,1,1,0.001665171391260083,-0.0008325856956296434,0.0008325856956304395,-0.0008325856956296434,0.0008325856956296434,0.0017638299879411234,566.9480657641365,1.015966073054087,0.2748096049508683,0.25,1.0992384198034733,0.024809604950868314
24,-1.16,3,17,-7.50964299789997e-16,0,0,0.0002740440034643197,-0.0001370220017322332,0.0001370220017320865,0.0001370220017320865,0.0001370220017320865,0.0017452083591357732,572.9974846643524,1.0052400148622054,0.2641836945472761,0.2378472222222222,1.1107285259797886,0.026336472325053872
24,-1.16,4,17,1.0000000000000022,1,1,0.0010611455572317639,-0.0005305727786164766,0.0005305727786152873,0.0005305727786152873,0.0005305727786152873,0.001762156168133284,567.4865928933735,1.0150019528447716,0.2654988906071981,0.23958333333333334,1.108169282534392,0.02591555727386477
24,-1.16,5,17,-1.6521214595379934e-15,0,0,0.0008471545675696155,-0.0004235772837839059,0.00042357728378570957,-0.0004235772837839059,0.0004235772837839059,0.0017449049755583104,573.097110735233,1.0050652659215866,0.2486193514217265,0.2222222222222222,1.1187870813977694,0.026397129199504293
24,-1.16,6,17,1.000000000000004,1,1,0.0015677695958714738,-0.0007838847979364078,0.0007838847979350661,0.0007838847979350661,0.0007838847979350661,0.001768364538298193,565.4942622647037,1.0185779740597591,0.2771520165374333,0.2517361111111111,1.100962493279735,0.025415905426322216
24,-1.16,7,17,1.0000000000000049,1,1,0.001708879769168609,-0.0008544398845844022,0.0008544398845842067,0.0008544398845842067,0.0008544398845842067,0.0017664568391760555,566.1049722938258,1.017479139365408,0.2740419814184727,0.2482638888888889,1.1038334356436381,0.025778092529583796
24,-1.16,8,17,1.000000000000005,1,1,0.0009914905493563077,-0.0004957452746776161,0.0004957452746786917,-0.0004957452746776161,0.0004957452746776161,0.0017617843899214542,567.6063459982087,1.0147878085947577,0.27587652576577915,0.25,1.1035061030631166,0.025876525765779146
24,-1.16,9,17,0.9999999999999974,1,1,0.0009568101961199202,-0.0004784050980603535,0.0004784050980595667,0.0004784050980595667,0.0004784050980595667,0.001760965022870753,567.8704500159714,1.0143158531735539,0.26143612337860334,0.234375,1.1154607930820408,0.027061123378603336
24,-1.16,10,17,1.0000000000000013,1,1,0.0002398691048081048,-0.0001199345524047013,0.0001199345524034035,0.0001199345524034035,0.0001199345524034035,0.0017570330094647823,569.1412708885956,1.0120510134517147,0.2577534649349804,0.2309027777777778,1.1162856827259302,0.026850687157202624
24,-1.16,11,17,0.9999999999999986,1,1,0.0003250487470324539,-0.00016252437351646848,0.0001625243735159854,0.0001625243735159854,0.0001625243735159854,0.0017516755195194477,570.8819863363385,1.008965099243202,0.2633883071707266,0.2378472222222222,1.1073844155499162,0.025541084948504378
24,-1.16,12,17,1.0000000000000009,1,1,0.00046702597567137717,-0.0002335129878355284,0.00023351298783584875,-0.0002335129878355284,0.0002335129878355284,0.0017601981257352331,568.1178643354713,1.0138741204234942,0.2669646966548977,0.24131944444444445,1.1062709731886409,0.025645252210453245
24,-1.16,13,17,0.9999999999999926,1,1,9.918227103157746e-05,-4.9591135516320354e-05,4.95911355152571e-05,4.95911355152571e-05,4.95911355152571e-05,0.0017474346925111669,572.2674525609543,1.006522382886432,0.2609658427197282,0.234375,1.1134542622708403,0.026590842719728225
24,-1.16,14,17,1.0000000000000009,1,1,0.0005750809837002731,-0.00028754049185050057,0.0002875404918497725,0.0002875404918497725,0.0002875404918497725,0.0017617721057177293,567.6103037132657,1.014780732893412,0.27314494724262406,0.2482638888888889,1.100220207075185,0.024881058353735164
24,-1.16,15,17,1.0000000000000004,1,1,0.0007770915241222249,-0.0003885457620604734,0.0003885457620617515,-0.0003885457620604734,0.0003885457620604734,0.001759766588105522,568.2571806733475,1.0136255547487807,0.27507630591139365,0.25,1.1003052236455746,0.025076305911393648
24,-1.16,16,17,1.0,1,1,0.001716599918293948,-0.0008582999591476506,0.0008582999591462974,0.0008582999591462974,0.0008582999591462974,0.001752385762846232,570.6506074186519,1.0093741993994296,0.2655117262578415,0.23958333333333334,1.108222857424034,0.02592839292450813
24,-1.16,17,17,-1.8111491936111694e-16,0,0,0.00013390411828681948,-6.695205914416939e-05,6.695205914265009e-05,6.695205914265009e-05,6.695205914265009e-05,0.001756211285128801,569.4075698452534,1.0115777002341892,0.2586273866405713,0.2326388888888889,1.1117117515296198,0.025988497751682382
24,-1.16,18,17,1.0000000000000013,1,1,0.0007762241149794824,-0.00038811205748964686,0.00038811205748983556,-0.00038811205748964686,0.00038811205748964686,0.0017548864786587639,569.8374294639768,1.010814611707448,0.2721163939642655,0.2465277777777778,1.1037960769254713,0.025588616186487723
24,-1.16,19,17,1.0000000000000029,1,1,0.0013723140540147284,-0.0006861570270070863,0.0006861570270076421,-0.0006861570270070863,0.0006861570270070863,0.0017703852820648443,564.8487988070457,1.0197419224693502,0.2859946543653543,0.2621527777777778,1.0909464961221462,0.023841876587576527
24,-1.16,20,17,-3.1717198073483405e-15,0,0,0.0002966987834352531,-0.0001483493917178684,0.00014834939171738472,0.00014834939171738472,0.00014834939171738472,0.001747853933967593,572.1301880930178,1.0067638659653335,0.26190910795994876,0.2361111111111111,1.1092621043009594,0.025797996848837657
24,-1.16,21,17,-5.300924469105862e-16,0,0,0.0010084887375878628,-0.0005042443687935894,0.0005042443687942734,-0.0005042443687935894,0.0005042443687935894,0.0017375877408193623,575.5105060354813,1.0008505387119526,0.2524048562823704,0.22569444444444445,1.1183476709126565,0.026710411837925968
24,-1.16,22,17,0.9999999999999984,1,1,0.0001222021507742424,-6.110107538527323e-05,6.110107538896918e-05,-6.110107538527323e-05,6.110107538527323e-05,0.0017582258911216547,568.7551326877874,1.012738113286073,0.2574379004812598,0.2309027777777778,1.1149190276481626,0.026535122703482017
24,-1.16,23,17,0.9999999999999934,1,1,0.002041659557368317,-0.0010208297786842425,0.001020829778684074,0.001020829778684074,0.001020829778684074,0.0017544788926700128,569.9698093706749,1.0105798421779273,0.26433004363237467,0.2378472222222222,1.1113438330821008,0.026482821410152457
24,-1.16,24,17,1.0000000000000009,1,1,0.0016107205036987116,-0.0008053602518506358,0.0008053602518480757,0.0008053602518480757,0.0008053602518480757,0.001767722206742042,565.6997441034731,1.0182079910834163,0.267594562543605,0.24131944444444445,1.1088810649288954,0.026275118099160527
24,-1.16,25,17,0.9999999999999988,1,1,0.00044584998194576776,-0.00022292499097258038,0.00022292499097318735,-0.00022292499097258038,0.00022292499097258038,0.0017516241505035994,570.8987283102347,1.0089355106900733,0.2555129298525131,0.22916666666666666,1.1149655120836937,0.026346263185846458
24,-1.16,26,17,0.999999999999997,1,1,0.001514636273031501,-0.0007573181365161524,0.0007573181365153486,0.0007573181365153486,0.0007573181365153486,0.0017587283782581273,568.592633383454,1.0130275458766813,0.2819465945646156,0.2569444444444444,1.0973056653325581,0.025002150120171207
24,-1.16,27,17,1.0000000000000038,1,1,0.0007591698562228947,-0.00037958492811165993,0.00037958492811123476,0.00037958492811123476,0.00037958492811123476,0.0017507198914026671,571.1936015068667,1.0084146574479362,0.2551751811483084,0.22743055555555555,1.121991636194089,0.027744625592752842
24,-1.16,28,17,1.000000000000007,1,1,0.0008568612327232664,-0.00042843061636192395,0.00042843061636134254,0.00042843061636134254,0.00042843061636134254,0.0017616517583425159,567.6490800547716,1.0147114128052892,0.2749133827949295,0.25,1.099653531179718,0.024913382794929495
24,-1.16,29,17,1.0000000000000033,1,1,0.0010815161079201258,-0.0005407580539599807,0.0005407580539601452,-0.0005407580539599807,0.0005407580539599807,0.0017641864593024442,566.833508287666,1.0161714005582079,0.2722913870556075,0.2465277777777778,1.1045059080565487,0.025763609277829724
24,-1.14,0,17,2.0320210464905803e-15,0,0,0.0014467278063190988,-0.0007233639031594544,0.0007233639031596443,-0.0007233639031594544,0.0007233639031594544,0.0017577504867387554,568.9089592319507,1.012464280361523,0.2716977196842509,0.2465277777777778,1.1020977925220317,0.025169941906473092
24,-1.14,1,17,3.715064565431691e-15,0,0,0.0012050694674890876,-0.0006025347337452581,0.0006025347337438295,0.0006025347337438295,0.0006025347337438295,0.001752789297203101,570.5192298901441,1.009606635188986,0.2636429563286816,0.2378472222222222,1.108455057265114,0.02579573410645941
24,-1.14,2,17,-3.0922059403117524e-16,0,0,0.0008463115373732407,-0.0004231557686865751,0.00042315576868666557,-0.0004231557686865751,0.0004231557686865751,0.0017621180078504152,567.4988823364259,1.0149799725218394,0.27414028933860074,0.25,1.096561157354403,0.02414028933860074
24,-1.14,3,17,-3.145215185002811e-15,0,0,0.0026768369064247505,-0.001338418453212526,0.0013384184532122243,0.0013384184532122243,0.0013384184532122243,0.0017444555775640328,573.2447491706297,1.004806412676883,0.2635330474821854,0.2378472222222222,1.1079929587572177,0.025685825259963213
24,-1.14,4,17,5.565970692561154e-15,0,0,0.001424157687677823,-0.0007120788438403603,0.0007120788438374627,0.0007120788438374627,0.0007120788438374627,0.0017605110089586634,568.0168967483462,1.01405434116019,0.26477676851827164,0.23958333333333334,1.1051552077284381,0.0251934351849383
24,-1.14,5,17,-3.675307631913397e-15,0,0,0.0031995349777357946,-0.0015997674888674788,0.0015997674888683158,-0.0015997674888674788,0.0015997674888674788,0.0017442486105544402,573.3127685749638,1.0046871996793576,0.2479157614633961,0.2222222222222222,1.1156209265852826,0.0256935392411739
24,-1.14,6,17,-1.8288189418415222e-15,0,0,0.0009464666031545987,-0.0004732333015767519,0.00047323330157784683,-0.0004732333015767519,0.0004732333015767519,0.0017664016406665059,566.1226625801116,1.0174473450239074,0.27643396604192505,0.2517361111111111,1.0981100995872333,0.024697854930813945
24,-1.14,7,17,-4.912190008038098e-15,0,0,0.000810396091761173,-0.00040519804588050264,0.0004051980458806703,-0.00040519804588050264,0.00040519804588050264,0.0017645994033491622,566.7008603210603,1.0164092563291174,0.2733273623602577,0.2482638888888889,1.1009549700664925,0.02506347347136878
24,-1.14,8,17,-8.03090057069538e-15,0,0,0.0014898369168380053,-0.0007449184584192463,0.0007449184584187589,0.0007449184584187589,0.0007449184584187589,0.0017601801739239203,568.1236584836245,1.013863780180178,0.2751735894707262,0.25,1.1006943578829047,0.025173589470726176
24,-1.14,9,17,1.1927080055488187e-16,0,0,0.001511588511355921,-0.0007557942556776104,0.0007557942556783107,-0.0007557942556776104,0.0007557942556776104,0.001759421580484968,568.368611077488,1.0134268303593417,0.26066999097173515,0.234375,1.1121919614794034,0.026294990971735155
24,-1.14,10,17,-6.2639257476600926e-15,0,0,0.0021842047030622104,-0.0010921023515311455,0.001092102351531065,0.001092102351531065,0.001092102351531065,0.001755747369318984,569.5580226828864,1.0113104847277348,0.2569870069703343,0.2309027777777778,1.11296628582641,0.026084229192556485
24,-1.14,11,17,-3.313077793191163e-16,0,0,0.0021114913217414252,-0.001055745660871035,0.0010557456608703904,0.0010557456608703904,0.0010557456608703904,0.0017505466784819503,571.2501199152176,1.0083148868056035,0.262731236646245,0.2378472222222222,1.1046218416659643,0.02488401442402277
24,-1.14,12,17,-3.0126920732751644e-15,0,0,0.001989895873947097,-0.0009949479369738966,0.0009949479369732006,0.0009949479369732006,0.0009949479369732006,0.001758700281728023,568.6017170688363,1.0130113622753414,0.26626821829477987,0.24131944444444445,1.1033848470344834,0.02494877385033542
24,-1.14,13,17,-5.5836404407915076e-15,0,0,0.0023208292469974285,-0.001160414623498613,0.0011604146234988157,-0.001160414623498613,0.001160414623498613,0.0017465991230817155,572.54122413367,1.0060410948950682,0.2602992859339549,0.234375,1.1106102866515408,0.025924285933954905
24,-1.14,14,17,-4.5941345398917465e-15,0,0,0.0018896475980592312,-0.0009448237990292922,0.000944823799029939,-0.0009448237990292922,0.0009448237990292922,0.0017601493940820059,568.1335932973708,1.0138460509912355,0.2724576057413233,0.2482638888888889,1.0974516147342814,0.024193716852434433
24,-1.14,15,17,1.8111491936111694e-16,0,0,0.0016953121015477472,-0.0008476560507741106,0.0008476560507736367,0.0008476560507736367,0.0008476560507736367,0.0017582693425282792,568.741077269802,1.012763141296289,0.2744080788067617,0.25,1.0976323152270469,0.024408078806761713
24,-1.14,16,17,6.537806845230562e-16,0,0,0.0007729988228854336,-0.0003864994114424882,0.0003864994114429454,-0.0003864994114424882,0.0003864994114424882,0.0017512918391091397,571.0070575722476,1.0087440993268644,0.26488460590907204,0.23958333333333334,1.1056053116204745,0.025301272575738692
24,-1.14,17,17,-1.0027582120725254e-14,0,0,0.0025350061430177806,-0.0012675030715080015,0.0012675030715097791,-0.0012675030715080015,0.0012675030715080015,0.0017549835060523462,569.8059249852419,1.0108704994861515,0.2578910019190397,0.2326388888888889,1.1085463963087079,0.02525211303015079
24,-1.14,18,17,1.298726494930936e-15,0,0,0.001676884580447676,-0.0008384422902237923,0.0008384422902238837,-0.0008384422902237923,0.0008384422902237923,0.0017536526125278328,570.2383658292122,1.0101039048160316,0.2714528625812235,0.2465277777777778,1.1011045693435544,0.024925084803445685
24,-1.14,19,17,5.831016916016447e-16,0,0,0.0011398613391238337,-0.0005699306695607681,0.0005699306695630655,-0.0005699306695607681,0.0005699306695607681,0.0017683119701615824,565.5110732008579,1.0185476948130714,0.2853172152179735,0.2621527777777778,1.0883623573877663,0.023164437440195695
24,-1.14,20,17,4.019867722405278e-15,0,0,0.002698635198896339,-0.0013493175994478807,0.0013493175994484586,-0.0013493175994478807,0.0013493175994478807,0.0017469879401909158,572.413796909621,1.0062650535499675,0.2612692192256375,0.2361111111111111,1.1065519873085825,0.0251581081145264
24,-1.14,21,17,-4.991703875074686e-15,0,0,0.0033518984262882606,-0.0016759492131435938,0.0016759492131446668,-0.0016759492131435938,0.0016759492131435938,0.0017371721212897507,575.6481972883362,1.0006111418628962,0.2517426743397143,0.22569444444444445,1.115413695535965,0.026048229895269864
24,-1.14,22,17,-4.134721085902572e-15,0,0,0.0022977590934322944,-0.0011488795467158453,0.001148879546716449,-0.0011488795467158453,0.0011488795467158453,0.0017568321883300111,569.2063286651005,1.0119353404780864,0.25667605864035126,0.2309027777777778,1.111619622382273,0.025773280862573467
24,-1.14,23,17,-5.115392112687156e-15,0,0,0.0004644524308083836,-0.00023222621540313775,0.00023222621540524587,-0.00023222621540313775,0.00023222621540313775,0.0017532751570616082,570.3611301240043,1.0098864904674865,0.2636755321256238,0.2378472222222222,1.1085920182799949,0.02582830990340157
24,-1.14,24,17,2.2749800846579323e-15,0,0,0.0008946068221068269,-0.00044730341105345947,0.0004473034110533674,0.0004473034110533674,0.0004473034110533674,0.001765792913751378,566.3178236883552,1.0170967183207937,0.26682624505755675,0.24131944444444445,1.1056972457061345,0.025506800613112307
24,-1.14,25,17,-7.465468627324088e-16,0,0,0.0019743973528991024,-0.0009871986764490301,0.000987198676450072,-0.0009871986764490301,0.0009871986764490301,0.0017506110616331044,571.2291107466916,1.0083519715006681,0.2548037526943147,0.22916666666666666,1.1118709208479187,0.025637086027648054
24,-1.14,26,17,-6.308100118235975e-15,0,0,0.0009856535192234728,-0.0004928267596115242,0.0004928267596119486,-0.0004928267596115242,0.0004928267596115242,0.001757289455898509,569.0582144241548,1.0121987265975414,0.28131355236713873,0.2569444444444444,1.0948419335369726,0.02436910792269431
24,-1.14,27,17,-5.60131018902186e-15,0,0,0.0016808935695009177,-0.0008404467847506549,0.0008404467847502628,0.0008404467847502628,0.0008404467847502628,0.0017496659989216902,571.5376538243839,1.0078076153788935,0.25443933059778073,0.22743055555555555,1.1187561406436772,0.02700877504222518
24,-1.14,28,17,-1.0712284864651428e-15,0,0,0.0016089542303440404,-0.0008044771151715925,0.0008044771151724479,-0.0008044771151715925,0.0008044771151715925,0.0017600642735991628,568.1610694563419,1.0137970215931178,0.27422988365600837,0.25,1.0969195346240335,0.024229883656008366
24,-1.14,29,17,-1.0363307337101959e-14,0,0,0.0014093055830096133,-0.0007046527915051852,0.0007046527915044279,0.0007046527915044279,0.0007046527915044279,0.001762454331267923,567.3905883737665,1.0151736948103236,0.27157877467584146,0.2465277777777778,1.1016153113611598,0.02505099689806367
24,-1.12,0,17,-4.072876967096337e-15,0,0,0.0038830798882167547,-0.001941539944109463,0.0019415399441072916,0.0019415399441072916,0.0019415399441072916,0.0017563988089225003,569.3467764382458,1.0116857139393602,0.2710173862515932,0.2465277777777778,1.0993381301473077,0.024489608473815427
24,-1.12,1,17,-3.533949646070574e-15,0,0,0.0036379210340252164,-0.0018189605170111547,0.0018189605170140619,-0.0018189605170111547,0.0018189605170111547,0.0017517048076389164,570.8724413149711,1.008981969200016,0.2629649787495309,0.2378472222222222,1.1056045821878089,0.025117756527308688
24,-1.12,2,17,-1.298726494930936e-15,0,0,0.003323259469134897,-0.0016616297345672041,0.001661629734567693,-0.0016616297345672041,0.0016616297345672041,0.001760494817076537,568.0221209969772,1.0140450146360853,0.27348210027639674,0.25,1.093928401105587,0.023482100276396745
24,-1.12,3,17,1.7758096971504636e-15,0,0,0.005050103304877625,-0.0025250516524387427,0.002525051652438883,-0.0025250516524387427,0.0025250516524387427,0.00174375335479793,573.4755992001416,1.0044019323636078,0.26289044158267244,0.2378472222222222,1.1052911996468564,0.02504321936045023
24,-1.12,4,17,1.4047449843130533e-15,0,0,0.003875630689092056,-0.001937815344545727,0.001937815344546329,-0.001937815344545727,0.001937815344545727,0.0017589536386626791,568.5198165656562,1.0131572958697033,0.26406772486213415,0.23958333333333334,1.1021957211636904,0.024484391528800803
24,-1.12,5,17,-2.005516424145051e-15,0,0,0.005525769300803186,-0.0027628846504011615,0.002762884650402025,-0.0027628846504011615,0.0027628846504011615,0.001743634979098341,573.5145325641004,1.0043337479606445,0.2472231934241746,0.2222222222222222,1.1125043704087858,0.025000971201952382
24,-1.12,6,17,4.2981662570333356e-15,0,0,0.0034255019299610744,-0.0017127509649802614,0.001712750964980813,-0.0017127509649802614,0.0017127509649802614,0.0017645396891083774,566.7200381904134,1.0163748609264256,0.2757294467785215,0.2517361111111111,1.095311457547782,0.02399333566741041
24,-1.12,7,17,-6.802853068685855e-16,0,0,0.003294425793116885,-0.0016472128965574445,0.0016472128965594405,-0.0016472128965574445,0.0016472128965574445,0.0017628373013950452,567.2673247886441,1.015394285603546,0.2726255074249988,0.2482638888888889,1.0981279180195755,0.024361618536109908
24,-1.12,8,17,-3.286573170845634e-15,0,0,0.003937551196351769,-0.0019687755981760663,0.001968775598175703,0.001968775598175703,0.001968775598175703,0.0017586608616365408,568.6144621820032,1.0129886563026476,0.2744825449283773,0.25,1.0979301797135093,0.024482544928377314
24,-1.12,9,17,-9.298705006223199e-15,0,0,0.0039476105731245294,-0.0019738052865623055,0.0019738052865622235,0.0019738052865622235,0.0019738052865622235,0.0017579588746522476,568.8415209359298,1.0125843117996944,0.25991814860400375,0.234375,1.108984100710416,0.02554314860400375
24,-1.12,10,17,3.1938069926362815e-15,0,0,0.004578210097710611,-0.0022891050488549262,0.0022891050488556856,-0.0022891050488549262,0.0022891050488549262,0.0017545282987261293,569.9537594953854,1.0106083000662505,0.2562348364473738,0.2309027777777778,1.10970876536607,0.025332058669596036
24,-1.12,11,17,-1.5858599036741703e-15,0,0,0.00451687813972664,-0.0022584390698637403,0.0022584390698629,0.0022584390698629,0.0022584390698629,0.001749487802919641,571.5958684199715,1.007704974481713,0.26208368082268274,0.2378472222222222,1.1018992711960969,0.02423645860046053
24,-1.12,12,17,-4.108216463557043e-15,0,0,0.004414058106649591,-0.002207029053324449,0.002207029053325142,-0.002207029053324449,0.002207029053324449,0.001757279974558745,569.0612847569159,1.0121932653458372,0.26558351662600943,0.24131944444444445,1.1005475221336793,0.024264072181564983
24,-1.12,13,17,1.2943090578733478e-15,0,0,0.004710780939360293,-0.0023553904696807727,0.0023553904696795203,0.0023553904696795203,0.0023553904696795203,0.0017458132778738673,572.7989428616596,1.0055884480553476,0.25964128538490966,0.234375,1.1078028176422812,0.02526628538490966
24,-1.12,14,17,-1.9613420535691685e-15,0,0,0.0043210705363650554,-0.00216053526818291,0.0021605352681821456,0.0021605352681821456,0.0021605352681821456,0.0017586147048499153,568.6293860970203,1.0129620699935513,0.2717825863610328,0.2482638888888889,1.0947326555521322,0.023518697472143912
24,-1.12,15,17,-8.967397226904082e-15,0,0,0.004134313102957692,-0.0020671565514781653,0.002067156551479527,-0.0020671565514781653,0.0020671565514781653,0.0017568517522810537,569.1999900968447,1.011946609313887,0.2737505823769806,0.25,1.0950023295079223,0.023750582376980578
24,-1.12,16,17,7.200422403868795e-15,0,0,0.0032306849045522406,-0.0016153424522769972,0.0016153424522752434,0.0016153424522752434,0.0016153424522752434,0.001750258780158841,571.344084278353,1.0081490573714924,0.26426423125418197,0.23958333333333334,1.1030159217565856,0.024680897920848627
24,-1.12,17,17,4.33792319055163e-15,0,0,0.004907201456306414,-0.002453600728153337,0.0024536007281530767,0.0024536007281530767,0.0024536007281530767,0.0017538194565111347,570.1841180330475,1.0102000069504136,0.2571681238168202,0.2326388888888889,1.1054390993917047,0.024529234927931298
24,-1.12,18,17,-3.975693351829396e-17,0,0,0.004098626529954253,-0.0020493132649768726,0.0020493132649773813,-0.0020493132649768726,0.0020493132649768726,0.0017524886902115454,570.6170919021957,1.00943348556185,0.270798998629781,0.2465277777777778,1.0984522761320694,0.024271220852003228
24,-1.12,19,17,-2.716723790416754e-15,0,0,0.0036163506927052295,-0.001808175346352703,0.0018081753463525265,0.0018081753463525265,0.0018081753463525265,0.0017663456958775462,566.140593165816,1.0174151208254667,0.2846528020465438,0.2621527777777778,1.085827907144432,0.022500024268766017
24,-1.12,20,17,6.0607236430110345e-15,0,0,0.005071146585636905,-0.0025355732928191003,0.0025355732928178045,0.0025355732928178045,0.0025355732928178045,0.0017461751148693785,572.6802492399535,1.005796866164762,0.2606373213379829,0.2361111111111111,1.1038757139020452,0.024526210226871792
24,-1.12,21,17,-1.6521214595379934e-15,0,0,0.005669390707065975,-0.0028346953535329732,0.0028346953535330014,-0.0028346953535329732,0.0028346953535329732,0.0017368007249227075,575.771293534267,1.0003972175554796,0.2510888694312403,0.22569444444444445,1.1125168368645724,0.025394424986795866
24,-1.12,22,17,-2.208718528794109e-15,0,0,0.0046875845063032015,-0.0023437922531519438,0.0023437922531512577,0.0023437922531512577,0.0023437922531512577,0.0017555142569334972,569.6336535294126,1.0111762119936945,0.2559287053619189,0.2309027777777778,1.108382964574927,0.025025927584141128
24,-1.12,23,17,3.3793393490549868e-15,0,0,0.0029379855949988485,-0.0014689927974999124,0.001468992797498936,0.001468992797498936,0.001468992797498936,0.0017521355693624397,570.7320925879475,1.0092300879527654,0.26302879842045335,0.2378472222222222,1.1058729043078914,0.025181576198231137
24,-1.12,24,17,3.5339496460705744e-16,0,0,0.0033657524616539183,-0.0016828762308272556,0.0016828762308266627,0.0016828762308266627,0.0016828762308266627,0.0017639641193342142,566.904955174166,1.0160433327365075,0.2660734715713935,0.24131944444444445,1.1025778390296594,0.024754027126949046
24,-1.12,25,17,2.4825996263645785e-15,0,0,0.0043656750054102324,-0.0021828375027059975,0.0021828375027042354,0.0021828375027042354,0.0021828375027042354,0.0017496544896599305,571.5414134103493,1.00780098604412,0.2541059352818158,0.22916666666666666,1.1088258994115598,0.02493926861514914
24,-1.12,26,17,-7.50964299789997e-15,0,0,0.003452107475084439,-0.0017260537375417648,0.0017260537375426742,-0.0017260537375417648,0.0017260537375417648,0.0017559270623689078,569.4997368802481,1.0114139879244908,0.2806889624824044,0.2569444444444444,1.0924110972288172,0.02374451803795996
24,-1.12,27,17,5.451117329063861e-15,0,0,0.004090807726576752,-0.0020454038632890734,0.002045403863287679,0.002045403863287679,0.002045403863287679,0.001748676500564362,571.8610615955914,1.0072376643250727,0.25371483193863065,0.22743055555555555,1.115570558753063,0.026284276383075095
24,-1.12,28,17,4.859180763347039e-16,0,0,0.00404229122789373,-0.0020211456139474847,0.0020211456139462448,0.0020211456139462448,0.0020211456139462448,0.0017585620655272928,568.6464069723675,1.0129317497437207,0.27355828841624497,0.25,1.0942331536649799,0.023558288416244966
24,-1.12,29,17,-2.570948367516343e-15,0,0,0.0038657881151572607,-0.0019328940575784562,0.0019328940575788045,-0.0019328940575784562,0.0019328940575784562,0.001760812212251727,567.9197321792764,1.0142278342569948,0.27087886446368303,0.2465277777777778,1.0987762389512776,0.024351086685905243
24,-1.1,0,17,4.859180763347039e-16,0,0,0.0062876442319758355,-0.0031438221159891784,0.003143822115986657,0.003143822115986657,0.003143822115986657,0.0017551176726574459,569.7623672638925,1.0109477794506887,0.2703478828695557,0.2465277777777778,1.096622398118761,0.0238201050917779
24,-1.1,1,17,-4.302583694090924e-15,0,0,0.0060402229408741325,-0.0030201114704379367,0.003020111470436196,0.003020111470436196,0.003020111470436196,0.0017506796461385155,571.2067323143363,1.0083914761757848,0.26229678062231476,0.2378472222222222,1.1027952236383454,0.024449558400092553
24,-1.1,2,17,-4.717822777504216e-15,0,0,0.005766132535923163,-0.0028830662679614418,0.002883066267961721,-0.0028830662679614418,0.0028830662679614418,0.0017589566275444052,568.5188505165428,1.0131590174655773,0.27283489493723695,0.25,1.0913395797489478,0.02283489493723695
24,-1.1,3,17,-3.96685847771422e-15,0,0,0.0073941144580684254,-0.0036970572290335687,0.0036970572290348563,-0.0036970572290335687,0.0036970572290335687,0.001743098929682467,573.6909035806509,1.0040249834971011,0.26225584340346597,0.2378472222222222,1.1026231080320905,0.02440862118124376
24,-1.1,4,17,-4.6383089104676285e-15,0,0,0.006293734286823029,-0.003146867143411031,0.0031468671434119982,-0.003146867143411031,0.003146867143411031,0.0017574801482452547,568.9964697458711,1.0123085653892665,0.2633715601228539,0.23958333333333334,1.0992899900779989,0.023788226789520556
24,-1.1,5,17,-3.4986101496098683e-15,0,0,0.007825963927034076,-0.003912981963516601,0.003912981963517475,-0.003912981963516601,0.003912981963516601,0.0017430615185122795,573.7032166561224,1.004003434663073,0.24654151938518554,0.2222222222222222,1.109436837233335,0.024319297162963327
24,-1.1,6,17,7.067899292141148e-15,0,0,0.005869851449965227,-0.0029349257249822506,0.002934925724982976,-0.0029349257249822506,0.0029349257249822506,0.0017627743195913273,567.2875925670593,1.0153580080846045,0.27503823335454747,0.2517361111111111,1.0925656718084094,0.023302122243436363
24,-1.1,7,17,-4.859180763347039e-16,0,0,0.005743715083283848,-0.0028718575416411558,0.002871857541642692,-0.0028718575416411558,0.0028718575416411558,0.0017611665194706332,567.8054794617475,1.0144319152150847,0.27193623402384515,0.2482638888888889,1.0953515440401036,0.023672345134956252
24,-1.1,8,17,3.776908684237926e-15,0,0,0.006352099736281945,-0.0031760498681404274,0.0031760498681415177,-0.0031760498681404274,0.0031760498681404274,0.0017572226760782337,569.0798403716245,1.0121602614210627,0.2738032382959472,0.25,1.0952129531837889,0.023803238295947216
24,-1.1,9,17,2.4295903816735195e-16,0,0,0.006351630577940655,-0.003175815288970382,0.003175815288970273,0.003175815288970273,0.003175815288970273,0.0017565733683015477,569.290197634564,1.0117862601416914,0.2591803740633237,0.234375,1.1058362626701812,0.024805374063323726
24,-1.1,10,17,5.2832547208755085e-15,0,0,0.0069424233244627116,-0.0034712116622313298,0.0034712116622313822,-0.0034712116622313298,0.0034712116622313298,0.001753372822408219,570.329360202197,1.0099427457071342,0.2554967505544923,0.2309027777777778,1.106512243002914,0.02459397277671449
24,-1.1,11,17,3.2114767408666344e-15,0,0,0.006891454998921742,-0.003445727499460995,0.0034457274994607466,0.0034457274994607466,0.0034457274994607466,0.0017484951839510203,571.9203628232656,1.0071332259557877,0.26144553877235255,0.2378472222222222,1.0992162798020078,0.023598316550130338
24,-1.1,12,17,2.3191544552338142e-15,0,0,0.0068058851379948215,-0.0034029425689974615,0.0034029425689973605,0.0034029425689973605,0.0034029425689973605,0.0017559339719500366,569.4974959049622,1.0114179678432211,0.2649104388099308,0.24131944444444445,1.0977583651404328,0.023590994365486367
24,-1.1,13,17,1.4047449843130533e-15,0,0,0.007070947067361701,-0.0035354735336807653,0.0035354735336809353,-0.0035354735336807653,0.0035354735336807653,0.0017450748879147592,573.0413101038484,1.0051631354389012,0.25899181529460585,0.234375,1.1050317452569849,0.024616815294605854
24,-1.1,14,17,1.1838731314336424e-15,0,0,0.0067196514237496344,-0.003359825711875611,0.0033598257118740236,0.0033598257118740236,0.0033598257118740236,0.0017571638961683138,569.0988769918437,1.0121264041929487,0.27111968946683923,0.2482638888888889,1.0920625254048908,0.022855800577950336
24,-1.1,15,17,-1.2103777537791717e-15,0,0,0.006540361695405508,-0.0032701808477022982,0.00327018084770321,-0.0032701808477022982,0.0032701808477022982,0.0017555103250550136,569.6349293580272,1.0111739472316879,0.2731036950716195,0.25,1.092414780286478,0.023103695071619523
24,-1.1,16,17,1.7581399489201106e-15,0,0,0.005656731847726632,-0.002828365923863355,0.0028283659238632773,0.0028283659238632773,0.0028283659238632773,0.0017492839000060583,571.662495719841,1.0075875264034897,0.2636506439412383,0.23958333333333334,1.1004548616677774,0.024067310607904985
24,-1.1,17,17,2.650462234552931e-16,0,0,0.007250720803529759,-0.0036253604017645095,0.003625360401765249,-0.0036253604017645095,0.0036253604017645095,0.0017527161914582035,570.5430262317781,1.0095645262799253,0.25645855881039303,0.2326388888888889,1.1023890289163163,0.02381966992150414
24,-1.1,18,17,-6.2595083106025045e-15,0,0,0.0064893266798672165,-0.0032446633399335536,0.003244663339933663,-0.0032446633399335536,0.0032446633399335536,0.0017513912220457081,570.9746556979728,1.0088013438983279,0.27015471823974513,0.2465277777777778,1.0958388570851634,0.02362694046196734
24,-1.1,19,17,2.4627211596054312e-15,0,0,0.006057718999857244,-0.003028859499928217,0.0030288594999290266,-0.003028859499928217,0.003028859499928217,0.0017644816816472847,566.7386691520765,1.016341448628836,0.28400118665240903,0.2621527777777778,1.0833422749125006,0.021848408874631242
24,-1.1,20,17,-4.845928452174275e-15,0,0,0.007414487738930841,-0.0037072438694655337,0.0037072438694653073,0.0037072438694653073,0.0037072438694653073,0.0017454127812894414,572.9303753930574,1.0053577620227183,0.26001338167000987,0.2361111111111111,1.1012331458965123,0.023902270558898764
24,-1.1,21,17,-7.580321990821382e-15,0,0,0.007961088967760377,-0.003980544483880866,0.003980544483879512,0.003980544483879512,0.003980544483879512,0.0017364702231225137,575.8808798931226,1.0002068485185678,0.2504433695928148,0.22569444444444445,1.1096567760420102,0.024748925148370376
24,-1.1,22,17,-2.213135965851697e-15,0,0,0.007047576084331797,-0.0035237880421659837,0.0035237880421658133,0.0035237880421658133,0.0035237880421658133,0.0017542684064541752,570.0381973025756,1.010458602117605,0.2551956119645888,0.2309027777777778,1.1052080638466402,0.024292834186810996
24,-1.1,23,17,-1.5902773407317584e-15,0,0,0.0053792352293942775,-0.002689617614696839,0.0026896176146974384,-0.002689617614696839,0.002689617614696839,0.0017510575667240697,571.0834520825204,1.008609158433064,0.2623898540925373,0.2378472222222222,1.1031865398343175,0.02454263187031508
24,-1.1,24,17,-4.011032848290102e-15,0,0,0.005803174698557262,-0.002901587349279005,0.0029015873492782567,0.0029015873492782567,0.0029015873492782567,0.0017622312751527254,567.4624063821215,1.0150452144879698,0.26533595733677806,0.24131944444444445,1.0995216649351378,0.024016512892333614
24,-1.1,25,17,3.631133261337515e-15,0,0,0.006728177375290877,-0.003364088687645463,0.003364088687645413,0.003364088687645413,0.003364088687645413,0.0017487516634789866,571.8364824943689,1.0072809581638962,0.25341935171484276,0.22916666666666666,1.1058298983920412,0.024252685048176098
24,-1.1,26,17,1.7404702006897577e-15,0,0,0.005885147753991891,-0.002942573876996165,0.002942573876995726,0.002942573876995726,0.002942573876995726,0.0017546379075260802,569.9181555982293,1.010671434735022,0.2800727959604561,0.2569444444444444,1.0900130437379913,0.02312835151601167
24,-1.1,27,17,-1.3340659913916417e-15,0,0,0.0064708357018935896,-0.00323541785094697,0.0032354178509466196,0.0032354178509466196,0.0032354178509466196,0.0017477480781581765,572.1648402862652,1.0067028930191095,0.25300157153326897,0.22743055555555555,1.1124343908638392,0.025571015977713413
24,-1.1,28,17,-1.236882376124701e-15,0,0,0.006443544751410094,-0.0032217723757049714,0.0032217723757051223,-0.0032217723757049714,0.0032217723757049714,0.0017571410400193852,569.106279589809,1.0121132390511658,0.27289841857397995,0.25,1.0915936742959198,0.02289841857397995
24,-1.1,29,17,-4.488116050509629e-15,0,0,0.006288422056883571,-0.0031442110284416584,0.003144211028441913,-0.0031442110284416584,0.0031442110284416584,0.0017592562116177572,568.4220373338521,1.0133315778918282,0.27019146961560886,0.2465277777777778,1.0959879330886668,0.02366369183783107
24,-1.08,0,17,2.915508458008224e-15,0,0,0.008660777513340828,-0.00433038875667041,0.004330388756670418,-0.00433038875667041,0.00433038875667041,0.0017539040366513902,570.1566215157541,1.0102487251112007,0.26968910175037525,0.2465277777777778,1.0939501592127896,0.02316132397259746
24,-1.08,1,17,1.6786260818835226e-16,0,0,0.008412233749086189,-0.004206116874543864,0.004206116874542325,0.004206116874542325,0.004206116874542325,0.0017497110843943792,571.5229267957264,1.0078335846111623,0.2616382977692585,0.2378472222222222,1.1000267117889992,0.0237910755470363
24,-1.08,2,17,-2.9685177026992824e-15,0,0,0.008175391987326017,-0.004087695993663047,0.0040876959936629684,0.0040876959936629684,0.0040876959936629684,0.001757499770157184,568.9901170857985,1.012319867610538,0.2721985288292235,0.25,1.088794115316894,0.02219852882922352
24,-1.08,3,17,-1.9215851200508746e-15,0,0,0.009709148091577,-0.004854574045788918,0.004854574045788083,0.004854574045788083,0.004854574045788083,0.0017424896669387586,573.8914950105961,1.003674048156725,0.2616292162116719,0.2378472222222222,1.0999885294738907,0.02378199398944969
24,-1.08,4,17,2.9950223250448115e-15,0,0,0.008678928927133713,-0.004339464463566887,0.004339464463566826,0.004339464463566826,0.004339464463566826,0.001756086764173115,569.4479455124576,1.0115059761637142,0.2626880742693926,0.23958333333333334,1.0964371795592038,0.02310474093605927
24,-1.08,5,17,-5.610145063137036e-15,0,0,0.010100236266235362,-0.005050118133117886,0.0050501181331174755,0.0050501181331174755,0.0050501181331174755,0.0017425258233124366,573.8795871036564,1.0036948742279637,0.24587061225614734,0.2222222222222222,1.106417755152663,0.023648390033925132
24,-1.08,6,17,2.55327861928599e-15,0,0,0.008280028085645048,-0.0041400140428220445,0.004140014042823003,-0.0041400140428220445,0.0041400140428220445,0.0017611013162431885,567.8265019602717,1.0143943581560766,0.2743601008390797,0.2517361111111111,1.089871848850413,0.022623989727968585
24,-1.08,7,17,6.029801583607917e-15,0,0,0.008158768620812093,-0.004079384310406515,0.004079384310405577,0.004079384310405577,0.004079384310405577,0.0017595831650612866,568.316417124376,1.0135199030753013,0.2712593575393977,0.2482638888888889,1.0926251044943573,0.022995468650508832
24,-1.08,8,17,-3.6222983872223387e-16,0,0,0.008733930567208819,-0.0043669652836047885,0.00436696528360403,0.00436696528360403,0.00436696528360403,0.0017558619735980005,569.5208479006261,1.0113764967924483,0.27313551338675934,0.25,1.0925420535470374,0.023135513386759343
24,-1.08,9,17,2.4251729446159314e-15,0,0,0.008724026450346313,-0.004362013225173099,0.004362013225173215,-0.004362013225173099,0.004362013225173099,0.00175526164908496,569.7156321516582,1.0110307098729368,0.2584564450176612,0.234375,1.1027474987420212,0.024081445017661185
24,-1.08,10,17,-5.0844700532840386e-15,0,0,0.009277126808017434,-0.004638563404009221,0.004638563404008214,0.004638563404008214,0.004638563404008214,0.0017522780909531666,570.6856720761951,1.009312180389024,0.2547725452246827,0.2309027777777778,1.1033758349580243,0.023869767446904888
24,-1.08,11,17,-3.975693351829396e-15,0,0,0.009235568445955203,-0.004617784222977649,0.004617784222977554,0.004617784222977554,0.004617784222977554,0.001747565282091082,572.2246889703779,1.0065976024844634,0.2608167090342576,0.2378472222222222,1.096572440903156,0.022969486812035367
24,-1.08,12,17,8.393130409417613e-17,0,0,0.009165802564154876,-0.004582901282077493,0.004582901282077384,0.004582901282077384,0.004582901282077384,0.001754659133828869,569.9112612361835,1.0106836610854286,0.26424882974260344,0.24131944444444445,1.0950167333218674,0.022929385298158994
24,-1.08,13,17,-1.2589695614126421e-15,0,0,0.009401609583629365,-0.004700804791814035,0.00470080479181533,-0.004700804791814035,0.004700804791814035,0.0017443817522839757,573.2690098888431,1.00476388931557,0.2583508442143824,0.234375,1.1022969353146983,0.023975844214382425
24,-1.08,14,17,-6.449458104078798e-15,0,0,0.009085852094089374,-0.0045429260470447996,0.004542926047044574,0.004542926047044574,0.004542926047044574,0.0017557929955315766,569.5432220910781,1.0113367654261882,0.27046871644877035,0.2482638888888889,1.089440424297145,0.022204827559881457
24,-1.08,15,17,-9.29428756916561e-15,0,0,0.008913908036620379,-0.0044569540183106455,0.004456954018309733,0.004456954018309733,0.004456954018309733,0.001754241683457391,570.046880900199,1.010443209671457,0.27246729201211634,0.25,1.0898691680484653,0.022467292012116336
24,-1.08,16,17,-1.9525071794539923e-15,0,0,0.008051424419999903,-0.0040257122100002055,0.004025712209999697,0.004025712209999697,0.004025712209999697,0.001748364596666102,571.9630801875459,1.0070580076796747,0.26304387801372503,0.23958333333333334,1.0979222734485914,0.023460544680391687
24,-1.08,17,17,-7.589156864936558e-15,0,0,0.00956580209263441,-0.004782901046316729,0.0047829010463176815,-0.004782901046316729,0.004782901046316729,0.001751670904741571,570.8834903252177,1.0089624411311449,0.25576211325647685,0.2326388888888889,1.0993953525054527,0.023123224367587958
24,-1.08,18,17,4.629474036352452e-15,0,0,0.008849314751067074,-0.004424657375533913,0.004424657375533161,0.004424657375533161,0.004424657375533161,0.0017503568788527738,571.312063317867,1.0082055622191977,0.2695199350341604,0.2465277777777778,1.0932639618287068,0.022992157256382595
24,-1.08,19,17,-4.865806918933422e-15,0,0,0.00846452593827892,-0.004232262969138996,0.004232262969139924,-0.004232262969138996,0.004232262969138996,0.0017627153307017604,567.3065767243805,1.015324030484214,0.283362141696924,0.2621527777777778,1.080904593492902,0.021209363919146185
24,-1.08,20,17,9.850884638421726e-16,0,0,0.009728921835475277,-0.004864460917737484,0.004864460917737792,-0.004864460917737484,0.004864460917737484,0.0017446983717945637,573.1649757725279,1.004946262153669,0.2593973642050901,0.2361111111111111,1.0986241307509697,0.02328625309397897
24,-1.08,21,17,-5.689658930173625e-15,0,0,0.010227124932706128,-0.005113562466353612,0.005113562466352517,0.005113562466352517,0.005113562466352517,0.0017361774890692233,575.9779782285433,1.0000382337038727,0.24980610443784132,0.22569444444444445,1.1068332012015123,0.024111659993396872
24,-1.08,22,17,-4.744327399849746e-15,0,0,0.009378039350957261,-0.004689019675479106,0.004689019675478156,0.004689019675478156,0.004689019675478156,0.0017530911202767296,570.4210057502017,1.0097804852793963,0.25447655089452687,0.2309027777777778,1.1020939347011087,0.023573773116749075
24,-1.08,23,17,-1.8553235641870515e-16,0,0,0.007788507291098035,-0.003894253645548476,0.0038942536455495586,-0.003894253645548476,0.003894253645548476,0.0017500386381928339,571.4159551543637,1.008022255599072,0.2617587037809827,0.2378472222222222,1.1005329443638396,0.023911481558760495
24,-1.08,24,17,-4.611804288122099e-15,0,0,0.008207330980433605,-0.004103665490216861,0.004103665490216743,0.004103665490216743,0.004103665490216743,0.001760590013343495,567.9914076650496,1.0140998476858532,0.2646134200819154,0.24131944444444445,1.096527553720743,0.02329397563747096
24,-1.08,25,17,1.4886762884072293e-15,0,0,0.009062108682252514,-0.004531054341126949,0.004531054341125564,0.004531054341125564,0.004531054341125564,0.0017478999433593718,572.1151280994109,1.006790367374998,0.2527438754213125,0.22916666666666666,1.102882365474818,0.023577208754645834
24,-1.08,26,17,-1.1308638867425838e-15,0,0,0.008285199638144822,-0.004142599819071445,0.004142599819073377,-0.004142599819071445,0.004142599819071445,0.0017534188000854932,570.3144051787525,1.0099692288492441,0.2794650170689026,0.2569444444444444,1.0876476339978913,0.02252057262445817
24,-1.08,27,17,-4.059624655923572e-15,0,0,0.008821246730080529,-0.0044106233650407015,0.004410623365039828,0.004410623365039828,0.004410623365039828,0.0017468775567580038,572.4499671607668,1.0062014726926103,0.25229943389376286,0.22743055555555555,1.1093471291817358,0.024868878338207306
24,-1.08,28,17,8.658176632872906e-16,0,0,0.008813111028833198,-0.004406555514416538,0.004406555514416659,-0.004406555514416538,0.004406555514416538,0.0017557972885127717,569.5418295394674,1.0113392381833566,0.27225009643346965,0.25,1.0890003857338786,0.022250096433469646
24,-1.08,29,17,4.58529966577657e-15,0,0,0.008677696442569365,-0.0043388482212845525,0.004338848221284813,-0.0043388482212845525,0.0043388482212845525,0.001757782567530875,568.898576235559,1.012482758897784,0.2695164019749755,0.2465277777777778,1.0932496305463795,0.022988624197197716
24,-1.06,0,17,-1.541685533098288e-15,0,0,0.011002840477132299,-0.0055014202385664495,0.00550142023856585,0.00550142023856585,0.00550142023856585,0.0017527549633647244,570.5304055053551,1.0095868588980812,0.2690409312846126,0.2465277777777778,1.0913209607037806,0.022513153506834804
24,-1.06,1,17,-1.236882376124701e-16,0,0,0.010754220927709876,-0.005377110463855404,0.005377110463854472,0.005377110463854472,0.005377110463854472,0.0017487965020710167,571.821820786894,1.0073067851929056,0.2609894617124575,0.2378472222222222,1.0972987587326681,0.023142239490235306
24,-1.06,2,17,6.626155586382326e-16,0,0,0.010551499572457525,-0.0052757497862286175,0.005275749786228906,-0.0052757497862286175,0.0052757497862286175,0.0017561206940617255,569.4369432473934,1.0115255197795538,0.2715728560198078,0.25,1.0862914240792312,0.021572856019807796
24,-1.06,3,17,-1.2103777537791717e-15,0,0,0.01199548775461506,-0.0059977438773076855,0.005997743877307374,0.005997743877307374,0.005997743877307374,0.0017419230520274859,574.0781711546125,1.0033476779678319,0.26101052007899295,0.2378472222222222,1.0973872960985398,0.023163297856770737
24,-1.06,4,17,-1.3252311172764654e-16,0,0,0.01103167417577696,-0.0055158370878891,0.00551583708788786,0.00551583708788786,0.00551583708788786,0.0017547698463368131,569.875304210156,1.0107474314900045,0.26201706701607796,0.23958333333333334,1.0936364536323253,0.022433733682744622
24,-1.06,5,17,-8.004395948349851e-15,0,0,0.012348714238079959,-0.006174357119040133,0.006174357119039826,0.006174357119039826,0.006174357119039826,0.0017420256347693655,574.044365387536,1.0034067656271546,0.24521034558375182,0.2222222222222222,1.1034465551268833,0.02298812336152961
24,-1.06,6,17,1.7139655783442284e-15,0,0,0.010656542163417246,-0.00532827108170903,0.005328271081708217,0.005328271081708217,0.005328271081708217,0.0017595166092078032,568.3379143833348,1.0134815669036947,0.2736948249993454,0.2517361111111111,1.087229097928434,0.021958713888234282
24,-1.06,7,17,-4.178895456478454e-15,0,0,0.010540089427372105,-0.005270044713685411,0.005270044713686694,-0.005270044713685411,0.005270044713685411,0.00175808346706791,568.8012080949583,1.0126560770311162,0.2705946917167395,0.2482638888888889,1.0899478491527408,0.022330802827850604
24,-1.06,8,17,-3.4190962825732806e-15,0,0,0.011083491740733514,-0.00554174587036652,0.005541745870366993,-0.00554174587036652,0.00554174587036652,0.0017545752414198377,569.9385106966287,1.0106353390578264,0.272479212006263,0.25,1.089916848025052,0.022479212006263016
24,-1.06,9,17,6.595233526979209e-15,0,0,0.011065178858616048,-0.005532589429307913,0.005532589429308136,-0.005532589429307913,0.005532589429307913,0.0017540204267859538,570.1187880875414,1.0103157658287094,0.2577461392344652,0.234375,1.0997168607337182,0.02337113923446521
24,-1.06,10,17,-4.673648406928334e-15,0,0,0.011582608600928055,-0.00579130430046437,0.005791304300463684,0.005791304300463684,0.005791304300463684,0.0017512413746349172,571.0235119407631,1.0087150317897122,0.2540620153542713,0.2309027777777778,1.1002986529628591,0.02315923757649352
24,-1.06,11,17,-6.9795505509893845e-16,0,0,0.011549567784423245,-0.005774783892211261,0.0057747838922119835,-0.005774783892211261,0.005774783892211261,0.001746694720747813,572.5098886036992,1.0060961591507402,0.26019708961840504,0.2378472222222222,1.0939673256949,0.022349867396182832
24,-1.06,12,17,-1.0866895161667016e-15,0,0,0.011494236576290132,-0.005747118288146126,0.005747118288144006,0.005747118288144006,0.005747118288144006,0.001753452412992786,570.3034725038268,1.0099885898838448,0.2635985323884166,0.24131944444444445,1.0923219759404887,0.022279087943972126
24,-1.06,13,17,-6.135820072990035e-15,0,0,0.01170305733914273,-0.005851528669571856,0.005851528669570875,0.005851528669570875,0.005851528669570875,0.0017437317381921763,573.4827084335551,1.0043894811986935,0.2577183353376565,0.234375,1.0995982307740009,0.02334333533765648
24,-1.06,14,17,5.300924469105862e-16,0,0,0.011420132262378856,-0.005710066131189734,0.005710066131189122,0.005710066131189122,0.005710066131189122,0.0017544981941818145,569.9635390427609,1.010590959848725,0.2698294698444521,0.2482638888888889,1.0868655568559749,0.021565580955563213
24,-1.06,15,17,3.392591660227751e-15,0,0,0.011255401712222567,-0.005627700856111312,0.005627700856111256,0.005627700856111256,0.005627700856111256,0.0017530425639190553,570.4368054614866,1.0097525168173758,0.2718412453772327,0.25,1.0873649815089308,0.0218412453772327
24,-1.06,16,17,2.0143512982602275e-15,0,0,0.01041505755765149,-0.005207528778825267,0.0052075287788262235,-0.005207528778825267,0.005207528778825267,0.0017474983510243004,572.2466057915577,1.0065590501899973,0.2624439601957185,0.23958333333333334,1.0954182686429987,0.02286062686238513
24,-1.06,17,17,-9.144094709207611e-16,0,0,0.011852689888946395,-0.005926344944473119,0.005926344944473276,-0.005926344944473119,0.005926344944473119,0.001750680920992228,571.2063163590274,1.0083922104915233,0.2550785934671056,0.2326388888888889,1.0964572375899464,0.0224397045782167
24,-1.06,18,17,9.895059008997609e-16,0,0,0.01117892468741789,-0.005589462343708981,0.0055894623437089085,0.0055894623437089085,0.0055894623437089085,0.0017493824846440895,571.6302802719837,1.0076443111549955,0.2688945602426094,0.2465277777777778,1.0907272302798803,0.02236678246483159
24,-1.06,19,17,4.417437057588218e-15,0,0,0.01083732558242816,-0.005418662791214095,0.005418662791214064,0.005418662791214064,0.005418662791214064,0.00176104222244792,567.8455560309959,1.014360320130002,0.2827354409530941,0.2621527777777778,1.0785139999270343,0.020582663175316318
24,-1.06,20,17,-5.163983920320626e-15,0,0,0.012014719617896883,-0.00600735980894883,0.006007359808948054,0.006007359808948054,0.006007359808948054,0.0017440294242717963,573.3848214272766,1.0045609483805547,0.25878922962312734,0.2361111111111111,1.0960485019332453,0.022678118512016232
24,-1.06,21,17,3.98894566300216e-15,0,0,0.012467638337807951,-0.006233819168903912,0.00623381916890404,-0.006233819168903912,0.006233819168903912,0.0017359195879300187,576.0635498055764,0.9998896826476908,0.2491770048619835,0.22569444444444445,1.1040458061577114,0.023482560417539045
24,-1.06,22,17,5.124226986802333e-16,0,0,0.011679283002010432,-0.005839641501004863,0.005839641501005568,-0.005839641501004863,0.005839641501004863,0.0017519790470386706,570.7830819610981,1.0091399310942744,0.2537712957753525,0.2309027777777778,1.0990395967413762,0.022868517997574722
24,-1.06,23,17,-4.51020323579757e-15,0,0,0.010166117329494653,-0.005083058664747416,0.005083058664747238,0.005083058664747238,0.005083058664747238,0.0017490763273740357,571.7303380929885,1.0074679645674447,0.2611353454802574,0.2378472222222222,1.09791210946444,0.023288123258035198
24,-1.06,24,17,-4.651561221640394e-15,0,0,0.010578677561553899,-0.005289338780775999,0.0052893387807779,-0.005289338780775999,0.005289338780775999,0.0017590361408179526,568.4931519002216,1.0132048171111405,0.26390558014514676,0.24131944444444445,1.093594346500752,0.02258613570070231
24,-1.06,25,17,-2.1027000394119918e-15,0,0,0.011367682337184935,-0.005683841168592325,0.00568384116859261,-0.005683841168592325,0.005683841168592325,0.0017470968138079317,572.3781258695236,1.0063277647533686,0.2520793791040538,0.22916666666666666,1.0999827451813258,0.022912712437387156
24,-1.06,26,17,5.64990199665533e-15,0,0,0.010652690793554905,-0.0053263453967765575,0.005326345396778347,-0.0053263453967765575,0.0053263453967765575,0.0017522666476789957,570.689398970512,1.0093055890631013,0.27886558377459403,0.2569444444444444,1.0853147044200417,0.021921139330149608
24,-1.06,27,17,-5.512961447870095e-15,0,0,0.01114231570158219,-0.0055711578507905285,0.005571157850791661,-0.0055711578507905285,0.0055711578507905285,0.0017460619000048785,572.7173818964872,1.00573165440281,0.2516083017629623,0.22743055555555555,1.1063082581333303,0.02417774620740673
24,-1.06,28,17,-2.782985346280577e-15,0,0,0.011151387126751414,-0.005575693563375669,0.005575693563375746,-0.005575693563375669,0.005575693563375669,0.001754527079613561,569.954155521072,1.0106075978574112,0.27161314514174184,0.25,1.0864525805669674,0.02161314514174184
24,-1.06,29,17,8.260607297689967e-16,0,0,0.011034098299282077,-0.005517049149640986,0.005517049149641092,-0.005517049149640986,0.005517049149640986,0.0017563876454930643,569.3503951511078,1.011679283804005,0.2688534723675656,0.2465277777777778,1.0905605639698437,0.022325694589787837
24,-1.04,0,17,-2.593035552804284e-15,0,0,0.013314197318428941,-0.006657098659214228,0.006657098659214713,-0.006657098659214228,0.006657098659214228,0.0017516676168360303,570.8845618818149,1.0089605472975536,0.2684032563690689,0.2465277777777778,1.0887343356942514,0.02187547859129113
24,-1.04,1,17,-2.4207555075583433e-15,0,0,0.013066460087679175,-0.006533230043840009,0.006533230043839165,0.006533230043839165,0.006533230043839165,0.001747933382699664,572.1041830870641,1.0068096284350065,0.260350199878845,0.2378472222222222,1.094611059344633,0.02250297765662279
24,-1.04,2,17,-2.570948367516343e-15,0,0,0.01289491696605719,-0.006447458483028904,0.006447458483028286,0.006447458483028286,0.006447458483028286,0.0017548159656454974,569.8603269956897,1.0107739962118065,0.2709577293550061,0.25,1.0838309174200245,0.020957729355006116
24,-1.04,3,17,7.748184599009734e-15,0,0,0.014253422209135608,-0.007126711104567537,0.007126711104568071,-0.007126711104567537,0.007126711104567537,0.0017413966862392845,574.2516957233893,1.0030444912738279,0.26039971198436246,0.2378472222222222,1.0948192270291444,0.02255248976214025
24,-1.04,4,17,3.631133261337515e-15,0,0,0.0133524282674773,-0.006676214133738472,0.006676214133738827,-0.006676214133738472,0.006676214133738472,0.0017535258857884386,570.2795767684772,1.0100309102141405,0.26135833806909536,0.23958333333333334,1.090886976288398,0.02177500473576202
24,-1.04,5,17,9.895059008997609e-16,0,0,0.014571535762864962,-0.0072857678814316545,0.007285767881433308,-0.0072857678814316545,0.0072857678814316545,0.001741558831137435,574.1982309876302,1.0031378867351626,0.24456059338991082,0.2222222222222222,1.1005226702545987,0.02233837116768861
24,-1.04,6,17,-6.0607236430110345e-15,0,0,0.012999900997932363,-0.006499950498966421,0.0064999504989659415,0.0064999504989659415,0.0064999504989659415,0.0017580162722689342,568.8229487827084,1.0126173728269061,0.27304218252356105,0.2517361111111111,1.0846365319556632,0.021306071412449945
24,-1.04,7,17,1.7404702006897577e-15,0,0,0.012888178386188432,-0.006444089193095072,0.006444089193093361,0.006444089193093361,0.006444089193093361,0.0017566637754746596,569.2608989616097,1.011838334673404,0.26994204903118824,0.2482638888888889,1.0873190226710798,0.02167816014229934
24,-1.04,8,17,-4.726657651619393e-15,0,0,0.01340123080921283,-0.006700615404606245,0.006700615404606585,-0.006700615404606245,0.006700615404606245,0.001753359095052003,570.3338254108984,1.0099348387499538,0.2718341742717284,0.25,1.0873366970869136,0.0218341742717284
24,-1.04,9,17,-3.405843971400516e-15,0,0,0.013375470658351658,-0.006687735329175737,0.006687735329175921,-0.006687735329175737,0.006687735329175737,0.001752846530624449,570.500601466662,1.0096396016396825,0.2570492347919424,0.234375,1.0967434017789544,0.022674234791942416
24,-1.04,10,17,-8.834874115176436e-18,0,0,0.01385916185131308,-0.00692958092565644,0.00692958092565664,-0.00692958092565644,0.00692958092565644,0.001750260057647759,571.3436672627598,1.0081497932051091,0.2533649550205492,0.2309027777777778,1.097279805201777,0.022462177242771386
24,-1.04,11,17,1.236882376124701e-15,0,0,0.013833804603102073,-0.006916902301550197,0.006916902301551877,-0.006916902301550197,0.006916902301550197,0.0017458802798880233,572.7769604363351,1.0056270412155015,0.2595865780195626,0.2378472222222222,1.091400503206336,0.021739355797340376
24,-1.04,12,17,-1.3870752360827005e-15,0,0,0.013791613419232823,-0.006895806709615013,0.00689580670961781,-0.006895806709615013,0.006895806709615013,0.0017523108553912487,570.6750014835262,1.0093310527053592,0.262959388096732,0.24131944444444445,1.089673435566314,0.02163994365228758
24,-1.04,13,17,-9.303122443280787e-15,0,0,0.01397558533564731,-0.006987792667823998,0.006987792667823312,0.006987792667823312,0.006987792667823312,0.0017431227808717188,573.6830537547733,1.00403872178211,0.2570942468083524,0.234375,1.0969354530489703,0.02271924680835241
24,-1.04,14,17,-2.8934212727202825e-15,0,0,0.013722949191688323,-0.00686147459584478,0.006861474595843543,0.006861474595843543,0.006861474595843543,0.0017532758416123663,570.3609074316391,1.009886884768723,0.2692017534562266,0.2482638888888889,1.084337132802703,0.020937864567337705
24,-1.04,15,17,-2.5621134934011665e-16,0,0,0.013565291260937546,-0.006782645630468121,0.006782645630469424,-0.006782645630468121,0.006782645630468121,0.001751909815345334,570.8056380761137,1.0091000536389125,0.27122542476746136,0.25,1.0849016990698455,0.021225424767461365
24,-1.04,16,17,2.5842006786891076e-15,0,0,0.012747935347254331,-0.006373967673627634,0.006373967673626697,0.006373967673626697,0.006373967673626697,0.0017466827257208157,572.5138202115802,1.0060892500151897,0.2618509101859889,0.23958333333333334,1.0929429294719535,0.02226757685265554
24,-1.04,17,17,-5.742668174864683e-16,0,0,0.014111634921068143,-0.007055817460534482,0.0070558174605336605,0.0070558174605336605,0.0070558174605336605,0.0017497436881021137,571.512277369416,1.0078523643468176,0.25440780579416844,0.2326388888888889,1.093573851771948,0.021768916905279545
24,-1.04,18,17,-2.115952350584756e-15,0,0,0.013478494128370402,-0.00673924706418583,0.006739247064184573,0.006739247064184573,0.006739247064184573,0.0017484650096764298,571.930232784618,1.0071158455736235,0.2682785028227945,0.2465277777777778,1.0882282931403493,0.021750725045016683
24,-1.04,19,17,9.718361526694079e-17,0,0,0.01317666614629176,-0.006588333073146829,0.006588333073144931,0.006588333073144931,0.006588333073144931,0.0017594581077775796,568.3568114407269,1.013447870079886,0.2821208595379707,0.2621527777777778,1.0761696363832525,0.019968081760192935
24,-1.04,20,17,-3.648803009567868e-15,0,0,0.014272158624336558,-0.007136079312169127,0.007136079312167431,0.007136079312167431,0.007136079312167431,0.0017434035787432514,573.590654621037,1.0042004613561129,0.25818893540040333,0.2361111111111111,1.0935060793428848,0.022077824289292225
24,-1.04,21,17,-4.161225708248101e-15,0,0,0.014682776601067194,-0.007341388300533849,0.0073413883005333455,0.0073413883005333455,0.0073413883005333455,0.0017356937673046354,576.1384979522645,0.9997596099674699,0.24855600277534248,0.22569444444444445,1.101294289219979,0.022861558330898035
24,-1.04,22,17,-3.1717198073483405e-15,0,0,0.013951618559033766,-0.006975809279516363,0.0069758092795174035,-0.006975809279516363,0.006975809279516363,0.0017509289924712282,571.1253878940109,1.0085350996634275,0.25307962146519003,0.2309027777777778,1.0960440749169131,0.02217684368741224
24,-1.04,23,17,7.951386703658792e-16,0,0,0.012512389475885973,-0.006256194737943064,0.0062561947379429095,0.0062561947379429095,0.0062561947379429095,0.0017481682347371607,572.0273255910929,1.0069449032086046,0.2605197708377092,0.2378472222222222,1.095324000018398,0.02267254861548701
24,-1.04,24,17,5.9193656571682116e-15,0,0,0.012917669166412786,-0.00645883458320719,0.006458834583205595,0.006458834583205595,0.006458834583205595,0.0017575656336059585,568.9687946095772,1.012357804957032,0.2632121606006338,0.24131944444444445,1.0907208957263674,0.021892716156189346
24,-1.04,25,17,-1.8994979347629337e-15,0,0,0.013645120327625522,-0.006822560163812454,0.006822560163813068,-0.006822560163812454,0.006822560163812454,0.0017463398769146472,572.6262185381427,1.0058917691028368,0.25142573471030777,0.22916666666666666,1.0971304787358884,0.02225906804364111
24,-1.04,26,17,-2.297067269945873e-16,0,0,0.012988050584265966,-0.0064940252921320656,0.006494025292133902,-0.0064940252921320656,0.0064940252921320656,0.001751178456615062,571.0440282214005,1.0086787910102757,0.2782744482060483,0.2569444444444444,1.0830140686938097,0.021330003761603877
24,-1.04,27,17,4.130303648844983e-15,0,0,0.013434322687531247,-0.006717161343765592,0.006717161343765656,-0.006717161343765592,0.006717161343765592,0.001745298205486984,572.9679872792706,1.0052917663605028,0.2509280562031273,0.22743055555555555,1.1033172547557353,0.02349750064757175
24,-1.04,28,17,1.5770250295589938e-15,0,0,0.013458770571433572,-0.006729385285715865,0.006729385285717707,-0.006729385285715865,0.006729385285715865,0.0017533268511101471,570.3443139348684,1.0099162662394447,0.2709873887316779,0.25,1.0839495549267115,0.02098738873167788
24,-1.04,29,17,-2.822742279798871e-15,0,0,0.013358112212929518,-0.006679056106464984,0.006679056106464534,0.006679056106464534,0.006679056106464534,0.0017550679366281985,569.7785134865948,1.0109191314978423,0.26820249091704,0.2465277777777778,1.087919963156444,0.021674713139262225
24,-1.02,0,17,-3.12312799971487e-15,0,0,0.015595215099165404,-0.007797607549583389,0.007797607549582016,0.007797607549582016,0.007797607549582016,0.0017506392604780111,571.2199095357604,1.0083682140353345,0.26777595872504434,0.2465277777777778,1.0861898044058136,0.02124818094726655
24,-1.02,1,17,2.2617277734851675e-15,0,0,0.015349234249043523,-0.0076746171245214,0.007674617124522123,-0.0076746171245214,0.0076746171245214,0.001747119309785794,572.3707559059635,1.0063407224366172,0.2597204358119947,0.2378472222222222,1.0919632921730582,0.02187321358977251
24,-1.02,2,17,5.879608723649918e-15,0,0,0.015206105236474442,-0.007603052618236963,0.007603052618237478,-0.007603052618236963,0.007603052618236963,0.0017535822672881355,570.2612410346002,1.0100633859579662,0.27035300067265133,0.25,1.0814120026906053,0.020353000672651334
24,-1.02,3,17,-7.531730183187911e-15,0,0,0.016483244849669707,-0.008241622424835043,0.008241622424834665,0.008241622424834665,0.008241622424834665,0.001740908281995841,574.4127995379305,1.0027631704296045,0.25979674592525237,0.2378472222222222,1.0922841288536158,0.02194952370303016
24,-1.02,4,17,-3.3572521637670453e-16,0,0,0.01564164768988435,-0.007820823844941847,0.007820823844942502,-0.007820823844941847,0.007820823844941847,0.00175235150228936,570.6617643170048,1.0093544653186712,0.260711687359125,0.23958333333333334,1.088187912455478,0.021128354025791635
24,-1.02,5,17,-1.5902773407317584e-15,0,0,0.016768848254293478,-0.008384424127145575,0.008384424127147901,-0.008384424127145575,0.008384424127145575,0.0017411234185253472,574.3418239971494,1.0028870890706,0.2439212300374014,0.2222222222222222,1.0976455351683063,0.021699007815179194
24,-1.02,6,17,4.081711841211513e-15,0,0,0.015310608511539647,-0.00765530425576908,0.007655304255770566,-0.00765530425576908,0.00765530425576908,0.0017565965202700775,569.2826943812057,1.0117995956755645,0.2724019512302257,0.2517361111111111,1.0820932683352413,0.020665840119114598
24,-1.02,7,17,-7.067899292141149e-16,0,0,0.015203533783067606,-0.007601766891533631,0.007601766891533974,-0.007601766891533631,0.007601766891533631,0.0017553205606401561,569.6965115222631,1.01106464292873,0.2693012410333455,0.2482638888888889,1.0847378659804687,0.021037352144456622
24,-1.02,8,17,8.304781668265849e-16,0,0,0.015687594345225254,-0.007843797172612996,0.007843797172612257,0.007843797172612257,0.007843797172612257,0.0017522102755775462,570.7077591874012,1.0092731187326667,0.2712002389156346,0.25,1.0848009556625384,0.021200238915634606
24,-1.02,9,17,1.175038257318466e-15,0,0,0.015655286369940888,-0.007827643184970524,0.007827643184970364,0.007827643184970364,0.007827643184970364,0.0017517369064791572,570.8619806440656,1.0090004581319945,0.25636551028176824,0.234375,1.093826177202211,0.02199051028176824
24,-1.02,10,17,3.838752803044161e-15,0,0,0.01610708428993967,-0.008053542144970033,0.008053542144969637,0.008053542144969637,0.008053542144969637,0.001749331632724211,571.6468971882211,1.0076150204491454,0.2526811576970441,0.2309027777777778,1.0943183972443413,0.02177837991926629
24,-1.02,11,17,5.0358782456505685e-15,0,0,0.01608863232906343,-0.00804431616453124,0.008044316164532191,-0.00804431616453124,0.00804431616453124,0.0017451188898753728,573.0268612652601,1.0051884805682147,0.2589850712393605,0.2378472222222222,1.0888715403932236,0.021137849017138277
24,-1.02,12,17,-3.3572521637670454e-15,0,0,0.016058358891924727,-0.008029179445961983,0.008029179445962743,-0.008029179445961983,0.008029179445961983,0.0017512316000607606,571.0266991329439,1.0087094016349982,0.26233123690170135,0.24131944444444445,1.0870704493192804,0.0210117924572569
24,-1.02,13,17,1.1308638867425838e-15,0,0,0.016219494021300553,-0.008109747010650384,0.008109747010650169,0.008109747010650169,0.008109747010650169,0.0017425528832920333,573.8706753684277,1.0037104607762113,0.25647853202390847,0.234375,1.0943084033020094,0.022103532023908468
24,-1.02,14,17,-3.7989958695258673e-16,0,0,0.015994757385835,-0.007997378692917959,0.007997378692917044,0.007997378692917044,0.007997378692917044,0.0017521224401775173,570.7363692566396,1.00922252554225,0.26858537246254227,0.2482638888888889,1.0818543674015688,0.020321483573653376
24,-1.02,15,17,2.7476458498198714e-15,0,0,0.01584402373721086,-0.007922011868605233,0.007922011868605628,-0.007922011868605233,0.007922011868605233,0.0017508403975400406,571.154287623827,1.0084840689830634,0.27061969754894577,0.25,1.082478790195783,0.02061969754894577
24,-1.02,16,17,7.818863591931145e-16,0,0,0.015050370064438282,-0.007525185032219532,0.00752518503221875,0.00752518503221875,0.00752518503221875,0.0017459153640329082,572.7654504913053,1.005647249682955,0.2612647409582209,0.23958333333333334,1.090496310086487,0.021681407624887544
24,-1.02,17,17,2.5621134934011662e-15,0,0,0.016342893598696458,-0.00817144679934816,0.008171446799348296,-0.00817144679934816,0.00817144679934816,0.0017488567702515206,571.802114964612,1.007341499664876,0.2537495567216924,0.2326388888888889,1.0907443632216032,0.02111066783280352
24,-1.02,18,17,-6.891201809837619e-16,0,0,0.015748363905317038,-0.007874181952658973,0.007874181952658063,0.007874181952658063,0.007874181952658063,0.0017476015638451133,572.2128090797636,1.0066185007747852,0.267671669588745,0.2465277777777778,1.0857667724163176,0.021143891810967208
24,-1.02,19,17,3.675307631913397e-15,0,0,0.015483089754710095,-0.007741544877354463,0.007741544877355632,-0.007741544877354463,0.007741544877354463,0.001757958904326119,568.8415113340385,1.0125843288918446,0.28151817412657665,0.2621527777777778,1.0738706509729017,0.019365396348798858
24,-1.02,20,17,1.3252311172764654e-16,0,0,0.01650152246123734,-0.008250761230619215,0.008250761230618126,0.008250761230618126,0.008250761230618126,0.0017428185740525322,573.7831894198403,1.0038634986542585,0.25759643592076714,0.2361111111111111,1.0909966697820725,0.021485324809656037
24,-1.02,21,17,-5.565970692561154e-15,0,0,0.016872694489550397,-0.00843634724477579,0.008436347244774607,0.008436347244774607,0.008436347244774607,0.0017354974479301408,576.2036707070129,0.999646530007761,0.2479430308608508,0.22569444444444445,1.0985783521219235,0.02224858641640634
24,-1.02,22,17,3.24681623732734e-15,0,0,0.016195360031032256,-0.00809768001551684,0.008097680015515415,0.008097680015515415,0.008097680015515415,0.0017499379116713135,571.4488458878691,1.0079642371226767,0.2524013041195595,0.2309027777777778,1.0931063997959871,0.021498526341781732
24,-1.02,23,17,8.9232228563282e-16,0,0,0.014827655491007513,-0.007413827745502793,0.00741382774550472,-0.007413827745502793,0.007413827745502793,0.0017473120195754888,572.3076295457241,1.0064517232754815,0.2599119654543645,0.2378472222222222,1.0927685554869633,0.022064743232142303
24,-1.02,24,17,-2.1777964693909913e-15,0,0,0.015224758673580759,-0.007612379336791532,0.007612379336789227,0.007612379336789227,0.007612379336789227,0.0017561746312612292,569.4194541927938,1.011556587606468,0.26253288737612274,0.24131944444444445,1.0879060656737172,0.02121344293167829
24,-1.02,25,17,-2.7564807239350477e-15,0,0,0.015894652618383635,-0.007947326309192544,0.00794732630919109,0.00794732630919109,0.00794732630919109,0.001745626846146498,572.8601173885,1.0054810633803828,0.2507828134214469,0.22916666666666666,1.0943250040208594,0.02161614675478027
24,-1.02,26,17,-2.9155084580082237e-16,0,0,0.015291709436629114,-0.0076458547183144866,0.007645854718314627,-0.0076458547183144866,0.0076458547183144866,0.0017501513313656564,571.3791613778292,1.008087166866618,0.2776915570964625,0.2569444444444444,1.0807455195105569,0.020747112652018063
24,-1.02,27,17,4.064042092981161e-15,0,0,0.01569755248110863,-0.007848776240554436,0.007848776240554191,0.007848776240554191,0.007848776240554191,0.0017445837001234463,573.2026499670037,1.004880211271105,0.25025857669103935,0.22743055555555555,1.100373589114799,0.022828021135483795
24,-1.02,28,17,3.5516193943009273e-15,0,0,0.015735658988314395,-0.007867829494157687,0.007867829494156707,0.007867829494156707,0.007867829494156707,0.0017521932023599725,570.7133201139761,1.009263284559344,0.2703726521701693,0.25,1.0814906086806773,0.020372652170169314
24,-1.02,29,17,-2.473764752249402e-15,0,0,0.015650219931424583,-0.007825109965711122,0.00782510996571346,-0.007825109965711122,0.007825109965711122,0.001753820055744355,570.1839232164447,1.0102003521087486,0.2675632673407974,0.2465277777777778,1.0853270562556288,0.021035489563019594
24,-1.0,0,17,-4.41301962053063e-15,0,0,0.0178462631986573,-0.008923131599328496,0.008923131599328803,-0.008923131599328496,0.008923131599328496,0.001749667254847773,571.53724356978,1.0078083387923171,0.26715891720632373,0.2465277777777778,1.083686875428468,0.02063113942854594
24,-1.0,1,17,5.199323416781332e-15,0,0,0.017602833140738017,-0.008801416570368769,0.008801416570369246,-0.008801416570368769,0.008801416570368769,0.0017463519631115165,572.6222554921154,1.0058987307522336,0.25910008938878737,0.2378472222222222,1.089355120349938,0.02125286716656516
24,-1.0,2,17,3.1805546814635168e-15,0,0,0.017485524353391988,-0.008742762176696037,0.00874276217669595,0.00874276217669595,0.00874276217669595,0.0017524163958902203,570.6406321837705,1.0093918440327667,0.2697585210089085,0.25,1.079034084035634,0.019758521008908514
24,-1.0,3,17,7.628913798454851e-15,0,0,0.018685253152934504,-0.009342626576466543,0.00934262657646796,-0.009342626576466543,0.009342626576466543,0.001740455658347304,574.5621815781142,1.0025024592080471,0.2592015730360605,0.2378472222222222,1.089781796122415,0.021354350813838296
24,-1.0,4,17,-1.6653737707107581e-15,0,0,0.017899786800038016,-0.0089498934000192,0.008949893400018817,0.008949893400018817,0.008949893400018817,0.0017512434416951483,571.0228379396708,1.0087162224164055,0.26007691526030896,0.23958333333333334,1.0855384289125938,0.020493581926975618
24,-1.0,5,17,-1.9215851200508746e-15,0,0,0.018940808115890814,-0.009470404057946009,0.009470404057944805,0.009470404057944805,0.009470404057944805,0.0017407175223782393,574.4757475835362,1.002653292889866,0.2432921301205387,0.2222222222222222,1.0948145855424243,0.021069907898316503
24,-1.0,6,17,-4.2054000788239836e-15,0,0,0.01758916488696169,-0.008794582443481455,0.008794582443480234,0.008794582443480234,0.008794582443480234,0.0017552537063565674,569.7182101815525,1.011026134861383,0.27177391026397774,0.2517361111111111,1.079598429738284,0.02003779915286663
24,-1.0,7,17,1.057976175292378e-15,0,0,0.017486650887338844,-0.008743325443669,0.008743325443669844,-0.008743325443669,0.008743325443669,0.0017540504122527103,570.109041914998,1.0103330374575612,0.2686720786721065,0.2482638888888889,1.0822036175883452,0.020408189783217623
24,-1.0,8,17,-1.7095481412866403e-15,0,0,0.01794302749845728,-0.008971513749229216,0.008971513749228064,0.008971513749228064,0.008971513749228064,0.001751125646842783,571.0612495470923,1.008648372581443,0.27057724357290314,0.25,1.0823089742916125,0.020577243572903137
24,-1.0,9,17,-8.437304779993496e-16,0,0,0.017905011688343922,-0.008952505844172226,0.008952505844171696,0.008952505844171696,0.008952505844171696,0.0017506886140455304,571.2038063063526,1.0083966416902257,0.25569474500292644,0.234375,1.0909642453458195,0.021319745002926438
24,-1.0,10,17,6.4627104152515626e-15,0,0,0.01832667773672182,-0.009163338868361477,0.009163338868360342,0.009163338868360342,0.009163338868360342,0.0017484536961071978,571.9339335244769,1.007109328957746,0.25201041646530625,0.2309027777777778,1.0914135329625292,0.021107638687528463
24,-1.0,11,17,-1.3473183025644064e-15,0,0,0.01831440580486301,-0.009157202902431175,0.009157202902431836,-0.009157202902431175,0.009157202902431175,0.0017444076254822406,573.2605071154459,1.0047787922777704,0.25839246581569486,0.2378472222222222,1.0863800022616077,0.02054524359347265
24,-1.0,12,17,-5.605727626079448e-15,0,0,0.01829489788687716,-0.009147448943437931,0.009147448943439227,-0.009147448943437931,0.009147448943437931,0.0017502118787498262,571.3593949061176,1.0081220421598998,0.2617139178054978,0.24131944444444445,1.0845123500429261,0.02039447336105335
24,-1.0,13,17,-4.770832022195275e-16,0,0,0.01843508862755595,-0.009217544313778418,0.009217544313777533,0.009217544313777533,0.009217544313777533,0.0017420201157128125,574.0461840710793,1.00340358665058,0.25587113993197136,0.234375,1.0917168637097445,0.02149613993197136
24,-1.0,14,17,-2.005516424145051e-15,0,0,0.01823600830643498,-0.009118004153218081,0.0091180041532169,0.0091180041532169,0.0091180041532169,0.0017510346398110365,571.0909294792223,1.0085959525311572,0.2679801335234572,0.2482638888888889,1.0794164818846945,0.01971624463456828
24,-1.0,15,17,-8.393130409417613e-16,0,0,0.01809204430893012,-0.00904602215446476,0.009046022154465361,-0.00904602215446476,0.00904602215446476,0.0017498313794305905,571.4836365121125,1.0079028745520202,0.2700239291775334,0.25,1.0800957167101335,0.020023929177533373
24,-1.0,16,17,1.4621716660617e-15,0,0,0.01732268126757832,-0.008661340633789073,0.008661340633789249,-0.008661340633789073,0.008661340633789073,0.0017451939887377615,573.0022028801884,1.0052317375129505,0.2606854590648957,0.23958333333333334,1.0880784378360864,0.021102125731562366
24,-1.0,17,17,-2.7299761015895186e-15,0,0,0.0185467275430335,-0.009273363771516444,0.009273363771517053,-0.009273363771516444,0.009273363771516444,0.0017480178414466872,572.0765408048605,1.0068582766732916,0.2531036529642954,0.2326388888888889,1.0879679411002547,0.020464764075406483
24,-1.0,18,17,1.2103777537791717e-15,0,0,0.017988877561205742,-0.008994438780603213,0.00899443878060253,0.00899443878060253,0.00899443878060253,0.001746789390396567,572.4788606444271,1.0061506888684226,0.26707396534416383,0.2465277777777778,1.0833422819594252,0.020546187566386043
24,-1.0,19,17,-2.067360542951286e-15,0,0,0.017757132241369197,-0.008878566120685305,0.008878566120683894,0.008878566120683894,0.008878566120683894,0.0017565406917001247,569.300788034758,1.0117674384192719,0.28092716314816296,0.2621527777777778,1.0716161984989527,0.01877438537038517
24,-1.0,20,17,-5.0800526162264504e-15,0,0,0.018703100117403462,-0.009351550058702364,0.0093515500587011,0.0093515500587011,0.0093515500587011,0.0017422722446379449,573.963112296383,1.0035488129114563,0.25701168259604723,0.2361111111111111,1.088520067465612,0.020900571484936126
24,-1.0,21,17,-9.055745968055847e-16,0,0,0.019037553783852468,-0.009518776891925788,0.009518776891926678,-0.009518776891925788,0.009518776891925788,0.0017353282146655331,576.2598634361165,0.9995490516473471,0.2473380223576292,0.22569444444444445,1.0958976990614955,0.021643577913184747
24,-1.0,22,17,-5.7249984266343305e-15,0,0,0.018410823585194372,-0.009205411792597689,0.009205411792596683,0.009205411792596683,0.009205411792596683,0.0017490029017846703,571.754340132659,1.0074256714279701,0.2517361212588908,0.2309027777777778,1.0902256078580532,0.020833343481112987
24,-1.0,23,17,-1.7272178895169932e-15,0,0,0.01711225386795871,-0.008556126933979667,0.008556126933979042,0.008556126933979042,0.008556126933979042,0.001746505401635129,572.5719479961361,1.0059871113418344,0.2593119091869427,0.2378472222222222,1.0902456911801386,0.02146468696472048
24,-1.0,24,17,-9.630012785542314e-16,0,0,0.017500396819048556,-0.008750198409523497,0.008750198409525059,-0.008750198409523497,0.008750198409523497,0.0017548594313444694,569.8462122597815,1.0107990324544143,0.26186748936284426,0.24131944444444445,1.0851487328992684,0.020548044918399816
24,-1.0,25,17,-2.9773525768144587e-15,0,0,0.018116516568175974,-0.009058258284089238,0.009058258284086736,0.009058258284086736,0.009058258284086736,0.0017449555405578015,573.0805036329664,1.0050943913612937,0.2501504856605836,0.22916666666666666,1.0915657556098195,0.020983818993916964
24,-1.0,26,17,3.2379813632121635e-15,0,0,0.017564098250685545,-0.008782049125343631,0.008782049125341914,0.008782049125341914,0.008782049125341914,0.0017491824738034884,571.6956435228637,1.0075291049108093,0.2771168522072992,0.2569444444444444,1.0785088302121917,0.020172407762854783
24,-1.0,27,17,3.4323485937460453e-15,0,0,0.017932294155057767,-0.008966147077529178,0.00896614707752859,0.00896614707752859,0.00896614707752859,0.0017439157355890753,573.4222013096356,1.0044954636993073,0.24959974121864265,0.22743055555555555,1.0974767247476196,0.022169185663087093
24,-1.0,28,17,4.563212480488629e-15,0,0,0.017982449759608943,-0.008991224879804452,0.008991224879804492,-0.008991224879804452,0.008991224879804452,0.0017511228870332038,571.0621495526365,1.0086467829311254,0.2697687614103107,0.25,1.0790750456412428,0.019768761410310698
24,-1.0,29,17,5.0844700532840386e-15,0,0,0.017910900002548358,-0.008955450001274788,0.00895545000127357,0.00895545000127357,0.00895545000127357,0.0017526407392010083,570.5675884584759,1.0095210657797808,0.2669356112268076,0.2465277777777778,1.0827810708918393,0.0204078334490298
24,-0.98,0,17,4.178895456478454e-15,0,0,0.020067712796678988,-0.010033856398338993,0.010033856398339994,-0.010033856398338993,0.010033856398338993,0.0017487490553956299,571.837335330977,1.0072794559078828,0.26655200809640267,0.2465277777777778,1.081225046926253,0.02002423031862488
24,-0.98,1,17,3.1010408144269287e-15,0,0,0.019827552532321036,-0.009913776266160097,0.00991377626616094,-0.009913776266160097,0.009913776266160097,0.0017456291152165345,572.8593727516719,1.005482370364724,0.2584890770391558,0.2378472222222222,1.0867861925149909,0.02064185481693359
24,-0.98,2,17,-5.168401357378215e-15,0,0,0.01973363273307583,-0.009866816366537764,0.009866816366538064,-0.009866816366537764,0.009866816366537764,0.0017513152612016686,570.999420923134,1.008757590452161,0.26917414079742696,0.25,1.0766965631897079,0.019174140797426964
24,-0.98,3,17,3.675307631913397e-15,0,0,0.020859748156150618,-0.010429874078075298,0.010429874078075321,-0.010429874078075298,0.010429874078075298,0.0017400367366530497,574.7005100153771,1.0022611603121567,0.2586141417121497,0.2378472222222222,1.08731201187006,0.020766919489927482
24,-0.98,4,17,6.811687942801032e-15,0,0,0.020127297471460408,-0.01006364873573032,0.01006364873573009,0.01006364873573009,0.01006364873573009,0.0017501985732028312,571.3637385556876,1.0081143781648307,0.25945382279580287,0.23958333333333334,1.082937695147699,0.019870489462469526
24,-0.98,5,17,-6.970715676874208e-15,0,0,0.02108758024237861,-0.010543790121188917,0.010543790121189691,-0.010543790121188917,0.010543790121188917,0.00174033937954112,574.6005703000715,1.0024354826156852,0.24267316837862155,0.2222222222222222,1.092029257703797,0.020450946156399336
24,-0.98,6,17,-2.1203697876423446e-15,0,0,0.019836066251137034,-0.009918033125569036,0.009918033125568,0.009918033125568,0.009918033125568,0.0017539843190647946,570.1305246179105,1.0102949677813218,0.2711578402782121,0.2517361111111111,1.0771511448293116,0.019421729167101
24,-0.98,7,17,-1.0027582120725254e-15,0,0,0.01973802157016212,-0.00986901078508086,0.00986901078508126,-0.00986901078508086,0.00986901078508086,0.0017528500379874043,570.4994599242414,1.009641621880745,0.2680543725963192,0.2482638888888889,1.0797155147935655,0.019790483707430306
24,-0.98,8,17,1.3252311172764653e-17,0,0,0.020167973587822983,-0.010083986793910737,0.010083986793912246,-0.010083986793910737,0.010083986793910737,0.0017501021925596136,571.3952043780079,1.0080588629143374,0.269965025052166,0.25,1.079860100208664,0.01996502505216602
24,-0.98,9,17,2.204301091736521e-15,0,0,0.020125033023681967,-0.010062516511841032,0.010062516511840933,0.010062516511840933,0.010062516511840933,0.0017496988239456236,571.526931557838,1.0078265225926792,0.2550367191464422,0.234375,1.0881566683581534,0.020661719146442215
24,-0.98,10,17,1.4356670437161707e-15,0,0,0.020518247626697107,-0.010259123813348824,0.010259123813348283,0.010259123813348283,0.010259123813348283,0.0017476239428488843,572.205481672363,1.0066313910809574,0.25135252422224474,0.2309027777777778,1.0885643154286688,0.020449746444466954
24,-0.98,11,17,-5.2258280391268615e-15,0,0,0.020511480888875323,-0.010255740444437871,0.010255740444437451,0.010255740444437451,0.010255740444437451,0.0017437437000764118,573.4787744071444,1.0043963712440132,0.25780865785847995,0.2378472222222222,1.0839254520181347,0.01996143563625774
24,-0.98,12,17,-3.5427845201857506e-15,0,0,0.02050165396639212,-0.010250826983195327,0.010250826983196792,-0.010250826983195327,0.010250826983195327,0.0017492490152675292,571.6738962102892,1.0075674327940969,0.2611072690452685,0.24131944444444445,1.081998467410609,0.01978782460082404
24,-0.98,13,17,-2.093865165296815e-15,0,0,0.020622678545314965,-0.010311339272656758,0.01031133927265821,-0.010311339272656758,0.010311339272656758,0.001741522615087982,574.2101717981308,1.0031170262906777,0.2552720153199962,0.234375,1.0891605986986506,0.020897015319996215
24,-0.98,14,17,-1.2501346872974657e-15,0,0,0.020447150113014914,-0.010223575056506944,0.01022357505650797,-0.010223575056506944,0.010223575056506944,0.001750009232856146,571.4255566343071,1.00800531812514,0.2673858448801806,0.2482638888888889,1.0770227038530351,0.019121955991291684
24,-0.98,15,17,-1.0778546420515251e-14,0,0,0.020309795888086686,-0.0101548979440429,0.010154897944043784,-0.0101548979440429,0.0101548979440429,0.0017488799371202666,571.7945404797861,1.0073548437812736,0.26943798350359593,0.25,1.0777519340143837,0.019437983503595935
24,-0.98,16,17,-4.170060582363278e-15,0,0,0.019565194944096302,-0.00978259747204824,0.009782597472048063,0.009782597472048063,0.009782597472048063,0.0017445164009431034,573.2247627247241,1.0048414469432276,0.2601130649426714,0.23958333333333334,1.085689314543324,0.020529731609338048
24,-0.98,17,17,-6.325769866466328e-15,0,0,0.020723403130402572,-0.010361701565201617,0.010361701565200953,0.010361701565200953,0.010361701565200953,0.001747224679529928,572.3362379868852,1.0064014154092384,0.2524699015703556,0.2326388888888889,1.0852437560039165,0.019831012681466698
24,-0.98,18,17,-8.843708989291612e-15,0,0,0.02020038089299022,-0.01010019044649506,0.010100190446495162,-0.01010019044649506,0.01010019044649506,0.0017460258599436478,572.7292034679684,1.005710895327541,0.2664852930195626,0.2465277777777778,1.0809544280230143,0.019957515241784796
24,-0.98,19,17,-2.2705626476003438e-15,0,0,0.019999322971581957,-0.0099996614857907,0.009999661485791258,-0.0099996614857907,0.0099996614857907,0.001755199706691497,569.7357378693804,1.0109950310543023,0.280347606965596,0.2621527777777778,1.0694054411402867,0.01819482918781823
24,-0.98,20,17,5.4687870772942134e-15,0,0,0.020877185317622816,-0.010438592658811497,0.010438592658811321,0.010438592658811321,0.010438592658811321,0.0017417625173859782,574.1310827498982,1.0032552100143235,0.2564346239938273,0.2361111111111111,1.0860760545620922,0.02032351288271622
24,-0.98,21,17,-3.5604542684161035e-15,0,0,0.02117752294109243,-0.010588761470545703,0.010588761470546727,-0.010588761470545703,0.010588761470545703,0.0017351838077722048,576.3078214082091,0.99946587327679,0.2467409108680078,0.22569444444444445,1.0932520358459423,0.021046466423563365
24,-0.98,22,17,4.859180763347039e-16,0,0,0.020598327226994166,-0.010299163613496917,0.010299163613497248,-0.010299163613496917,0.010299163613496917,0.0017481211950801873,572.0427180989185,1.0069178083661878,0.25108385183955184,0.2309027777777778,1.0874007418013674,0.02018107406177405
24,-0.98,23,17,1.2457172502398774e-15,0,0,0.01936652898825461,-0.00968326449412733,0.00968326449412728,0.00968326449412728,0.00968326449412728,0.0017457461624300055,572.8209641933521,1.0055497895596832,0.25871957644930393,0.2378472222222222,1.087755299524081,0.020872354227081724
24,-0.98,24,17,-8.746525374024671e-16,0,0,0.01974503191842537,-0.009872515959213173,0.009872515959212198,0.009872515959212198,0.009872515959212198,0.0017536164839970258,570.2501140504197,1.0100830947822868,0.2612156985175751,0.24131944444444445,1.082447786662757,0.019896254073130643
24,-0.98,25,17,-1.3694054878523474e-15,0,0,0.0203109563628507,-0.010155478181424938,0.01015547818142576,-0.010155478181424938,0.010155478181424938,0.0017443238793866255,573.2880297159265,1.0047305545266965,0.24952862111591284,0.22916666666666666,1.0888521648694378,0.020361954449246183
24,-0.98,26,17,-1.4533367919465236e-15,0,0,0.019805647855953547,-0.009902823927977505,0.009902823927976043,0.009902823927976043,0.009902823927976043,0.0017482691822128475,571.9942959437539,1.0070030489546,0.276550270732541,0.2569444444444444,1.076303756364484,0.019605826288096595
24,-0.98,27,17,-2.738810975704695e-16,0,0,0.020138840635100477,-0.010069420317549035,0.010069420317551444,-0.010069420317549035,0.010069420317549035,0.0017432917837954332,573.6274382150964,1.0041360674661695,0.2489514263983057,0.22743055555555555,1.0946261191253748,0.021520870842750145
24,-0.98,28,17,-4.664813532813158e-15,0,0,0.020199539699708537,-0.010099769849854418,0.01009976984985412,0.01009976984985412,0.01009976984985412,0.0017501128061969784,571.3917391262424,1.0080649763694596,0.2691755434466645,0.25,1.076702173786658,0.0191755434466645
24,-0.98,29,17,-3.533949646070574e-17,0,0,0.020140627444292212,-0.0100703137221462,0.010070313722146012,0.010070313722146012,0.010070313722146012,0.0017515268426067955,570.9304451833013,1.0088794613415142,0.26631933229202487,0.2465277777777778,1.0802812352127205,0.01979155451424708
24,-0.96,0,17,-3.3572521637670453e-16,0,0,0.02225993638767952,-0.011129968193839403,0.01112996819384012,-0.011129968193839403,0.011129968193839403,0.001747882210196775,572.1209325011786,1.0067801530733425,0.26595510539458567,0.2465277777777778,1.078803807797756,0.019427327616807877
24,-0.96,1,17,-4.33792319055163e-15,0,0,0.02202369359679867,-0.011011846798399009,0.011011846798399663,-0.011011846798399009,0.011011846798399009,0.00174494862804278,573.0827738588781,1.0050904097526412,0.25788731196731535,0.2378472222222222,1.0842561437457932,0.020040089745093137
24,-0.96,2,17,-3.0303618215055172e-15,0,0,0.02195088681914765,-0.010975443409573953,0.010975443409573694,0.010975443409573694,0.010975443409573694,0.0017502758839712718,571.3385010659346,1.0081589091674525,0.26859971006065514,0.25,1.0743988402426206,0.01859971006065514
24,-0.96,3,17,-3.3572521637670454e-15,0,0,0.023007033963082776,-0.011503516981541341,0.011503516981541437,-0.011503516981541341,0.011503516981541341,0.0017396495364342724,574.8284232292451,1.002038132986141,0.25803439773824266,0.2378472222222222,1.0848745481549473,0.02018717551602045
24,-0.96,4,17,4.064042092981161e-15,0,0,0.0223246287701792,-0.011162314385090156,0.011162314385089045,0.011162314385089045,0.011162314385089045,0.0017492138864835974,571.6853769153845,1.007547198614552,0.2588422118301968,0.23958333333333334,1.0803848841608212,0.019258878496863446
24,-0.96,5,17,2.9331782062385767e-15,0,0,0.02320933752737875,-0.011604668763689624,0.011604668763689126,0.011604668763689126,0.011604668763689126,0.0017399873308725266,574.7168282533094,1.0022327025825752,0.2420642196299731,0.2222222222222222,1.089288988334879,0.01984199740775089
24,-0.96,6,17,-1.6653737707107581e-15,0,0,0.022051804388386283,-0.011025902194193886,0.011025902194192397,0.011025902194192397,0.011025902194192397,0.001752784979281966,570.5206353432201,1.0096041480664124,0.270553523604707,0.2517361111111111,1.0747505489400775,0.01881741249359592
24,-0.96,7,17,-1.4975111625224058e-15,0,0,0.021958133957802016,-0.010979066978900252,0.010979066978901763,-0.010979066978900252,0.010979066978900252,0.0017517162619006318,570.8687084488151,1.008988566854764,0.26744793343586926,0.2482638888888889,1.0772727948186063,0.01918404454698036
24,-0.96,8,17,-3.5516193943009273e-15,0,0,0.022362873726737287,-0.011181436863368298,0.011181436863368989,-0.011181436863368298,0.011181436863368298,0.0017491370133369101,571.7105020219391,1.0075029196820602,0.2693634195913653,0.25,1.0774536783654611,0.019363419591365283
24,-0.96,9,17,-8.415217594705555e-15,0,0,0.022315737071124317,-0.011157868535561704,0.011157868535562615,-0.011157868535561704,0.011157868535561704,0.0017487648148043259,571.8321820832682,1.0072885333272916,0.25439121397085546,0.234375,1.0854025129423166,0.020016213970855457
24,-0.96,10,17,-3.3219126673063397e-15,0,0,0.02268210255537252,-0.011341051277687003,0.011341051277685518,0.011341051277685518,0.011341051277685518,0.001746840162410067,572.4622215122005,1.0061799335481987,0.250707273882168,0.2309027777777778,1.0857698477904418,0.019804496104390223
24,-0.96,11,17,-7.156248033292913e-16,0,0,0.022680214077995677,-0.011340107038996818,0.01134010703899886,-0.011340107038996818,0.011340107038996818,0.001743124459982595,573.6825011393535,1.0040396889499748,0.2572335430908364,0.2378472222222222,1.0815074512432246,0.019386320868614193
24,-0.96,12,17,-1.7669748230352872e-16,0,0,0.022679048973143785,-0.01133952448657258,0.011339524486571205,0.011339524486571205,0.011339524486571205,0.0017483404245870423,571.9709879934852,1.0070440845621365,0.26051112834418244,0.24131944444444445,1.0795281289658207,0.019191683899737993
24,-0.96,13,17,-1.8023143194959927e-15,0,0,0.022782576738503667,-0.011391288369253143,0.011391288369250524,0.011391288369250524,0.011391288369250524,0.0017410585843333484,574.3632115532173,1.0028497445760087,0.25468109909713266,0.234375,1.086639356147766,0.020306099097132657
24,-0.96,14,17,2.6327924863225776e-15,0,0,0.022628627424920857,-0.011314313712460085,0.011314313712460772,-0.011314313712460085,0.011314313712460085,0.0017490431490089114,571.7411834960425,1.0074488538291329,0.26680231644858904,0.2482638888888889,1.074672267653058,0.018538427559700144
24,-0.96,15,17,1.501928599579994e-15,0,0,0.022497718792425805,-0.011248859396213578,0.01124885939621223,0.01124885939621223,0.01124885939621223,0.0017479833517916913,572.087828511064,1.0068384106320143,0.2688617230583049,0.25,1.0754468922332197,0.018861723058304913
24,-0.96,16,17,-2.818324842741283e-15,0,0,0.021778242707238975,-0.010889121353618868,0.010889121353620107,-0.010889121353618868,0.010889121353618868,0.0017438804788764745,573.4337944101924,1.0044751558328493,0.2595475532173664,0.23958333333333334,1.0833289177768335,0.019964219884033046
24,-0.96,17,17,1.524015784867935e-15,0,0,0.022873191049518835,-0.011436595524758923,0.011436595524759912,-0.011436595524758923,0.011436595524758923,0.0017464751606262967,572.5818623388802,1.0059696925207469,0.2518481100285819,0.2326388888888889,1.0825709804213668,0.019209221139692978
24,-0.96,18,17,-2.151291847045462e-15,0,0,0.022383221516359214,-0.011191610758179416,0.011191610758179798,-0.011191610758179416,0.011191610758179416,0.0017453084647676346,572.9646192560792,1.0052976757061574,0.2659055538119559,0.2465277777777778,1.0786028098287788,0.019377776034178118
24,-0.96,19,17,-1.0601848938211723e-15,0,0,0.022210184688183872,-0.011105092344091868,0.011105092344092004,-0.011105092344091868,0.011105092344091868,0.0017539323384942133,570.1474213415327,1.0102650269726667,0.2797792880386811,0.2621527777777778,1.067237549074704,0.017626510260903283
24,-0.96,20,17,-1.5858599036741703e-15,0,0,0.023024075913987224,-0.011512037956993532,0.011512037956993692,-0.011512037956993532,0.011512037956993532,0.0017412874085597375,574.2877339399847,1.0029815473304087,0.25586520597090023,0.2361111111111111,1.0836644017591068,0.01975409485978913
24,-0.96,21,17,2.6681319827832834e-15,0,0,0.023292776757385777,-0.011646388378693067,0.01164638837869271,0.01164638837869271,0.01164638837869271,0.0017350621145024018,576.3482423145351,0.9993957779533835,0.24615163018691572,0.22569444444444445,1.0906410691358728,0.020457185742471268
24,-0.96,22,17,-7.156248033292913e-16,0,0,0.022758190490045217,-0.01137909524502261,0.011379095245022607,0.011379095245022607,0.011379095245022607,0.0017472901523956864,572.3147919244627,1.0064391277799154,0.2504442763273744,0.2309027777777778,1.084630850861411,0.019541498549596636
24,-0.96,23,17,4.51020323579757e-15,0,0,0.02159083032865556,-0.010795415164327462,0.010795415164328095,-0.010795415164327462,0.010795415164327462,0.0017450321462600914,573.0553457958781,1.0051385162458126,0.2581349365117409,0.2378472222222222,1.0852972513194363,0.0202877142895187
24,-0.96,24,17,1.8376538159566985e-15,0,0,0.02195910960728545,-0.01097955480364221,0.010979554803643236,-0.01097955480364221,0.01097955480364221,0.0017524423866158339,570.6321689303088,1.0094068146907202,0.2605772499569796,0.24131944444444445,1.0798021293181312,0.01925780551253517
24,-0.96,25,17,-1.0911069532242897e-15,0,0,0.022478222465803874,-0.011239111232901996,0.011239111232901876,0.011239111232901876,0.011239111232901876,0.0017437298770083594,573.4833205448404,1.0043884091568152,0.24891708877774626,0.22916666666666666,1.0861836601210746,0.019750422111079607
24,-0.96,26,17,-3.578124016646457e-15,0,0,0.02201678850890666,-0.011008394254452611,0.011008394254454048,-0.011008394254452611,0.011008394254452611,0.0017474088500966233,572.2759158194173,1.006507497655655,0.27599174568382334,0.2569444444444444,1.0741300372559612,0.019047301239378922
24,-0.96,27,17,1.8067317565535812e-15,0,0,0.02231748828902082,-0.011158744144510119,0.011158744144510702,-0.011158744144510119,0.011158744144510119,0.0017427094324414072,573.8191240516062,1.0038006330862506,0.2483135075718252,0.22743055555555555,1.0918212241326055,0.020882952016269635
24,-0.96,28,17,5.168401357378215e-16,0,0,0.02238732474785922,-0.011193662373929412,0.011193662373929809,-0.011193662373929412,0.011193662373929412,0.0017491600017242234,571.7029882996732,1.0075161609931527,0.2685928263727402,0.25,1.0743713054909607,0.01859282637274018
24,-0.96,29,17,-5.8663564124771534e-15,0,0,0.02233987344565539,-0.01116993672282772,0.011169936722827673,0.011169936722827673,0.011169936722827673,0.0017504753383718022,571.2734010466814,1.008273794902158,0.2657142406230173,0.2465277777777778,1.077826778865197,0.019186462845239505
