L,h,sample,n_imp,B,B_round,gap,homo,lumo,E0,abs_E0,IPR0,PR0,IPR0_scaled_L2,Wimp0,f_mask,Wimp_ratio,Wimp_excess
16,0.0,0,8,4.947529504498804e-16,0,0.10000000000000012,-0.0500000000000001,0.05000000000000002,0.05000000000000002,0.05000000000000002,0.0039062499999999905,256.0000000000006,0.9999999999999976,0.27734374999999967,0.27734375,0.9999999999999988,-3.3306690738754696e-16
16,0.0,1,8,4.947529504498804e-16,0,0.10000000000000012,-0.0500000000000001,0.05000000000000002,0.05000000000000002,0.05000000000000002,0.0039062499999999905,256.0000000000006,0.9999999999999976,0.27734374999999956,0.27734375,0.9999999999999984,-4.440892098500626e-16
16,0.0,2,8,4.947529504498804e-16,0,0.10000000000000012,-0.0500000000000001,0.05000000000000002,0.05000000000000002,0.05000000000000002,0.0039062499999999905,256.0000000000006,0.9999999999999976,0.2343749999999996,0.234375,0.9999999999999983,-3.885780586188048e-16
16,0.0,3,8,4.947529504498804e-16,0,0.10000000000000012,-0.0500000000000001,0.05000000000000002,0.05000000000000002,0.05000000000000002,0.0039062499999999905,256.0000000000006,0.9999999999999976,0.22265624999999994,0.22265625,0.9999999999999998,-5.551115123125783e-17
16,0.0,4,8,4.947529504498804e-16,0,0.10000000000000012,-0.0500000000000001,0.05000000000000002,0.05000000000000002,0.05000000000000002,0.0039062499999999905,256.0000000000006,0.9999999999999976,0.2226562499999996,0.22265625,0.9999999999999982,-3.885780586188048e-16
16,0.0,5,8,4.947529504498804e-16,0,0.10000000000000012,-0.0500000000000001,0.05000000000000002,0.05000000000000002,0.05000000000000002,0.0039062499999999905,256.0000000000006,0.9999999999999976,0.2539062499999995,0.25390625,0.999999999999998,-4.996003610813204e-16
16,0.0,6,8,4.947529504498804e-16,0,0.10000000000000012,-0.0500000000000001,0.05000000000000002,0.05000000000000002,0.05000000000000002,0.0039062499999999905,256.0000000000006,0.9999999999999976,0.25781249999999956,0.2578125,0.9999999999999982,-4.440892098500626e-16
16,0.0,7,8,4.947529504498804e-16,0,0.10000000000000012,-0.0500000000000001,0.05000000000000002,0.05000000000000002,0.05000000000000002,0.0039062499999999905,256.0000000000006,0.9999999999999976,0.24609374999999972,0.24609375,0.9999999999999989,-2.7755575615628914e-16
16,0.0,8,8,4.947529504498804e-16,0,0.10000000000000012,-0.0500000000000001,0.05000000000000002,0.05000000000000002,0.05000000000000002,0.0039062499999999905,256.0000000000006,0.9999999999999976,0.26171874999999967,0.26171875,0.9999999999999988,-3.3306690738754696e-16
16,0.0,9,8,4.947529504498804e-16,0,0.10000000000000012,-0.0500000000000001,0.05000000000000002,0.05000000000000002,0.05000000000000002,0.0039062499999999905,256.0000000000006,0.9999999999999976,0.2421874999999996,0.2421875,0.9999999999999984,-3.885780586188048e-16
16,0.0,10,8,4.947529504498804e-16,0,0.10000000000000012,-0.0500000000000001,0.05000000000000002,0.05000000000000002,0.05000000000000002,0.0039062499999999905,256.0000000000006,0.9999999999999976,0.2812499999999995,0.28125,0.9999999999999982,-4.996003610813204e-16
16,0.0,11,8,4.947529504498804e-16,0,0.10000000000000012,-0.0500000000000001,0.05000000000000002,0.05000000000000002,0.05000000000000002,0.0039062499999999905,256.0000000000006,0.9999999999999976,0.2460937499999999,0.24609375,0.9999999999999996,-1.1102230246251565e-16
16,0.0,12,8,4.947529504498804e-16,0,0.10000000000000012,-0.0500000000000001,0.05000000000000002,0.05000000000000002,0.05000000000000002,0.0039062499999999905,256.0000000000006,0.9999999999999976,0.2695312499999999,0.26953125,0.9999999999999996,-1.1102230246251565e-16
16,0.0,13,8,4.947529504498804e-16,0,0.10000000000000012,-0.0500000000000001,0.05000000000000002,0.05000000000000002,0.05000000000000002,0.0039062499999999905,256.0000000000006,0.9999999999999976,0.2539062499999998,0.25390625,0.9999999999999991,-2.220446049250313e-16
16,0.0,14,8,4.947529504498804e-16,0,0.10000000000000012,-0.0500000000000001,0.05000000000000002,0.05000000000000002,0.05000000000000002,0.0039062499999999905,256.0000000000006,0.9999999999999976,0.2812499999999998,0.28125,0.9999999999999992,-2.220446049250313e-16
16,0.0,15,8,4.947529504498804e-16,0,0.10000000000000012,-0.0500000000000001,0.05000000000000002,0.05000000000000002,0.05000000000000002,0.0039062499999999905,256.0000000000006,0.9999999999999976,0.2421874999999998,0.2421875,0.9999999999999992,-1.942890293094024e-16
16,0.0,16,8,4.947529504498804e-16,0,0.10000000000000012,-0.0500000000000001,0.05000000000000002,0.05000000000000002,0.05000000000000002,0.0039062499999999905,256.0000000000006,0.9999999999999976,0.2499999999999996,0.25,0.9999999999999984,-3.885780586188048e-16
16,0.0,17,8,4.947529504498804e-16,0,0.10000000000000012,-0.0500000000000001,0.05000000000000002,0.05000000000000002,0.05000000000000002,0.0039062499999999905,256.0000000000006,0.9999999999999976,0.24999999999999972,0.25,0.9999999999999989,-2.7755575615628914e-16
16,0.0,18,8,4.947529504498804e-16,0,0.10000000000000012,-0.0500000000000001,0.05000000000000002,0.05000000000000002,0.05000000000000002,0.0039062499999999905,256.0000000000006,0.9999999999999976,0.2617187499999998,0.26171875,0.9999999999999991,-2.220446049250313e-16
16,0.0,19,8,4.947529504498804e-16,0,0.10000000000000012,-0.0500000000000001,0.05000000000000002,0.05000000000000002,0.05000000000000002,0.0039062499999999905,256.0000000000006,0.9999999999999976,0.2460937499999995,0.24609375,0.999999999999998,-4.996003610813204e-16
16,-0.8,0,8,-1.3782403619675238e-15,0,0.035221719199557563,-0.017610859599778723,0.017610859599778844,-0.017610859599778723,0.017610859599778723,0.0039346140370863075,254.15453474580906,1.0072611934940947,0.290628099704566,0.27734375,1.047898500343224,0.01328434970456599
16,-0.8,1,8,-4.664813532813158e-15,0,0.03532582427266359,-0.017662912136331844,0.017662912136331744,0.017662912136331744,0.017662912136331744,0.003935480944871183,254.09854958216098,1.0074831218870228,0.2904073082103156,0.27734375,1.04710240706818,0.013063558210315573
16,-0.8,2,8,-2.7299761015895186e-15,0,0.0360262182001469,-0.018013109100073317,0.018013109100073584,-0.018013109100073317,0.018013109100073317,0.0039035069821064207,256.1798927436214,0.9992977874192437,0.25118099488957973,0.234375,1.0717055781955402,0.016805994889579734
16,-0.8,3,8,3.878509736562455e-15,0,0.03515408666515439,-0.017577043332577317,0.01757704333257707,0.01757704333257707,0.01757704333257707,0.00390494824560797,256.08534021538816,0.9996667508756403,0.23987825708209948,0.22265625,1.0773479616318853,0.017222007082099478
16,-0.8,4,8,4.761997148080099e-15,0,0.03522058066770757,-0.017610290333853248,0.017610290333854327,-0.017610290333853248,0.017610290333853248,0.003915437879608175,255.39927608302952,1.0023520971796929,0.23865058517310656,0.22265625,1.0718342070932505,0.015994335173106555
16,-0.8,5,8,-3.533949646070574e-17,0,0.03544352168225741,-0.01772176084112835,0.017721760841129055,-0.01772176084112835,0.01772176084112835,0.003918331098302188,255.21069427575932,1.0030927611653602,0.2691554545651539,0.25390625,1.0600584056719906,0.015249204565153884
16,-0.8,6,8,3.710647128374103e-16,0,0.035699042545604256,-0.01784952127280254,0.017849521272801712,0.017849521272801712,0.017849521272801712,0.003921823692485218,254.98341547483247,1.0039868652762158,0.2728473155844872,0.2578125,1.0583168604489201,0.015034815584487216
16,-0.8,7,8,-3.021526947390341e-15,0,0.03544106428992944,-0.017720532144964794,0.01772053214496465,0.01772053214496465,0.01772053214496465,0.0039200154828626715,255.10103324125893,1.003523963612844,0.2612497767535359,0.24609375,1.0615863944270665,0.01515602675353589
16,-0.8,8,8,1.1396987608577602e-15,0,0.03513096432420044,-0.017565482162100347,0.01756548216210009,0.01756548216210009,0.01756548216210009,0.003935975886051062,254.06659719231493,1.0076098268290719,0.2758223644266675,0.26171875,1.0538884372123416,0.014103614426667521
16,-0.8,9,8,-2.252892899369991e-15,0,0.03588572215975415,-0.017942861079877147,0.017942861079877005,0.017942861079877005,0.017942861079877005,0.0039191959373247355,255.1543775794495,1.0033141599551323,0.2573812862517527,0.2421875,1.0627356335556242,0.015193786251752717
16,-0.8,10,8,1.7493050748049341e-15,0,0.03541536784332284,-0.017707683921660534,0.017707683921662304,-0.017707683921660534,0.017707683921660534,0.0039329930717777245,254.259283387956,1.0068462263750975,0.2949723975136051,0.28125,1.0487907467150404,0.0137223975136051
16,-0.8,11,8,-7.067899292141149e-17,0,0.035252023688307633,-0.017626011844153064,0.01762601184415457,-0.017626011844153064,0.017626011844153064,0.003918553261334191,255.19622506279765,1.003149634901553,0.26210053527222527,0.24609375,1.0650434449157091,0.016006785272225266
16,-0.8,12,8,1.1308638867425838e-15,0,0.035274510620473015,-0.01763725531023755,0.01763725531023547,0.01763725531023547,0.01763725531023547,0.003929890984867818,254.4599847299925,1.0060520921261613,0.28396927070013145,0.26953125,1.0535671492642558,0.014438020700131449
16,-0.8,13,8,-9.276617820935257e-16,0,0.035739090587579375,-0.01786954529379061,0.017869545293788765,0.017869545293788765,0.017869545293788765,0.00392152391093119,255.0029077248553,1.0039101211983847,0.2688131743823003,0.25390625,1.0587103483364442,0.01490692438230029
16,-0.8,14,8,-6.785183320455502e-15,0,0.035415712136475166,-0.01770785606823852,0.017707856068236646,0.017707856068236646,0.017707856068236646,0.003932256585395493,254.30690451737738,1.0066576858612462,0.2952800469592612,0.28125,1.0498846114107065,0.014030046959261189
16,-0.8,15,8,-8.834874115176436e-17,0,0.03534441084359939,-0.017672205421799533,0.017672205421799862,-0.017672205421799533,0.017672205421799533,0.003918575994770543,255.19474455376897,1.003155454661259,0.25786002743929853,0.2421875,1.0647123713622648,0.015672527439298534
16,-0.8,16,8,-6.007714398319976e-15,0,0.03493318059901313,-0.01746659029950693,0.0174665902995062,0.0174665902995062,0.0174665902995062,0.003918963793627234,255.1694919014397,1.003254731168572,0.26637558786693394,0.25,1.0655023514677358,0.01637558786693394
16,-0.8,17,8,4.68248328104351e-16,0,0.03589193186426029,-0.0179459659321313,0.017945965932128986,0.017945965932128986,0.017945965932128986,0.003926301134590578,254.6926396424447,1.005133090455188,0.26477383053074,0.25,1.05909532212296,0.014773830530739995
16,-0.8,18,8,-9.895059008997609e-16,0,0.034820590367941606,-0.017410295183971025,0.01741029518397058,0.01741029518397058,0.01741029518397058,0.003922844652975597,254.91705342995664,1.0042482311617529,0.27663146889822116,0.26171875,1.056979940864845,0.014912718898221156
16,-0.8,19,8,4.594134539891746e-16,0,0.03517892430848689,-0.017589462154244336,0.017589462154242553,0.017589462154242553,0.017589462154242553,0.00391958542676925,255.12902287328333,1.003413869252928,0.26179442327713953,0.24609375,1.0637995612531383,0.015700673277139532
16,-1.0,0,8,-2.8271597168564594e-16,0,0.012869971906625189,-0.0064349859533122,0.006434985953312988,-0.0064349859533122,0.0064349859533122,0.003963659327989847,252.2921162619558,1.0146967879654007,0.29614447000896327,0.27734375,1.0677885115816141,0.018800720008963268
16,-1.0,1,8,-2.093865165296815e-15,0,0.013047635911752365,-0.0065238179558763255,0.006523817955876039,0.006523817955876039,0.006523817955876039,0.003965125761196036,252.1988103848593,1.0150721948661852,0.2958977369806709,0.27734375,1.0668988826345316,0.0185539869806709
16,-1.0,2,8,-9.718361526694078e-16,0,0.014741397555059092,-0.007370698777529301,0.007370698777529791,-0.007370698777529301,0.007370698777529301,0.003904093101078272,256.1414326220371,0.9994478338760376,0.2569952892445917,0.234375,1.096513234110258,0.022620289244591696
16,-1.0,3,8,-3.1187105626572816e-15,0,0.013424128076593544,-0.0067120640382963585,0.006712064038297186,-0.0067120640382963585,0.0067120640382963585,0.0039063324741627275,255.9945950873875,1.0000211133856582,0.24591549358126755,0.22265625,1.1044625676632367,0.023259243581267547
16,-1.0,4,8,8.658176632872906e-16,0,0.013411261501834451,-0.006705630750917384,0.006705630750917068,0.006705630750917068,0.006705630750917068,0.0039270683922955005,254.64287863228864,1.0053295084276481,0.24511666540374616,0.22265625,1.1008748481291055,0.02246041540374616
16,-1.0,5,8,1.1927080055488188e-15,0,0.013610982501843227,-0.006805491250921522,0.006805491250921706,-0.006805491250921522,0.006805491250921522,0.0039315821970523235,254.3505260426052,1.0064850424453948,0.27479373964845794,0.25390625,1.082264574615465,0.020887489648457935
16,-1.0,6,8,1.6079470889621112e-15,0,0.01382842802858282,-0.006914214014290863,0.006914214014291957,-0.006914214014290863,0.006914214014290863,0.003939186066033964,253.8595494695218,1.0084316329046947,0.278578979620229,0.2578125,1.0805487694360396,0.020766479620228984
16,-1.0,7,8,1.6079470889621112e-15,0,0.01351301614054871,-0.006756508070275237,0.006756508070273475,0.006756508070273475,0.006756508070273475,0.003935035309766166,254.12732574931422,1.0073690393001384,0.26713974395702067,0.24609375,1.0855202294126554,0.02104599395702067
16,-1.0,8,8,2.5091042487101076e-15,0,0.012719680949286641,-0.006359840474644322,0.006359840474642319,0.006359840474642319,0.006359840474642319,0.00396630547788163,252.12379771970853,1.0153742023376973,0.281851122280576,0.26171875,1.0769236911019024,0.020132372280576016
16,-1.0,9,8,-9.718361526694078e-16,0,0.014347647861328826,-0.007173823930664053,0.007173823930664773,-0.007173823930664053,0.007173823930664053,0.003932675668545675,254.27980445939127,1.0067649711476927,0.2633529511879373,0.2421875,1.0873928307114828,0.02116545118793728
16,-1.0,10,8,4.302583694090924e-15,0,0.013224614602500122,-0.00661230730125031,0.006612307301249811,0.006612307301249811,0.006612307301249811,0.003960339970045172,252.50357483541845,1.013847032331564,0.3005515201681993,0.28125,1.0686276272647086,0.019301520168199304
16,-1.0,11,8,3.2158941779242225e-15,0,0.013136202679237728,-0.006568101339618454,0.006568101339619275,-0.006568101339618454,0.006568101339618454,0.003933294711864985,254.2397845204553,1.0069234462374361,0.2679826243167145,0.24609375,1.0889452670647446,0.02188887431671449
16,-1.0,12,8,3.975693351829396e-15,0,0.013003381056295598,-0.006501690528148284,0.006501690528147313,0.006501690528147313,0.006501690528147313,0.003954694089740004,252.86405909230353,1.0124016869734411,0.2896852585899092,0.26953125,1.074774292739373,0.020154008589909178
16,-1.0,13,8,-2.897838709777871e-15,0,0.013921524663423314,-0.0069607623317125885,0.006960762331710725,0.006960762331710725,0.006960762331710725,0.003938547341899804,253.90071851152064,1.0082681195263499,0.27449245020321383,0.25390625,1.0810779577234269,0.020586200203213834
16,-1.0,14,8,-6.537806845230562e-16,0,0.01322319564941991,-0.00661159782471062,0.00661159782470929,0.00661159782470929,0.00661159782470929,0.003959004197856313,252.5887698076883,1.0135050746512162,0.3009461799665656,0.28125,1.0700308621033443,0.019696179966565586
16,-1.0,15,8,1.9436723053388158e-16,0,0.013443246857699192,-0.0067216234288504095,0.006721623428848783,0.006721623428848783,0.006721623428848783,0.0039319912173994475,254.32406755511093,1.0065897516542586,0.2639131619330119,0.2421875,1.0897059589492104,0.021725661933011897
16,-1.0,16,8,4.770832022195275e-16,0,0.012603575958829352,-0.0063017879794150505,0.006301787979414302,0.006301787979414302,0.006301787979414302,0.003934132657347471,254.18563304731947,1.0071379602809525,0.27218281405985956,0.25,1.0887312562394382,0.022182814059859557
16,-1.0,17,8,1.90833280887811e-15,0,0.01413142410087631,-0.007065712050438264,0.007065712050438048,0.007065712050438048,0.007065712050438048,0.003947171235622118,253.34598888826488,1.0104758363192623,0.2707620855953592,0.25,1.0830483423814368,0.020762085595359192
16,-1.0,18,8,-1.872993312417404e-15,0,0.012369991345020842,-0.006184995672510545,0.006184995672510296,0.006184995672510296,0.006184995672510296,0.003941166614948807,253.73197778723937,1.0089386534268945,0.2819002354444688,0.26171875,1.0771113473699105,0.020181485444468794
16,-1.0,19,8,-5.654319433712919e-16,0,0.013128762852141658,-0.006564381426070814,0.006564381426070845,-0.006564381426070814,0.006564381426070814,0.003934162756822455,254.18368832500465,1.0071456657465485,0.26774495199845777,0.24609375,1.0879794874857966,0.02165120199845777
16,-1.2,0,8,1.0000000000000024,1,0.012915214319997063,-0.006457607159998852,0.0064576071599982115,0.0064576071599982115,0.0064576071599982115,0.004013650548600829,249.14974233334863,1.0274945404418123,0.3030049655661902,0.27734375,1.0925249462668267,0.02566121556619022
16,-1.2,1,8,0.9999999999999942,1,0.012637631006923767,-0.006318815503462545,0.006318815503461221,0.006318815503461221,0.006318815503461221,0.004015979211876325,249.00527299611824,1.0280906782403392,0.3027640837521695,0.27734375,1.0916564146557097,0.02542033375216951
16,-1.2,2,8,1.0000000000000056,1,0.009026387138308226,-0.004513193569153257,0.004513193569154968,-0.004513193569153257,0.004513193569153257,0.003907842448529139,255.8956798210703,1.0004076668234596,0.26353388331204036,0.234375,1.1244112354647056,0.029158883312040362
16,-1.2,3,8,0.9999999999999993,1,0.010748638378752645,-0.005374319189376307,0.005374319189376339,-0.005374319189376307,0.005374319189376307,0.003911242136123609,255.67325294544142,1.0012779868476438,0.2526953395705085,0.22265625,1.134912402281582,0.030039089570508493
16,-1.2,4,8,1.0000000000000029,1,0.011061295342036884,-0.005530647671019029,0.005530647671017855,0.005530647671017855,0.005530647671017855,0.003950050552430903,253.1613169822825,1.0112129414223112,0.2529305268681868,0.22265625,1.1359686820746635,0.03027427686818679
16,-1.2,5,8,1.0000000000000042,1,0.011050071331304024,-0.005525035665652159,0.005525035665651865,0.005525035665651865,0.005525035665651865,0.003954893122182549,252.85133355212886,1.0124526392787325,0.28136956318798495,0.25390625,1.1081632027096022,0.02746331318798495
16,-1.2,6,8,0.9999999999999963,1,0.01113073539032158,-0.005565367695160889,0.005565367695160692,0.005565367695160692,0.005565367695160692,0.003969849910556101,251.8986920238299,1.0162815771023619,0.285409308309997,0.2578125,1.107042165566049,0.027596808309997
16,-1.2,7,8,1.0000000000000033,1,0.011382768622635209,-0.005691384311317626,0.0056913843113175835,0.0056913843113175835,0.0056913843113175835,0.003961126206819295,252.45345585769155,1.0140483089457395,0.2741829514890847,0.24609375,1.1141402473207251,0.028089201489084725
16,-1.2,8,8,1.0000000000000038,1,0.013139383990009258,-0.006569691995002862,0.006569691995006396,-0.006569691995002862,0.006569691995002862,0.004018395217800738,248.8555619343233,1.0287091757569888,0.2894419917039751,0.26171875,1.1059276100928004,0.02772324170397511
16,-1.2,9,8,0.9999999999999929,1,0.009926999429763064,-0.004963499714881175,0.0049634997148818895,-0.004963499714881175,0.004963499714881175,0.003955449682328166,252.81575555561182,1.0125951186760105,0.27052008788744625,0.2421875,1.1169861693417136,0.028332587887446248
16,-1.2,10,8,0.9999999999999943,1,0.012311714406142236,-0.006155857203071509,0.006155857203070726,0.006155857203070726,0.006155857203070726,0.004007306790771147,249.54415826185468,1.0258705384374136,0.30742367432393886,0.28125,1.0930619531517827,0.026173674323938856
16,-1.2,11,8,0.999999999999996,1,0.012066304495449601,-0.006033152247723285,0.006033152247726317,-0.006033152247723285,0.006033152247723285,0.003959877031658864,252.53309433729615,1.013728520104669,0.2748420772351037,0.24609375,1.1168185995585165,0.028748327235103677
16,-1.2,12,8,0.9999999999999973,1,0.012618813886208934,-0.006309406943103803,0.0063094069431051305,-0.006309406943103803,0.006309406943103803,0.003997612606998678,250.14930117272633,1.0233888273916616,0.29663496087013763,0.26953125,1.1005586954022497,0.02710371087013763
16,-1.2,13,8,0.9999999999999972,1,0.010936081265554884,-0.005468040632777218,0.005468040632777665,-0.005468040632777218,0.005468040632777218,0.003968599954855469,251.97803038235904,1.015961588443,0.2812556948069582,0.25390625,1.1077147364704816,0.027349444806958223
16,-1.2,14,8,0.999999999999999,1,0.012318417878863772,-0.006159208939432202,0.006159208939431569,0.006159208939431569,0.006159208939431569,0.004005091159693013,249.68220700291107,1.0253033368814113,0.3079052835689634,0.28125,1.0947743415785365,0.026655283568963406
16,-1.2,15,8,0.999999999999997,1,0.011308918929769672,-0.005654459464884387,0.005654459464885285,-0.005654459464884387,0.005654459464884387,0.003955383670561138,252.81997482133843,1.0125782196636512,0.2711110428304515,0.2421875,1.119426241364445,0.02892354283045151
16,-1.2,16,8,0.9999999999999978,1,0.012870662053884258,-0.00643533102694215,0.006435331026942108,0.006435331026942108,0.006435331026942108,0.003961265356630019,252.44458776948318,1.014083931297285,0.27882419064496367,0.25,1.1152967625798547,0.028824190644963665
16,-1.2,17,8,0.9999999999999952,1,0.010706510957207357,-0.005353255478603684,0.005353255478603674,0.005353255478603674,0.005353255478603674,0.003983017922856833,251.06590514228634,1.0196525882513492,0.2781058669765396,0.25,1.1124234679061584,0.028105866976539606
16,-1.2,18,8,0.9999999999999954,1,0.013314535721280968,-0.006657267860640224,0.006657267860640743,-0.006657267860640224,0.006657267860640224,0.0039728781065499616,251.70669051016966,1.0170567952767902,0.2879132277525023,0.26171875,1.1000863627558295,0.026194477752502277
16,-1.2,19,8,0.9999999999999997,1,0.011854813129468582,-0.005927406564735064,0.005927406564733518,0.005927406564733518,0.005927406564733518,0.003959448180366259,252.5604464174342,1.0136187341737624,0.2747714603146346,0.24609375,1.1165316482626422,0.02867771031463462
16,-1.4,0,8,0.9999999999999988,1,0.04276897899703917,-0.021384489498520322,0.02138448949851885,0.02138448949851885,0.02138448949851885,0.004096196105325849,244.12893677131478,1.0486262029634172,0.31151544004857523,0.27734375,1.1232106007385247,0.03417169004857523
16,-1.4,1,8,0.9999999999999997,1,0.04236402723230191,-0.021182013616150464,0.021182013616151452,-0.021182013616150464,0.021182013616150464,0.00409985262120103,243.91120666846197,1.0495622710274637,0.3113355349946189,0.27734375,1.1225619289946822,0.03399178499461891
16,-1.4,2,8,0.9999999999999979,1,0.03531587038787749,-0.017657935193938778,0.017657935193938715,0.017657935193938715,0.017657935193938715,0.003918436910301029,255.20380266201002,1.0031198490370634,0.27078438995780824,0.234375,1.1553467304866485,0.036409389957808236
16,-1.4,3,8,0.9999999999999976,1,0.03723598464029078,-0.018617992320144737,0.01861799232014604,-0.018617992320144737,0.018617992320144737,0.003924393481420426,254.8164460914485,1.004644731243629,0.26018489314164744,0.22265625,1.1685496955133639,0.037528643141647444
16,-1.4,4,8,1.0000000000000018,1,0.03832882092576403,-0.019164410462881858,0.01916441046288217,-0.019164410462881858,0.019164410462881858,0.0039941476880328616,250.36630543136104,1.0225018081364126,0.2622912452785015,0.22265625,1.1780098033560769,0.039634995278501506
16,-1.4,5,8,1.0000000000000002,1,0.03873680473021345,-0.01936840236510746,0.01936840236510599,0.01936840236510599,0.01936840236510599,0.003994428125808143,250.34872790399314,1.0225736002068846,0.2889671124018786,0.25390625,1.1380858580750912,0.03506086240187861
16,-1.4,6,8,1.0000000000000009,1,0.03961127250547995,-0.019805636252740483,0.019805636252739466,0.019805636252739466,0.019805636252739466,0.004021090609828116,248.6887506478611,1.0293991961159976,0.2935026060102363,0.2578125,1.138434350585159,0.03569010601023631
16,-1.4,7,8,1.0000000000000027,1,0.03954445583341393,-0.01977222791670708,0.019772227916706842,0.019772227916706842,0.019772227916706842,0.004004234385112951,249.7356307907016,1.0250840025889154,0.28252819257313927,0.24609375,1.1480510682337088,0.03643444257313927
16,-1.4,8,8,0.9999999999999991,1,0.04307263072691067,-0.021536315363455717,0.02153631536345495,0.02153631536345495,0.02153631536345495,0.004104170681058786,243.6545840101421,1.0506676943510491,0.2989774904612981,0.26171875,1.1423617545983928,0.03725874046129812
16,-1.4,9,8,1.0000000000000004,1,0.037123601550592925,-0.018561800775296358,0.018561800775296566,-0.018561800775296358,0.018561800775296358,0.003992120124355536,250.49346433718196,1.0219827518350173,0.27903966328450364,0.2421875,1.1521637709811763,0.036852163284503636
16,-1.4,10,8,1.0000000000000036,1,0.04178983846756362,-0.020894919233781752,0.02089491923378187,-0.020894919233781752,0.020894919233781752,0.004084622513470875,244.82066499463573,1.045663363448544,0.31586490313051546,0.28125,1.1230752111307216,0.03461490313051546
16,-1.4,11,8,0.9999999999999991,1,0.04068954234161751,-0.020344771170808327,0.020344771170809184,-0.020344771170808327,0.020344771170808327,0.004004628893667094,249.71102855033496,1.025184996778776,0.28276581591862204,0.24609375,1.1490166488121785,0.03667206591862204
16,-1.4,12,8,1.0000000000000013,1,0.04216358395549878,-0.021081791977749398,0.021081791977749384,0.021081791977749384,0.021081791977749384,0.004068375949247865,245.79832652507778,1.0415042430074535,0.30505069376165594,0.26953125,1.1317822841012162,0.035519443761655944
16,-1.4,13,8,0.9999999999999969,1,0.03923326613299734,-0.01961663306649803,0.019616633066499304,-0.01961663306649803,0.01961663306649803,0.0040188062483563144,248.83010978919387,1.0288143995792165,0.28926805982047593,0.25390625,1.139271127908336,0.03536180982047593
16,-1.4,14,8,1.0000000000000013,1,0.04180937720443771,-0.020904688602219317,0.020904688602218398,0.020904688602218398,0.020904688602218398,0.004081215538717004,245.02503984740932,1.044791177911553,0.3164269836365082,0.28125,1.1250737195964735,0.035176983636508175
16,-1.4,15,8,0.9999999999999972,1,0.03911316017761195,-0.019556580088806123,0.019556580088805824,0.019556580088805824,0.019556580088805824,0.003994758005075028,250.3280545979451,1.0226580492992072,0.2795859006148864,0.2421875,1.1544192025388857,0.03739840061488642
16,-1.4,16,8,1.0000000000000024,1,0.04180002310357757,-0.02090001155178903,0.02090001155178854,0.02090001155178854,0.02090001155178854,0.0040062992012620206,249.60691894529268,1.0256125955230773,0.286315401361448,0.25,1.145261605445792,0.03631540136144801
16,-1.4,17,8,1.0000000000000013,1,0.039079077172216266,-0.019539538586108143,0.019539538586108122,0.019539538586108122,0.019539538586108122,0.004041649989981387,247.42370132961594,1.0346623974352351,0.2870786982857859,0.25,1.1483147931431437,0.037078698285785916
16,-1.4,18,8,1.0000000000000018,1,0.04259049043447265,-0.02129524521723594,0.021295245217236705,-0.02129524521723594,0.02129524521723594,0.004023914302885135,248.5142388054842,1.0301220615385946,0.2946667637178682,0.26171875,1.125890918086183,0.03294801371786821
16,-1.4,19,8,0.999999999999995,1,0.03998593274423319,-0.01999296637211694,0.019992966372116252,0.019992966372116252,0.019992966372116252,0.004001096246277466,249.93150337994953,1.0242806390470314,0.28298768161364524,0.24609375,1.1499181983030664,0.03689393161364524
16,-1.6,0,8,0.9999999999999928,1,0.07739428513854349,-0.03869714256927139,0.0386971425692721,-0.03869714256927139,0.03869714256927139,0.00422722458536816,236.56183384751662,1.082169493854249,0.3219940124773979,0.27734375,1.160992495693153,0.044650262477397895
16,-1.6,1,8,1.0,1,0.07683964506896818,-0.03841982253448423,0.03841982253448394,0.03841982253448394,0.03841982253448394,0.004233235220409215,236.2259472799465,1.0837082164247591,0.3219707993596134,0.27734375,1.1609087976910004,0.044627049359613424
16,-1.6,2,8,1.0000000000000013,1,0.06399072657097513,-0.03199536328548888,0.03199536328548624,0.03199536328548624,0.03199536328548624,0.003943246039962369,253.5981751748727,1.0094709862303666,0.27871608622854693,0.234375,1.1891886345751337,0.04434108622854693
16,-1.6,3,8,1.0000000000000049,1,0.06568312957944289,-0.03284156478972059,0.03284156478972229,-0.03284156478972059,0.03284156478972059,0.003956227039550607,252.76607990465362,1.0127941221249555,0.26837396626883614,0.22265625,1.205328690610913,0.04571771626883614
16,-1.6,4,8,0.9999999999999973,1,0.0684913901811906,-0.03424569509059459,0.03424569509059602,-0.03424569509059459,0.03424569509059459,0.0040758681493028425,245.34650370646685,1.0434222462215277,0.2734364176683023,0.22265625,1.2280653144400946,0.05078016766830229
16,-1.6,5,8,0.9999999999999999,1,0.06951976981607913,-0.03475988490803938,0.03475988490803975,-0.03475988490803938,0.03475988490803938,0.004060424411812055,246.27967389096838,1.039468649423886,0.2976605007155691,0.25390625,1.172324433587472,0.0437542507155691
16,-1.6,6,8,0.9999999999999979,1,0.07200894603486185,-0.036004473017431725,0.03600447301743013,0.03600447301743013,0.03600447301743013,0.004102537642137782,243.751572131563,1.0502496363872722,0.3029979778676366,0.2578125,1.1752648838502269,0.0451854778676366
16,-1.6,7,8,1.0000000000000033,1,0.07117493552656774,-0.03558746776328333,0.03558746776328441,-0.03558746776328333,0.03558746776328333,0.004072996046798101,245.5195115610605,1.0426869879803138,0.29228833454546643,0.24609375,1.187711327676816,0.04619458454546643
16,-1.6,8,8,1.0000000000000018,1,0.07776092567136206,-0.03888046283568082,0.038880462835681244,-0.03888046283568082,0.03888046283568082,0.004239795754660258,235.8604182526551,1.085387713193026,0.31087707391845754,0.26171875,1.1878288197481364,0.049158323918457536
16,-1.6,9,8,1.0000000000000007,1,0.06727735970430643,-0.03363867985215291,0.033638679852153526,-0.03363867985215291,0.03363867985215291,0.004049536885486184,246.9418178617086,1.036681442684463,0.28903708475999107,0.2421875,1.193443446750931,0.04684958475999107
16,-1.6,10,8,0.9999999999999997,1,0.07585570971467391,-0.03792785485733688,0.03792785485733703,-0.03792785485733688,0.03792785485733688,0.004206848063842792,237.7076578055778,1.0769531043437548,0.32615269521003565,0.28125,1.1596540274134601,0.04490269521003565
16,-1.6,11,8,1.0000000000000002,1,0.07294336870130881,-0.036471684350654315,0.036471684350654496,-0.036471684350654315,0.036471684350654315,0.004075543854936728,245.3660261289287,1.0433392268638024,0.29180235799391935,0.24609375,1.185736565816561,0.04570860799391935
16,-1.6,12,8,0.9999999999999974,1,0.07622885516265501,-0.03811442758132698,0.038114427581328034,-0.03811442758132698,0.03811442758132698,0.004179681554359881,239.2526767875143,1.0699984779161296,0.31514720662146334,0.26953125,1.169241810073835,0.04561595662146334
16,-1.6,13,8,0.9999999999999999,1,0.07131480263625489,-0.03565740131812747,0.03565740131812742,0.03565740131812742,0.03565740131812742,0.004098671179192127,243.98151407625386,1.0492598218731846,0.29868308066906873,0.25390625,1.1763518254043321,0.044776830669068735
16,-1.6,14,8,0.9999999999999942,1,0.07590355436990419,-0.037951777184952004,0.037951777184952185,-0.037951777184952004,0.037951777184952004,0.004202041917962578,237.97953935806163,1.0757227309984199,0.32677562533883175,0.28125,1.161868890093624,0.045525625338831754
16,-1.6,15,8,1.0000000000000029,1,0.07005413971753996,-0.03502706985877048,0.03502706985876949,0.03502706985876949,0.03502706985876949,0.0040603838428562465,246.28213457192695,1.039458263771199,0.2894502836499154,0.2421875,1.1951495582964247,0.047262783649915374
16,-1.6,16,8,0.9999999999999988,1,0.0743286375775036,-0.037164318788751934,0.03716431878875166,0.03716431878875166,0.03716431878875166,0.004076047928894715,245.33568236798578,1.043468269797047,0.29460448753254775,0.25,1.178417950130191,0.044604487532547754
16,-1.6,17,8,0.9999999999999997,1,0.07142397385835339,-0.03571198692917627,0.035711986929177125,-0.03571198692917627,0.03571198692917627,0.004133195168020871,241.9435713409192,1.058097963013343,0.2979629034305149,0.25,1.1918516137220596,0.0479629034305149
16,-1.6,18,8,1.0,1,0.07566211641741688,-0.037831058208708065,0.037831058208708815,-0.037831058208708065,0.037831058208708065,0.004100151258618246,243.89344122319054,1.049638722206271,0.3020690098953364,0.26171875,1.1541741273612853,0.040350259895336416
16,-1.6,19,8,0.9999999999999991,1,0.07132203510721762,-0.03566101755360818,0.03566101755360943,-0.03566101755360818,0.03566101755360818,0.004067267393936092,245.86532016333732,1.0412204528476396,0.29247806953690064,0.24609375,1.1884823143086756,0.04638431953690064
16,-1.8,0,8,0.9999999999999997,1,0.11749972152118301,-0.05874986076059173,0.05874986076059129,0.05874986076059129,0.05874986076059129,0.004425955432134719,225.93991632619802,1.133044590626488,0.3347081643495517,0.27734375,1.2068350714575384,0.057364414349551696
16,-1.8,1,8,0.9999999999999989,1,0.11679240675442518,-0.05839620337721307,0.058396203377212116,0.058396203377212116,0.058396203377212116,0.0044368471542501195,225.38527139527122,1.1358328714880306,0.3350081643707907,0.27734375,1.2079167616749635,0.05766441437079067
16,-1.8,2,8,1.0000000000000058,1,0.09467714350557158,-0.04733857175278558,0.04733857175278599,-0.04733857175278558,0.04733857175278558,0.003996318255987209,250.23032099653693,1.0230574735327256,0.2873484155713046,0.234375,1.2260199064375663,0.05297341557130458
16,-1.8,3,8,0.9999999999999999,1,0.09551945303011389,-0.04775972651505651,0.04775972651505739,-0.04775972651505651,0.04775972651505651,0.004027046332601603,248.32095719990573,1.0309238611460103,0.27741259717412303,0.22265625,1.2459232434486929,0.05475634717412303
16,-1.8,4,8,0.9999999999999989,1,0.10168407449380867,-0.05084203724690484,0.05084203724690384,0.05084203724690384,0.05084203724690384,0.004219746551065681,236.98105748731612,1.0802551170728143,0.28669929043792064,0.22265625,1.28763190091417,0.06404304043792064
16,-1.8,5,8,0.9999999999999996,1,0.1032823106731162,-0.05164115533655863,0.051641155336557575,0.051641155336557575,0.051641155336557575,0.004170086659889255,239.80316994816528,1.0675421849316493,0.30756011675647804,0.25390625,1.211313690610129,0.05365386675647804
16,-1.8,6,8,1.0000000000000053,1,0.10857802507931744,-0.054289012539659384,0.054289012539658045,0.054289012539658045,0.054289012539658045,0.004225655459284794,236.64967710577454,1.0817677975769073,0.3139857863266765,0.2578125,1.2178842621155936,0.05617328632667651
16,-1.8,7,8,0.9999999999999986,1,0.1062958811652159,-0.0531479405826086,0.05314794058260731,0.05314794058260731,0.05314794058260731,0.0041800065218247475,239.23407649695682,1.0700816695871354,0.3035283067476211,0.24609375,1.2333848655141428,0.0574345567476211
16,-1.8,8,8,0.9999999999999999,1,0.11786713171821936,-0.058933565859109784,0.058933565859109575,0.058933565859109575,0.058933565859109575,0.004444368425694329,225.0038485150504,1.1377583169777483,0.32554309514637225,0.26171875,1.2438661545891239,0.06382434514637225
16,-1.8,9,8,1.0000000000000044,1,0.10016245198162868,-0.05008122599081379,0.05008122599081488,-0.05008122599081379,0.05008122599081379,0.004138866663215584,241.61203570232345,1.0595498657831894,0.30060835629602917,0.2421875,1.241221600190056,0.05842085629602917
16,-1.8,10,8,0.9999999999999981,1,0.11513242319095748,-0.05756621159547843,0.057566211595479054,-0.05756621159547843,0.05756621159547843,0.004391193074614184,227.72854279195215,1.124145427101231,0.33850394561188213,0.28125,1.2035695843978031,0.05725394561188213
16,-1.8,11,8,1.0000000000000058,1,0.10876772370027382,-0.05438386185013734,0.054383861850136474,0.054383861850136474,0.054383861850136474,0.004182174508444234,239.1100605632067,1.070636674161724,0.30198023175470967,0.24609375,1.2270942750667568,0.05588648175470967
16,-1.8,12,8,0.9999999999999959,1,0.11535466320127544,-0.057677331600637684,0.05767733160063776,-0.057677331600637684,0.057677331600637684,0.004345500642173181,230.12308185965446,1.1124481643963344,0.32706443521120915,0.26953125,1.2134564552763702,0.05753318521120915
16,-1.8,13,8,1.0000000000000062,1,0.10736076696699359,-0.05368038348349678,0.05368038348349681,-0.05368038348349678,0.05368038348349678,0.004219864018978224,236.97446067044947,1.0802851888584253,0.309640348903199,0.25390625,1.2195066049110608,0.055734098903199025
16,-1.8,14,8,0.9999999999999999,1,0.11523955106356149,-0.057619775531781964,0.05761977553177952,0.05761977553177952,0.05761977553177952,0.004385321424191064,228.03345599335728,1.1226422845929125,0.33914062957644703,0.28125,1.205833349605145,0.05789062957644703
16,-1.8,15,8,1.0000000000000022,1,0.1040592232869055,-0.052029611643453134,0.052029611643452364,0.052029611643452364,0.052029611643452364,0.004170335726422353,239.7888480930239,1.0676059459641223,0.30081989465908515,0.2421875,1.2420950489149323,0.05863239465908515
16,-1.8,16,8,0.999999999999999,1,0.11025229322013486,-0.05512614661006761,0.05512614661006724,0.05512614661006724,0.05512614661006724,0.004177523363208082,239.3762794499517,1.069445980981269,0.3035904630622154,0.25,1.2143618522488615,0.05359046306221538
16,-1.8,17,8,0.9999999999999969,1,0.10805449625446545,-0.05402724812723318,0.054027248127232266,0.054027248127232266,0.054027248127232266,0.0042689298551833255,234.2507452507804,1.0928460429269313,0.3110217270139591,0.25,1.2440869080558363,0.06102172701395908
16,-1.8,18,8,0.9999999999999949,1,0.112389357071832,-0.05619467853591619,0.0561946785359158,0.0561946785359158,0.0561946785359158,0.004205378049324093,237.7907499090895,1.0765767806269677,0.30993366504901426,0.26171875,1.1842241530230992,0.04821491504901426
16,-1.8,19,8,0.999999999999999,1,0.10565873345627683,-0.05282936672813829,0.05282936672813854,-0.05282936672813829,0.05282936672813829,0.00416988410052818,239.8148188035573,1.067490329735214,0.30331983397638174,0.24609375,1.2325377380627576,0.057226083976381736
16,-2.0,0,8,1.0000000000000033,1,0.16364993663272429,-0.08182496831636257,0.08182496831636171,0.08182496831636171,0.08182496831636171,0.00470952209063971,212.33577011721093,1.2056376552037658,0.349763668951319,0.27734375,1.2611197077681362,0.072419918951319
16,-2.0,1,8,0.9999999999999988,1,0.16283772625460236,-0.08141886312730057,0.08141886312730177,-0.08141886312730057,0.08141886312730057,0.0047316319716183015,211.34357151999342,1.2112977847342852,0.35067568392495596,0.27734375,1.2644080997857567,0.07333193392495596
16,-2.0,2,8,1.0000000000000033,1,0.1267125461360567,-0.0633562730680285,0.06335627306802818,0.06335627306802818,0.06335627306802818,0.004101109014389039,243.83648337350394,1.049883907683594,0.29691299071026356,0.234375,1.266828760363791,0.06253799071026356
16,-2.0,3,8,1.0000000000000033,1,0.12606694134229596,-0.0630334706711471,0.06303347067114887,-0.0630334706711471,0.0630334706711471,0.004169102515902687,239.8597770588718,1.0672902440710879,0.28784074474264215,0.22265625,1.2927584325283576,0.06518449474264215
16,-2.0,4,8,0.9999999999999994,1,0.1381628684387058,-0.06908143421935282,0.06908143421935298,-0.06908143421935282,0.06908143421935282,0.004456551598938573,224.3887404418637,1.1408772093282746,0.3025748328224371,0.22265625,1.35893258250077,0.07991858282243708
16,-2.0,5,8,1.0000000000000013,1,0.1396713634614935,-0.06983568173074717,0.06983568173074634,0.06983568173074634,0.06983568173074634,0.004350091472126909,229.88022353264807,1.1136234168644887,0.318933595279376,0.25390625,1.2561076983310808,0.06502734527937598
16,-2.0,6,8,1.000000000000001,1,0.1492375550740363,-0.07461877753701843,0.07461877753701787,0.07461877753701787,0.07461877753701787,0.004402295413093738,227.15422436797454,1.1269876257519968,0.3265275273320186,0.2578125,1.2665310151060116,0.06871502733201862
16,-2.0,7,8,1.0000000000000024,1,0.14462394414822893,-0.07231197207411379,0.07231197207411515,-0.07231197207411379,0.07231197207411379,0.004342628967459121,230.2752566459993,1.111713015669535,0.3162958524220122,0.24609375,1.2852656860323035,0.07020210242201219
16,-2.0,8,8,0.999999999999996,1,0.16387481210550323,-0.08193740605275138,0.08193740605275185,-0.08193740605275138,0.08193740605275138,0.004734372638820457,211.22122745478364,1.211999395538037,0.34326864945605173,0.26171875,1.3115936456828245,0.08154989945605173
16,-2.0,9,8,1.0000000000000018,1,0.1351422580765511,-0.06757112903827585,0.06757112903827524,0.06757112903827524,0.06757112903827524,0.0042794471623470495,233.67504307531937,1.0955384735608447,0.3138974987725695,0.2421875,1.2960928981577065,0.0717099987725695
16,-2.0,10,8,0.9999999999999994,1,0.1600498126482276,-0.08002490632411415,0.08002490632411345,0.08002490632411345,0.08002490632411345,0.00465200612182221,214.9610240857327,1.1909135671864857,0.35297316236551063,0.28125,1.2550156884107044,0.07172316236551063
16,-2.0,11,8,1.0000000000000027,1,0.14761150649370902,-0.07380575324685494,0.0738057532468541,0.0738057532468541,0.0738057532468541,0.004337402858136103,230.552713849072,1.1103751316828423,0.31343640336211526,0.24609375,1.2736463374714524,0.06734265336211526
16,-2.0,12,8,1.0000000000000022,1,0.15984730351119808,-0.07992365175559919,0.0799236517555989,0.0799236517555989,0.0799236517555989,0.004575721702620819,218.54475971019693,1.1713847558709296,0.3407983038594858,0.26953125,1.2644110983772225,0.07126705385948578
16,-2.0,13,8,0.9999999999999989,1,0.1471901931575607,-0.07359509657877998,0.07359509657878073,-0.07359509657877998,0.07359509657877998,0.00439569541240726,227.49528940913575,1.1252980255762586,0.32232650773103233,0.25390625,1.2694705535252966,0.06842025773103233
16,-2.0,14,8,1.0000000000000049,1,0.1602776166835893,-0.08013880834179449,0.0801388083417948,-0.08013880834179449,0.08013880834179449,0.004647265592608708,215.180299053805,1.1896999917078293,0.3535165075551151,0.28125,1.256947582418187,0.0722665075551151
16,-2.0,15,8,0.999999999999999,1,0.14088324054408852,-0.07044162027204448,0.07044162027204402,0.07044162027204402,0.07044162027204402,0.0043538451849295685,229.68202991264073,1.1145843673419695,0.3138812816251567,0.2421875,1.2960259370329053,0.07169378162515672
16,-2.0,16,8,1.0000000000000022,1,0.14874324316658089,-0.07437162158328998,0.07437162158329089,-0.07437162158328998,0.07437162158328998,0.004319892534628731,231.48724001439635,1.105892488864955,0.31327604499758016,0.25,1.2531041799903206,0.06327604499758016
16,-2.0,17,8,1.0000000000000029,1,0.14894244964794068,-0.07447122482397023,0.07447122482397046,-0.07447122482397023,0.07447122482397023,0.0044576930179560745,224.33128435984506,1.141169412596755,0.32649660540240266,0.25,1.3059864216096106,0.07649660540240266
16,-2.0,18,8,0.9999999999999994,1,0.15198483714933156,-0.07599241857466583,0.07599241857466572,0.07599241857466572,0.07599241857466572,0.004341305074013179,230.34547974661967,1.111374098947374,0.3181016946704278,0.26171875,1.2154333408302913,0.056382944670427815
16,-2.0,19,8,1.0000000000000007,1,0.14241140722864498,-0.07120570361432223,0.07120570361432277,-0.07120570361432223,0.07120570361432223,0.004325651812928873,231.17903225847155,1.1073668641097916,0.31568215773029573,0.24609375,1.2827719425231066,0.06958840773029573
16,-2.4,0,8,1.0000000000000004,1,0.27306340304469,-0.13653170152234517,0.1365317015223448,0.1365317015223448,0.1365317015223448,0.005489000205569048,182.18254008907064,1.4051840526256762,0.3861406872592675,0.27734375,1.3922819146249645,0.10879693725926748
16,-2.4,1,8,0.9999999999999978,1,0.27290119628909093,-0.13645059814454544,0.13645059814454552,-0.13645059814454544,0.13645059814454544,0.005597775967130689,178.64237616364997,1.4330306475854564,0.3899941136997765,0.27734375,1.406175959255532,0.11265036369977649
16,-2.4,2,8,0.9999999999999966,1,0.190073060911096,-0.09503653045554836,0.09503653045554762,0.09503653045554762,0.09503653045554762,0.00460169994625939,217.31099630102472,1.1780351862424039,0.3231948674400663,0.234375,1.378964767744283,0.08881986744006631
16,-2.4,3,8,0.9999999999999999,1,0.18697896343571432,-0.0934894817178567,0.09348948171785762,-0.0934894817178567,0.0934894817178567,0.004828989860939103,207.08264643271133,1.2362214044004103,0.3186883749050819,0.22265625,1.4313021750122976,0.0960321249050819
16,-2.4,4,8,0.9999999999999997,1,0.22212843979370955,-0.11106421989685464,0.11106421989685492,-0.11106421989685464,0.11106421989685464,0.005321703285345921,187.90976241641366,1.3623560410485558,0.3451268921615908,0.22265625,1.5500435858485482,0.12247064216159081
16,-2.4,5,8,0.9999999999999947,1,0.2172330922116928,-0.10861654610584612,0.10861654610584666,-0.10861654610584612,0.10861654610584612,0.005046182795114566,198.16959484070702,1.2918227955493289,0.3496238687565354,0.25390625,1.3769801600257394,0.0957176187565354
16,-2.4,6,8,0.9999999999999996,1,0.23833150157875493,-0.11916575078937724,0.11916575078937769,-0.11916575078937724,0.11916575078937724,0.004969019360318898,201.24695186050207,1.2720689562416378,0.35837705154999444,0.2578125,1.3900685635878571,0.10056455154999444
16,-2.4,7,8,0.999999999999998,1,0.226610464563343,-0.11330523228167239,0.11330523228167062,0.11330523228167062,0.11330523228167062,0.004901035601707841,204.0385096675353,1.2546651140372074,0.347903413687125,0.24609375,1.4137027603794285,0.10180966368712502
16,-2.4,8,8,1.0,1,0.2721815505670807,-0.1360907752835412,0.13609077528353955,0.13609077528353955,0.13609077528353955,0.005539362583737967,180.52618597954265,1.4180768214369195,0.38833871089299876,0.26171875,1.4838016416210102,0.12661996089299876
16,-2.4,9,8,0.9999999999999969,1,0.2053296349433371,-0.10266481747166888,0.10266481747166825,0.10266481747166825,0.10266481747166825,0.0048652559547590814,205.53903212878717,1.2455055244183248,0.3486080930720437,0.2421875,1.4394140617168256,0.10642059307204371
16,-2.4,10,8,0.9999999999999953,1,0.2646379453542852,-0.13231897267714327,0.1323189726771419,0.1323189726771419,0.1323189726771419,0.005342746722966833,187.16964360322493,1.3677431610795092,0.38761607178662283,0.28125,1.3781904774635478,0.10636607178662283
16,-2.4,11,8,1.000000000000001,1,0.22780400863363204,-0.11390200431681635,0.1139020043168157,0.1139020043168157,0.1139020043168157,0.004931011718944348,202.7981390022095,1.2623390000497532,0.3442005689177382,0.24609375,1.3986562800466822,0.0981068189177382
16,-2.4,12,8,0.9999999999999988,1,0.26250167258847434,-0.1312508362942368,0.13125083629423753,-0.1312508362942368,0.1312508362942368,0.005184958952786215,192.86555768443162,1.3273494919132711,0.37359431006904215,0.26953125,1.3860890344590548,0.10406306006904215
16,-2.4,13,8,1.0000000000000016,1,0.23325249490166566,-0.11662624745083305,0.11662624745083261,0.11662624745083261,0.11662624745083261,0.004989337288393018,200.42741995542323,1.2772703458286125,0.35620852386412566,0.25390625,1.4029135709110179,0.10230227386412566
16,-2.4,14,8,1.0000000000000033,1,0.2655822543322266,-0.1327911271661138,0.1327911271661128,0.1327911271661128,0.1327911271661128,0.005382186290435533,185.79810248802792,1.3778396903514964,0.3868983630061329,0.28125,1.375638624021806,0.1056483630061329
16,-2.4,15,8,1.0000000000000058,1,0.22081943174064236,-0.11040971587032161,0.11040971587032075,0.11040971587032075,0.11040971587032075,0.005067156289291016,197.34934999210722,1.2971920100585002,0.34700737491229033,0.2421875,1.4328046447991343,0.10481987491229033
16,-2.4,16,8,0.9999999999999953,1,0.2247722768291227,-0.11238613841456117,0.11238613841456153,-0.11238613841456117,0.11238613841456117,0.004872672943903625,205.22616878096358,1.247404273639328,0.33868469945411994,0.25,1.3547387978164798,0.08868469945411994
16,-2.4,17,8,0.999999999999997,1,0.2383525461955333,-0.11917627309776663,0.1191762730977667,-0.11917627309776663,0.11917627309776663,0.0049909080510630935,200.36434047046689,1.277672461072152,0.3674358293942604,0.25,1.4697433175770416,0.1174358293942604
16,-2.4,18,8,1.0000000000000038,1,0.2307394264242815,-0.1153697132121409,0.1153697132121406,0.1153697132121406,0.1153697132121406,0.004809762175911239,207.91048775931293,1.2312991170332772,0.3386658773305422,0.26171875,1.2940069342778926,0.07694712733054221
16,-2.4,19,8,1.0000000000000004,1,0.21811318011510988,-0.10905659005755512,0.10905659005755476,0.10905659005755476,0.10905659005755476,0.004878534078499969,204.9796073798209,1.248904724095992,0.3478174124912159,0.24609375,1.413353295202401,0.1017236624912159
16,-2.8,0,8,0.9999999999999989,1,0.3617131006004354,-0.1808565503002178,0.1808565503002176,0.1808565503002176,0.1808565503002176,0.008916550735602217,112.1509908542522,2.2826369883141675,0.47989933584092115,0.27734375,1.730341267257406,0.20255558584092115
16,-2.8,1,8,0.9999999999999983,1,0.3719718189371657,-0.18598590946858307,0.18598590946858265,0.18598590946858265,0.18598590946858265,0.00728088205598095,137.34599631078223,1.8639058063311231,0.48159651864542974,0.27734375,1.7364606869469017,0.20425276864542974
16,-2.8,2,8,1.000000000000004,1,0.23007893188909395,-0.11503946594454706,0.1150394659445469,0.1150394659445469,0.1150394659445469,0.0064392748835035,155.29698888330685,1.648454370176896,0.3982790677750902,0.234375,1.6993240225070516,0.1639040677750902
16,-2.8,3,8,1.000000000000002,1,0.23991117305434162,-0.11995558652717125,0.11995558652717038,0.11995558652717038,0.11995558652717038,0.006320757193213008,158.20889324363898,1.61811384146253,0.3894551934892497,0.22265625,1.7491320970745248,0.16679894348924967
16,-2.8,4,8,0.9999999999999952,1,0.30585723815622584,-0.15292861907811328,0.15292861907811256,0.15292861907811256,0.15292861907811256,0.006814620336738518,146.7433181286517,1.7445428062050605,0.4254642568620808,0.22265625,1.9108570132753102,0.20280800686208078
16,-2.8,5,8,1.0000000000000033,1,0.2823013312443592,-0.14115066562217987,0.14115066562217932,0.14115066562217932,0.14115066562217932,0.006810051682416011,146.84176370967404,1.7433732306984988,0.42206382459971364,0.25390625,1.6622821399619492,0.16815757459971364
16,-2.8,6,8,1.0,1,0.3027598694643324,-0.15137993473216646,0.15137993473216596,0.15137993473216596,0.15137993473216596,0.007052034150303985,141.80305691754117,1.8053207424778202,0.44586296377121426,0.2578125,1.729407859476225,0.18805046377121426
16,-2.8,7,8,1.0000000000000069,1,0.2849588718875228,-0.14247943594376217,0.14247943594376059,0.14247943594376059,0.14247943594376059,0.006406157310236014,156.09981952865255,1.6399762714204196,0.42189477179532575,0.24609375,1.7143660568191015,0.17580102179532575
16,-2.8,8,8,0.9999999999999972,1,0.36017678036873313,-0.18008839018436656,0.18008839018436656,0.18008839018436656,0.18008839018436656,0.008520534176560667,117.36353370319469,2.1812567491995307,0.4971106811823914,0.26171875,1.8994079758610776,0.23539193118239138
16,-2.8,9,8,0.9999999999999986,1,0.24863824041072902,-0.12431912020536434,0.12431912020536467,-0.12431912020536434,0.12431912020536434,0.006767212888780472,147.77132276389952,1.7324064995278008,0.4275398894414075,0.2421875,1.7653259951129083,0.18535238944140747
16,-2.8,10,8,0.9999999999999984,1,0.34298370504137055,-0.17149185252068547,0.1714918525206851,0.1714918525206851,0.1714918525206851,0.007147444859805499,139.910138464113,1.8297458841102077,0.47342638372286416,0.28125,1.6832938087924059,0.19217638372286416
16,-2.8,11,8,0.9999999999999964,1,0.28477608088685274,-0.1423880404434264,0.14238804044342634,0.14238804044342634,0.14238804044342634,0.006780581731675235,147.47997142023038,1.7358289233088602,0.4201272020104553,0.24609375,1.707183551026612,0.17403345201045528
16,-2.8,12,8,0.9999999999999976,1,0.3510674579321082,-0.17553372896605415,0.17553372896605404,0.17553372896605404,0.17553372896605404,0.006512506071242019,153.5507205768005,1.6672015542379568,0.4496771589394259,0.26953125,1.668367430268015,0.1801459089394259
16,-2.8,13,8,1.0000000000000013,1,0.293928172648941,-0.14696408632447014,0.14696408632447083,-0.14696408632447014,0.14696408632447014,0.006797345566653141,147.1162515123352,1.740120465063204,0.4466295775490505,0.25390625,1.7590334131162606,0.19272332754905053
16,-2.8,14,8,0.9999999999999996,1,0.3455262135958971,-0.17276310679794848,0.1727631067979486,-0.17276310679794848,0.17276310679794848,0.007539573850937397,132.63349093339934,1.9301309058399736,0.46935464027863627,0.28125,1.6688164987684846,0.18810464027863627
16,-2.8,15,8,1.0000000000000007,1,0.28922857491790377,-0.14461428745895166,0.14461428745895208,-0.14461428745895166,0.14461428745895166,0.006094392851382829,164.08525416491622,1.5601645699540043,0.41693276991564304,0.2421875,1.721528856425881,0.17474526991564304
16,-2.8,16,8,0.9999999999999989,1,0.26846901578439747,-0.13423450789219907,0.1342345078921984,0.1342345078921984,0.1342345078921984,0.006724824424792521,148.70276706604912,1.7215550527468855,0.4056688647272985,0.25,1.622675458909194,0.15566886472729852
16,-2.8,17,8,0.9999999999999988,1,0.2917338774204646,-0.14586693871023296,0.14586693871023163,0.14586693871023163,0.14586693871023163,0.007346393917740797,136.121206022604,1.880676842941644,0.4716648361850332,0.25,1.8866593447401327,0.2216648361850332
16,-2.8,18,8,1.0000000000000024,1,0.2752518634154938,-0.1376259317077463,0.13762593170774748,-0.1376259317077463,0.1376259317077463,0.007204140682342944,138.8090605241732,1.8442600146797936,0.40673023604196173,0.26171875,1.5540737377125702,0.14501148604196173
16,-2.8,19,8,0.9999999999999988,1,0.2761916980533089,-0.13809584902665403,0.13809584902665484,-0.13809584902665403,0.13809584902665403,0.006251587942939412,159.95935898644873,1.6004065133924894,0.41622338345985255,0.24609375,1.6913204153289247,0.17012963345985255
16,-3.0,0,8,1.0000000000000018,1,0.31085092951265836,-0.15542546475632948,0.15542546475632885,0.15542546475632885,0.15542546475632885,0.022689340786805918,44.07355900712242,5.808471241422315,0.653601743915073,0.27734375,2.356648541440263,0.376257993915073
16,-3.0,1,8,0.9999999999999939,1,0.3093911782245623,-0.154695589112281,0.1546955891122813,-0.154695589112281,0.154695589112281,0.02640887934389783,37.86605205688386,6.7606731120378445,0.6783630334597396,0.27734375,2.44592868402385,0.4010192834597396
16,-3.0,2,8,0.9999999999999994,1,0.2153942225055443,-0.10769711125277177,0.10769711125277251,-0.10769711125277177,0.10769711125277177,0.010870286410826767,91.99389622374656,2.7827933211716522,0.5133333106860481,0.234375,2.1902221255938055,0.27895831068604815
16,-3.0,3,8,1.0000000000000022,1,0.2417436137489554,-0.12087180687447743,0.12087180687447796,-0.12087180687447743,0.12087180687447743,0.010489195654662204,95.33619477824529,2.6852340875935243,0.4961414195783047,0.22265625,2.228284270386772,0.2734851695783047
16,-3.0,4,8,1.0000000000000004,1,0.27998368445603006,-0.1399918422280152,0.13999184222801483,0.13999184222801483,0.13999184222801483,0.02030334168820102,49.25297595622571,5.197655472179461,0.6174571995459063,0.22265625,2.773141106732491,0.3948009495459063
16,-3.0,5,8,1.0,1,0.2754184478888315,-0.13770922394441562,0.1377092239444159,-0.13770922394441562,0.13770922394441562,0.01311366645466945,76.2563241528783,3.357098612395379,0.5447202757445395,0.25390625,2.1453598552400326,0.2908140257445395
16,-3.0,6,8,0.9999999999999964,1,0.2734171537940736,-0.1367085768970366,0.13670857689703697,-0.1367085768970366,0.1367085768970366,0.01494999205256543,66.88966766563593,3.82719796545675,0.6166143558102407,0.2578125,2.391716289203358,0.3588018558102407
16,-3.0,7,8,0.9999999999999958,1,0.26292789054840143,-0.13146394527420088,0.13146394527420055,0.13146394527420055,0.13146394527420055,0.012996559799729822,76.94343852600043,3.3271193087308344,0.5400302754544486,0.24609375,2.1944087383545847,0.2939365254544486
16,-3.0,8,8,0.9999999999999979,1,0.2899653515867757,-0.14498267579338794,0.1449826757933878,0.1449826757933878,0.1449826757933878,0.024035411624886895,41.60527872818179,6.153065375971045,0.6519766840834146,0.26171875,2.4911347929157333,0.3902579340834146
16,-3.0,9,8,1.0000000000000016,1,0.2291090151556459,-0.11455450757782287,0.11455450757782304,-0.11455450757782287,0.11455450757782287,0.01204406795895667,83.02842556250621,3.0832813974929074,0.5380277293409249,0.2421875,2.2215338501818835,0.2958402293409249
16,-3.0,10,8,0.9999999999999989,1,0.2965181833836884,-0.1482590916918442,0.14825909169184423,-0.1482590916918442,0.1482590916918442,0.015018917327039912,66.58269555819511,3.8448428357222175,0.6205041909046091,0.28125,2.206237123216388,0.33925419090460907
16,-3.0,11,8,1.000000000000004,1,0.27684734320278437,-0.1384236716013925,0.13842367160139188,0.13842367160139188,0.13842367160139188,0.016243880584617763,61.56164438606843,4.158433429662147,0.5367100932262852,0.24609375,2.180917204221095,0.29061634322628516
16,-3.0,12,8,0.9999999999999976,1,0.3108247723888831,-0.15541238619444145,0.15541238619444167,-0.15541238619444145,0.15541238619444145,0.018047079820209498,55.4106265369414,4.6200524339736315,0.6679459944884528,0.26953125,2.478176443319477,0.3984147444884528
16,-3.0,13,8,0.9999999999999994,1,0.2674456656328779,-0.133722832816439,0.1337228328164389,0.1337228328164389,0.1337228328164389,0.013464879718223948,74.26728057931011,3.4470092078653307,0.6081915173610735,0.25390625,2.395338899145151,0.35428526736107346
16,-3.0,14,8,1.0000000000000016,1,0.3025691859207509,-0.1512845929603752,0.15128459296037566,-0.1512845929603752,0.1512845929603752,0.020336539360736115,49.17257465794334,5.2061540763484455,0.6184719883808354,0.28125,2.1990115142429705,0.3372219883808354
16,-3.0,15,8,1.0000000000000013,1,0.2684059138898319,-0.13420295694491577,0.13420295694491619,-0.13420295694491577,0.13420295694491577,0.013556669464562666,73.76443031336086,3.4705073829280426,0.5634703214387139,0.2421875,2.3265871336824318,0.3212828214387139
16,-3.0,16,8,0.9999999999999983,1,0.24785036324622906,-0.12392518162311449,0.12392518162311456,-0.12392518162311449,0.12392518162311449,0.011192288018182735,89.34723609465937,2.86522573265478,0.5110357141047339,0.25,2.0441428564189357,0.2610357141047339
16,-3.0,17,8,1.0000000000000016,1,0.2553280002931143,-0.12766400014655663,0.12766400014655765,-0.12766400014655663,0.12766400014655663,0.013113163619548212,76.25924826479462,3.3569698866043423,0.5982016695219508,0.25,2.392806678087803,0.34820166952195075
16,-3.0,18,8,0.9999999999999941,1,0.2614048546932627,-0.13070242734663096,0.13070242734663173,-0.13070242734663096,0.13070242734663096,0.012126605431738173,82.46330810622115,3.1044109905249724,0.5064585427989114,0.26171875,1.9351251784555423,0.24473979279891145
16,-3.0,19,8,0.9999999999999962,1,0.2659142326080224,-0.13295711630401108,0.13295711630401127,-0.13295711630401108,0.13295711630401108,0.012721481082136537,78.60719939317418,3.2566991570269535,0.5433754991959934,0.24609375,2.208002028478957,0.29728174919599337
16,-3.2,0,8,0.9999999999999979,1,0.19014178345099947,-0.09507089172549983,0.09507089172549964,0.09507089172549964,0.09507089172549964,0.04191822050615943,23.855974512397555,10.731064449576815,0.7570158336712325,0.27734375,2.729521879152613,0.4796720836712325
16,-3.2,1,8,0.9999999999999949,1,0.17997722366454802,-0.08998861183227433,0.08998861183227369,0.08998861183227369,0.08998861183227369,0.030852722641818785,32.41205035968422,7.898296996305609,0.7478747779554724,0.27734375,2.6965625796704358,0.4705310279554724
16,-3.2,2,8,0.9999999999999973,1,0.14835378026128493,-0.07417689013064212,0.0741768901306428,-0.07417689013064212,0.07417689013064212,0.025359100308517384,39.43357563297027,6.49192967898045,0.7270458291106587,0.234375,3.102062204205477,0.49267082911065874
16,-3.2,3,8,0.9999999999999986,1,0.16140835570596332,-0.080704177852982,0.08070417785298131,0.08070417785298131,0.08070417785298131,0.05340672471062639,18.724233800486722,13.672121525920355,0.6889861713516808,0.22265625,3.0943940327373736,0.46632992135168083
16,-3.2,4,8,1.0000000000000064,1,0.16539625489091925,-0.08269812744545976,0.0826981274454595,0.0826981274454595,0.0826981274454595,0.04980312886676935,20.07905974492378,12.749600989892954,0.6985437404878571,0.22265625,3.1373192555244107,0.47588749048785706
16,-3.2,5,8,0.9999999999999952,1,0.18273626505368668,-0.09136813252684368,0.09136813252684299,0.09136813252684299,0.09136813252684299,0.0513485905855298,19.474731216513728,13.145239189895628,0.7339078091398885,0.25390625,2.8904676790740225,0.4800015591398885
16,-3.2,6,8,1.0000000000000007,1,0.1529685236970041,-0.076484261848502,0.07648426184850209,-0.076484261848502,0.076484261848502,0.04190697114227005,23.862378328538664,10.728184612421133,0.7717887411062444,0.2578125,2.993604813987857,0.5139762411062444
16,-3.2,7,8,0.9999999999999966,1,0.17761118798078834,-0.0888055939903951,0.08880559399039324,0.08880559399039324,0.08880559399039324,0.041549016979932546,24.067958105554762,10.636548346862732,0.700474285658891,0.24609375,2.846371700455176,0.454380535658891
16,-3.2,8,8,0.9999999999999981,1,0.17390838727198452,-0.0869541936359921,0.08695419363599241,-0.0869541936359921,0.0869541936359921,0.026959444247579706,37.09275275916622,6.901617727380405,0.705256486556063,0.26171875,2.694711351617196,0.443537736556063
16,-3.2,9,8,1.0000000000000033,1,0.15239234479045227,-0.07619617239522651,0.07619617239522578,0.07619617239522578,0.07619617239522578,0.029843760442822803,33.50784167819214,7.640002673362638,0.6674796351832274,0.2421875,2.7560449452726807,0.4252921351832274
16,-3.2,10,8,1.0000000000000016,1,0.18338207177515942,-0.09169103588757957,0.09169103588757985,-0.09169103588757957,0.09169103588757957,0.03069815798454268,32.57524443334763,7.858728444042926,0.7399385555425878,0.28125,2.630892641929201,0.4586885555425878
16,-3.2,11,8,1.0000000000000009,1,0.1665721401025646,-0.08328607005128273,0.08328607005128187,0.08328607005128187,0.08328607005128187,0.0391434561245257,25.547054322917607,10.02072476787858,0.7113035557962448,0.24609375,2.890376353711725,0.4652098057962448
16,-3.2,12,8,0.9999999999999986,1,0.18899110280413756,-0.09449555140206914,0.09449555140206843,0.09449555140206843,0.09449555140206843,0.027905059328558565,35.83579551743082,7.143695188110993,0.7770890848612088,0.26953125,2.883113126441586,0.5075578348612088
16,-3.2,13,8,1.000000000000001,1,0.15450127367232797,-0.07725063683616437,0.07725063683616361,0.07725063683616361,0.07725063683616361,0.031083788752923138,32.17111041220673,7.957449920748323,0.7660461247693525,0.25390625,3.017043199091604,0.5121398747693525
16,-3.2,14,8,0.9999999999999993,1,0.18790159360742695,-0.09395079680371336,0.09395079680371358,-0.09395079680371336,0.09395079680371336,0.02898277084492929,34.503257309331964,7.4195893363018985,0.8004455104860875,0.28125,2.846028481728311,0.5191955104860875
16,-3.2,15,8,0.9999999999999997,1,0.16872592338335524,-0.08436296169167776,0.08436296169167748,0.08436296169167748,0.08436296169167748,0.03087765973668586,32.385874076198085,7.90468089259158,0.6960373047292272,0.2421875,2.873960484043261,0.4538498047292272
16,-3.2,16,8,1.0000000000000047,1,0.15843430413872434,-0.07921715206936243,0.0792171520693619,0.0792171520693619,0.0792171520693619,0.032863884347539625,30.428539408941344,8.413154392970144,0.6768561931902746,0.25,2.7074247727610983,0.42685619319027457
16,-3.2,17,8,1.0000000000000062,1,0.1632027594218347,-0.0816013797109175,0.0816013797109172,0.0816013797109172,0.0816013797109172,0.03569151467022285,28.017863888368183,9.13702775557705,0.7340259266378999,0.25,2.9361037065515996,0.4840259266378999
16,-3.2,18,8,0.9999999999999973,1,0.19154278658760182,-0.0957713932938016,0.09577139329380022,0.09577139329380022,0.09577139329380022,0.039792159451521966,25.13057883220138,10.186792819589623,0.7222320542137128,0.26171875,2.7595732220703058,0.46051330421371284
16,-3.2,19,8,0.9999999999999994,1,0.17166091785030468,-0.08583045892515248,0.0858304589251522,0.0858304589251522,0.0858304589251522,0.037364327199316705,26.763495423471383,9.565267763025076,0.7097122086877276,0.24609375,2.883909927366004,0.46361845868772755
16,-3.4,0,8,1.0000000000000013,1,0.04763951625424978,-0.02381975812712505,0.02381975812712473,0.02381975812712473,0.02381975812712473,0.030004317712514578,33.32853656535264,7.681105334403732,0.8001255617474121,0.27734375,2.884959771934331,0.5227818117474121
16,-3.4,1,8,0.9999999999999994,1,0.037770956365533036,-0.018885478182766938,0.018885478182766098,0.018885478182766098,0.018885478182766098,0.0323820809896462,30.881276602320234,8.289812733349427,0.775766098081599,0.27734375,2.797128466322385,0.498422348081599
16,-3.4,2,8,1.0000000000000013,1,0.01534907661921753,-0.007674538309608773,0.007674538309608756,0.007674538309608756,0.007674538309608756,0.032412423907656404,30.85236706915282,8.29758052036004,0.8186363444599741,0.234375,3.492848403029223,0.5842613444599741
16,-3.4,3,8,0.9999999999999976,1,0.03752026499063783,-0.018760132495318972,0.018760132495318865,0.018760132495318865,0.018760132495318865,0.04714822067515528,21.209708143385978,12.06994449283975,0.7441933823222106,0.22265625,3.342342208324314,0.5215371323222106
16,-3.4,4,8,1.0000000000000002,1,0.03619265284532314,-0.018096326422661322,0.01809632642266181,-0.018096326422661322,0.018096326422661322,0.05641314333210106,17.72636554061622,14.441764693017872,0.7232506195732831,0.22265625,3.2482834843993063,0.5005943695732831
16,-3.4,5,8,0.999999999999999,1,0.04716639996891349,-0.023583199984457154,0.02358319998445634,0.02358319998445634,0.02358319998445634,0.03136537470503285,31.88229088299529,8.02953592448841,0.7998916077618504,0.25390625,3.150342332108211,0.5459853577618504
16,-3.4,6,8,1.0000000000000016,1,0.00991298748213759,-0.004956493741068601,0.004956493741068989,-0.004956493741068601,0.004956493741068601,0.02961047267420538,33.77183508695326,7.580281004596578,0.8057144748288075,0.2578125,3.12519553872992,0.5479019748288075
16,-3.4,7,8,1.0000000000000033,1,0.04104822825004956,-0.020524114125024574,0.020524114125024983,-0.020524114125024574,0.020524114125024574,0.03506661223979223,28.517154527554812,8.977052733386811,0.7948861054049258,0.24609375,3.230013380693032,0.5487923554049258
16,-3.4,8,8,0.999999999999998,1,0.04224850222099669,-0.021124251110498364,0.02112425111049833,0.02112425111049833,0.02112425111049833,0.041319662927393,24.20155270281856,10.577833709412609,0.7797535573134236,0.26171875,2.9793568757050215,0.5180348073134236
16,-3.4,9,8,1.000000000000003,1,0.0329687485216845,-0.016484374260842326,0.016484374260842174,0.016484374260842174,0.016484374260842174,0.042777747591272605,23.376639872549465,10.951103383365787,0.7227535564358863,0.2421875,2.9842727491546275,0.48056605643588635
16,-3.4,10,8,1.0000000000000009,1,0.041416553851821435,-0.020708276925911227,0.020708276925910207,0.020708276925910207,0.020708276925910207,0.03517610898490864,28.428385880570904,9.005083900136611,0.7804333743997778,0.28125,2.774874220088099,0.4991833743997778
16,-3.4,11,8,0.9999999999999957,1,0.03636530709746893,-0.01818265354873486,0.01818265354873407,0.01818265354873407,0.01818265354873407,0.03978760765919616,25.133453827271488,10.185627560754217,0.7460576910197213,0.24609375,3.031599506365852,0.4999639410197213
16,-3.4,12,8,0.9999999999999986,1,0.03937471112947136,-0.01968735556473472,0.01968735556473664,-0.01968735556473472,0.01968735556473472,0.033874952230115656,29.52033683197273,8.671987770909608,0.840366688192461,0.26953125,3.1178822054676814,0.570835438192461
16,-3.4,13,8,1.0000000000000089,1,0.021157341008463157,-0.010578670504231356,0.010578670504231799,-0.010578670504231356,0.010578670504231356,0.04642045698380294,21.54222653062034,11.883636987853553,0.7802884995362832,0.25390625,3.0731362443275154,0.5263822495362832
16,-3.4,14,8,0.9999999999999966,1,0.03430785112126132,-0.01715392556063113,0.01715392556063019,0.01715392556063019,0.01715392556063019,0.029711857120143837,33.65659695913208,7.606235422756822,0.8310658948220803,0.28125,2.9549009593673965,0.5498158948220803
16,-3.4,15,8,1.0000000000000024,1,0.049381880362622504,-0.024690940181311714,0.024690940181310794,0.024690940181310794,0.024690940181310794,0.02869490910927202,34.84938726210761,7.345896731973637,0.780726271941838,0.2421875,3.2236439615662986,0.538538771941838
16,-3.4,16,8,1.000000000000002,1,0.033051911115715454,-0.016525955557858178,0.01652595555785728,0.01652595555785728,0.01652595555785728,0.03396108681225017,29.445465203407096,8.694038223936044,0.7451888023263165,0.25,2.980755209305266,0.49518880232631646
16,-3.4,17,8,0.999999999999996,1,0.024887661789547044,-0.01244383089477387,0.012443830894773175,0.012443830894773175,0.012443830894773175,0.043820792866891924,22.820216946725616,11.218122973924332,0.769927979756496,0.25,3.079711919025984,0.519927979756496
16,-3.4,18,8,0.9999999999999969,1,0.0713477856721974,-0.03567389283609939,0.035673892836098016,0.035673892836098016,0.035673892836098016,0.025976666241105867,38.49608686189242,6.650026557723102,0.7981138188430984,0.26171875,3.0495095167736297,0.5363950688430984
16,-3.4,19,8,1.0000000000000009,1,0.048862029169815774,-0.02443101458490823,0.024431014584907543,0.024431014584907543,0.024431014584907543,0.03168302483967364,31.5626429313591,8.110854358956452,0.7685274702344511,0.24609375,3.1229052758733253,0.5224337202344511
16,-3.6,0,8,-5.0270433715353915e-15,0,0.09404489295389028,-0.047022446476945444,0.04702244647694483,0.04702244647694483,0.04702244647694483,0.02429043194926403,41.16847333504494,6.218350579011592,0.8026845080748314,0.27734375,2.894186395312068,0.5253407580748314
16,-3.6,1,8,4.2495744493998655e-15,0,0.09958836985554553,-0.04979418492777257,0.04979418492777297,-0.04979418492777257,0.04979418492777257,0.02802338798448282,35.68447899853231,7.1739873240276015,0.7701085029700842,0.27734375,2.7767292501456557,0.49276475297008415
16,-3.6,2,8,2.4356643576277034e-15,0,0.12562961268122708,-0.06281480634061413,0.06281480634061294,0.06281480634061294,0.06281480634061294,0.033233032814071445,30.090542912369482,8.50765640040229,0.8133274209552466,0.234375,3.470196996075719,0.5789524209552466
16,-3.6,3,8,2.0320210464905803e-15,0,0.05865556350422691,-0.02932778175211332,0.02932778175211359,-0.02932778175211332,0.02932778175211332,0.028737737444027012,34.797450632559965,7.356860785670915,0.7794664440256027,0.22265625,3.5007615731676194,0.5568101940256027
16,-3.6,4,8,-3.382928516664277e-15,0,0.09084071362668303,-0.04542035681334205,0.04542035681334099,0.04542035681334099,0.04542035681334099,0.043444067569962524,23.018102492120367,11.121681297910406,0.7156591976455864,0.22265625,3.21418867714509,0.4930029476455864
16,-3.6,5,8,-2.4207555075583433e-15,0,0.09417734728882922,-0.04708867364441492,0.0470886736444143,0.0470886736444143,0.0470886736444143,0.027689056644807118,36.11535101494845,7.088398501070622,0.8155026729932571,0.25390625,3.2118259120965202,0.5615964229932571
16,-3.6,6,8,1.4279365288653913e-15,0,0.1294280920447682,-0.06471404602238401,0.0647140460223842,-0.06471404602238401,0.06471404602238401,0.024368545002079994,41.036508331319915,6.2383475205324785,0.79658886227515,0.2578125,3.089799223370279,0.53877636227515
16,-3.6,7,8,-2.7470936701876727e-15,0,0.10120327274712715,-0.05060163637356309,0.05060163637356405,-0.05060163637356309,0.05060163637356309,0.03195396330472226,31.295022481678092,8.1802146060089,0.7910283894230237,0.24609375,3.214337582417366,0.5449346394230237
16,-3.6,8,8,7.730514850779382e-18,0,0.09254861350339989,-0.04627430675169938,0.046274306751700515,-0.04627430675169938,0.04627430675169938,0.03307602030224866,30.233383304944198,8.467461197375657,0.7775735042554918,0.26171875,2.9710271207374013,0.5158547542554918
16,-3.6,9,8,7.261162163410633e-16,0,0.0937020065210902,-0.04685100326054556,0.04685100326054464,0.04685100326054464,0.04685100326054464,0.03817281401750732,26.196653973201105,9.772240388481874,0.7223996709134973,0.2421875,2.982811544417021,0.4802121709134973
16,-3.6,10,8,1.4765283364988618e-15,0,0.09526489167937247,-0.04763244583968641,0.04763244583968605,0.04763244583968605,0.04763244583968605,0.033387662940542844,29.951182919895057,8.547241712778968,0.7693249553965175,0.28125,2.735377619187618,0.48807495539651746
16,-3.6,11,8,-1.987846675914698e-17,0,0.09392881080790318,-0.04696440540395169,0.046964405403951484,0.046964405403951484,0.046964405403951484,0.03630702005823999,27.542882847336486,9.294597134909438,0.7535594601310741,0.24609375,3.0620828856119835,0.5074657101310741
16,-3.6,12,8,9.674187156118197e-16,0,0.10503109177070333,-0.052515545885350984,0.052515545885352344,-0.052515545885350984,0.052515545885350984,0.027729711076967332,36.0624024254841,7.098806035703637,0.8369023695899421,0.26953125,3.1050290813771766,0.5673711195899421
16,-3.6,13,8,2.378513765695156e-15,0,0.10811037235706139,-0.054055186178530855,0.054055186178530536,0.054055186178530536,0.054055186178530536,0.04698171193897975,21.284877854149048,12.027318256378816,0.7664301841313147,0.25390625,3.0185558021171777,0.5125239341313147
16,-3.6,14,8,-2.4207555075583433e-15,0,0.1127768873939375,-0.05638844369696811,0.05638844369696939,-0.05638844369696811,0.05638844369696811,0.02734666661996063,36.567528097559396,7.000746654709921,0.8239681530908489,0.28125,2.9296645443230185,0.5427181530908489
16,-3.6,15,8,3.616776590900353e-15,0,0.08527055193866548,-0.04263527596933278,0.04263527596933269,0.04263527596933269,0.04263527596933269,0.033941112649518955,29.46279370173131,8.688924838276852,0.818010700961358,0.2421875,3.3775925717114137,0.575823200961358
16,-3.6,16,8,1.4373235826127663e-15,0,0.07274777260566226,-0.036373886302831185,0.036373886302831074,0.036373886302831074,0.036373886302831074,0.019703809055442334,50.75160834061132,5.0441751181932375,0.7592964603578064,0.25,3.0371858414312256,0.5092964603578064
16,-3.6,17,8,3.1142931255996934e-16,0,0.11155718633734066,-0.055778593168669954,0.05577859316867071,-0.055778593168669954,0.055778593168669954,0.0395163576448201,25.305976046379932,10.116187557073946,0.7578930735281793,0.25,3.031572294112717,0.5078930735281793
16,-3.6,18,8,-2.919925895065812e-15,0,0.0586767314274243,-0.02933836571371184,0.02933836571371246,-0.02933836571371184,0.02933836571371184,0.020724572248685427,48.25190059415729,5.305490495663469,0.8179911425256691,0.26171875,3.125458693829422,0.5562723925256691
16,-3.6,19,8,-2.171170313804609e-15,0,0.07435823881064153,-0.03717911940532113,0.037179119405320406,0.037179119405320406,0.037179119405320406,0.031604550906342496,31.641012807409233,8.090765032023679,0.8009955326548531,0.24609375,3.254838989835594,0.5549017826548531
16,-3.8,0,8,2.6140183788278278e-15,0,0.22456186088110922,-0.11228093044055457,0.11228093044055465,-0.11228093044055457,0.11228093044055457,0.021962709679698395,45.53172238689505,5.622453678002789,0.7683184750431826,0.27734375,2.770275064944433,0.4909747250431826
16,-3.8,1,8,6.668121238429415e-15,0,0.22491653482159024,-0.11245826741079598,0.11245826741079427,0.11245826741079427,0.11245826741079427,0.024047357350245976,41.58461095891567,6.15612348166297,0.7425014093960596,0.27734375,2.677188180357623,0.4651576593960596
16,-3.8,2,8,2.0463777169277417e-15,0,0.25185817620429896,-0.12592908810214903,0.12592908810214992,-0.12592908810214903,0.12592908810214903,0.03747946070602812,26.68128039097324,9.594741940743198,0.7487111741826027,0.234375,3.1945010098457716,0.5143361741826027
16,-3.8,3,8,-2.6515665938173275e-15,0,0.1700809919584097,-0.08504049597920493,0.08504049597920477,0.08504049597920477,0.08504049597920477,0.026581096371726814,37.62072060592872,6.8047606711620645,0.7577922652771866,0.22265625,3.4034178931747325,0.5351360152771866
16,-3.8,4,8,-2.1733790323334032e-15,0,0.20716274666223258,-0.10358137333111647,0.10358137333111611,0.10358137333111611,0.10358137333111611,0.03235601436056478,30.906155154226628,8.283139676304584,0.6880238947819554,0.22265625,3.09007222919615,0.46536764478195536
16,-3.8,5,8,4.185521612064836e-15,0,0.22462515422823998,-0.11231257711411961,0.11231257711412036,-0.11231257711411961,0.11231257711411961,0.028521483666049934,35.06128964778691,7.301499818508783,0.7559964661874362,0.25390625,2.9774630052920563,0.5020902161874362
16,-3.8,6,8,-2.1363829969761018e-15,0,0.25185663001641,-0.12592831500820484,0.12592831500820517,-0.12592831500820484,0.12592831500820484,0.02473638361237441,40.426281208694895,6.332514204767849,0.7271572896146229,0.2578125,2.8204888809294464,0.4693447896146229
16,-3.8,7,8,-3.574810938853265e-15,0,0.22743565194322302,-0.11371782597161151,0.1137178259716115,0.1137178259716115,0.1137178259716115,0.03262281163802924,30.653397110452445,8.351439779335486,0.725779556617576,0.24609375,2.949199468160309,0.479685806617576
16,-3.8,8,8,2.2396405881972266e-15,0,0.2149451636279237,-0.10747258181396144,0.10747258181396228,-0.10747258181396144,0.10747258181396144,0.026499070934312263,37.737172087235415,6.783762159183939,0.7500958802152184,0.26171875,2.8660379900760584,0.48837713021521845
16,-3.8,9,8,5.581431722262713e-15,0,0.2104238067826319,-0.10521190339131571,0.10521190339131617,-0.10521190339131571,0.10521190339131571,0.030607898558452175,32.67130535244983,7.835622030963757,0.6903635017642825,0.2421875,2.850533168575102,0.4481760017642825
16,-3.8,10,8,1.624512477928067e-15,0,0.2186868657019037,-0.10934343285095204,0.10934343285095166,0.10934343285095166,0.10934343285095166,0.030194114481616796,33.11903717556724,7.7296933072939,0.7361413133030388,0.28125,2.6173913361885823,0.4548913133030388
16,-3.8,11,8,1.9779074425351243e-15,0,0.215342409578821,-0.10767120478941093,0.10767120478941009,0.10767120478941009,0.10767120478941009,0.034443387475494525,29.033148981396533,8.817507193726598,0.7248702925754428,0.24609375,2.9455046809414815,0.4787765425754428
16,-3.8,12,8,1.380449080496318e-16,0,0.22941136087573857,-0.11470568043786893,0.11470568043786965,-0.11470568043786893,0.11470568043786893,0.025669843257494225,38.95621761181005,6.571479873918522,0.7544335295438043,0.26953125,2.7990577328002013,0.48490227954380427
16,-3.8,13,8,4.083920559740307e-15,0,0.2269737914049565,-0.11348689570247784,0.11348689570247866,-0.11348689570247784,0.11348689570247784,0.03724394441574231,26.850002481942244,9.534449770430031,0.7276629210864587,0.25390625,2.865872427663591,0.4737566710864587
16,-3.8,14,8,-2.1352786377117047e-15,0,0.24595873867844198,-0.1229793693392209,0.12297936933922106,-0.1229793693392209,0.1229793693392209,0.027133995238584056,36.854137815208944,6.946302781077518,0.7609123891631788,0.28125,2.7054662725801912,0.4796623891631788
16,-3.8,15,8,-2.7454371312910774e-15,0,0.21602867827372627,-0.10801433913686316,0.1080143391368631,0.1080143391368631,0.1080143391368631,0.027670429706904875,36.13966283112908,7.083630004967648,0.7749814478337883,0.2421875,3.1999233975072547,0.5327939478337883
16,-3.8,16,8,-1.3473183025644065e-16,0,0.17578477975863796,-0.08789238987931892,0.08789238987931904,-0.08789238987931892,0.08789238987931892,0.019960975451037283,50.09775210900499,5.110009715465544,0.7094904812286981,0.25,2.8379619249147923,0.45949048122869807
16,-3.8,17,8,2.0596300281005065e-15,0,0.23284225186762858,-0.11642112593381383,0.11642112593381476,-0.11642112593381383,0.11642112593381383,0.03635864098135509,27.50377827688349,9.307812091226904,0.7194777296082281,0.25,2.8779109184329124,0.4694777296082281
16,-3.8,18,8,2.6493578752885335e-15,0,0.18683134439949783,-0.09341567219974901,0.09341567219974883,0.09341567219974883,0.09341567219974883,0.024175146294665103,41.36479621720746,6.188837451434266,0.8099876258358943,0.26171875,3.0948780927461037,0.5482688758358943
16,-3.8,19,8,3.0082746362175763e-15,0,0.19762822811986075,-0.09881411405993067,0.09881411405993007,0.09881411405993007,0.09881411405993007,0.03239475524449391,30.86919448696772,8.29305734259044,0.8056929064472728,0.24609375,3.2739267309603464,0.5595991564472728
16,-4.0,0,8,5.057965430938509e-16,0,0.3342710577274257,-0.1671355288637127,0.16713552886371302,-0.1671355288637127,0.1671355288637127,0.022379311472660736,44.68412717798004,5.729103737001148,0.6931851201377622,0.27734375,2.4993717007784104,0.41584137013776223
16,-4.0,1,8,1.4798414142920529e-15,0,0.3335834499722392,-0.16679172498611952,0.16679172498611966,-0.16679172498611952,0.16679172498611952,0.01877145785873266,53.272367416832815,4.805493211835561,0.6926082053539389,0.27734375,2.497291557332512,0.41526445535393885
16,-4.0,2,8,3.893970766264014e-15,0,0.3369047646381159,-0.168452382319058,0.16845238231905788,0.16845238231905788,0.16845238231905788,0.023025139854193143,43.430789403778086,5.894435802673445,0.5310848676764417,0.234375,2.265962102086151,0.2967098676764417
16,-4.0,3,8,-5.264480613380759e-15,0,0.27658931636500356,-0.13829465818250192,0.13829465818250164,0.13829465818250164,0.13829465818250164,0.0195377723346821,51.18290779880106,5.001669717678618,0.6706326479287585,0.22265625,3.011964173153723,0.44797639792875854
16,-4.0,4,8,-1.9260025571084628e-15,0,0.30684938792639666,-0.15342469396319916,0.1534246939631975,0.1534246939631975,0.1534246939631975,0.02057847485440261,48.59446616307707,5.268089562727068,0.6280086742430003,0.22265625,2.820530186073826,0.40535242424300033
16,-4.0,5,8,2.2031967324721236e-16,0,0.330916000264151,-0.16545800013207557,0.16545800013207548,0.16545800013207548,0.16545800013207548,0.03347136195817172,29.876286517700525,8.56866866129196,0.6714235337799584,0.25390625,2.644375763810298,0.41751728377995845
16,-4.0,6,8,-8.293738075621879e-16,0,0.3480736536130503,-0.17403682680652516,0.17403682680652513,0.17403682680652513,0.17403682680652513,0.01950131941623181,51.27858165164229,4.992337770555343,0.6459857085056557,0.2578125,2.5056415360219373,0.38817320850565573
16,-4.0,7,8,2.1363829969761018e-15,0,0.32205984935128207,-0.1610299246756411,0.16102992467564098,0.16102992467564098,0.16102992467564098,0.021742002589215523,45.99392332406493,5.565952662839174,0.5953867664650313,0.24609375,2.419349400238857,0.3492930164650313
16,-4.0,8,8,-4.118155696936616e-15,0,0.32173125286234416,-0.16086562643117217,0.16086562643117203,0.16086562643117203,0.16086562643117203,0.01746485594510246,57.257844161057776,4.47100312194623,0.6868273113215438,0.26171875,2.624295398482317,0.42510856132154384
16,-4.0,9,8,4.2158914918357555e-15,0,0.30800106857694054,-0.15400053428847071,0.15400053428846985,0.15400053428846985,0.15400053428846985,0.020160538483973506,49.60184971224572,5.1610978518972175,0.6101901618079297,0.2421875,2.5194948616585484,0.36800266180792973
16,-4.0,10,8,-1.287130722654767e-15,0,0.3228301289498844,-0.1614150644749425,0.16141506447494192,0.16141506447494192,0.16141506447494192,0.02008361672973713,49.79182850663217,5.141405882812705,0.6667905328682954,0.28125,2.370810783531717,0.38554053286829537
16,-4.0,11,8,-9.36496656208702e-16,0,0.32135371912691657,-0.16067685956345834,0.16067685956345823,0.16067685956345823,0.16067685956345823,0.027642941110590805,36.17560070758431,7.076592924311246,0.6623057954564266,0.24609375,2.6912743434419877,0.41621204545642665
16,-4.0,12,8,-5.272211128231538e-15,0,0.32953523480137736,-0.16476761740068888,0.16476761740068846,0.16476761740068846,0.16476761740068846,0.0167287799546029,59.77722241034389,4.282567668378342,0.676403928397095,0.26953125,2.5095566039080626,0.40687267839709496
16,-4.0,13,8,7.067899292141149e-17,0,0.328205251220768,-0.1641026256103835,0.1641026256103845,-0.1641026256103835,0.1641026256103835,0.025996942801285002,38.466061476681446,6.655217357128961,0.6641651624008965,0.25390625,2.6157889473019926,0.4102589124008965
16,-4.0,14,8,4.1744780194208657e-16,0,0.34268125176795083,-0.1713406258839761,0.17134062588397475,0.17134062588397475,0.17134062588397475,0.03186837894489718,31.379067059829907,8.158305009893677,0.6675065595075911,0.28125,2.3733566560269903,0.3862565595075911
16,-4.0,15,8,-2.188840062034962e-15,0,0.32194469791823177,-0.1609723489591158,0.16097234895911594,-0.1609723489591158,0.1609723489591158,0.017591050267886446,56.847088989652995,4.50330886857893,0.6303783220938899,0.2421875,2.602852426710255,0.3881908220938899
16,-4.0,16,8,2.926552050652194e-16,0,0.26903688860352337,-0.13451844430176202,0.13451844430176133,0.13451844430176133,0.13451844430176133,0.013866800112684645,72.11469061887254,3.549900828847269,0.6035271226893966,0.25,2.4141084907575863,0.35352712268939657
16,-4.0,17,8,-5.996670805676006e-16,0,0.3347242758497746,-0.16736213792488724,0.16736213792488738,-0.16736213792488724,0.16736213792488724,0.03833553293772852,26.085459712386946,9.8138964320585,0.6727863687539172,0.25,2.6911454750156687,0.4227863687539172
16,-4.0,18,8,1.2123103824918665e-15,0,0.3059135261948298,-0.15295676309741493,0.1529567630974149,0.1529567630974149,0.1529567630974149,0.02475307513277468,40.39902091501896,6.336787233990318,0.7574647088136364,0.26171875,2.894193514272999,0.49574595881363637
16,-4.0,19,8,2.0596300281005066e-16,0,0.313670521717791,-0.15683526085889543,0.15683526085889551,-0.15683526085889543,0.15683526085889543,0.022990961329466694,43.49535392060078,5.885686100343474,0.7498344825121707,0.24609375,3.046946468620884,0.5037407325121707
20,0.0,0,12,8.304781668265849e-16,0,0.09999999999999892,-0.049999999999999774,0.04999999999999915,0.04999999999999915,0.04999999999999915,0.0025000000000000044,399.9999999999993,1.0000000000000018,0.2600000000000004,0.26,1.0000000000000016,3.885780586188048e-16
20,0.0,1,12,8.304781668265849e-16,0,0.09999999999999892,-0.049999999999999774,0.04999999999999915,0.04999999999999915,0.04999999999999915,0.0025000000000000044,399.9999999999993,1.0000000000000018,0.24000000000000074,0.24,1.000000000000003,7.494005416219807e-16
20,0.0,2,12,8.304781668265849e-16,0,0.09999999999999892,-0.049999999999999774,0.04999999999999915,0.04999999999999915,0.04999999999999915,0.0025000000000000044,399.9999999999993,1.0000000000000018,0.2550000000000005,0.255,1.000000000000002,4.996003610813204e-16
20,0.0,3,12,8.304781668265849e-16,0,0.09999999999999892,-0.049999999999999774,0.04999999999999915,0.04999999999999915,0.04999999999999915,0.0025000000000000044,399.9999999999993,1.0000000000000018,0.26,0.26,1.0,0.0
20,0.0,4,12,8.304781668265849e-16,0,0.09999999999999892,-0.049999999999999774,0.04999999999999915,0.04999999999999915,0.04999999999999915,0.0025000000000000044,399.9999999999993,1.0000000000000018,0.24500000000000077,0.245,1.000000000000003,7.771561172376096e-16
20,0.0,5,12,8.304781668265849e-16,0,0.09999999999999892,-0.049999999999999774,0.04999999999999915,0.04999999999999915,0.04999999999999915,0.0025000000000000044,399.9999999999993,1.0000000000000018,0.2575000000000001,0.2575,1.0000000000000004,1.1102230246251565e-16
20,0.0,6,12,8.304781668265849e-16,0,0.09999999999999892,-0.049999999999999774,0.04999999999999915,0.04999999999999915,0.04999999999999915,0.0025000000000000044,399.9999999999993,1.0000000000000018,0.2575000000000006,0.2575,1.0000000000000024,6.106226635438361e-16
20,0.0,7,12,8.304781668265849e-16,0,0.09999999999999892,-0.049999999999999774,0.04999999999999915,0.04999999999999915,0.04999999999999915,0.0025000000000000044,399.9999999999993,1.0000000000000018,0.22750000000000004,0.2275,1.0000000000000002,2.7755575615628914e-17
20,0.0,8,12,8.304781668265849e-16,0,0.09999999999999892,-0.049999999999999774,0.04999999999999915,0.04999999999999915,0.04999999999999915,0.0025000000000000044,399.9999999999993,1.0000000000000018,0.22250000000000034,0.2225,1.0000000000000016,3.3306690738754696e-16
20,0.0,9,12,8.304781668265849e-16,0,0.09999999999999892,-0.049999999999999774,0.04999999999999915,0.04999999999999915,0.04999999999999915,0.0025000000000000044,399.9999999999993,1.0000000000000018,0.2350000000000006,0.235,1.0000000000000027,6.106226635438361e-16
20,0.0,10,12,8.304781668265849e-16,0,0.09999999999999892,-0.049999999999999774,0.04999999999999915,0.04999999999999915,0.04999999999999915,0.0025000000000000044,399.9999999999993,1.0000000000000018,0.23000000000000048,0.23,1.000000000000002,4.718447854656915e-16
20,0.0,11,12,8.304781668265849e-16,0,0.09999999999999892,-0.049999999999999774,0.04999999999999915,0.04999999999999915,0.04999999999999915,0.0025000000000000044,399.9999999999993,1.0000000000000018,0.26250000000000007,0.2625,1.0000000000000002,5.551115123125783e-17
20,0.0,12,12,8.304781668265849e-16,0,0.09999999999999892,-0.049999999999999774,0.04999999999999915,0.04999999999999915,0.04999999999999915,0.0025000000000000044,399.9999999999993,1.0000000000000018,0.2350000000000006,0.235,1.0000000000000027,6.106226635438361e-16
20,0.0,13,12,8.304781668265849e-16,0,0.09999999999999892,-0.049999999999999774,0.04999999999999915,0.04999999999999915,0.04999999999999915,0.0025000000000000044,399.9999999999993,1.0000000000000018,0.2550000000000005,0.255,1.000000000000002,4.996003610813204e-16
20,0.0,14,12,8.304781668265849e-16,0,0.09999999999999892,-0.049999999999999774,0.04999999999999915,0.04999999999999915,0.04999999999999915,0.0025000000000000044,399.9999999999993,1.0000000000000018,0.23000000000000034,0.23,1.0000000000000016,3.3306690738754696e-16
20,0.0,15,12,8.304781668265849e-16,0,0.09999999999999892,-0.049999999999999774,0.04999999999999915,0.04999999999999915,0.04999999999999915,0.0025000000000000044,399.9999999999993,1.0000000000000018,0.2225000000000001,0.2225,1.0000000000000004,8.326672684688674e-17
20,0.0,16,12,8.304781668265849e-16,0,0.09999999999999892,-0.049999999999999774,0.04999999999999915,0.04999999999999915,0.04999999999999915,0.0025000000000000044,399.9999999999993,1.0000000000000018,0.2400000000000005,0.24,1.000000000000002,4.996003610813204e-16
20,0.0,17,12,8.304781668265849e-16,0,0.09999999999999892,-0.049999999999999774,0.04999999999999915,0.04999999999999915,0.04999999999999915,0.0025000000000000044,399.9999999999993,1.0000000000000018,0.2675000000000002,0.2675,1.0000000000000007,1.6653345369377348e-16
20,0.0,18,12,8.304781668265849e-16,0,0.09999999999999892,-0.049999999999999774,0.04999999999999915,0.04999999999999915,0.04999999999999915,0.0025000000000000044,399.9999999999993,1.0000000000000018,0.24500000000000047,0.245,1.000000000000002,4.718447854656915e-16
20,0.0,19,12,8.304781668265849e-16,0,0.09999999999999892,-0.049999999999999774,0.04999999999999915,0.04999999999999915,0.04999999999999915,0.0025000000000000044,399.9999999999993,1.0000000000000018,0.24750000000000033,0.2475,1.0000000000000013,3.3306690738754696e-16
20,-0.8,0,12,-9.630012785542314e-16,0,0.037965311377861036,-0.018982655688930542,0.018982655688930494,0.018982655688930494,0.018982655688930494,0.0025122629795525527,398.0475006554072,1.0049051918210212,0.2745111939281729,0.26,1.0558122843391267,0.014511193928172905
20,-0.8,1,12,-4.947529504498804e-15,0,0.0381365262919101,-0.019068263145955493,0.019068263145954608,0.019068263145954608,0.019068263145954608,0.0024990224580988475,400.1564678857502,0.999608983239539,0.25603091722895477,0.24,1.0667954884539783,0.016030917228954777
20,-0.8,2,12,3.5604542684161035e-15,0,0.03772464293066928,-0.01886232146533462,0.018862321465334658,-0.01886232146533462,0.01886232146533462,0.0025130499448425382,397.92285149456416,1.0052199779370152,0.2694244653264098,0.255,1.056566530691803,0.014424465326409786
20,-0.8,3,12,-6.449458104078798e-16,0,0.03805878326778814,-0.01902939163389395,0.019029391633894187,-0.01902939163389395,0.01902939163389395,0.002512639954362834,397.987781044254,1.0050559817451337,0.2743676182622574,0.26,1.0552600702394517,0.014367618262257409
20,-0.8,4,12,3.931518981253514e-15,0,0.03788290453011636,-0.018941452265058365,0.018941452265057997,0.018941452265057997,0.018941452265057997,0.002506746162559884,398.9235188371853,1.0026984650239537,0.2604481175612867,0.245,1.0630535410664763,0.015448117561286723
20,-0.8,5,12,-7.421294256748206e-16,0,0.03784851802198485,-0.018924259010992855,0.018924259010991994,0.018924259010991994,0.018924259010991994,0.002514562677713921,397.683465543653,1.0058250710855685,0.2714625857229421,0.2575,1.054223633875503,0.013962585722942067
20,-0.8,6,12,-1.581442466616582e-15,0,0.0376389194114137,-0.018819459705707437,0.01881945970570626,0.01881945970570626,0.01881945970570626,0.0025070167095203894,398.88046864725817,1.0028066838081557,0.2729524564102442,0.2575,1.0600095394572588,0.015452456410244175
20,-0.8,7,12,-1.6962958301138756e-15,0,0.038082396091175946,-0.019041198045587925,0.019041198045588025,-0.019041198045587925,0.019041198045587925,0.002503769634838198,399.39776650603216,1.0015078539352793,0.24348290782601348,0.2275,1.0702545398945646,0.01598290782601347
20,-0.8,8,12,8.834874115176436e-18,0,0.03871434274699997,-0.019357171373499883,0.019357171373500084,-0.019357171373499883,0.019357171373499883,0.002496503667265869,400.56019669107235,0.9986014669063475,0.2382218953418854,0.2225,1.0706602037837545,0.015721895341885395
20,-0.8,9,12,2.7299761015895186e-15,0,0.038181472938390366,-0.019090736469195232,0.019090736469195135,0.019090736469195135,0.019090736469195135,0.002499814706554744,400.02964914875815,0.9999258826218976,0.25107898616061985,0.235,1.0684212177047654,0.016078986160619868
20,-0.8,10,12,-9.948068253688667e-15,0,0.03839626545463336,-0.019198132727317654,0.0191981327273157,0.0191981327273157,0.0191981327273157,0.002507613720135236,398.78550351290545,1.0030454880540942,0.244639372435088,0.23,1.0636494453699477,0.014639372435087977
20,-0.8,11,12,1.298726494930936e-15,0,0.0376766177315762,-0.01883830886578893,0.018838308865787266,0.018838308865787266,0.018838308865787266,0.00251745629333417,397.2263600555225,1.006982517333668,0.2761293409411309,0.2625,1.0519212988233557,0.013629340941130885
20,-0.8,12,12,-4.064042092981161e-15,0,0.037826296570951094,-0.018913148285475852,0.018913148285475242,0.018913148285475242,0.018913148285475242,0.0024993023540627064,400.11165450809256,0.9997209416250825,0.2519078456963624,0.235,1.071948279558989,0.01690784569636239
20,-0.8,13,12,-9.630012785542314e-16,0,0.03815583678155139,-0.019077918390775238,0.019077918390776157,-0.019077918390775238,0.019077918390775238,0.002509432272698635,398.4965089034275,1.003772909079454,0.2698411014695464,0.255,1.0582003979197896,0.01484110146954637
20,-0.8,14,12,-7.35945013794197e-15,0,0.03840050483286854,-0.019200252416434582,0.01920025241643396,0.01920025241643396,0.01920025241643396,0.0025000880059046623,399.9859195509191,1.000035202361865,0.24561104348878524,0.23,1.0678741021251532,0.015611043488785226
20,-0.8,15,12,-3.843170240101749e-15,0,0.03838838627476958,-0.019194193137385174,0.019194193137384404,0.019194193137384404,0.019194193137384404,0.0025007877328524393,399.8740024445752,1.0003150931409757,0.2378214803750246,0.2225,1.0688605859551668,0.015321480375024593
20,-0.8,16,12,2.1468744099878737e-15,0,0.037651208091006125,-0.01882560404550539,0.018825604045500738,0.018825604045500738,0.018825604045500738,0.002511911811222954,398.10314818064336,1.0047647244891817,0.25507012840065557,0.24,1.0627922016693983,0.01507012840065558
20,-0.8,17,12,2.703471479243989e-15,0,0.037837407875600956,-0.018918703937800322,0.018918703937800634,-0.018918703937800322,0.018918703937800322,0.0025159744827595405,397.460310846711,1.0063897931038164,0.2811234043539172,0.2675,1.050928614407167,0.013623404353917179
20,-0.8,18,12,-4.028702596520455e-15,0,0.037741664756066426,-0.018870832378033334,0.018870832378033095,0.018870832378033095,0.018870832378033095,0.0025049354064176775,399.21189082879613,1.001974162567071,0.2608664866763357,0.245,1.0647611701074928,0.015866486676335723
20,-0.8,19,12,-2.2793975217155204e-15,0,0.038048909054111756,-0.019024454527056967,0.01902445452705479,0.01902445452705479,0.01902445452705479,0.0025109132953799185,398.2614620106558,1.0043653181519674,0.26197348246119684,0.2475,1.0584787170149368,0.01447348246119684
20,-1.0,0,12,-8.569827891721142e-16,0,0.016683082870422337,-0.00834154143520971,0.008341541435212627,-0.00834154143520971,0.00834154143520971,0.002525516165064008,395.95866137513144,1.0102064660256032,0.2801173455073732,0.26,1.0773744057975894,0.020117345507373208
20,-1.0,1,12,-3.595793764876809e-15,0,0.017240683549894532,-0.008620341774945767,0.008620341774948765,-0.008620341774945767,0.008620341774945767,0.002500835427482669,399.8663762559522,1.0003341709930675,0.261152136094663,0.24,1.088133900394429,0.021152136094662988
20,-1.0,2,12,-3.003857199159988e-16,0,0.016285654390735333,-0.008142827195368546,0.008142827195366787,0.008142827195366787,0.008142827195366787,0.002527096319068744,395.71107458559726,1.0108385276274976,0.2749874612965014,0.255,1.0783822011627506,0.01998746129650142
20,-1.0,3,12,-9.54166404439055e-16,0,0.016843274120479448,-0.008421637060239885,0.008421637060239563,0.008421637060239563,0.008421637060239563,0.0025262148775608887,395.8491452498768,1.0104859510243556,0.28005042328557556,0.26,1.077117012636829,0.020050423285575547
20,-1.0,4,12,-3.922684107138337e-15,0,0.016656435852329857,-0.008328217926164932,0.008328217926164927,0.008328217926164927,0.008328217926164927,0.0025152289222280465,397.5781254591242,1.0060915688912186,0.26600400271048635,0.245,1.0857306233081077,0.021004002710486358
20,-1.0,5,12,-3.3307475414215163e-15,0,0.016454235189315103,-0.008227117594656273,0.00822711759465883,-0.008227117594656273,0.008227117594656273,0.0025298788598037414,395.27584339653964,1.0119515439214966,0.27704277595274346,0.2575,1.0758942755446348,0.019542775952743452
20,-1.0,6,12,-4.5499601693158646e-15,0,0.016243257160947704,-0.008121628580475004,0.008121628580472702,0.008121628580472702,0.008121628580472702,0.002515661922705669,397.5096935618719,1.0062647690822677,0.2782019380062384,0.2575,1.080395875752382,0.020701938006238374
20,-1.0,7,12,9.453315303238785e-16,0,0.017079770031163274,-0.008539885015581545,0.008539885015581731,-0.008539885015581545,0.008539885015581545,0.0025095772020429508,398.47349552982,1.0038308808171803,0.24931034108749803,0.2275,1.0958696311538374,0.02181034108749802
20,-1.0,8,12,4.170060582363278e-15,0,0.018536708570204306,-0.009268354285102474,0.009268354285101834,0.009268354285101834,0.009268354285101834,0.0024959036136260075,400.6564975268482,0.9983614454504031,0.24368099217143105,0.2225,1.095195470433398,0.021180992171431046
20,-1.0,9,12,1.7934794453808165e-15,0,0.01740905153815925,-0.008704525769079761,0.00870452576907949,0.00870452576907949,0.00870452576907949,0.0025019377944733813,399.6901930211596,1.0007751177893525,0.2566291761610982,0.235,1.092039047494035,0.021629176161098218
20,-1.0,10,12,7.076734166256325e-15,0,0.0177126333523288,-0.008856316676164908,0.008856316676163892,0.008856316676163892,0.008856316676163892,0.0025155316213399783,397.5302840627056,1.0062126485359912,0.2505078986677283,0.23,1.08916477681621,0.020507898667728314
20,-1.0,11,12,-4.815006392771157e-15,0,0.016115900177920136,-0.008057950088960073,0.008057950088960063,0.008057950088960063,0.008057950088960063,0.0025354907140329617,394.4009711671931,1.0141962856131848,0.28185095155798195,0.2625,1.073717910697074,0.019350951557981944
20,-1.0,12,12,-1.7669748230352872e-16,0,0.01671188902981298,-0.008355944514906299,0.008355944514906679,-0.008355944514906299,0.008355944514906299,0.0025009293944759387,399.85135214484797,1.0003717577903755,0.2573738013881634,0.235,1.0952076654815464,0.022373801388163417
20,-1.0,13,12,1.5902773407317584e-15,0,0.017076632610448065,-0.008538316305224584,0.00853831630522348,0.00853831630522348,0.00853831630522348,0.0025200895380544813,396.811297733494,1.0080358152217925,0.27541767730175065,0.255,1.0800693227519633,0.020417677301750647
20,-1.0,14,12,1.1927080055488188e-15,0,0.017728092188359378,-0.008864046094179368,0.008864046094180008,-0.008864046094179368,0.008864046094179368,0.0025030926922129607,399.50578063328106,1.0012370768851844,0.2512128279851835,0.23,1.0922296868921022,0.021212827985183508
20,-1.0,15,12,-4.470446302279276e-15,0,0.017907232102531957,-0.008953616051266346,0.008953616051265613,0.008953616051265613,0.008953616051265613,0.0025038554133263212,399.38408371253365,1.0015421653305285,0.24346601422754413,0.2225,1.0942292774271647,0.020966014227544127
20,-1.0,16,12,3.1010408144269287e-15,0,0.016178055675832467,-0.008089027837916702,0.008089027837915765,0.008089027837915765,0.008089027837915765,0.0025250902430475047,396.02545008178026,1.010036097219002,0.26102107407680386,0.24,1.0875878086533495,0.02102107407680387
20,-1.0,17,12,-4.21423495293916e-15,0,0.016402421112238566,-0.008201210556120404,0.00820121055611816,0.00820121055611816,0.00820121055611816,0.0025326297044469303,394.8465100303235,1.0130518817787721,0.286667224579199,0.2675,1.0716531759970056,0.019167224579199005
20,-1.0,18,12,3.0568664438510467e-15,0,0.016521869909717327,-0.008260934954858051,0.008260934954859276,-0.008260934954858051,0.008260934954858051,0.0025115850600218106,398.15494044677746,1.0046340240087241,0.2665207270424448,0.245,1.0878397022140605,0.021520727042444787
20,-1.0,19,12,-1.581442466616582e-15,0,0.016946493902902683,-0.008473246951451035,0.008473246951451647,-0.008473246951451035,0.008473246951451035,0.002522548330511511,396.42451559975643,1.0090193322046042,0.2677265697998903,0.2475,1.081723514342991,0.020226569799890293
20,-1.2,0,12,0.9999999999999991,1,0.007749245654574828,-0.003874622827286234,0.0038746228272885934,-0.003874622827286234,0.003874622827286234,0.002548804255174446,392.340839030637,1.0195217020697784,0.2868571288655942,0.26,1.1032966494830547,0.026857128865594215
20,-1.2,1,12,1.0,1,0.006359898299715644,-0.003179949149857867,0.0031799491498577773,0.0031799491498577773,0.0031799491498577773,0.0025062929461230235,398.99565673154723,1.0025171784492095,0.2666824368654616,0.24,1.1111768202727568,0.026682436865461623
20,-1.2,2,12,1.0000000000000038,1,0.00834106840964295,-0.004170534204821182,0.004170534204821768,-0.004170534204821182,0.004170534204821182,0.002551646782479337,391.9037724446871,1.0206587129917346,0.28166474433177685,0.255,1.1045676248304974,0.026664744331776846
20,-1.2,3,12,0.9999999999999989,1,0.007498967026123007,-0.0037494835130619042,0.0037494835130611024,0.0037494835130611024,0.0037494835130611024,0.0025500260158275493,392.15286188971453,1.0200104063310198,0.28695763758743664,0.26,1.1036832214901409,0.026957637587436634
20,-1.2,4,12,1.000000000000009,1,0.007561537900168532,-0.0037807689500841536,0.003780768950084378,-0.0037807689500841536,0.0037807689500841536,0.0025308957582882794,395.11702397270204,1.0123583033153118,0.27242400521966015,0.245,1.1119347151822863,0.027424005219660152
20,-1.2,5,12,0.9999999999999957,1,0.008164897613563399,-0.004082448806781678,0.004082448806781721,-0.004082448806781678,0.004082448806781678,0.002556470616462673,391.16428468232345,1.022588246585069,0.28385774901579547,0.2575,1.1023601903526037,0.026357749015795462
20,-1.2,6,12,1.000000000000001,1,0.008195474470885936,-0.004097737235442964,0.00409773723544297,-0.004097737235442964,0.004097737235442964,0.0025314599156085367,395.02896879155617,1.0125839662434146,0.2840747591881995,0.2575,1.1032029483036874,0.026574759188199515
20,-1.2,7,12,1.0000000000000029,1,0.006738123458130404,-0.00336906172906548,0.0033690617290649235,0.0033690617290649235,0.0033690617290649235,0.0025209729693373255,396.67224209185576,1.0083891877349302,0.2560752167684053,0.2275,1.1256053484325506,0.02857521676840527
20,-1.2,8,12,0.9999999999999969,1,0.003805340759155102,-0.0019026703795785706,0.0019026703795765314,0.0019026703795765314,0.0019026703795765314,0.002498525077570305,400.23612689629346,0.999410031028122,0.24984921601135224,0.2225,1.1229178247701224,0.027349216011352234
20,-1.2,9,12,0.9999999999999969,1,0.005931654293397301,-0.002965827146698877,0.0029658271466984245,0.0029658271466984245,0.0029658271466984245,0.0025077879529477277,398.7577972150997,1.003115181179091,0.2628779581282363,0.235,1.1186296090563246,0.02787795812823629
20,-1.2,10,12,0.9999999999999974,1,0.005568062471950752,-0.002784031235975585,0.002784031235975167,0.002784031235975167,0.002784031235975167,0.0025290071959040024,395.4120817131746,1.0116028783616011,0.25760887102541646,0.23,1.1200385696757238,0.027608871025416454
20,-1.2,11,12,0.9999999999999997,1,0.008784135910550411,-0.00439206795527405,0.004392067955276361,-0.00439206795527405,0.00439206795527405,0.0025666997169643494,389.6053727635525,1.0266798867857398,0.28900297027824806,0.2625,1.1009636962980878,0.02650297027824805
20,-1.2,12,12,1.0000000000000002,1,0.007164039403351804,-0.0035820197016759193,0.0035820197016758846,0.0035820197016758846,0.0035820197016758846,0.0025051963808598713,399.1703036297557,1.0020785523439484,0.2632885598391326,0.235,1.1203768503792877,0.028288559839132588
20,-1.2,13,12,0.9999999999999984,1,0.0070003664130248895,-0.0035001832065129986,0.003500183206511891,0.003500183206511891,0.003500183206511891,0.002539169390340105,393.82957427115826,1.0156677561360419,0.28202575256628454,0.255,1.1059833433971942,0.027025752566284533
20,-1.2,14,12,0.9999999999999929,1,0.005552656941699107,-0.0027763284708496243,0.0027763284708494824,0.0027763284708494824,0.0027763284708494824,0.002511061547957077,398.23794873270606,1.0044246191828308,0.2576573056241903,0.23,1.120249154887784,0.027657305624190304
20,-1.2,15,12,0.999999999999998,1,0.004932012842833877,-0.002466006421416966,0.002466006421416911,0.002466006421416911,0.002466006421416911,0.002512128738282606,398.06877122214723,1.0048514953130423,0.25001066566094576,0.2225,1.12364344117279,0.02751066566094576
20,-1.2,16,12,0.999999999999995,1,0.00847080123666206,-0.004235400618330435,0.004235400618331625,-0.004235400618330435,0.004235400618330435,0.0025483541187991156,392.4101413626295,1.0193416475196462,0.26823357606726095,0.24,1.117639900280254,0.028233576067260957
20,-1.2,17,12,0.9999999999999947,1,0.008313389989272462,-0.004156694994637168,0.004156694994635294,0.004156694994635294,0.004156694994635294,0.002561536839948476,390.39063752841224,1.0246147359793902,0.29350321297668774,0.2675,1.0972082728100476,0.02600321297668773
20,-1.2,18,12,0.9999999999999917,1,0.007573795028845436,-0.0037868975144221104,0.0037868975144233256,-0.0037868975144221104,0.0037868975144221104,0.0025243033480228695,396.14890214491777,1.0097213392091478,0.27300363484307544,0.245,1.1143005503798997,0.028003634843075442
20,-1.2,19,12,1.0000000000000053,1,0.007106656029137764,-0.003553328014568504,0.0035533280145692596,-0.003553328014568504,0.003553328014568504,0.0025428928098090056,393.25291107143016,1.0171571239236024,0.2747061229724031,0.2475,1.1099237291814266,0.0272061229724031
20,-1.4,0,12,1.0000000000000016,1,0.03584241046373389,-0.01792120523186731,0.01792120523186658,0.01792120523186658,0.01792120523186658,0.002587796393122203,386.42916523795355,1.0351185572488812,0.29492789710494827,0.26,1.1343380657882625,0.03492789710494826
20,-1.4,1,12,1.000000000000009,1,0.03284665902026243,-0.016423329510131156,0.016423329510131274,-0.016423329510131156,0.016423329510131156,0.0025186144253557365,397.04370384472685,1.0074457701422945,0.2725336005009606,0.24,1.1355566687540024,0.0325336005009606
20,-1.4,2,12,1.000000000000002,1,0.03664390588696459,-0.0183219529434819,0.018321952943482694,-0.0183219529434819,0.0183219529434819,0.002592353738792027,385.7498245845011,1.0369414955168108,0.2896381347369829,0.255,1.135835822497972,0.034638134736982906
20,-1.4,3,12,0.9999999999999994,1,0.03547938042433286,-0.01773969021216613,0.017739690212166728,-0.01773969021216613,0.01773969021216613,0.002589880101463022,386.11826062337803,1.0359520405852087,0.2953234502681491,0.26,1.1358594241082658,0.03532345026814909
20,-1.4,4,12,0.9999999999999908,1,0.03512289742753726,-0.01756144871376802,0.017561448713769242,-0.01756144871376802,0.01756144871376802,0.002557885077830726,390.94797833844564,1.0231540311322904,0.27976424194882216,0.245,1.1418948650972334,0.03476424194882216
20,-1.4,5,12,0.9999999999999994,1,0.03655791897729158,-0.018278959488644782,0.0182789594886468,-0.018278959488644782,0.018278959488644782,0.0026005043215076564,384.54079531013605,1.0402017286030627,0.29214582874736084,0.2575,1.1345469077567412,0.03464582874736083
20,-1.4,6,12,1.0000000000000033,1,0.036014184095407374,-0.018007092047704433,0.01800709204770294,0.01800709204770294,0.01800709204770294,0.0025583140580374484,390.88242385969096,1.0233256232149794,0.29052324828465814,0.2575,1.1282456244064394,0.033023248284658135
20,-1.4,7,12,0.9999999999999996,1,0.03361967134669986,-0.016809835673350357,0.016809835673349503,0.016809835673349503,0.016809835673349503,0.0025414608314645436,393.47448822327095,1.0165843325858175,0.2638519619562215,0.2275,1.159788843763611,0.03635196195622151
20,-1.4,8,12,1.0000000000000047,1,0.0283131121314435,-0.014156556065721446,0.014156556065722053,-0.014156556065721446,0.014156556065721446,0.0025096025915583363,398.4694641947475,1.0038410366233346,0.25680561731130563,0.2225,1.1541825497137332,0.03430561731130563
20,-1.4,9,12,1.0000000000000002,1,0.03195805692331723,-0.015979028461657586,0.015979028461659644,-0.015979028461657586,0.015979028461657586,0.002521264852206907,396.6263199697892,1.0085059408827628,0.2698403373661162,0.235,1.1482567547494307,0.03484033736611619
20,-1.4,10,12,1.0000000000000064,1,0.03160016076887648,-0.015800080384437844,0.015800080384438638,-0.015800080384437844,0.015800080384437844,0.002551163911695996,391.97794991353845,1.0204655646783984,0.26612410162816486,0.23,1.1570613114268036,0.036124101628164845
20,-1.4,11,12,0.9999999999999993,1,0.03763974315342965,-0.01881987157671494,0.018819871576714702,0.018819871576714702,0.018819871576714702,0.0026184948524497873,381.8987839767679,1.0473979409799148,0.29792160810313273,0.2625,1.1349394594405056,0.03542160810313272
20,-1.4,12,12,0.9999999999999974,1,0.03393839819472602,-0.01696919909736265,0.016969199097363368,-0.01696919909736265,0.01696919909736265,0.0025136202212987886,397.83257292674847,1.0054480885195156,0.2695311357302082,0.235,1.146941003107269,0.03453113573020822
20,-1.4,13,12,1.0000000000000024,1,0.034496433479790825,-0.01724821673989591,0.017248216739894913,0.017248216739894913,0.017248216739894913,0.0025716314529643097,388.85820860812066,1.028652581185724,0.28981578275823877,0.255,1.1365324814048579,0.03481578275823877
20,-1.4,14,12,0.9999999999999947,1,0.03164483999505867,-0.015822419997529452,0.015822419997529213,0.015822419997529213,0.015822419997529213,0.0025287535323945264,395.45174616249784,1.0115014129578106,0.26501139236885546,0.23,1.1522234450819802,0.03501139236885545
20,-1.4,15,12,0.9999999999999968,1,0.030228715779591193,-0.015114357889794134,0.01511435788979706,-0.015114357889794134,0.015114357889794134,0.002531528736551134,395.0182297208939,1.0126114946204536,0.2575557684138713,0.2225,1.1575540153432418,0.035055768413871286
20,-1.4,16,12,1.0000000000000029,1,0.03675367351518326,-0.018376836757591882,0.018376836757591372,0.018376836757591372,0.018376836757591372,0.0025871568474611028,386.52469060055114,1.0348627389844411,0.2769260504767975,0.24,1.153858543653323,0.036926050476797534
20,-1.4,17,12,1.0000000000000033,1,0.03690981881070794,-0.018454909405353815,0.018454909405354127,-0.018454909405353815,0.018454909405353815,0.0026095890661657073,383.2020960561844,1.043835626466283,0.3019099695574533,0.2675,1.1286354002147787,0.03440996955745329
20,-1.4,18,12,1.0000000000000022,1,0.03480716018799343,-0.01740358009399666,0.017403580093996767,-0.01740358009399666,0.01740358009399666,0.0025472454120910987,392.5809406715447,1.0188981648364395,0.2803569204220152,0.245,1.1443139609061845,0.035356920422015214
20,-1.4,19,12,0.9999999999999974,1,0.034490595818912534,-0.017245297909454935,0.017245297909457596,-0.017245297909454935,0.017245297909454935,0.0025771327793893137,388.02812489815267,1.0308531117557254,0.2831323304631515,0.2475,1.1439690119723294,0.03563233046315151
20,-1.6,0,12,1.0000000000000027,1,0.0681132234634956,-0.03405661173174787,0.034056611731747725,0.034056611731747725,0.034056611731747725,0.0026502622201170344,377.32115426519584,1.0601048880468138,0.3045110559909072,0.26,1.171196369195797,0.04451105599090721
20,-1.6,1,12,1.0000000000000007,1,0.06223898644547076,-0.031119493222735498,0.031119493222735262,0.031119493222735262,0.031119493222735262,0.002542945650947379,393.24473947268524,1.0171782603789516,0.2785861666100994,0.24,1.1607756942087475,0.03858616661009939
20,-1.6,2,12,0.9999999999999996,1,0.06908107574194125,-0.03454053787097143,0.03454053787096981,0.03454053787096981,0.03454053787096981,0.0026564229494258247,376.4460776911094,1.0625691797703298,0.29905950729418085,0.255,1.1727823815458072,0.044059507294180844
20,-1.6,3,12,1.0000000000000024,1,0.06762220013105016,-0.0338111000655248,0.03381110006552536,-0.0338111000655248,0.0338111000655248,0.002653762595427443,376.82345878378374,1.0615050381709774,0.30537271563433765,0.26,1.1745104447474526,0.045372715634337646
20,-1.6,4,12,0.9999999999999976,1,0.06627385141671382,-0.033136925708357814,0.03313692570835602,0.03313692570835602,0.03313692570835602,0.0026016278868140853,384.3747236368169,1.040651154725634,0.2880220795816861,0.245,1.1756003248232085,0.04302207958168608
20,-1.6,5,12,0.9999999999999944,1,0.06929172519682208,-0.03464586259841151,0.034645862598410584,0.034645862598410584,0.034645862598410584,0.0026701020416213363,374.5175219568692,1.0680408166485345,0.30212341714886487,0.2575,1.1732948238790868,0.04462341714886486
20,-1.6,6,12,0.9999999999999959,1,0.06740871910312901,-0.03370435955156433,0.03370435955156468,-0.03370435955156433,0.03370435955156433,0.002601050643228117,384.4600267986009,1.0404202572912469,0.29740304197746886,0.2575,1.154963269815413,0.039903041977468856
20,-1.6,7,12,1.0000000000000049,1,0.06366812732809937,-0.03183406366405033,0.031834063664049034,0.031834063664049034,0.031834063664049034,0.0025759348125514556,388.2085816486571,1.0303739250205821,0.272683149213952,0.2275,1.1986072492920965,0.04518314921395197
20,-1.6,8,12,1.0000000000000016,1,0.054934889872333886,-0.02746744493616636,0.027467444936167523,-0.02746744493616636,0.02746744493616636,0.0025387381221129842,393.8964760838361,1.0154952488451938,0.2647309895158506,0.2225,1.1898022000712387,0.04223098951585061
20,-1.6,9,12,0.9999999999999978,1,0.06065843823318635,-0.030329219116593486,0.03032921911659286,0.03032921911659286,0.03032921911659286,0.0025497569560106762,392.1942433150922,1.0199027824042706,0.27754727951192293,0.235,1.1810522532422254,0.04254727951192294
20,-1.6,10,12,1.0000000000000018,1,0.06040136914217541,-0.030200684571088668,0.030200684571086742,0.030200684571086742,0.030200684571086742,0.0025874346234122463,386.48319495749195,1.0349738493648986,0.27622635808105445,0.23,1.200984165569802,0.046226358081054436
20,-1.6,11,12,1.0000000000000075,1,0.07112576753747625,-0.035562883768738986,0.035562883768737265,0.035562883768737265,0.035562883768737265,0.002701097736097955,370.21985048368316,1.080439094439182,0.3089624290685569,0.2625,1.1769997297849788,0.04646242906855691
20,-1.6,12,12,0.9999999999999948,1,0.06351576050717694,-0.031757880253588895,0.03175788025358804,0.03175788025358804,0.03175788025358804,0.0025279397134811256,395.5790538307338,1.0111758853924502,0.27592450699313886,0.235,1.1741468382686762,0.040924506993138876
20,-1.6,13,12,0.9999999999999929,1,0.06579608157862273,-0.03289804078931117,0.03289804078931156,-0.03289804078931117,0.03289804078931117,0.0026245049253779376,381.0242420695768,1.049801970151175,0.2989154291727657,0.255,1.1722173693049636,0.043915429172765696
20,-1.6,14,12,1.0000000000000033,1,0.060674929716209906,-0.03033746485810389,0.030337464858106015,-0.03033746485810389,0.03033746485810389,0.0025641007356455676,390.0002781085075,1.0256402942582272,0.27334081432099244,0.23,1.1884383231347497,0.04334081432099243
20,-1.6,15,12,0.9999999999999994,1,0.058070181926137235,-0.02903509096306793,0.0290350909630693,-0.02903509096306793,0.02903509096306793,0.0025720574611011824,388.7938022861539,1.028822984440473,0.2662603952357104,0.2225,1.196675933643642,0.043760395235710375
20,-1.6,16,12,0.9999999999999984,1,0.0690717305836698,-0.034535865291835936,0.03453586529183387,0.03453586529183387,0.03453586529183387,0.0026484210487988285,377.5834663651924,1.0593684195195312,0.28728988916657894,0.24,1.1970412048607457,0.04728988916657895
20,-1.6,17,12,1.0000000000000002,1,0.07004367143316262,-0.03502183571658066,0.03502183571658196,-0.03502183571658066,0.03502183571658066,0.0026862311634609877,372.2687807372402,1.0744924653843952,0.31216464861722726,0.2675,1.1669706490363636,0.04466464861722724
20,-1.6,18,12,1.0000000000000087,1,0.06533782602101507,-0.032668913010507415,0.03266891301050766,-0.032668913010507415,0.032668913010507415,0.002586969091103487,386.5527436871865,1.0347876364413948,0.28859383526261934,0.245,1.1779340214800789,0.04359383526261934
20,-1.6,19,12,1.0000000000000022,1,0.06555638959316956,-0.03277819479658426,0.03277819479658531,-0.03277819479658426,0.03277819479658426,0.002633316232979596,379.74930146103287,1.0533264931918382,0.2932325426540406,0.2475,1.1847779501173357,0.04573254265404059
20,-1.8,0,12,1.0000000000000038,1,0.104996326602438,-0.05249816330121841,0.05249816330121959,-0.05249816330121841,0.05249816330121841,0.0027459033878454013,364.17887258031294,1.0983613551381604,0.31573603478388235,0.26,1.2143693645533935,0.05573603478388234
20,-1.8,1,12,1.0000000000000067,1,0.09426800460370316,-0.04713400230185155,0.04713400230185161,-0.04713400230185155,0.04713400230185155,0.002587481918782543,386.4761306121583,1.034992767513017,0.28476506064624596,0.24,1.186521086026025,0.04476506064624597
20,-1.8,2,12,1.0000000000000016,1,0.10595678749840007,-0.05297839374919975,0.05297839374920032,-0.05297839374919975,0.05297839374919975,0.002751419185144242,363.44879958652155,1.1005676740576968,0.31000683383013455,0.255,1.215713073843665,0.05500683383013455
20,-1.8,3,12,0.9999999999999983,1,0.10438108459167592,-0.05219054229583786,0.05219054229583806,-0.05219054229583786,0.05219054229583786,0.0027515109041198276,363.4366843695598,1.100604361647931,0.3172732623843166,0.26,1.2202817784012177,0.05727326238431657
20,-1.8,4,12,0.9999999999999991,1,0.10100407899289737,-0.05050203949644874,0.05050203949644863,0.05050203949644863,0.05050203949644863,0.0026687357072257964,374.7092667484559,1.0674942828903187,0.297128733582383,0.245,1.2127703411525836,0.05212873358238301
20,-1.8,5,12,0.9999999999999997,1,0.10685240308981472,-0.05342620154490753,0.053426201544907195,0.053426201544907195,0.053426201544907195,0.0027742190102703255,360.4618079170894,1.1096876041081303,0.31391173401347844,0.2575,1.2190746951979745,0.05641173401347843
20,-1.8,6,12,0.9999999999999916,1,0.10224780509029854,-0.0511239025451486,0.05112390254514994,-0.0511239025451486,0.0511239025451486,0.002665136203306962,375.21534500157145,1.0660544813227848,0.3044706134444666,0.2575,1.1824101492988992,0.04697061344446657
20,-1.8,7,12,0.9999999999999947,1,0.09669933457553972,-0.04834966728776998,0.04834966728776974,0.04834966728776974,0.04834966728776974,0.0026313015877651984,380.0400549483627,1.0525206351060794,0.2826142031983014,0.2275,1.2422602338386874,0.055114203198301376
20,-1.8,8,12,1.0000000000000013,1,0.08361502804363569,-0.04180751402181777,0.041807514021817926,-0.04180751402181777,0.04180751402181777,0.002601229606696247,384.43357611559463,1.0404918426784988,0.27401225287968445,0.2225,1.2315157432794805,0.051512252879684445
20,-1.8,9,12,0.9999999999999981,1,0.09185481005246535,-0.04592740502623263,0.04592740502623271,-0.04592740502623263,0.04592740502623263,0.0026066082843932033,383.6403060587954,1.0426433137572813,0.2861318710850485,0.235,1.2175824301491427,0.05113187108504852
20,-1.8,10,12,0.9999999999999947,1,0.09178535818431754,-0.04589267909215941,0.04589267909215814,0.04589267909215814,0.04589267909215814,0.0026483421110194815,377.594720802536,1.0593368444077926,0.28810464110417167,0.23,1.2526288743659637,0.058104641104171656
20,-1.8,11,12,0.9999999999999996,1,0.10990778697152954,-0.0549538934857651,0.054953893485764446,0.054953893485764446,0.054953893485764446,0.0028270271660847677,353.7284720843094,1.130810866433907,0.3224364261370203,0.2625,1.2283292424267438,0.05993642613702027
20,-1.8,12,12,0.9999999999999962,1,0.09539465298816162,-0.047697326494080365,0.04769732649408125,-0.047697326494080365,0.047697326494080365,0.002550777850014562,392.03727599966857,1.020311140005825,0.2823246085347094,0.235,1.2013813129136572,0.047324608534709434
20,-1.8,13,12,1.0000000000000002,1,0.10114548880866836,-0.05057274440433496,0.050572744404333396,0.050572744404333396,0.050572744404333396,0.0027072387130515825,369.3800606422351,1.082895485220633,0.30940890854736813,0.255,1.2133682688132084,0.05440890854736813
20,-1.8,14,12,0.9999999999999978,1,0.09264512121049076,-0.04632256060524605,0.04632256060524471,0.04632256060524471,0.04632256060524471,0.0026289436249627724,380.3809220192619,1.051577449985109,0.28274058486425324,0.23,1.2293068907141445,0.05274058486425323
20,-1.8,15,12,1.0000000000000002,1,0.08858376865395205,-0.044291884326977074,0.04429188432697498,0.04429188432697498,0.04429188432697498,0.002647579273352416,377.7035158361021,1.0590317093409665,0.2764003252097336,0.2225,1.2422486526280163,0.05390032520973362
20,-1.8,16,12,0.9999999999999983,1,0.1056307987619414,-0.05281539938097071,0.05281539938097068,0.05281539938097068,0.05281539938097068,0.0027397196483070953,365.00084985626603,1.095887859322838,0.29944926935372274,0.24,1.2477052889738447,0.059449269353722745
20,-1.8,17,12,1.0000000000000007,1,0.10836035675695121,-0.05418017837847436,0.05418017837847685,-0.05418017837847436,0.05418017837847436,0.0028027165276559,356.79669710884644,1.12108661106236,0.32447107078210213,0.2675,1.2129759655405687,0.05697107078210212
20,-1.8,18,12,0.9999999999999943,1,0.09915414448953838,-0.04957707224476923,0.04957707224476915,0.04957707224476915,0.04957707224476915,0.0026533170031621247,376.88674169284604,1.06132680126485,0.29772386455265615,0.245,1.2151994471536987,0.05272386455265615
20,-1.8,19,12,0.9999999999999917,1,0.10057856055091242,-0.05028928027545621,0.05028928027545621,-0.05028928027545621,0.05028928027545621,0.0027238665741659116,367.1251776736586,1.0895466296663645,0.30524023470723294,0.2475,1.2332938776049815,0.05774023470723294
20,-2.0,0,12,0.9999999999999976,1,0.1466684580131709,-0.07333422900658418,0.07333422900658672,-0.07333422900658418,0.07333422900658418,0.0028855093894763657,346.5592604366712,1.1542037557905462,0.32866102830437827,0.26,1.2640808780937625,0.06866102830437826
20,-2.0,1,12,1.000000000000001,1,0.12820759360746542,-0.06410379680373217,0.06410379680373324,-0.06410379680373217,0.06410379680373217,0.002665599166598375,375.15017731496374,1.06623966663935,0.291248439009995,0.24,1.2135351625416457,0.051248439009994984
20,-2.0,2,12,0.9999999999999997,1,0.14717922110343867,-0.07358961055171936,0.07358961055171932,0.07358961055171932,0.07358961055171932,0.002882147335099289,346.9635253624362,1.1528589340397155,0.3224624627455572,0.255,1.2645586774335575,0.06746246274555717
20,-2.0,3,12,0.9999999999999932,1,0.14596733114098992,-0.07298366557049489,0.07298366557049503,-0.07298366557049489,0.07298366557049489,0.0028930070422828955,345.66110119486325,1.1572028169131583,0.3310807334397351,0.26,1.2733874363066735,0.07108073343973509
20,-2.0,4,12,1.0000000000000067,1,0.1387891021436061,-0.06939455107180315,0.06939455107180295,0.06939455107180295,0.06939455107180295,0.002767766467469374,361.30215888998777,1.1071065869877497,0.30703811395657005,0.245,1.2532167916594696,0.06203811395657005
20,-2.0,5,12,1.0000000000000075,1,0.1494235032361224,-0.07471175161806098,0.07471175161806141,-0.07471175161806098,0.07471175161806098,0.00291881056803247,342.6053101740296,1.167524227212988,0.32742685389282816,0.2575,1.271560597642051,0.06992685389282816
20,-2.0,6,12,0.9999999999999976,1,0.1397618893725362,-0.0698809446862686,0.0698809446862676,0.0698809446862676,0.0698809446862676,0.002758004247443467,362.5810224646863,1.1032016989773867,0.3115265806024715,0.2575,1.2098119635047437,0.05402658060247151
20,-2.0,7,12,1.0000000000000007,1,0.13203086593571053,-0.06601543296785467,0.06601543296785586,-0.06601543296785467,0.06601543296785467,0.0027188672968293933,367.80022370571373,1.0875469187317575,0.2938568382197,0.2275,1.291678409756923,0.06635683821969998
20,-2.0,8,12,0.9999999999999941,1,0.114340622106026,-0.057170311053012006,0.05717031105301399,-0.057170311053012006,0.057170311053012006,0.002719223800613469,367.75200326445935,1.0876895202453876,0.28536123159108706,0.2225,1.282522389173425,0.06286123159108706
20,-2.0,9,12,1.0000000000000022,1,0.12518675189444856,-0.062593375947223,0.06259337594722555,-0.062593375947223,0.062593375947223,0.0027137113261032444,368.4990331804933,1.0854845304412977,0.2959932792036461,0.235,1.2595458689516856,0.06099327920364611
20,-2.0,10,12,1.000000000000002,1,0.12531329034505068,-0.06265664517252384,0.06265664517252685,-0.06265664517252384,0.06265664517252384,0.0027548571106423697,362.99523345035595,1.1019428442569479,0.302069779412591,0.23,1.3133468670112651,0.07206977941259099
20,-2.0,11,12,0.9999999999999958,1,0.15448884206304886,-0.07724442103152347,0.0772444210315254,-0.07724442103152347,0.07724442103152347,0.003008473634922509,332.39447020307944,1.2033894539690035,0.33849622225101245,0.2625,1.289509418099095,0.07599622225101244
20,-2.0,12,12,0.9999999999999988,1,0.12845344726671692,-0.064226723633358,0.06422672363335892,-0.064226723633358,0.064226723633358,0.0025890123566318693,386.24767372718634,1.0356049426527478,0.2888858769820126,0.235,1.2293016041787772,0.05388587698201264
20,-2.0,13,12,1.0000000000000033,1,0.1404654399792677,-0.07023271998963428,0.0702327199896334,0.0702327199896334,0.0702327199896334,0.0028320738575018144,353.0981359653186,1.1328295430007258,0.3213521416623325,0.255,1.2602044771071863,0.0663521416623325
20,-2.0,14,12,1.0000000000000044,1,0.12734058704564277,-0.06367029352282158,0.0636702935228212,0.0636702935228212,0.0636702935228212,0.0027377657005833505,365.26135154185204,1.0951062802333402,0.29339878908523664,0.23,1.2756469090662461,0.06339878908523663
20,-2.0,15,12,1.0000000000000056,1,0.12196001854174307,-0.06098000927087169,0.06098000927087138,0.06098000927087138,0.06098000927087138,0.002772853144013657,360.6393660475352,1.109141257605463,0.28840201098203655,0.2225,1.2961888134024115,0.06590201098203655
20,-2.0,16,12,0.9999999999999957,1,0.14619177006006567,-0.0730958850300326,0.07309588503003309,-0.0730958850300326,0.0730958850300326,0.0028683313947272097,348.63475044699436,1.1473325578908837,0.31346665824379616,0.24,1.3061110760158174,0.07346665824379617
20,-2.0,17,12,1.0000000000000022,1,0.15232934862860179,-0.07616467431430071,0.07616467431430107,-0.07616467431430071,0.07616467431430071,0.002968440545060131,336.8772204867399,1.1873762180240524,0.3388294546586518,0.2675,1.266652166948231,0.07132945465865176
20,-2.0,18,12,0.9999999999999964,1,0.13599033768865543,-0.06799516884432712,0.06799516884432831,-0.06799516884432712,0.06799516884432712,0.0027591264110928574,362.4335572228863,1.103650564437143,0.3078225114419132,0.245,1.2564184140486252,0.0628225114419132
20,-2.0,19,12,1.000000000000003,1,0.13969043319923116,-0.06984521659961591,0.06984521659961525,0.06984521659961525,0.06984521659961525,0.0028670857305354157,348.7862219638805,1.1468342922141663,0.31941807247942283,0.2475,1.2905780706239307,0.07191807247942283
20,-2.4,0,12,0.999999999999997,1,0.24141322604484947,-0.12070661302242382,0.12070661302242565,-0.12070661302242382,0.12070661302242382,0.003349606682342501,298.5425140424738,1.3398426729370003,0.3607367994436551,0.26,1.3874492286294426,0.1007367994436551
20,-2.4,1,12,1.0000000000000022,1,0.19528972941559186,-0.09764486470779643,0.09764486470779543,0.09764486470779543,0.09764486470779543,0.0030333868213618526,329.6645165587703,1.213354728544741,0.31030150219021513,0.24,1.2929229257925632,0.07030150219021514
20,-2.4,2,12,1.0000000000000002,1,0.23708596695972423,-0.11854298347986217,0.11854298347986204,0.11854298347986204,0.11854298347986204,0.003232811638946481,309.3282602527016,1.2931246555785925,0.3529330973581326,0.255,1.3840513621887554,0.0979330973581326
20,-2.4,3,12,1.000000000000006,1,0.24079797955698934,-0.12039898977849427,0.12039898977849509,-0.12039898977849427,0.12039898977849427,0.0033204926724114234,301.1601285280884,1.3281970689645695,0.36469857879664935,0.26,1.4026868415255744,0.10469857879664934
20,-2.4,4,12,0.9999999999999996,1,0.21613792759300113,-0.10806896379650062,0.10806896379650051,0.10806896379650051,0.10806896379650051,0.0031611424402007444,316.34132878127957,1.2644569760802975,0.3323344314522572,0.245,1.3564670671520702,0.08733443145225722
20,-2.4,5,12,0.9999999999999969,1,0.24504819904168224,-0.12252409952084192,0.12252409952084033,0.12252409952084033,0.12252409952084033,0.0032933773750668145,303.6396641243436,1.3173509500267258,0.3585323018101506,0.2575,1.392358453631653,0.1010323018101506
20,-2.4,6,12,1.0000000000000002,1,0.21368165996824032,-0.10684082998412078,0.10684082998411953,0.10684082998411953,0.10684082998411953,0.0031455570635023702,317.9087137228933,1.258222825400948,0.3294676578305519,0.2575,1.279486049827386,0.07196765783055187
20,-2.4,7,12,1.0000000000000018,1,0.20258429463651428,-0.10129214731825736,0.10129214731825692,0.10129214731825692,0.10129214731825692,0.003122078307959821,320.29946124364454,1.2488313231839285,0.32544350315233284,0.2275,1.4305208929772872,0.09794350315233283
20,-2.4,8,12,1.0000000000000013,1,0.18154560746652731,-0.09077280373326334,0.09077280373326398,-0.09077280373326334,0.09077280373326334,0.0032665744323616495,306.1310925883375,1.3066297729446597,0.31962797540801774,0.2225,1.4365302265528888,0.09712797540801774
20,-2.4,9,12,1.0000000000000009,1,0.1955797544088903,-0.09778987720444547,0.09778987720444482,0.09778987720444482,0.09778987720444482,0.003210351873620533,311.4923345995191,1.284140749448213,0.32425690941298924,0.235,1.3798166357999542,0.08925690941298925
20,-2.4,10,12,0.9999999999999968,1,0.19580559755644059,-0.09790279877822017,0.09790279877822042,-0.09790279877822017,0.09790279877822017,0.003289961630941545,303.95491260298155,1.315984652376618,0.3399025947443163,0.23,1.477837368453549,0.10990259474431627
20,-2.4,11,12,1.0000000000000049,1,0.2598811714467506,-0.12994058572337494,0.12994058572337563,-0.12994058572337494,0.12994058572337494,0.003550375040043635,281.6603848104199,1.420150016017454,0.3775493524466126,0.2625,1.4382832474156668,0.11504935244661257
20,-2.4,12,12,0.9999999999999991,1,0.18928113423006204,-0.09464056711503142,0.09464056711503062,0.09464056711503062,0.09464056711503062,0.002823037567676195,354.22837140036984,1.129215027070478,0.30857887199632367,0.235,1.3131015829630794,0.07357887199632368
20,-2.4,13,12,0.9999999999999947,1,0.22665883250711033,-0.1133294162535553,0.11332941625355501,0.11332941625355501,0.11332941625355501,0.0032844451822498463,304.4654255167077,1.3137780728999384,0.35127613723457973,0.255,1.3775534793512931,0.09627613723457973
20,-2.4,14,12,1.0000000000000007,1,0.20095893091679617,-0.10047946545839792,0.10047946545839825,-0.10047946545839792,0.10047946545839792,0.003117622892245886,320.7572033446341,1.2470491568983544,0.32111447260661735,0.23,1.3961498808983364,0.09111447260661734
20,-2.4,15,12,1.0000000000000038,1,0.19706240012910367,-0.0985312000645515,0.09853120006455217,-0.0985312000645515,0.0985312000645515,0.0032058545494976676,311.9293107532568,1.282341819799067,0.32059633618802186,0.2225,1.440882409833806,0.09809633618802185
20,-2.4,16,12,1.0000000000000018,1,0.2332998947031987,-0.1166499473515986,0.1166499473516001,-0.1166499473515986,0.1166499473515986,0.0033051798347506975,302.5553978896969,1.322071933900279,0.34923383526042917,0.24,1.4551409802517883,0.10923383526042918
20,-2.4,17,12,0.9999999999999942,1,0.25528971061310723,-0.12764485530655292,0.12764485530655434,-0.12764485530655292,0.12764485530655292,0.003403596655641353,293.80684645536127,1.361438662256541,0.37196130344453227,0.2675,1.3905095455870364,0.10446130344453225
20,-2.4,18,12,0.9999999999999966,1,0.21533687337391358,-0.10766843668695743,0.10766843668695615,0.10766843668695615,0.10766843668695615,0.0031319996754928183,319.28483512459195,1.2527998701971275,0.3326767180874796,0.245,1.3578641554591004,0.08767671808747962
20,-2.4,19,12,0.9999999999999939,1,0.22914128325892566,-0.11457064162946232,0.11457064162946334,-0.11457064162946232,0.11457064162946232,0.003408362584810882,293.3960149828034,1.3633450339243527,0.356147684333473,0.2475,1.438980542761507,0.108647684333473
20,-2.8,0,12,1.0000000000000018,1,0.3193355044942837,-0.1596677522471419,0.1596677522471418,0.1596677522471418,0.1596677522471418,0.0050588744537186725,197.6724287484385,2.023549781487469,0.43948540033584876,0.26,1.6903284628301876,0.17948540033584875
20,-2.8,1,12,0.999999999999997,1,0.23682756702302915,-0.11841378351151495,0.11841378351151421,0.11841378351151421,0.11841378351151421,0.004434847746620129,225.4868841353385,1.7739390986480517,0.37504421092681395,0.24,1.5626842121950582,0.13504421092681396
20,-2.8,2,12,1.0000000000000049,1,0.29518432703753833,-0.1475921635187689,0.14759216351876944,-0.1475921635187689,0.1475921635187689,0.004243436905549505,235.658034338207,1.697374762219802,0.4305021196008081,0.255,1.6882436062776787,0.17550211960080808
20,-2.8,3,12,1.0000000000000087,1,0.3154986782105048,-0.15774933910525227,0.15774933910525257,-0.15774933910525227,0.15774933910525227,0.004298557243182122,232.63619475722587,1.7194228972728487,0.44469056930659945,0.26,1.7103483434869209,0.18469056930659944
20,-2.8,4,12,1.0000000000000009,1,0.26276435411512766,-0.13138217705756391,0.13138217705756378,0.13138217705756378,0.13138217705756378,0.004630368473089059,215.96553401998904,1.8521473892356237,0.4018672121890823,0.245,1.640274335465642,0.15686721218908228
20,-2.8,5,12,0.9999999999999989,1,0.2986044865873883,-0.14930224329369404,0.14930224329369426,-0.14930224329369404,0.14930224329369404,0.005135454982547915,194.72471346713237,2.054181993019166,0.4400728008672897,0.2575,1.7090205858923873,0.18257280086728972
20,-2.8,6,12,0.9999999999999993,1,0.25368096858891565,-0.12684048429445793,0.12684048429445768,0.12684048429445768,0.12684048429445768,0.004631643189282885,215.90609620229176,1.852657275713154,0.39487292627123355,0.2575,1.53348709231547,0.13737292627123354
20,-2.8,7,12,1.0,1,0.24786186816977226,-0.12393093408488634,0.12393093408488592,0.12393093408488592,0.12393093408488592,0.004767909272199887,209.73553457291473,1.907163708879955,0.40711763689267194,0.2275,1.789528074253503,0.17961763689267193
20,-2.8,8,12,0.9999999999999942,1,0.24630639725004794,-0.12315319862502519,0.12315319862502275,0.12315319862502275,0.12315319862502275,0.0045987922360867526,217.44839702759205,1.839516894434701,0.39353719584234775,0.2225,1.768706498167855,0.17103719584234775
20,-2.8,9,12,0.999999999999998,1,0.2540146910449914,-0.1270073455224962,0.12700734552249518,0.12700734552249518,0.12700734552249518,0.004606068159582938,217.10490712550512,1.8424272638331751,0.40126731313988856,0.235,1.7075204814463343,0.16626731313988857
20,-2.8,10,12,0.9999999999999972,1,0.2623546721818505,-0.13117733609092483,0.13117733609092563,-0.13117733609092483,0.13117733609092483,0.004824806226872911,207.26220970911973,1.9299224907491643,0.41323352189288665,0.23,1.7966674864908114,0.18323352189288664
20,-2.8,11,12,0.9999999999999968,1,0.3427634470669582,-0.17138172353347866,0.17138172353347955,-0.17138172353347866,0.17138172353347866,0.0062256466653779485,160.62588414488692,2.4902586661511794,0.47029046010530023,0.2625,1.7915827051630484,0.20779046010530022
20,-2.8,12,12,1.0000000000000029,1,0.2147706986253804,-0.10738534931269016,0.10738534931269024,-0.10738534931269016,0.10738534931269016,0.0042252739716603085,236.6710435127247,1.6901095886641235,0.3820876692107621,0.235,1.6259049753649453,0.1470876692107621
20,-2.8,13,12,0.999999999999997,1,0.2879493889081939,-0.14397469445409705,0.1439746944540968,0.1439746944540968,0.1439746944540968,0.004896710675824098,204.2187227718337,1.9586842703296392,0.4318328853020639,0.255,1.6934622953022112,0.17683288530206387
20,-2.8,14,12,0.9999999999999972,1,0.24664891380852805,-0.12332445690426415,0.12332445690426391,0.12332445690426391,0.12332445690426391,0.004098666778135144,243.98177605816272,1.6394667112540575,0.394733234862107,0.23,1.7162314559222043,0.16473323486210698
20,-2.8,15,12,1.0000000000000053,1,0.26386929387966596,-0.1319346469398334,0.13193464693983253,0.13193464693983253,0.13193464693983253,0.004278126276971755,233.74719100340437,1.711250510788702,0.3894290314395854,0.2225,1.7502428379307209,0.1669290314395854
20,-2.8,16,12,0.9999999999999959,1,0.29073048025925463,-0.14536524012962737,0.1453652401296273,0.1453652401296273,0.1453652401296273,0.0051025173154583235,195.98169651878524,2.0410069261833295,0.44562428979111757,0.24,1.8567678741296565,0.20562428979111758
20,-2.8,17,12,1.0000000000000007,1,0.3228056828958957,-0.16140284144794767,0.161402841447948,-0.16140284144794767,0.16140284144794767,0.0051301169686322375,194.9273293600193,2.052046787452895,0.46086366704601883,0.2675,1.7228548300785749,0.19336366704601882
20,-2.8,18,12,0.9999999999999989,1,0.27909299012511857,-0.13954649506255998,0.1395464950625586,0.1395464950625586,0.1395464950625586,0.00412855082639276,242.2157415641484,1.651420330557104,0.39249657518843695,0.245,1.6020268375038242,0.14749657518843695
20,-2.8,19,12,0.9999999999999968,1,0.3155301543226136,-0.15776507716130625,0.15776507716130736,-0.15776507716130625,0.15776507716130625,0.004705440185648146,212.51996849307648,1.8821760742592586,0.43006363158363753,0.2475,1.7376308346813638,0.18256363158363753
20,-3.0,0,12,1.0000000000000013,1,0.29137088078804074,-0.14568544039402093,0.14568544039401982,0.14568544039401982,0.14568544039401982,0.016260026130398886,61.50051617263104,6.504010452159554,0.6097241031331433,0.26,2.3450927043582435,0.3497241031331433
20,-3.0,1,12,1.000000000000004,1,0.22596144323992845,-0.11298072161996421,0.11298072161996425,-0.11298072161996421,0.11298072161996421,0.007728229193458209,129.39574836192486,3.0912916773832837,0.46980348207181966,0.24,1.957514508632582,0.22980348207181966
20,-3.0,2,12,1.0000000000000044,1,0.2685809901957869,-0.13429049509789426,0.13429049509789265,0.13429049509789265,0.13429049509789265,0.008094116560279276,123.54652821623023,3.2376466241117106,0.547654354144732,0.255,2.1476641339009097,0.29265435414473195
20,-3.0,3,12,1.0000000000000009,1,0.2757556332016604,-0.1378778166008304,0.13787781660083004,0.13787781660083004,0.13787781660083004,0.013431668346135083,74.45091512311996,5.3726673384540335,0.6016454725011103,0.26,2.3140210480811936,0.3416454725011103
20,-3.0,4,12,1.0000000000000033,1,0.2468987169167246,-0.12344935845836179,0.1234493584583628,-0.12344935845836179,0.12344935845836179,0.008340243007571886,119.90058312355244,3.3360972030287543,0.5036719066611285,0.245,2.0558037006576675,0.2586719066611285
20,-3.0,5,12,0.9999999999999968,1,0.2602841979372943,-0.13014209896864673,0.1301420989686476,-0.13014209896864673,0.13014209896864673,0.009320760718386768,107.28738031299655,3.7283042873547068,0.542621321400651,0.2575,2.1072672675753434,0.285121321400651
20,-3.0,6,12,1.0000000000000062,1,0.23925259234376567,-0.11962629617188247,0.11962629617188321,-0.11962629617188247,0.11962629617188247,0.007447523391079864,134.272824332144,2.9790093564319453,0.4956959278756661,0.2575,1.925032729614237,0.23819592787566607
20,-3.0,7,12,1.0000000000000009,1,0.24309272421266973,-0.12154636210633464,0.12154636210633508,-0.12154636210633464,0.12154636210633464,0.0075348042165622004,132.71744975163483,3.0139216866248804,0.5059352280668065,0.2275,2.223891112381567,0.27843522806680643
20,-3.0,8,12,1.0000000000000016,1,0.24718245435305397,-0.12359122717652678,0.12359122717652721,-0.12359122717652678,0.12359122717652678,0.007656902534120818,130.60111390262358,3.0627610136483274,0.5173142435567618,0.2225,2.3250078362101654,0.2948142435567618
20,-3.0,9,12,0.9999999999999978,1,0.23608397127715675,-0.11804198563857862,0.11804198563857811,0.11804198563857811,0.11804198563857811,0.012810010501514636,78.0639484941688,5.124004200605854,0.5945997316253724,0.235,2.530211623937755,0.3595997316253724
20,-3.0,10,12,0.9999999999999943,1,0.2743332384456635,-0.1371666192228324,0.1371666192228311,0.1371666192228311,0.1371666192228311,0.010716211029986275,93.31656470759896,4.28648441199451,0.5544183768123943,0.23,2.4105146817930185,0.32441837681239427
20,-3.0,11,12,0.9999999999999963,1,0.278801487107895,-0.1394007435539473,0.13940074355394766,-0.1394007435539473,0.1394007435539473,0.014079849761459871,71.02348511823288,5.631939904583948,0.6100239361416877,0.2625,2.323900709111191,0.3475239361416877
20,-3.0,12,12,0.9999999999999968,1,0.19111794547603123,-0.0955589727380155,0.09555897273801572,-0.0955589727380155,0.0955589727380155,0.007338533082810318,136.26701531705112,2.935413233124127,0.49047837642657227,0.235,2.087142027347116,0.2554783764265723
20,-3.0,13,12,1.0000000000000027,1,0.25537548999239656,-0.12768774499619834,0.12768774499619825,0.12768774499619825,0.12768774499619825,0.011034189264489534,90.62741049931249,4.413675705795813,0.6176060738150788,0.255,2.4219846031963876,0.3626060738150788
20,-3.0,14,12,1.0000000000000044,1,0.21946721551183646,-0.10973360775591762,0.10973360775591885,-0.10973360775591762,0.10973360775591762,0.007818641255630374,127.89946069975754,3.1274565022521497,0.49895206820143395,0.23,2.169356818267104,0.2689520682014339
20,-3.0,15,12,1.0000000000000016,1,0.25755690417451227,-0.1287784520872564,0.12877845208725586,0.12877845208725586,0.12877845208725586,0.007672883020545893,130.32910801875542,3.0691532082183572,0.5024202029164988,0.2225,2.2580683277146014,0.2799202029164988
20,-3.0,16,12,0.999999999999996,1,0.2484964130904996,-0.1242482065452502,0.1242482065452494,0.1242482065452494,0.1242482065452494,0.009540279065979068,104.81873675645727,3.8161116263916273,0.5842930028702906,0.24,2.434554178626211,0.34429300287029063
20,-3.0,17,12,0.9999999999999974,1,0.25936350030875177,-0.12968175015437536,0.12968175015437639,-0.12968175015437536,0.12968175015437536,0.009148383991186637,109.30892286149982,3.659353596474655,0.5785446982132332,0.2675,2.1627839185541426,0.31104469821323316
20,-3.0,18,12,1.0000000000000022,1,0.26336260722143334,-0.13168130361071678,0.13168130361071656,0.13168130361071656,0.13168130361071656,0.009578721790128149,104.39806290549143,3.8314887160512594,0.5251243654036203,0.245,2.1433647567494707,0.2801243654036203
20,-3.0,19,12,0.9999999999999949,1,0.28870177740898806,-0.14435088870449422,0.14435088870449383,0.14435088870449383,0.14435088870449383,0.018507964670396067,54.03079257005088,7.403185868158426,0.6140158546080938,0.2475,2.4808721398306823,0.3665158546080938
20,-3.2,0,12,0.9999999999999959,1,0.1736905574371424,-0.08684527871857146,0.08684527871857092,0.08684527871857092,0.08684527871857092,0.025409571423699547,39.35524859216234,10.163828569479818,0.7477456694937064,0.26,2.8759448826681013,0.48774566949370635
20,-3.2,1,12,1.000000000000001,1,0.14726036867499792,-0.07363018433749838,0.07363018433749956,-0.07363018433749838,0.07363018433749838,0.02803407480970122,35.67087577486056,11.213629923880488,0.8313892770734077,0.24,3.4641219878058656,0.5913892770734077
20,-3.2,2,12,0.9999999999999919,1,0.18028618649096242,-0.09014309324548155,0.09014309324548088,0.09014309324548088,0.09014309324548088,0.031196892307414154,32.05447485429,12.478756922965662,0.7258993831848031,0.255,2.8466642477835413,0.47089938318480307
20,-3.2,3,12,0.9999999999999979,1,0.16416338571039596,-0.08208169285519798,0.08208169285519798,-0.08208169285519798,0.08208169285519798,0.040268425362816086,24.833352458906955,16.107370145126435,0.7230827833813985,0.26,2.781087628389994,0.4630827833813985
20,-3.2,4,12,1.0000000000000002,1,0.16346468786533935,-0.08173234393266944,0.08173234393266991,-0.08173234393266944,0.08173234393266944,0.028300106486293303,35.335556086488005,11.320042594517322,0.6918423275550007,0.245,2.8238462349183706,0.44684232755500075
20,-3.2,5,12,1.0000000000000013,1,0.18338103804302397,-0.09169051902151201,0.09169051902151197,0.09169051902151197,0.09169051902151197,0.017432109927855176,57.36540236027749,6.972843971142071,0.7173599983288278,0.2575,2.7858640711799136,0.4598599983288278
20,-3.2,6,12,1.0000000000000033,1,0.16911316244881813,-0.08455658122440911,0.08455658122440901,0.08455658122440901,0.08455658122440901,0.03391187813645079,29.488192779424157,13.564751254580315,0.6816695860326967,0.2575,2.647260528282317,0.42416958603269667
20,-3.2,7,12,0.9999999999999979,1,0.16901538447676567,-0.08450769223838257,0.08450769223838309,-0.08450769223838257,0.08450769223838257,0.054349004036247164,18.399601202131812,21.739601614498866,0.7020361286185843,0.2275,3.085873092828942,0.4745361286185843
20,-3.2,8,12,0.9999999999999981,1,0.14792829938190738,-0.07396414969095368,0.0739641496909537,-0.07396414969095368,0.07396414969095368,0.01943753762552198,51.44684575102634,7.775015050208792,0.7587456234306513,0.2225,3.410092689575961,0.5362456234306513
20,-3.2,9,12,0.9999999999999994,1,0.11496242496372658,-0.057481212481863185,0.057481212481863386,-0.057481212481863185,0.057481212481863185,0.041048446746774485,24.36145772260136,16.419378698709796,0.8037727853563406,0.235,3.4203097249205983,0.5687727853563406
20,-3.2,10,12,1.0000000000000053,1,0.13585024269686766,-0.0679251213484335,0.06792512134843416,-0.0679251213484335,0.0679251213484335,0.03039607863481002,32.89898055648487,12.158431453924008,0.7408468002909128,0.23,3.2210730447430986,0.5108468002909128
20,-3.2,11,12,0.999999999999999,1,0.16780579804958667,-0.08390289902479282,0.08390289902479384,-0.08390289902479282,0.08390289902479282,0.028291753820428832,35.34598831684739,11.316701528171533,0.6957063314217748,0.2625,2.6503098339877136,0.43320633142177484
20,-3.2,12,12,0.9999999999999966,1,0.12272637532159611,-0.06136318766079792,0.06136318766079818,-0.06136318766079792,0.06136318766079792,0.01618826679620757,61.77313560425569,6.4753067184830275,0.6564330214907022,0.235,2.7933320063434137,0.42143302149070216
20,-3.2,13,12,0.9999999999999981,1,0.13941208016217793,-0.06970604008108888,0.06970604008108906,-0.06970604008108888,0.06970604008108888,0.01948118539694345,51.33157862954775,7.792474158777379,0.7719128822293325,0.255,3.0271093420758137,0.5169128822293325
20,-3.2,14,12,0.9999999999999963,1,0.14359896328143035,-0.07179948164071519,0.07179948164071516,0.07179948164071516,0.07179948164071516,0.020189990718596482,49.52949280352693,8.075996287438592,0.6263328169779648,0.23,2.72318616077376,0.39633281697796485
20,-3.2,15,12,0.999999999999991,1,0.18155947759204583,-0.09077973879602308,0.09077973879602273,0.09077973879602273,0.09077973879602273,0.022568341654456016,44.309857379465655,9.027336661782407,0.705046366205824,0.2225,3.168747713284602,0.4825463662058239
20,-3.2,16,12,0.9999999999999966,1,0.16084830590170165,-0.08042415295085058,0.08042415295085108,-0.08042415295085058,0.08042415295085058,0.027307440485122444,36.62005600798862,10.922976194048978,0.6748838549761369,0.24,2.8120160624005703,0.4348838549761369
20,-3.2,17,12,0.9999999999999938,1,0.1568705893866211,-0.07843529469331091,0.07843529469331019,0.07843529469331019,0.07843529469331019,0.013626148581708755,73.38830880960475,5.450459432683502,0.6696261999404434,0.2675,2.5032755137960496,0.40212619994044335
20,-3.2,18,12,0.9999999999999964,1,0.17729147646933002,-0.08864573823466528,0.08864573823466475,0.08864573823466475,0.08864573823466475,0.018877600009240006,52.97283550401167,7.551040003696002,0.6851217825515895,0.245,2.7964154389860796,0.4401217825515895
20,-3.2,19,12,1.0000000000000029,1,0.17298451168127732,-0.0864922558406391,0.08649225584063823,0.08649225584063823,0.08649225584063823,0.03667267832030748,27.268256527809978,14.669071328122993,0.7275564161617348,0.2475,2.939621883481757,0.48005641616173483
20,-3.4,0,12,0.9999999999999968,1,0.030506921699761123,-0.01525346084988008,0.015253460849881042,-0.01525346084988008,0.01525346084988008,0.021349314283155934,46.83991189304729,8.539725713262374,0.8016073327628566,0.26,3.0831051260109867,0.5416073327628566
20,-3.4,1,12,1.0000000000000016,1,0.01624929849440513,-0.008124649247202501,0.008124649247202628,-0.008124649247202501,0.008124649247202501,0.019327133538330096,51.74073009930691,7.730853415332039,0.837679763558685,0.24,3.490332348161188,0.597679763558685
20,-3.4,2,12,1.0000000000000038,1,0.03934459157236436,-0.019672295786182195,0.01967229578618217,0.01967229578618217,0.01967229578618217,0.03482910314721463,28.711620732042093,13.931641258885852,0.7973706068904648,0.255,3.1269435564331953,0.5423706068904648
20,-3.4,3,12,1.0000000000000013,1,0.034171010518776794,-0.01708550525938754,0.017085505259389254,-0.01708550525938754,0.01708550525938754,0.03514116475378588,28.456654951719162,14.056465901514352,0.7555092641717005,0.26,2.905804862198848,0.4955092641717005
20,-3.4,4,12,1.0,1,0.032801151629049285,-0.01640057581452445,0.016400575814524837,-0.01640057581452445,0.01640057581452445,0.02733769528061862,36.579528366788175,10.93507811224745,0.7649174517242179,0.245,3.1221120478539506,0.5199174517242179
20,-3.4,5,12,0.9999999999999938,1,0.043707733073706304,-0.021853866536852954,0.02185386653685335,-0.021853866536852954,0.021853866536852954,0.021707727049863193,46.06654569144779,8.683090819945278,0.7910867445650733,0.2575,3.072181532291547,0.5335867445650733
20,-3.4,6,12,1.0000000000000064,1,0.04341659034448489,-0.02170829517224238,0.021708295172242507,-0.02170829517224238,0.02170829517224238,0.03055960664446216,32.72293428492851,12.223842657784864,0.7797878371440486,0.2575,3.028302280171063,0.5222878371440487
20,-3.4,7,12,1.0000000000000009,1,0.03772807357691125,-0.01886403678845586,0.01886403678845539,0.01886403678845539,0.01886403678845539,0.020613500669456872,48.511895967369824,8.245400267782749,0.765153448388054,0.2275,3.363311861046391,0.537653448388054
20,-3.4,8,12,1.0000000000000049,1,0.03806317084920454,-0.01903158542460236,0.01903158542460218,0.01903158542460218,0.01903158542460218,0.02118961746022713,47.19292369845741,8.475846984090852,0.8176847797365802,0.2225,3.6749877740969894,0.5951847797365801
20,-3.4,9,12,0.9999999999999947,1,0.012335830758722514,-0.006167915379361121,0.006167915379361394,-0.006167915379361121,0.006167915379361121,0.023204408265934163,43.09525968253524,9.281763306373666,0.8169824925791874,0.235,3.476521245017819,0.5819824925791874
20,-3.4,10,12,1.000000000000007,1,0.012330476170365624,-0.006165238085183084,0.006165238085182541,0.006165238085182541,0.006165238085182541,0.023057828793643157,43.36921784568421,9.223131517457263,0.7524835314835393,0.23,3.271667528189301,0.5224835314835393
20,-3.4,11,12,0.999999999999999,1,0.04670442474791343,-0.0233522123739566,0.023352212373956828,-0.0233522123739566,0.0233522123739566,0.02196888078608647,45.51893242705969,8.787552314434588,0.7653122868347826,0.2625,2.9154753784182192,0.5028122868347826
20,-3.4,12,12,0.9999999999999979,1,0.01967234977704871,-0.009836174888524868,0.00983617488852384,0.00983617488852384,0.00983617488852384,0.019747237193733932,50.63999536691207,7.898894877493573,0.7678672825461131,0.235,3.267520351260056,0.5328672825461132
20,-3.4,13,12,0.9999999999999984,1,0.025472475463616785,-0.012736237731807938,0.012736237731808847,-0.012736237731807938,0.012736237731807938,0.032258570497131905,30.999513759883115,12.903428198852762,0.781173965424393,0.255,3.0634273153897764,0.526173965424393
20,-3.4,14,12,0.9999999999999974,1,0.027227195677706262,-0.013613597838853667,0.013613597838852593,0.013613597838852593,0.013613597838852593,0.026439562997685212,37.82210772876807,10.575825199074085,0.7489214191200271,0.23,3.2561800831305523,0.5189214191200271
20,-3.4,15,12,0.9999999999999943,1,0.06298758887885594,-0.03149379443942836,0.03149379443942758,0.03149379443942758,0.03149379443942758,0.018631845081637698,53.671549737472496,7.45273803265508,0.7835950400398514,0.2225,3.5217754608532643,0.5610950400398513
20,-3.4,16,12,0.9999999999999907,1,0.03981729818141392,-0.019908649090706797,0.019908649090707123,-0.019908649090706797,0.019908649090706797,0.030378321719070327,32.91821086259149,12.151328687628132,0.7752823919490099,0.24,3.2303432997875414,0.53528239194901
20,-3.4,17,12,1.0000000000000022,1,0.029338672269093525,-0.014669336134546417,0.014669336134547108,-0.014669336134546417,0.014669336134546417,0.01851657139001684,54.005678423768416,7.406628556006735,0.7577155778370557,0.2675,2.832581599390862,0.49021557783705566
20,-3.4,18,12,1.0000000000000049,1,0.05375292907459413,-0.02687646453729736,0.02687646453729677,0.02687646453729677,0.02687646453729677,0.025445004471321017,39.30044504912926,10.178001788528409,0.8125648402693872,0.245,3.316591184773009,0.5675648402693872
20,-3.4,19,12,1.0000000000000053,1,0.03278543360076333,-0.016392716800382134,0.0163927168003812,0.0163927168003812,0.0163927168003812,0.023601067601458588,42.37096460577903,9.440427040583435,0.7893604467231042,0.2475,3.1893351382751685,0.5418604467231043
20,-3.6,0,12,-6.621738149324739e-15,0,0.10977706286095187,-0.054888531430475444,0.05488853143047644,-0.054888531430475444,0.054888531430475444,0.01645303857462107,60.779046707062804,6.581215429848428,0.7888064933171715,0.26,3.033871128142967,0.5288064933171714
20,-3.6,1,12,2.1645441582182266e-15,0,0.1077842645247796,-0.05389213226238996,0.05389213226238963,0.05389213226238963,0.05389213226238963,0.02372516164931334,42.14934400790236,9.490064659725338,0.7822994659176,0.24,3.2595811079900003,0.5422994659176
20,-3.6,2,12,9.63884765965749e-15,0,0.09227687220814274,-0.04613843610407142,0.04613843610407131,0.04613843610407131,0.04613843610407131,0.02727552735521376,36.66290249778978,10.910210942085502,0.7619166543633163,0.255,2.9879084484835934,0.5069166543633163
20,-3.6,3,12,3.754821498949985e-15,0,0.09652706758290147,-0.04826353379144962,0.04826353379145185,-0.04826353379144962,0.04826353379144962,0.030335286731077757,32.96491010172403,12.134114692431105,0.7582075608683392,0.26,2.916182926416689,0.49820756086833917
20,-3.6,4,12,-5.168401357378215e-16,0,0.09804719836595448,-0.0490235991829773,0.049023599182977176,0.049023599182977176,0.049023599182977176,0.026639163027135836,37.53871692520352,10.655665210854334,0.7627789108597192,0.245,3.113383309631507,0.5177789108597192
20,-3.6,5,12,6.670329956958208e-16,0,0.09612606194495356,-0.04806303097247705,0.04806303097247651,0.04806303097247651,0.04806303097247651,0.01937504149611795,51.612792684875714,7.75001659844718,0.7886245970534173,0.2575,3.062619794382203,0.5311245970534173
20,-3.6,6,12,1.3914926731402886e-15,0,0.08637679652624505,-0.043188398263121895,0.04318839826312315,-0.043188398263121895,0.043188398263121895,0.027623662928689455,36.20084717155368,11.049465171475783,0.7833086343461845,0.2575,3.0419752790143084,0.5258086343461845
20,-3.6,7,12,-2.8359945909716358e-15,0,0.09733538734988162,-0.048667693674940976,0.04866769367494064,0.04866769367494064,0.04866769367494064,0.02122179131228217,47.12137563153056,8.488716524912867,0.765071475205226,0.2275,3.3629515393636304,0.537571475205226
20,-3.6,8,12,4.1523908341329246e-15,0,0.09941708722627585,-0.04970854361313788,0.049708543613137965,-0.04970854361313788,0.04970854361313788,0.027820703767824893,35.94445375449189,11.128281507129959,0.8187238894871068,0.2225,3.6796579302791317,0.5962238894871068
20,-3.6,9,12,1.2854741837581714e-15,0,0.10281270985461999,-0.05140635492730956,0.05140635492731043,-0.05140635492730956,0.05140635492730956,0.028999104255573258,34.48382374803224,11.599641702229304,0.7806462060363945,0.235,3.3218987490910403,0.5456462060363945
20,-3.6,10,12,3.993363100059749e-15,0,0.10031279209803107,-0.05015639604901517,0.0501563960490159,-0.05015639604901517,0.05015639604901517,0.024563821936903547,40.71027719418721,9.825528774761418,0.731795818321428,0.23,3.1817209492236,0.501795818321428
20,-3.6,11,12,-4.417437057588218e-18,0,0.07527637990926547,-0.037638189954632535,0.03763818995463293,-0.037638189954632535,0.037638189954632535,0.019973682956939815,50.06587929506271,7.989473182775926,0.8230431817817904,0.2625,3.135402597263963,0.5605431817817903
20,-3.6,12,12,1.8553235641870513e-15,0,0.08902794640793689,-0.0445139732039683,0.04451397320396859,-0.0445139732039683,0.0445139732039683,0.019023334276366714,52.567020348390315,7.609333710546685,0.8402195396579659,0.235,3.5754022964168763,0.6052195396579659
20,-3.6,13,12,-3.4456009049188097e-15,0,0.10700552487599005,-0.0535027624379945,0.053502762437995545,-0.0535027624379945,0.0535027624379945,0.03565255832532429,28.048478060821015,14.261023330129717,0.771102105427964,0.255,3.023929825207702,0.516102105427964
20,-3.6,14,12,4.178895456478454e-15,0,0.10089716247224234,-0.05044858123612148,0.05044858123612086,0.05044858123612086,0.05044858123612086,0.02411578446628634,41.466617078038304,9.646313786514536,0.7269056096542154,0.23,3.160459172409632,0.4969056096542154
20,-3.6,15,12,-7.951386703658792e-17,0,0.05099307435154056,-0.025496537175770873,0.025496537175769683,0.025496537175769683,0.025496537175769683,0.0219551637885653,45.54737143527121,8.782065515426119,0.7948200285826145,0.2225,3.572224847562312,0.5723200285826144
20,-3.6,16,12,-3.728316876604456e-15,0,0.07027400870460854,-0.03513700435230444,0.03513700435230409,0.03513700435230409,0.03513700435230409,0.01629417712592075,61.37161712874728,6.5176708503683,0.8012738830255388,0.24,3.3386411792730786,0.5612738830255388
20,-3.6,17,12,-2.4075031963855786e-15,0,0.1036151553288971,-0.05180757766444859,0.05180757766444852,0.05180757766444852,0.05180757766444852,0.01937615342123384,51.609830819368156,7.750461368493536,0.7396894772059541,0.2675,2.765194307311978,0.4721894772059541
20,-3.6,18,12,-7.863037962507028e-16,0,0.085200303736465,-0.04260015186823279,0.042600151868232225,0.042600151868232225,0.042600151868232225,0.02723096544531236,36.72289923059426,10.892386178124944,0.8308859491242663,0.245,3.3913712209153726,0.5858859491242663
20,-3.6,19,12,-8.075074941271262e-15,0,0.1060484344958368,-0.05302421724791878,0.05302421724791802,0.05302421724791802,0.05302421724791802,0.021566828943257614,46.36750273445404,8.626731577303046,0.7744019366025072,0.2475,3.1288967135454837,0.5269019366025072
20,-3.8,0,12,3.065701317966223e-15,0,0.2310724714469039,-0.11553623572345201,0.1155362357234519,0.1155362357234519,0.1155362357234519,0.015942094962187563,62.727013129194205,6.376837984875026,0.7182985756926077,0.26,2.7626868295869524,0.4582985756926077
20,-3.8,1,12,-8.839291552234024e-15,0,0.22239617675343193,-0.11119808837671606,0.11119808837671587,0.11119808837671587,0.11119808837671587,0.03203108524543562,31.219672775292512,12.812434098174247,0.6690837706370434,0.24,2.787849044321014,0.4290837706370434
20,-3.8,2,12,3.843170240101749e-15,0,0.20586510695028076,-0.10293255347513973,0.10293255347514105,-0.10293255347513973,0.10293255347513973,0.01987686660719553,50.30974045164617,7.9507466428782125,0.7289753649274356,0.255,2.8587269212840614,0.47397536492743564
20,-3.8,3,12,-7.226927026214325e-15,0,0.21727852381350266,-0.1086392619067519,0.10863926190675074,0.10863926190675074,0.10863926190675074,0.02590064199857527,38.60908158396257,10.360256799430108,0.7049084546961377,0.26,2.7111863642159144,0.4449084546961377
20,-3.8,4,12,1.5461029701558762e-15,0,0.21520435966488144,-0.10760217983244062,0.10760217983244083,-0.10760217983244062,0.10760217983244062,0.027328090843436924,36.592384214799935,10.93123633737477,0.7222312001133018,0.245,2.947882449442048,0.4772312001133018
20,-3.8,5,12,2.111534913527168e-15,0,0.2246719953322393,-0.1123359976661194,0.11233599766611992,-0.1123359976661194,0.1123359976661194,0.017753815575581897,56.32592023628837,7.101526230232759,0.7625339316659245,0.2575,2.9612968220035905,0.5050339316659245
20,-3.8,6,12,1.1485336349729366e-15,0,0.20506020931920843,-0.10253010465960408,0.10253010465960434,-0.10253010465960408,0.10253010465960408,0.030053581936831327,33.27390399260455,12.02143277473253,0.748743391262279,0.2575,2.9077413252904036,0.49124339126227895
20,-3.8,7,12,-6.6526602087278556e-15,0,0.21885292395437805,-0.10942646197718889,0.10942646197718918,-0.10942646197718889,0.10942646197718889,0.021473311644837487,46.5694354247597,8.589324657934995,0.7097471439854948,0.2275,3.1197676658703064,0.48224714398549473
20,-3.8,8,12,-8.039735444810556e-16,0,0.22421178135597641,-0.1121058906779888,0.11210589067798761,0.11210589067798761,0.11210589067798761,0.030697770499751954,32.57565561668657,12.279108199900781,0.697653154557253,0.2225,3.1355197957629346,0.47515315455725293
20,-3.8,9,12,1.6521214595379934e-15,0,0.22571947846674517,-0.1128597392333726,0.11285973923337257,0.11285973923337257,0.11285973923337257,0.025972994503554416,38.50152895782385,10.389197801421766,0.749928747839143,0.235,3.19118616101763,0.514928747839143
20,-3.8,10,12,2.8359945909716358e-15,0,0.21713549632472523,-0.10856774816236232,0.1085677481623629,-0.10856774816236232,0.10856774816236232,0.02506328790855141,39.8989950420195,10.025315163420565,0.7040830422941502,0.23,3.0612306186702183,0.4740830422941502
20,-3.8,11,12,-1.1485336349729366e-15,0,0.20389429805434983,-0.10194714902717465,0.10194714902717517,-0.10194714902717465,0.10194714902717465,0.02352979628009763,42.49930548042342,9.411918512039053,0.8220261348844781,0.2625,3.1315281328932496,0.559526134884478
20,-3.8,12,12,-4.947529504498804e-16,0,0.21016371652792187,-0.10508185826396077,0.1050818582639611,-0.10508185826396077,0.10508185826396077,0.02068090007716363,48.35379486718884,8.272360030865453,0.807025500310064,0.235,3.4341510651492086,0.572025500310064
20,-3.8,13,12,4.18773033059363e-15,0,0.2289902778880086,-0.1144951389440045,0.11449513894400411,0.11449513894400411,0.11449513894400411,0.024104286141163334,41.486397653248964,9.641714456465333,0.7346588362824562,0.255,2.881015044244926,0.4796588362824562
20,-3.8,14,12,-5.022625934477803e-15,0,0.20645726532082698,-0.10322863266041349,0.1032286326604135,-0.10322863266041349,0.10322863266041349,0.014826667821204913,67.44603791350964,5.930667128481966,0.6109113952109063,0.23,2.656136500916984,0.38091139521090633
20,-3.8,15,12,-2.7299761015895186e-15,0,0.18307174842418544,-0.0915358742120927,0.09153587421209275,-0.0915358742120927,0.0915358742120927,0.021783905035908276,45.90545167873319,8.71356201436331,0.7781729401027169,0.2225,3.497406472371761,0.5556729401027168
20,-3.8,16,12,1.3252311172764653e-15,0,0.17350130633594812,-0.0867506531679736,0.08675065316797453,-0.0867506531679736,0.0867506531679736,0.030112411154085753,33.208898313820896,12.044964461634303,0.8144261740779537,0.24,3.393442391991474,0.5744261740779537
20,-3.8,17,12,-7.098821351544266e-15,0,0.21639332653193713,-0.10819666326596841,0.10819666326596872,-0.10819666326596841,0.10819666326596841,0.013554590332111432,73.7757450058048,5.421836132844573,0.6625330646721819,0.2675,2.4767591202698385,0.39503306467218186
20,-3.8,18,12,-5.062382867996097e-15,0,0.21523046304680926,-0.10761523152340391,0.10761523152340535,-0.10761523152340391,0.10761523152340391,0.024576725186342706,40.68890352225203,9.830690074537083,0.7928674883576903,0.245,3.236193830031389,0.5478674883576903
20,-3.8,19,12,5.521796321985272e-16,0,0.22701385809247537,-0.11350692904623766,0.1135069290462377,-0.11350692904623766,0.11350692904623766,0.025967259392194516,38.510032379488976,10.386903756877805,0.7104014319446398,0.2475,2.8703088159379386,0.4629014319446398
20,-4.0,0,12,-4.013241566818896e-15,0,0.32718012075776065,-0.16359006037888063,0.16359006037888002,0.16359006037888002,0.16359006037888002,0.010957648490224493,91.26045619113602,4.383059396089798,0.6317515788347485,0.26,2.4298137647490328,0.3717515788347485
20,-4.0,1,12,-4.83267614100151e-15,0,0.3063330179098104,-0.15316650895490516,0.15316650895490522,-0.15316650895490516,0.15316650895490516,0.017155073175988415,58.29179448792316,6.862029270395365,0.5255326893433387,0.24,2.189719538930578,0.28553268934333875
20,-4.0,2,12,-6.0739759541838e-15,0,0.307638241462038,-0.15381912073101944,0.15381912073101855,0.15381912073101855,0.15381912073101855,0.014593944723917583,68.52156965903329,5.837577889567034,0.6646086650694386,0.255,2.6063084904683866,0.4096086650694386
20,-4.0,3,12,1.6697912077683463e-15,0,0.31351043027707653,-0.1567552151385385,0.15675521513853805,0.15675521513853805,0.15675521513853805,0.015294904667965606,65.3812509269475,6.117961867186242,0.6119321761060426,0.26,2.353585292715548,0.35193217610604255
20,-4.0,4,12,3.533949646070574e-15,0,0.31033699153710714,-0.15516849576855343,0.1551684957685537,-0.15516849576855343,0.15516849576855343,0.009659100520031366,103.5293087514895,3.8636402080125465,0.5765596932057198,0.245,2.3533048702274275,0.33155969320571976
20,-4.0,5,12,-7.964639014831556e-15,0,0.3305452334523616,-0.16527261672618027,0.16527261672618132,-0.16527261672618027,0.16527261672618027,0.010047352961291323,99.52870212210364,4.018941184516529,0.608967688812854,0.2575,2.3649230633508895,0.351467688812854
20,-4.0,6,12,3.37050447493981e-15,0,0.3083426646063297,-0.15417133230316496,0.15417133230316474,0.15417133230316474,0.15417133230316474,0.0201696127195575,49.57953402002351,8.067845087823,0.6307992425885556,0.2575,2.44970579646041,0.37329924258855557
20,-4.0,7,12,1.9392548682812275e-15,0,0.315597576273435,-0.15779878813671766,0.15779878813671733,0.15779878813671733,0.15779878813671733,0.01310516553525801,76.30578929427558,5.242066214103204,0.5962488671756926,0.2275,2.620874141431616,0.36874886717569255
20,-4.0,8,12,-2.1822139064485795e-15,0,0.3169666474781647,-0.158483323739082,0.15848332373908275,-0.158483323739082,0.158483323739082,0.012812450715269354,78.04908071242303,5.124980286107741,0.5775388331903774,0.2225,2.595680149170235,0.3550388331903773
20,-4.0,9,12,5.786842545440565e-16,0,0.3293665259447802,-0.16468326297239042,0.16468326297238983,0.16468326297238983,0.16468326297238983,0.015343218211657506,65.17537495753125,6.137287284663002,0.6344598261737919,0.235,2.699829047548051,0.39945982617379194
20,-4.0,10,12,-1.5461029701558762e-15,0,0.3191793348902088,-0.1595896674451046,0.15958966744510417,0.15958966744510417,0.15958966744510417,0.020235132822317602,49.418998569512055,8.09405312892704,0.6526893603406915,0.23,2.8377798275682236,0.4226893603406915
20,-4.0,11,12,-2.919925895065812e-15,0,0.31525943155786357,-0.15762971577893176,0.1576297157789318,-0.15762971577893176,0.15762971577893176,0.011429992018718504,87.48912495847193,4.571996807487402,0.6257001447254654,0.2625,2.3836195989541538,0.3632001447254654
20,-4.0,12,12,-7.810028717815969e-15,0,0.3070486189512732,-0.15352430947563722,0.15352430947563603,0.15352430947563603,0.15352430947563603,0.008719031094761675,114.69164281347639,3.48761243790467,0.5486766820846578,0.235,2.334794391849608,0.3136766820846578
20,-4.0,13,12,-3.0922059403117524e-16,0,0.32620356161630426,-0.16310178080815196,0.1631017808081523,-0.16310178080815196,0.16310178080815196,0.010024316788320681,99.75742198860861,4.009726715328272,0.6335715464946142,0.255,2.4845942999788795,0.3785715464946142
20,-4.0,14,12,-3.9580236035990435e-15,0,0.2826390209587336,-0.14131951047936742,0.1413195104793662,0.1413195104793662,0.1413195104793662,0.007648296531409665,130.74806865728166,3.059318612563866,0.5127453231702807,0.23,2.2293274920446984,0.28274532317028067
20,-4.0,15,12,-2.3854160110976374e-16,0,0.29976831649710445,-0.1498841582485525,0.14988415824855192,0.14988415824855192,0.14988415824855192,0.01217561762897323,82.13135714942207,4.870247051589293,0.6803659452879399,0.2225,3.0578244732042243,0.4578659452879399
20,-4.0,16,12,4.26282676057263e-15,0,0.2847584693947436,-0.14237923469737176,0.1423792346973718,-0.14237923469737176,0.14237923469737176,0.023660174599199342,42.26511498498578,9.464069839679736,0.7294578674054509,0.24,3.039407780856046,0.48945786740545094
20,-4.0,17,12,-4.0044066927037195e-15,0,0.30324522186364006,-0.15162261093182028,0.15162261093181978,0.15162261093181978,0.15162261093181978,0.007186376680444589,139.152182590314,2.8745506721778358,0.5742351202999023,0.2675,2.1466733469155224,0.3067351202999023
20,-4.0,18,12,3.931518981253514e-16,0,0.3178490794747741,-0.15892453973738663,0.15892453973738746,-0.15892453973738663,0.15892453973738663,0.00922262779435239,108.42896648310631,3.6890511177409557,0.6202065892222988,0.245,2.5314554662134645,0.37520658922229877
20,-4.0,19,12,7.028142358622854e-15,0,0.32549270741824277,-0.1627463537091203,0.1627463537091225,-0.1627463537091203,0.1627463537091203,0.03108926177067497,32.165446943589146,12.435704708269988,0.6439919639824123,0.2475,2.601987733262272,0.3964919639824123
