L,h,realization,seed,level_index,E,n_impurities,p_eff
8,-3.460461572088891,0,2629690545,0,-4.031894049922916,2,0.03125
8,-3.460461572088891,0,2629690545,1,-3.9238705450356317,2,0.03125
8,-3.460461572088891,0,2629690545,2,-3.9137972697274472,2,0.03125
8,-3.460461572088891,0,2629690545,3,-3.8851676181067445,2,0.03125
8,-3.460461572088891,0,2629690545,4,-3.8530932829680626,2,0.03125
8,-3.460461572088891,0,2629690545,5,-3.8131726147335865,2,0.03125
8,-3.460461572088891,0,2629690545,6,-3.804418932905106,2,0.03125
8,-3.460461572088891,0,2629690545,7,-3.7314623786384713,2,0.03125
8,-3.460461572088891,0,2629690545,8,-3.696126813329342,2,0.03125
8,-3.460461572088891,0,2629690545,9,-3.5539631391234616,2,0.03125
8,-3.460461572088891,0,2629690545,10,-3.4734443627790768,2,0.03125
8,-3.460461572088891,0,2629690545,11,-3.390311226870399,2,0.03125
8,-3.460461572088891,0,2629690545,12,-3.3879786955849416,2,0.03125
8,-3.460461572088891,0,2629690545,13,-3.361811036462326,2,0.03125
8,-3.460461572088891,0,2629690545,14,-3.357965974074317,2,0.03125
8,-3.460461572088891,0,2629690545,15,-3.313100934602645,2,0.03125
8,-3.460461572088891,0,2629690545,16,-3.313100934602634,2,0.03125
8,-3.460461572088891,0,2629690545,17,-3.3131009346026334,2,0.03125
8,-3.460461572088891,0,2629690545,18,-3.3131009346026286,2,0.03125
8,-3.460461572088891,0,2629690545,19,-3.2053045767050428,2,0.03125
8,-3.460461572088891,0,2629690545,20,-3.135767292971007,2,0.03125
8,-3.460461572088891,0,2629690545,21,-3.0460142367392384,2,0.03125
8,-3.460461572088891,0,2629690545,22,-3.0188488114079224,2,0.03125
8,-3.460461572088891,0,2629690545,23,-2.911594435356129,2,0.03125
8,-3.460461572088891,0,2629690545,24,-2.901726208028779,2,0.03125
8,-3.460461572088891,0,2629690545,25,-2.7233789234752006,2,0.03125
8,-3.460461572088891,0,2629690545,26,-2.6774497506510704,2,0.03125
8,-3.460461572088891,0,2629690545,27,-2.5691195880450084,2,0.03125
8,-3.460461572088891,0,2629690545,28,-2.5671104682877046,2,0.03125
8,-3.460461572088891,0,2629690545,29,-2.5620666016225555,2,0.03125
8,-3.460461572088891,0,2629690545,30,-2.558084042484575,2,0.03125
8,-3.460461572088891,0,2629690545,31,-2.5401771591761118,2,0.03125
8,-3.460461572088891,0,2629690545,32,-2.540177159176108,2,0.03125
8,-3.460461572088891,0,2629690545,33,-2.5401771591761046,2,0.03125
8,-3.460461572088891,0,2629690545,34,-2.540177159176097,2,0.03125
8,-3.460461572088891,0,2629690545,35,-2.4617144398550908,2,0.03125
8,-3.460461572088891,0,2629690545,36,-2.4528854809915037,2,0.03125
8,-3.460461572088891,0,2629690545,37,-2.3675512127361635,2,0.03125
8,-3.460461572088891,0,2629690545,38,-2.3586379824538852,2,0.03125
8,-3.460461572088891,0,2629690545,39,-2.275601502270373,2,0.03125
8,-3.460461572088891,0,2629690545,40,-2.2756015022703715,2,0.03125
8,-3.460461572088891,0,2629690545,41,-2.2756015022703666,2,0.03125
8,-3.460461572088891,0,2629690545,42,-2.275601502270363,2,0.03125
8,-3.460461572088891,0,2629690545,43,-2.162042304107249,2,0.03125
8,-3.460461572088891,0,2629690545,44,-2.1545814787842232,2,0.03125
8,-3.460461572088891,0,2629690545,45,-2.07507218783367,2,0.03125
8,-3.460461572088891,0,2629690545,46,-2.066912708635872,2,0.03125
8,-3.460461572088891,0,2629690545,47,-2.05141524470427,2,0.03125
8,-3.460461572088891,0,2629690545,48,-2.0509637955722355,2,0.03125
8,-3.460461572088891,0,2629690545,49,-1.9489846452338924,2,0.03125
8,-3.460461572088891,0,2629690545,50,-1.9419873997658295,2,0.03125
8,-3.460461572088891,0,2629690545,51,-1.8655514374644087,2,0.03125
8,-3.460461572088891,0,2629690545,52,-1.8589862029206374,2,0.03125
8,-3.460461572088891,0,2629690545,53,-1.7531970954431664,2,0.03125
8,-3.460461572088891,0,2629690545,54,-1.7377516453585438,2,0.03125
8,-3.460461572088891,0,2629690545,55,-1.6627697947981568,2,0.03125
8,-3.460461572088891,0,2629690545,56,-1.6579685795459995,2,0.03125
8,-3.460461572088891,0,2629690545,57,-1.3026168541601146,2,0.03125
8,-3.460461572088891,0,2629690545,58,-1.300192115481779,2,0.03125
8,-3.460461572088891,0,2629690545,59,-1.1558228872128238,2,0.03125
8,-3.460461572088891,0,2629690545,60,-1.1530411570844743,2,0.03125
8,-3.460461572088891,0,2629690545,61,-0.4410915258885959,2,0.03125
8,-3.460461572088891,0,2629690545,62,-0.3899804541391818,2,0.03125
8,-3.460461572088891,0,2629690545,63,-0.01582360742051847,2,0.03125
8,-3.460461572088891,0,2629690545,64,0.015823607420522023,2,0.03125
8,-3.460461572088891,0,2629690545,65,0.38998045413918137,2,0.03125
8,-3.460461572088891,0,2629690545,66,0.44109152588859635,2,0.03125
8,-3.460461572088891,0,2629690545,67,1.1530411570844767,2,0.03125
8,-3.460461572088891,0,2629690545,68,1.155822887212826,2,0.03125
8,-3.460461572088891,0,2629690545,69,1.3001921154817828,2,0.03125
8,-3.460461572088891,0,2629690545,70,1.3026168541601195,2,0.03125
8,-3.460461572088891,0,2629690545,71,1.6579685795459986,2,0.03125
8,-3.460461572088891,0,2629690545,72,1.6627697947981561,2,0.03125
8,-3.460461572088891,0,2629690545,73,1.7377516453585433,2,0.03125
8,-3.460461572088891,0,2629690545,74,1.7531970954431655,2,0.03125
8,-3.460461572088891,0,2629690545,75,1.8589862029206374,2,0.03125
8,-3.460461572088891,0,2629690545,76,1.865551437464405,2,0.03125
8,-3.460461572088891,0,2629690545,77,1.9419873997658308,2,0.03125
8,-3.460461572088891,0,2629690545,78,1.9489846452338933,2,0.03125
8,-3.460461572088891,0,2629690545,79,2.050963795572235,2,0.03125
8,-3.460461572088891,0,2629690545,80,2.0514152447042697,2,0.03125
8,-3.460461572088891,0,2629690545,81,2.066912708635872,2,0.03125
8,-3.460461572088891,0,2629690545,82,2.0750721878336673,2,0.03125
8,-3.460461572088891,0,2629690545,83,2.154581478784226,2,0.03125
8,-3.460461572088891,0,2629690545,84,2.162042304107252,2,0.03125
8,-3.460461572088891,0,2629690545,85,2.2756015022703653,2,0.03125
8,-3.460461572088891,0,2629690545,86,2.2756015022703675,2,0.03125
8,-3.460461572088891,0,2629690545,87,2.275601502270368,2,0.03125
8,-3.460461572088891,0,2629690545,88,2.2756015022703684,2,0.03125
8,-3.460461572088891,0,2629690545,89,2.358637982453885,2,0.03125
8,-3.460461572088891,0,2629690545,90,2.3675512127361653,2,0.03125
8,-3.460461572088891,0,2629690545,91,2.452885480991508,2,0.03125
8,-3.460461572088891,0,2629690545,92,2.461714439855088,2,0.03125
8,-3.460461572088891,0,2629690545,93,2.5401771591761073,2,0.03125
8,-3.460461572088891,0,2629690545,94,2.540177159176108,2,0.03125
8,-3.460461572088891,0,2629690545,95,2.540177159176109,2,0.03125
8,-3.460461572088891,0,2629690545,96,2.54017715917611,2,0.03125
8,-3.460461572088891,0,2629690545,97,2.558084042484573,2,0.03125
8,-3.460461572088891,0,2629690545,98,2.5620666016225515,2,0.03125
8,-3.460461572088891,0,2629690545,99,2.5671104682877033,2,0.03125
8,-3.460461572088891,0,2629690545,100,2.5691195880450053,2,0.03125
8,-3.460461572088891,0,2629690545,101,2.6774497506510713,2,0.03125
8,-3.460461572088891,0,2629690545,102,2.7233789234752024,2,0.03125
8,-3.460461572088891,0,2629690545,103,2.90172620802878,2,0.03125
8,-3.460461572088891,0,2629690545,104,2.9115944353561294,2,0.03125
8,-3.460461572088891,0,2629690545,105,3.018848811407927,2,0.03125
8,-3.460461572088891,0,2629690545,106,3.046014236739242,2,0.03125
8,-3.460461572088891,0,2629690545,107,3.1357672929710088,2,0.03125
8,-3.460461572088891,0,2629690545,108,3.205304576705041,2,0.03125
8,-3.460461572088891,0,2629690545,109,3.313100934602632,2,0.03125
8,-3.460461572088891,0,2629690545,110,3.313100934602633,2,0.03125
8,-3.460461572088891,0,2629690545,111,3.313100934602633,2,0.03125
8,-3.460461572088891,0,2629690545,112,3.313100934602635,2,0.03125
8,-3.460461572088891,0,2629690545,113,3.357965974074317,2,0.03125
8,-3.460461572088891,0,2629690545,114,3.361811036462327,2,0.03125
8,-3.460461572088891,0,2629690545,115,3.387978695584941,2,0.03125
8,-3.460461572088891,0,2629690545,116,3.3903112268703994,2,0.03125
8,-3.460461572088891,0,2629690545,117,3.473444362779076,2,0.03125
8,-3.460461572088891,0,2629690545,118,3.553963139123465,2,0.03125
8,-3.460461572088891,0,2629690545,119,3.696126813329343,2,0.03125
8,-3.460461572088891,0,2629690545,120,3.7314623786384735,2,0.03125
8,-3.460461572088891,0,2629690545,121,3.804418932905106,2,0.03125
8,-3.460461572088891,0,2629690545,122,3.813172614733587,2,0.03125
8,-3.460461572088891,0,2629690545,123,3.853093282968067,2,0.03125
8,-3.460461572088891,0,2629690545,124,3.8851676181067436,2,0.03125
8,-3.460461572088891,0,2629690545,125,3.9137972697274512,2,0.03125
8,-3.460461572088891,0,2629690545,126,3.923870545035632,2,0.03125
8,-3.460461572088891,0,2629690545,127,4.031894049922921,2,0.03125
8,-3.460461572088891,1,3922253286,0,-4.028569949519334,2,0.03125
8,-3.460461572088891,1,3922253286,1,-3.927963358889369,2,0.03125
8,-3.460461572088891,1,3922253286,2,-3.9147815279518703,2,0.03125
8,-3.460461572088891,1,3922253286,3,-3.886169864497438,2,0.03125
8,-3.460461572088891,1,3922253286,4,-3.869562043319286,2,0.03125
8,-3.460461572088891,1,3922253286,5,-3.803333492809165,2,0.03125
8,-3.460461572088891,1,3922253286,6,-3.8006281464864946,2,0.03125
8,-3.460461572088891,1,3922253286,7,-3.7139725762303284,2,0.03125
8,-3.460461572088891,1,3922253286,8,-3.705768196563393,2,0.03125
8,-3.460461572088891,1,3922253286,9,-3.5226247687107595,2,0.03125
8,-3.460461572088891,1,3922253286,10,-3.5112800769115804,2,0.03125
8,-3.460461572088891,1,3922253286,11,-3.390884051233687,2,0.03125
8,-3.460461572088891,1,3922253286,12,-3.390369103946459,2,0.03125
8,-3.460461572088891,1,3922253286,13,-3.3587221037311514,2,0.03125
8,-3.460461572088891,1,3922253286,14,-3.3556184003649903,2,0.03125
8,-3.460461572088891,1,3922253286,15,-3.3131009346026463,2,0.03125
8,-3.460461572088891,1,3922253286,16,-3.3131009346026343,2,0.03125
8,-3.460461572088891,1,3922253286,17,-3.3131009346026334,2,0.03125
8,-3.460461572088891,1,3922253286,18,-3.313100934602629,2,0.03125
8,-3.460461572088891,1,3922253286,19,-3.189206668262858,2,0.03125
8,-3.460461572088891,1,3922253286,20,-3.1694980886665114,2,0.03125
8,-3.460461572088891,1,3922253286,21,-3.0244101022197496,2,0.03125
8,-3.460461572088891,1,3922253286,22,-3.012665242831976,2,0.03125
8,-3.460461572088891,1,3922253286,23,-2.897688690067324,2,0.03125
8,-3.460461572088891,1,3922253286,24,-2.897577680292905,2,0.03125
8,-3.460461572088891,1,3922253286,25,-2.735475560318309,2,0.03125
8,-3.460461572088891,1,3922253286,26,-2.7135241951546494,2,0.03125
8,-3.460461572088891,1,3922253286,27,-2.5700285444241717,2,0.03125
8,-3.460461572088891,1,3922253286,28,-2.5695364113934254,2,0.03125
8,-3.460461572088891,1,3922253286,29,-2.556192924424525,2,0.03125
8,-3.460461572088891,1,3922253286,30,-2.5544151234471393,2,0.03125
8,-3.460461572088891,1,3922253286,31,-2.5401771591761104,2,0.03125
8,-3.460461572088891,1,3922253286,32,-2.5401771591761078,2,0.03125
8,-3.460461572088891,1,3922253286,33,-2.5401771591761055,2,0.03125
8,-3.460461572088891,1,3922253286,34,-2.5401771591760958,2,0.03125
8,-3.460461572088891,1,3922253286,35,-2.4505604007112254,2,0.03125
8,-3.460461572088891,1,3922253286,36,-2.4434035251686126,2,0.03125
8,-3.460461572088891,1,3922253286,37,-2.37024997089833,2,0.03125
8,-3.460461572088891,1,3922253286,38,-2.3622402199283714,2,0.03125
8,-3.460461572088891,1,3922253286,39,-2.275601502270375,2,0.03125
8,-3.460461572088891,1,3922253286,40,-2.2756015022703715,2,0.03125
8,-3.460461572088891,1,3922253286,41,-2.2756015022703653,2,0.03125
8,-3.460461572088891,1,3922253286,42,-2.275601502270365,2,0.03125
8,-3.460461572088891,1,3922253286,43,-2.162187720039146,2,0.03125
8,-3.460461572088891,1,3922253286,44,-2.1525729113275744,2,0.03125
8,-3.460461572088891,1,3922253286,45,-2.072592071447092,2,0.03125
8,-3.460461572088891,1,3922253286,46,-2.071226719183011,2,0.03125
8,-3.460461572088891,1,3922253286,47,-2.0514153686733403,2,0.03125
8,-3.460461572088891,1,3922253286,48,-2.0509663271104217,2,0.03125
8,-3.460461572088891,1,3922253286,49,-1.9748771422469114,2,0.03125
8,-3.460461572088891,1,3922253286,50,-1.9378859561041244,2,0.03125
8,-3.460461572088891,1,3922253286,51,-1.8599102396081655,2,0.03125
8,-3.460461572088891,1,3922253286,52,-1.8520033371504203,2,0.03125
8,-3.460461572088891,1,3922253286,53,-1.7293889545441576,2,0.03125
8,-3.460461572088891,1,3922253286,54,-1.721296936591762,2,0.03125
8,-3.460461572088891,1,3922253286,55,-1.668650435051071,2,0.03125
8,-3.460461572088891,1,3922253286,56,-1.6669939496304855,2,0.03125
8,-3.460461572088891,1,3922253286,57,-1.3171658371892003,2,0.03125
8,-3.460461572088891,1,3922253286,58,-1.3135998684618058,2,0.03125
8,-3.460461572088891,1,3922253286,59,-1.152199547526798,2,0.03125
8,-3.460461572088891,1,3922253286,60,-1.1514894738815908,2,0.03125
8,-3.460461572088891,1,3922253286,61,-0.42930771606769813,2,0.03125
8,-3.460461572088891,1,3922253286,62,-0.3846681929156768,2,0.03125
8,-3.460461572088891,1,3922253286,63,-0.00021760753078514154,2,0.03125
8,-3.460461572088891,1,3922253286,64,0.00021760753077914625,2,0.03125
8,-3.460461572088891,1,3922253286,65,0.3846681929156759,2,0.03125
8,-3.460461572088891,1,3922253286,66,0.42930771606769724,2,0.03125
8,-3.460461572088891,1,3922253286,67,1.1514894738815973,2,0.03125
8,-3.460461572088891,1,3922253286,68,1.1521995475268028,2,0.03125
8,-3.460461572088891,1,3922253286,69,1.3135998684618087,2,0.03125
8,-3.460461572088891,1,3922253286,70,1.317165837189202,2,0.03125
8,-3.460461572088891,1,3922253286,71,1.6669939496304877,2,0.03125
8,-3.460461572088891,1,3922253286,72,1.6686504350510731,2,0.03125
8,-3.460461572088891,1,3922253286,73,1.7212969365917616,2,0.03125
8,-3.460461572088891,1,3922253286,74,1.729388954544158,2,0.03125
8,-3.460461572088891,1,3922253286,75,1.8520033371504199,2,0.03125
8,-3.460461572088891,1,3922253286,76,1.8599102396081668,2,0.03125
8,-3.460461572088891,1,3922253286,77,1.937885956104123,2,0.03125
8,-3.460461572088891,1,3922253286,78,1.9748771422469114,2,0.03125
8,-3.460461572088891,1,3922253286,79,2.0509663271104213,2,0.03125
8,-3.460461572088891,1,3922253286,80,2.0514153686733403,2,0.03125
8,-3.460461572088891,1,3922253286,81,2.0712267191830107,2,0.03125
8,-3.460461572088891,1,3922253286,82,2.0725920714470902,2,0.03125
8,-3.460461572088891,1,3922253286,83,2.152572911327578,2,0.03125
8,-3.460461572088891,1,3922253286,84,2.1621877200391513,2,0.03125
8,-3.460461572088891,1,3922253286,85,2.275601502270368,2,0.03125
8,-3.460461572088891,1,3922253286,86,2.2756015022703684,2,0.03125
8,-3.460461572088891,1,3922253286,87,2.275601502270369,2,0.03125
8,-3.460461572088891,1,3922253286,88,2.275601502270369,2,0.03125
8,-3.460461572088891,1,3922253286,89,2.362240219928375,2,0.03125
8,-3.460461572088891,1,3922253286,90,2.3702499708983336,2,0.03125
8,-3.460461572088891,1,3922253286,91,2.443403525168617,2,0.03125
8,-3.460461572088891,1,3922253286,92,2.4505604007112223,2,0.03125
8,-3.460461572088891,1,3922253286,93,2.540177159176107,2,0.03125
8,-3.460461572088891,1,3922253286,94,2.5401771591761073,2,0.03125
8,-3.460461572088891,1,3922253286,95,2.540177159176109,2,0.03125
8,-3.460461572088891,1,3922253286,96,2.5401771591761104,2,0.03125
8,-3.460461572088891,1,3922253286,97,2.5544151234471384,2,0.03125
8,-3.460461572088891,1,3922253286,98,2.556192924424525,2,0.03125
8,-3.460461572088891,1,3922253286,99,2.569536411393426,2,0.03125
8,-3.460461572088891,1,3922253286,100,2.5700285444241686,2,0.03125
8,-3.460461572088891,1,3922253286,101,2.7135241951546503,2,0.03125
8,-3.460461572088891,1,3922253286,102,2.735475560318311,2,0.03125
8,-3.460461572088891,1,3922253286,103,2.8975776802929065,2,0.03125
8,-3.460461572088891,1,3922253286,104,2.8976886900673238,2,0.03125
8,-3.460461572088891,1,3922253286,105,3.012665242831977,2,0.03125
8,-3.460461572088891,1,3922253286,106,3.0244101022197487,2,0.03125
8,-3.460461572088891,1,3922253286,107,3.169498088666512,2,0.03125
8,-3.460461572088891,1,3922253286,108,3.1892066682628615,2,0.03125
8,-3.460461572088891,1,3922253286,109,3.313100934602632,2,0.03125
8,-3.460461572088891,1,3922253286,110,3.313100934602633,2,0.03125
8,-3.460461572088891,1,3922253286,111,3.3131009346026334,2,0.03125
8,-3.460461572088891,1,3922253286,112,3.3131009346026343,2,0.03125
8,-3.460461572088891,1,3922253286,113,3.3556184003649903,2,0.03125
8,-3.460461572088891,1,3922253286,114,3.3587221037311537,2,0.03125
8,-3.460461572088891,1,3922253286,115,3.3903691039464614,2,0.03125
8,-3.460461572088891,1,3922253286,116,3.390884051233687,2,0.03125
8,-3.460461572088891,1,3922253286,117,3.511280076911581,2,0.03125
8,-3.460461572088891,1,3922253286,118,3.5226247687107604,2,0.03125
8,-3.460461572088891,1,3922253286,119,3.705768196563394,2,0.03125
8,-3.460461572088891,1,3922253286,120,3.7139725762303333,2,0.03125
8,-3.460461572088891,1,3922253286,121,3.8006281464864964,2,0.03125
8,-3.460461572088891,1,3922253286,122,3.803333492809166,2,0.03125
8,-3.460461572088891,1,3922253286,123,3.869562043319287,2,0.03125
8,-3.460461572088891,1,3922253286,124,3.8861698644974414,2,0.03125
8,-3.460461572088891,1,3922253286,125,3.9147815279518676,2,0.03125
8,-3.460461572088891,1,3922253286,126,3.927963358889368,2,0.03125
8,-3.460461572088891,1,3922253286,127,4.028569949519337,2,0.03125
8,-3.460461572088891,2,3986458869,0,-4.027555360229251,2,0.03125
8,-3.460461572088891,2,3986458869,1,-3.933502272046211,2,0.03125
8,-3.460461572088891,2,3986458869,2,-3.90890016406071,2,0.03125
8,-3.460461572088891,2,3986458869,3,-3.8978426065691973,2,0.03125
8,-3.460461572088891,2,3986458869,4,-3.8607871105621303,2,0.03125
8,-3.460461572088891,2,3986458869,5,-3.807072365972024,2,0.03125
8,-3.460461572088891,2,3986458869,6,-3.7871122679652176,2,0.03125
8,-3.460461572088891,2,3986458869,7,-3.730167270338062,2,0.03125
8,-3.460461572088891,2,3986458869,8,-3.6936117570605527,2,0.03125
8,-3.460461572088891,2,3986458869,9,-3.5308073608260706,2,0.03125
8,-3.460461572088891,2,3986458869,10,-3.5169276936930842,2,0.03125
8,-3.460461572088891,2,3986458869,11,-3.392051613770093,2,0.03125
8,-3.460461572088891,2,3986458869,12,-3.391967630835472,2,0.03125
8,-3.460461572088891,2,3986458869,13,-3.3527609663127,2,0.03125
8,-3.460461572088891,2,3986458869,14,-3.352471895509877,2,0.03125
8,-3.460461572088891,2,3986458869,15,-3.3131009346026428,2,0.03125
8,-3.460461572088891,2,3986458869,16,-3.3131009346026357,2,0.03125
8,-3.460461572088891,2,3986458869,17,-3.3131009346026303,2,0.03125
8,-3.460461572088891,2,3986458869,18,-3.3131009346026206,2,0.03125
8,-3.460461572088891,2,3986458869,19,-3.157685188847727,2,0.03125
8,-3.460461572088891,2,3986458869,20,-3.1541244280329086,2,0.03125
8,-3.460461572088891,2,3986458869,21,-3.062342269823496,2,0.03125
8,-3.460461572088891,2,3986458869,22,-3.0555466152971253,2,0.03125
8,-3.460461572088891,2,3986458869,23,-2.877447625653206,2,0.03125
8,-3.460461572088891,2,3986458869,24,-2.8747969112688407,2,0.03125
8,-3.460461572088891,2,3986458869,25,-2.7418926245285835,2,0.03125
8,-3.460461572088891,2,3986458869,26,-2.7119881822169143,2,0.03125
8,-3.460461572088891,2,3986458869,27,-2.5710961810631052,2,0.03125
8,-3.460461572088891,2,3986458869,28,-2.5704772909847233,2,0.03125
8,-3.460461572088891,2,3986458869,29,-2.5572540943697555,2,0.03125
8,-3.460461572088891,2,3986458869,30,-2.552138838635426,2,0.03125
8,-3.460461572088891,2,3986458869,31,-2.540177159176104,2,0.03125
8,-3.460461572088891,2,3986458869,32,-2.540177159176103,2,0.03125
8,-3.460461572088891,2,3986458869,33,-2.5401771591761015,2,0.03125
8,-3.460461572088891,2,3986458869,34,-2.5401771591761,2,0.03125
8,-3.460461572088891,2,3986458869,35,-2.44858216435167,2,0.03125
8,-3.460461572088891,2,3986458869,36,-2.433737859426177,2,0.03125
8,-3.460461572088891,2,3986458869,37,-2.370925575200699,2,0.03125
8,-3.460461572088891,2,3986458869,38,-2.370711922045028,2,0.03125
8,-3.460461572088891,2,3986458869,39,-2.275601502270374,2,0.03125
8,-3.460461572088891,2,3986458869,40,-2.275601502270371,2,0.03125
8,-3.460461572088891,2,3986458869,41,-2.275601502270369,2,0.03125
8,-3.460461572088891,2,3986458869,42,-2.27560150227036,2,0.03125
8,-3.460461572088891,2,3986458869,43,-2.1638090182859546,2,0.03125
8,-3.460461572088891,2,3986458869,44,-2.1454834955159825,2,0.03125
8,-3.460461572088891,2,3986458869,45,-2.0977437262911725,2,0.03125
8,-3.460461572088891,2,3986458869,46,-2.0573425578856765,2,0.03125
8,-3.460461572088891,2,3986458869,47,-2.052128118474101,2,0.03125
8,-3.460461572088891,2,3986458869,48,-2.0499999999999936,2,0.03125
8,-3.460461572088891,2,3986458869,49,-1.9694146668895183,2,0.03125
8,-3.460461572088891,2,3986458869,50,-1.9621438244600586,2,0.03125
8,-3.460461572088891,2,3986458869,51,-1.851576981721418,2,0.03125
8,-3.460461572088891,2,3986458869,52,-1.851193811845987,2,0.03125
8,-3.460461572088891,2,3986458869,53,-1.726392613984677,2,0.03125
8,-3.460461572088891,2,3986458869,54,-1.7062236043190167,2,0.03125
8,-3.460461572088891,2,3986458869,55,-1.664468091822215,2,0.03125
8,-3.460461572088891,2,3986458869,56,-1.654491475352648,2,0.03125
8,-3.460461572088891,2,3986458869,57,-1.352570043865958,2,0.03125
8,-3.460461572088891,2,3986458869,58,-1.336881917191235,2,0.03125
8,-3.460461572088891,2,3986458869,59,-1.1315100200739527,2,0.03125
8,-3.460461572088891,2,3986458869,60,-1.1312138452392941,2,0.03125
8,-3.460461572088891,2,3986458869,61,-0.4356012771031734,2,0.03125
8,-3.460461572088891,2,3986458869,62,-0.38512631420804233,2,0.03125
8,-3.460461572088891,2,3986458869,63,-0.0033298919954765083,2,0.03125
8,-3.460461572088891,2,3986458869,64,0.003329891995480061,2,0.03125
8,-3.460461572088891,2,3986458869,65,0.3851263142080379,2,0.03125
8,-3.460461572088891,2,3986458869,66,0.4356012771031743,2,0.03125
8,-3.460461572088891,2,3986458869,67,1.1312138452392966,2,0.03125
8,-3.460461572088891,2,3986458869,68,1.1315100200739574,2,0.03125
8,-3.460461572088891,2,3986458869,69,1.3368819171912385,2,0.03125
8,-3.460461572088891,2,3986458869,70,1.3525700438659607,2,0.03125
8,-3.460461572088891,2,3986458869,71,1.654491475352645,2,0.03125
8,-3.460461572088891,2,3986458869,72,1.6644680918222141,2,0.03125
8,-3.460461572088891,2,3986458869,73,1.7062236043190162,2,0.03125
8,-3.460461572088891,2,3986458869,74,1.7263926139846757,2,0.03125
8,-3.460461572088891,2,3986458869,75,1.8511938118459876,2,0.03125
8,-3.460461572088891,2,3986458869,76,1.8515769817214187,2,0.03125
8,-3.460461572088891,2,3986458869,77,1.9621438244600609,2,0.03125
8,-3.460461572088891,2,3986458869,78,1.969414666889521,2,0.03125
8,-3.460461572088891,2,3986458869,79,2.049999999999998,2,0.03125
8,-3.460461572088891,2,3986458869,80,2.0521281184741076,2,0.03125
8,-3.460461572088891,2,3986458869,81,2.057342557885675,2,0.03125
8,-3.460461572088891,2,3986458869,82,2.0977437262911725,2,0.03125
8,-3.460461572088891,2,3986458869,83,2.1454834955159825,2,0.03125
8,-3.460461572088891,2,3986458869,84,2.1638090182859546,2,0.03125
8,-3.460461572088891,2,3986458869,85,2.2756015022703675,2,0.03125
8,-3.460461572088891,2,3986458869,86,2.275601502270368,2,0.03125
8,-3.460461572088891,2,3986458869,87,2.2756015022703684,2,0.03125
8,-3.460461572088891,2,3986458869,88,2.275601502270369,2,0.03125
8,-3.460461572088891,2,3986458869,89,2.370711922045028,2,0.03125
8,-3.460461572088891,2,3986458869,90,2.3709255752006984,2,0.03125
8,-3.460461572088891,2,3986458869,91,2.433737859426178,2,0.03125
8,-3.460461572088891,2,3986458869,92,2.448582164351669,2,0.03125
8,-3.460461572088891,2,3986458869,93,2.540177159176107,2,0.03125
8,-3.460461572088891,2,3986458869,94,2.5401771591761078,2,0.03125
8,-3.460461572088891,2,3986458869,95,2.54017715917611,2,0.03125
8,-3.460461572088891,2,3986458869,96,2.5401771591761104,2,0.03125
8,-3.460461572088891,2,3986458869,97,2.5521388386354245,2,0.03125
8,-3.460461572088891,2,3986458869,98,2.557254094369756,2,0.03125
8,-3.460461572088891,2,3986458869,99,2.5704772909847233,2,0.03125
8,-3.460461572088891,2,3986458869,100,2.5710961810630995,2,0.03125
8,-3.460461572088891,2,3986458869,101,2.711988182216916,2,0.03125
8,-3.460461572088891,2,3986458869,102,2.741892624528584,2,0.03125
8,-3.460461572088891,2,3986458869,103,2.8747969112688474,2,0.03125
8,-3.460461572088891,2,3986458869,104,2.877447625653213,2,0.03125
8,-3.460461572088891,2,3986458869,105,3.0555466152971222,2,0.03125
8,-3.460461572088891,2,3986458869,106,3.0623422698234926,2,0.03125
8,-3.460461572088891,2,3986458869,107,3.154124428032912,2,0.03125
8,-3.460461572088891,2,3986458869,108,3.1576851888477298,2,0.03125
8,-3.460461572088891,2,3986458869,109,3.313100934602631,2,0.03125
8,-3.460461572088891,2,3986458869,110,3.3131009346026326,2,0.03125
8,-3.460461572088891,2,3986458869,111,3.313100934602633,2,0.03125
8,-3.460461572088891,2,3986458869,112,3.3131009346026365,2,0.03125
8,-3.460461572088891,2,3986458869,113,3.3524718955098796,2,0.03125
8,-3.460461572088891,2,3986458869,114,3.3527609663127027,2,0.03125
8,-3.460461572088891,2,3986458869,115,3.3919676308354756,2,0.03125
8,-3.460461572088891,2,3986458869,116,3.392051613770096,2,0.03125
8,-3.460461572088891,2,3986458869,117,3.51692769369309,2,0.03125
8,-3.460461572088891,2,3986458869,118,3.530807360826075,2,0.03125
8,-3.460461572088891,2,3986458869,119,3.69361175706056,2,0.03125
8,-3.460461572088891,2,3986458869,120,3.7301672703380673,2,0.03125
8,-3.460461572088891,2,3986458869,121,3.7871122679652123,2,0.03125
8,-3.460461572088891,2,3986458869,122,3.807072365972027,2,0.03125
8,-3.460461572088891,2,3986458869,123,3.8607871105621347,2,0.03125
8,-3.460461572088891,2,3986458869,124,3.8978426065691987,2,0.03125
8,-3.460461572088891,2,3986458869,125,3.9089001640607144,2,0.03125
8,-3.460461572088891,2,3986458869,126,3.9335022720462143,2,0.03125
8,-3.460461572088891,2,3986458869,127,4.027555360229255,2,0.03125
8,-3.460461572088891,3,3120178923,0,-4.028518816184737,2,0.03125
8,-3.460461572088891,3,3120178923,1,-3.9308178997021317,2,0.03125
8,-3.460461572088891,3,3120178923,2,-3.9201936634341026,2,0.03125
8,-3.460461572088891,3,3120178923,3,-3.8724002285612817,2,0.03125
8,-3.460461572088891,3,3120178923,4,-3.868016331251113,2,0.03125
8,-3.460461572088891,3,3120178923,5,-3.8123989445397086,2,0.03125
8,-3.460461572088891,3,3120178923,6,-3.7821246836768987,2,0.03125
8,-3.460461572088891,3,3120178923,7,-3.761431986166401,2,0.03125
8,-3.460461572088891,3,3120178923,8,-3.663468301564566,2,0.03125
8,-3.460461572088891,3,3120178923,9,-3.57355112124303,2,0.03125
8,-3.460461572088891,3,3120178923,10,-3.4626261534867346,2,0.03125
8,-3.460461572088891,3,3120178923,11,-3.389514137575999,2,0.03125
8,-3.460461572088891,3,3120178923,12,-3.386145046650613,2,0.03125
8,-3.460461572088891,3,3120178923,13,-3.3645720041496188,2,0.03125
8,-3.460461572088891,3,3120178923,14,-3.360038827178562,2,0.03125
8,-3.460461572088891,3,3120178923,15,-3.313100934602645,2,0.03125
8,-3.460461572088891,3,3120178923,16,-3.313100934602637,2,0.03125
8,-3.460461572088891,3,3120178923,17,-3.313100934602633,2,0.03125
8,-3.460461572088891,3,3120178923,18,-3.3131009346026286,2,0.03125
8,-3.460461572088891,3,3120178923,19,-3.2098487141173315,2,0.03125
8,-3.460461572088891,3,3120178923,20,-3.131279453231019,2,0.03125
8,-3.460461572088891,3,3120178923,21,-3.0436469441535614,2,0.03125
8,-3.460461572088891,3,3120178923,22,-3.023896453448322,2,0.03125
8,-3.460461572088891,3,3120178923,23,-2.916968077837005,2,0.03125
8,-3.460461572088891,3,3120178923,24,-2.894942589941034,2,0.03125
8,-3.460461572088891,3,3120178923,25,-2.731126792408788,2,0.03125
8,-3.460461572088891,3,3120178923,26,-2.679043230026104,2,0.03125
8,-3.460461572088891,3,3120178923,27,-2.571266887835187,2,0.03125
8,-3.460461572088891,3,3120178923,28,-2.5709743547879325,2,0.03125
8,-3.460461572088891,3,3120178923,29,-2.5579009767296643,2,0.03125
8,-3.460461572088891,3,3120178923,30,-2.5531793725469796,2,0.03125
8,-3.460461572088891,3,3120178923,31,-2.5401771591761095,2,0.03125
8,-3.460461572088891,3,3120178923,32,-2.5401771591761078,2,0.03125
8,-3.460461572088891,3,3120178923,33,-2.540177159176102,2,0.03125
8,-3.460461572088891,3,3120178923,34,-2.5401771591760975,2,0.03125
8,-3.460461572088891,3,3120178923,35,-2.434203777751126,2,0.03125
8,-3.460461572088891,3,3120178923,36,-2.408909227151807,2,0.03125
8,-3.460461572088891,3,3120178923,37,-2.3989483498322492,2,0.03125
8,-3.460461572088891,3,3120178923,38,-2.3928204805920257,2,0.03125
8,-3.460461572088891,3,3120178923,39,-2.2756015022703764,2,0.03125
8,-3.460461572088891,3,3120178923,40,-2.275601502270372,2,0.03125
8,-3.460461572088891,3,3120178923,41,-2.275601502270365,2,0.03125
8,-3.460461572088891,3,3120178923,42,-2.2756015022703613,2,0.03125
8,-3.460461572088891,3,3120178923,43,-2.2018051712632962,2,0.03125
8,-3.460461572088891,3,3120178923,44,-2.1310366261505154,2,0.03125
8,-3.460461572088891,3,3120178923,45,-2.0825994353760953,2,0.03125
8,-3.460461572088891,3,3120178923,46,-2.0544599564962462,2,0.03125
8,-3.460461572088891,3,3120178923,47,-2.052096129058112,2,0.03125
8,-3.460461572088891,3,3120178923,48,-2.0507061405939564,2,0.03125
8,-3.460461572088891,3,3120178923,49,-1.9345928912292023,2,0.03125
8,-3.460461572088891,3,3120178923,50,-1.9310416370049377,2,0.03125
8,-3.460461572088891,3,3120178923,51,-1.8849246584969688,2,0.03125
8,-3.460461572088891,3,3120178923,52,-1.8578485982849742,2,0.03125
8,-3.460461572088891,3,3120178923,53,-1.7771545515932665,2,0.03125
8,-3.460461572088891,3,3120178923,54,-1.7425655153196677,2,0.03125
8,-3.460461572088891,3,3120178923,55,-1.6396072778998354,2,0.03125
8,-3.460461572088891,3,3120178923,56,-1.6374308447302013,2,0.03125
8,-3.460461572088891,3,3120178923,57,-1.277583060690823,2,0.03125
8,-3.460461572088891,3,3120178923,58,-1.277455150460755,2,0.03125
8,-3.460461572088891,3,3120178923,59,-1.1926881269542196,2,0.03125
8,-3.460461572088891,3,3120178923,60,-1.1921547386967497,2,0.03125
8,-3.460461572088891,3,3120178923,61,-0.4247448791918771,2,0.03125
8,-3.460461572088891,3,3120178923,62,-0.3737358927789849,2,0.03125
8,-3.460461572088891,3,3120178923,63,-0.004813798650893375,2,0.03125
8,-3.460461572088891,3,3120178923,64,0.004813798650899592,2,0.03125
8,-3.460461572088891,3,3120178923,65,0.37373589277898533,2,0.03125
8,-3.460461572088891,3,3120178923,66,0.424744879191878,2,0.03125
8,-3.460461572088891,3,3120178923,67,1.1921547386967528,2,0.03125
8,-3.460461572088891,3,3120178923,68,1.1926881269542209,2,0.03125
8,-3.460461572088891,3,3120178923,69,1.2774551504607572,2,0.03125
8,-3.460461572088891,3,3120178923,70,1.2775830606908234,2,0.03125
8,-3.460461572088891,3,3120178923,71,1.6374308447302015,2,0.03125
8,-3.460461572088891,3,3120178923,72,1.6396072778998358,2,0.03125
8,-3.460461572088891,3,3120178923,73,1.742565515319669,2,0.03125
8,-3.460461572088891,3,3120178923,74,1.7771545515932692,2,0.03125
8,-3.460461572088891,3,3120178923,75,1.8578485982849768,2,0.03125
8,-3.460461572088891,3,3120178923,76,1.8849246584969719,2,0.03125
8,-3.460461572088891,3,3120178923,77,1.9310416370049426,2,0.03125
8,-3.460461572088891,3,3120178923,78,1.9345928912292063,2,0.03125
8,-3.460461572088891,3,3120178923,79,2.0507061405939586,2,0.03125
8,-3.460461572088891,3,3120178923,80,2.0520961290581154,2,0.03125
8,-3.460461572088891,3,3120178923,81,2.0544599564962374,2,0.03125
8,-3.460461572088891,3,3120178923,82,2.0825994353760957,2,0.03125
8,-3.460461572088891,3,3120178923,83,2.1310366261505136,2,0.03125
8,-3.460461572088891,3,3120178923,84,2.201805171263297,2,0.03125
8,-3.460461572088891,3,3120178923,85,2.2756015022703675,2,0.03125
8,-3.460461572088891,3,3120178923,86,2.275601502270368,2,0.03125
8,-3.460461572088891,3,3120178923,87,2.2756015022703684,2,0.03125
8,-3.460461572088891,3,3120178923,88,2.275601502270369,2,0.03125
8,-3.460461572088891,3,3120178923,89,2.3928204805920217,2,0.03125
8,-3.460461572088891,3,3120178923,90,2.398948349832246,2,0.03125
8,-3.460461572088891,3,3120178923,91,2.40890922715181,2,0.03125
8,-3.460461572088891,3,3120178923,92,2.4342037777511267,2,0.03125
8,-3.460461572088891,3,3120178923,93,2.5401771591761073,2,0.03125
8,-3.460461572088891,3,3120178923,94,2.5401771591761078,2,0.03125
8,-3.460461572088891,3,3120178923,95,2.5401771591761095,2,0.03125
8,-3.460461572088891,3,3120178923,96,2.540177159176111,2,0.03125
8,-3.460461572088891,3,3120178923,97,2.553179372546981,2,0.03125
8,-3.460461572088891,3,3120178923,98,2.5579009767296674,2,0.03125
8,-3.460461572088891,3,3120178923,99,2.5709743547879307,2,0.03125
8,-3.460461572088891,3,3120178923,100,2.5712668878351845,2,0.03125
8,-3.460461572088891,3,3120178923,101,2.679043230026103,2,0.03125
8,-3.460461572088891,3,3120178923,102,2.731126792408789,2,0.03125
8,-3.460461572088891,3,3120178923,103,2.8949425899410377,2,0.03125
8,-3.460461572088891,3,3120178923,104,2.9169680778370073,2,0.03125
8,-3.460461572088891,3,3120178923,105,3.023896453448324,2,0.03125
8,-3.460461572088891,3,3120178923,106,3.0436469441535605,2,0.03125
8,-3.460461572088891,3,3120178923,107,3.1312794532310217,2,0.03125
8,-3.460461572088891,3,3120178923,108,3.2098487141173373,2,0.03125
8,-3.460461572088891,3,3120178923,109,3.3131009346026326,2,0.03125
8,-3.460461572088891,3,3120178923,110,3.3131009346026334,2,0.03125
8,-3.460461572088891,3,3120178923,111,3.3131009346026343,2,0.03125
8,-3.460461572088891,3,3120178923,112,3.313100934602635,2,0.03125
8,-3.460461572088891,3,3120178923,113,3.360038827178561,2,0.03125
8,-3.460461572088891,3,3120178923,114,3.3645720041496205,2,0.03125
8,-3.460461572088891,3,3120178923,115,3.386145046650612,2,0.03125
8,-3.460461572088891,3,3120178923,116,3.3895141375760014,2,0.03125
8,-3.460461572088891,3,3120178923,117,3.4626261534867377,2,0.03125
8,-3.460461572088891,3,3120178923,118,3.5735511212430304,2,0.03125
8,-3.460461572088891,3,3120178923,119,3.663468301564564,2,0.03125
8,-3.460461572088891,3,3120178923,120,3.7614319861664045,2,0.03125
8,-3.460461572088891,3,3120178923,121,3.782124683676901,2,0.03125
8,-3.460461572088891,3,3120178923,122,3.8123989445397073,2,0.03125
8,-3.460461572088891,3,3120178923,123,3.8680163312511118,2,0.03125
8,-3.460461572088891,3,3120178923,124,3.872400228561285,2,0.03125
8,-3.460461572088891,3,3120178923,125,3.920193663434101,2,0.03125
8,-3.460461572088891,3,3120178923,126,3.930817899702131,2,0.03125
8,-3.460461572088891,3,3120178923,127,4.028518816184742,2,0.03125
8,-3.460461572088891,4,3662555677,0,-4.028518816184737,2,0.03125
8,-3.460461572088891,4,3662555677,1,-3.9308178997021344,2,0.03125
8,-3.460461572088891,4,3662555677,2,-3.9201936634340973,2,0.03125
8,-3.460461572088891,4,3662555677,3,-3.8724002285612804,2,0.03125
8,-3.460461572088891,4,3662555677,4,-3.8680163312511078,2,0.03125
8,-3.460461572088891,4,3662555677,5,-3.8123989445397077,2,0.03125
8,-3.460461572088891,4,3662555677,6,-3.782124683676895,2,0.03125
8,-3.460461572088891,4,3662555677,7,-3.7614319861664027,2,0.03125
8,-3.460461572088891,4,3662555677,8,-3.6634683015645635,2,0.03125
8,-3.460461572088891,4,3662555677,9,-3.573551121243029,2,0.03125
8,-3.460461572088891,4,3662555677,10,-3.4626261534867355,2,0.03125
8,-3.460461572088891,4,3662555677,11,-3.3895141375759983,2,0.03125
8,-3.460461572088891,4,3662555677,12,-3.38614504665061,2,0.03125
8,-3.460461572088891,4,3662555677,13,-3.3645720041496228,2,0.03125
8,-3.460461572088891,4,3662555677,14,-3.3600388271785633,2,0.03125
8,-3.460461572088891,4,3662555677,15,-3.3131009346026463,2,0.03125
8,-3.460461572088891,4,3662555677,16,-3.3131009346026334,2,0.03125
8,-3.460461572088891,4,3662555677,17,-3.3131009346026326,2,0.03125
8,-3.460461572088891,4,3662555677,18,-3.3131009346026286,2,0.03125
8,-3.460461572088891,4,3662555677,19,-3.209848714117335,2,0.03125
8,-3.460461572088891,4,3662555677,20,-3.131279453231021,2,0.03125
8,-3.460461572088891,4,3662555677,21,-3.0436469441535605,2,0.03125
8,-3.460461572088891,4,3662555677,22,-3.023896453448322,2,0.03125
8,-3.460461572088891,4,3662555677,23,-2.916968077837005,2,0.03125
8,-3.460461572088891,4,3662555677,24,-2.894942589941036,2,0.03125
8,-3.460461572088891,4,3662555677,25,-2.7311267924087916,2,0.03125
8,-3.460461572088891,4,3662555677,26,-2.6790432300261005,2,0.03125
8,-3.460461572088891,4,3662555677,27,-2.5712668878351868,2,0.03125
8,-3.460461572088891,4,3662555677,28,-2.570974354787934,2,0.03125
8,-3.460461572088891,4,3662555677,29,-2.5579009767296697,2,0.03125
8,-3.460461572088891,4,3662555677,30,-2.553179372546975,2,0.03125
8,-3.460461572088891,4,3662555677,31,-2.5401771591761104,2,0.03125
8,-3.460461572088891,4,3662555677,32,-2.5401771591761086,2,0.03125
8,-3.460461572088891,4,3662555677,33,-2.5401771591761024,2,0.03125
8,-3.460461572088891,4,3662555677,34,-2.5401771591761015,2,0.03125
8,-3.460461572088891,4,3662555677,35,-2.4342037777511276,2,0.03125
8,-3.460461572088891,4,3662555677,36,-2.4089092271518133,2,0.03125
8,-3.460461572088891,4,3662555677,37,-2.3989483498322475,2,0.03125
8,-3.460461572088891,4,3662555677,38,-2.3928204805920212,2,0.03125
8,-3.460461572088891,4,3662555677,39,-2.2756015022703733,2,0.03125
8,-3.460461572088891,4,3662555677,40,-2.275601502270371,2,0.03125
8,-3.460461572088891,4,3662555677,41,-2.2756015022703657,2,0.03125
8,-3.460461572088891,4,3662555677,42,-2.27560150227036,2,0.03125
8,-3.460461572088891,4,3662555677,43,-2.201805171263291,2,0.03125
8,-3.460461572088891,4,3662555677,44,-2.131036626150512,2,0.03125
8,-3.460461572088891,4,3662555677,45,-2.082599435376097,2,0.03125
8,-3.460461572088891,4,3662555677,46,-2.0544599564962343,2,0.03125
8,-3.460461572088891,4,3662555677,47,-2.0520961290581137,2,0.03125
8,-3.460461572088891,4,3662555677,48,-2.050706140593963,2,0.03125
8,-3.460461572088891,4,3662555677,49,-1.9345928912292056,2,0.03125
8,-3.460461572088891,4,3662555677,50,-1.9310416370049353,2,0.03125
8,-3.460461572088891,4,3662555677,51,-1.8849246584969732,2,0.03125
8,-3.460461572088891,4,3662555677,52,-1.8578485982849768,2,0.03125
8,-3.460461572088891,4,3662555677,53,-1.7771545515932674,2,0.03125
8,-3.460461572088891,4,3662555677,54,-1.7425655153196686,2,0.03125
8,-3.460461572088891,4,3662555677,55,-1.6396072778998347,2,0.03125
8,-3.460461572088891,4,3662555677,56,-1.6374308447301982,2,0.03125
8,-3.460461572088891,4,3662555677,57,-1.2775830606908216,2,0.03125
8,-3.460461572088891,4,3662555677,58,-1.2774551504607572,2,0.03125
8,-3.460461572088891,4,3662555677,59,-1.192688126954227,2,0.03125
8,-3.460461572088891,4,3662555677,60,-1.192154738696751,2,0.03125
8,-3.460461572088891,4,3662555677,61,-0.4247448791918771,2,0.03125
8,-3.460461572088891,4,3662555677,62,-0.373735892778984,2,0.03125
8,-3.460461572088891,4,3662555677,63,-0.004813798650895151,2,0.03125
8,-3.460461572088891,4,3662555677,64,0.004813798650893375,2,0.03125
8,-3.460461572088891,4,3662555677,65,0.3737358927789858,2,0.03125
8,-3.460461572088891,4,3662555677,66,0.42474487919187753,2,0.03125
8,-3.460461572088891,4,3662555677,67,1.1921547386967517,2,0.03125
8,-3.460461572088891,4,3662555677,68,1.1926881269542222,2,0.03125
8,-3.460461572088891,4,3662555677,69,1.2774551504607554,2,0.03125
8,-3.460461572088891,4,3662555677,70,1.2775830606908223,2,0.03125
8,-3.460461572088891,4,3662555677,71,1.6374308447302015,2,0.03125
8,-3.460461572088891,4,3662555677,72,1.6396072778998358,2,0.03125
8,-3.460461572088891,4,3662555677,73,1.7425655153196709,2,0.03125
8,-3.460461572088891,4,3662555677,74,1.7771545515932714,2,0.03125
8,-3.460461572088891,4,3662555677,75,1.857848598284976,2,0.03125
8,-3.460461572088891,4,3662555677,76,1.8849246584969706,2,0.03125
8,-3.460461572088891,4,3662555677,77,1.9310416370049421,2,0.03125
8,-3.460461572088891,4,3662555677,78,1.9345928912292054,2,0.03125
8,-3.460461572088891,4,3662555677,79,2.0507061405939577,2,0.03125
8,-3.460461572088891,4,3662555677,80,2.0520961290581132,2,0.03125
8,-3.460461572088891,4,3662555677,81,2.0544599564962374,2,0.03125
8,-3.460461572088891,4,3662555677,82,2.0825994353760953,2,0.03125
8,-3.460461572088891,4,3662555677,83,2.131036626150513,2,0.03125
8,-3.460461572088891,4,3662555677,84,2.201805171263297,2,0.03125
8,-3.460461572088891,4,3662555677,85,2.275601502270366,2,0.03125
8,-3.460461572088891,4,3662555677,86,2.275601502270367,2,0.03125
8,-3.460461572088891,4,3662555677,87,2.275601502270368,2,0.03125
8,-3.460461572088891,4,3662555677,88,2.2756015022703684,2,0.03125
8,-3.460461572088891,4,3662555677,89,2.3928204805920226,2,0.03125
8,-3.460461572088891,4,3662555677,90,2.3989483498322457,2,0.03125
8,-3.460461572088891,4,3662555677,91,2.408909227151809,2,0.03125
8,-3.460461572088891,4,3662555677,92,2.434203777751129,2,0.03125
8,-3.460461572088891,4,3662555677,93,2.5401771591761073,2,0.03125
8,-3.460461572088891,4,3662555677,94,2.540177159176108,2,0.03125
8,-3.460461572088891,4,3662555677,95,2.5401771591761095,2,0.03125
8,-3.460461572088891,4,3662555677,96,2.540177159176111,2,0.03125
8,-3.460461572088891,4,3662555677,97,2.553179372546982,2,0.03125
8,-3.460461572088891,4,3662555677,98,2.557900976729669,2,0.03125
8,-3.460461572088891,4,3662555677,99,2.570974354787932,2,0.03125
8,-3.460461572088891,4,3662555677,100,2.571266887835185,2,0.03125
8,-3.460461572088891,4,3662555677,101,2.6790432300261036,2,0.03125
8,-3.460461572088891,4,3662555677,102,2.731126792408789,2,0.03125
8,-3.460461572088891,4,3662555677,103,2.8949425899410377,2,0.03125
8,-3.460461572088891,4,3662555677,104,2.9169680778370073,2,0.03125
8,-3.460461572088891,4,3662555677,105,3.023896453448324,2,0.03125
8,-3.460461572088891,4,3662555677,106,3.0436469441535614,2,0.03125
8,-3.460461572088891,4,3662555677,107,3.1312794532310217,2,0.03125
8,-3.460461572088891,4,3662555677,108,3.2098487141173373,2,0.03125
8,-3.460461572088891,4,3662555677,109,3.313100934602633,2,0.03125
8,-3.460461572088891,4,3662555677,110,3.3131009346026334,2,0.03125
8,-3.460461572088891,4,3662555677,111,3.3131009346026343,2,0.03125
8,-3.460461572088891,4,3662555677,112,3.313100934602635,2,0.03125
8,-3.460461572088891,4,3662555677,113,3.3600388271785615,2,0.03125
8,-3.460461572088891,4,3662555677,114,3.36457200414962,2,0.03125
8,-3.460461572088891,4,3662555677,115,3.3861450466506113,2,0.03125
8,-3.460461572088891,4,3662555677,116,3.389514137576002,2,0.03125
8,-3.460461572088891,4,3662555677,117,3.4626261534867373,2,0.03125
8,-3.460461572088891,4,3662555677,118,3.5735511212430304,2,0.03125
8,-3.460461572088891,4,3662555677,119,3.6634683015645644,2,0.03125
8,-3.460461572088891,4,3662555677,120,3.761431986166405,2,0.03125
8,-3.460461572088891,4,3662555677,121,3.7821246836769014,2,0.03125
8,-3.460461572088891,4,3662555677,122,3.812398944539707,2,0.03125
8,-3.460461572088891,4,3662555677,123,3.8680163312511127,2,0.03125
8,-3.460461572088891,4,3662555677,124,3.8724002285612857,2,0.03125
8,-3.460461572088891,4,3662555677,125,3.920193663434101,2,0.03125
8,-3.460461572088891,4,3662555677,126,3.930817899702131,2,0.03125
8,-3.460461572088891,4,3662555677,127,4.028518816184743,2,0.03125
8,-3.460461572088891,5,870778310,0,-4.032799766737948,2,0.03125
8,-3.460461572088891,5,870778310,1,-3.922943502490935,2,0.03125
8,-3.460461572088891,5,870778310,2,-3.9142118721660832,2,0.03125
8,-3.460461572088891,5,870778310,3,-3.8872354587314755,2,0.03125
8,-3.460461572088891,5,870778310,4,-3.8482939818258997,2,0.03125
8,-3.460461572088891,5,870778310,5,-3.8107835348717947,2,0.03125
8,-3.460461572088891,5,870778310,6,-3.7944328988334135,2,0.03125
8,-3.460461572088891,5,870778310,7,-3.73697886150544,2,0.03125
8,-3.460461572088891,5,870778310,8,-3.7022827524095323,2,0.03125
8,-3.460461572088891,5,870778310,9,-3.5852527739522877,2,0.03125
8,-3.460461572088891,5,870778310,10,-3.463940779561538,2,0.03125
8,-3.460461572088891,5,870778310,11,-3.382528836429633,2,0.03125
8,-3.460461572088891,5,870778310,12,-3.381019293031679,2,0.03125
8,-3.460461572088891,5,870778310,13,-3.3606789144100073,2,0.03125
8,-3.460461572088891,5,870778310,14,-3.348759470545377,2,0.03125
8,-3.460461572088891,5,870778310,15,-3.3131009346026485,2,0.03125
8,-3.460461572088891,5,870778310,16,-3.3131009346026348,2,0.03125
8,-3.460461572088891,5,870778310,17,-3.3131009346026343,2,0.03125
8,-3.460461572088891,5,870778310,18,-3.3131009346026326,2,0.03125
8,-3.460461572088891,5,870778310,19,-3.1980066692035294,2,0.03125
8,-3.460461572088891,5,870778310,20,-3.1563504461055683,2,0.03125
8,-3.460461572088891,5,870778310,21,-3.0812117760182325,2,0.03125
8,-3.460461572088891,5,870778310,22,-2.9500000000000006,2,0.03125
8,-3.460461572088891,5,870778310,23,-2.9499999999999966,2,0.03125
8,-3.460461572088891,5,870778310,24,-2.8628328698899486,2,0.03125
8,-3.460461572088891,5,870778310,25,-2.762711353875785,2,0.03125
8,-3.460461572088891,5,870778310,26,-2.6797690747001104,2,0.03125
8,-3.460461572088891,5,870778310,27,-2.5694991923680397,2,0.03125
8,-3.460461572088891,5,870778310,28,-2.5682331526231503,2,0.03125
8,-3.460461572088891,5,870778310,29,-2.561933786503655,2,0.03125
8,-3.460461572088891,5,870778310,30,-2.558281891411383,2,0.03125
8,-3.460461572088891,5,870778310,31,-2.540177159176108,2,0.03125
8,-3.460461572088891,5,870778310,32,-2.5401771591761038,2,0.03125
8,-3.460461572088891,5,870778310,33,-2.5401771591761007,2,0.03125
8,-3.460461572088891,5,870778310,34,-2.540177159176098,2,0.03125
8,-3.460461572088891,5,870778310,35,-2.435693586226434,2,0.03125
8,-3.460461572088891,5,870778310,36,-2.421982324965324,2,0.03125
8,-3.460461572088891,5,870778310,37,-2.375842182159677,2,0.03125
8,-3.460461572088891,5,870778310,38,-2.3717740508659926,2,0.03125
8,-3.460461572088891,5,870778310,39,-2.2756015022703764,2,0.03125
8,-3.460461572088891,5,870778310,40,-2.2756015022703684,2,0.03125
8,-3.460461572088891,5,870778310,41,-2.275601502270367,2,0.03125
8,-3.460461572088891,5,870778310,42,-2.275601502270364,2,0.03125
8,-3.460461572088891,5,870778310,43,-2.2128872214219806,2,0.03125
8,-3.460461572088891,5,870778310,44,-2.1323796185382555,2,0.03125
8,-3.460461572088891,5,870778310,45,-2.07354105574122,2,0.03125
8,-3.460461572088891,5,870778310,46,-2.059817388478673,2,0.03125
8,-3.460461572088891,5,870778310,47,-2.051221597736033,2,0.03125
8,-3.460461572088891,5,870778310,48,-2.050000000000004,2,0.03125
8,-3.460461572088891,5,870778310,49,-1.957849365674365,2,0.03125
8,-3.460461572088891,5,870778310,50,-1.908928088203214,2,0.03125
8,-3.460461572088891,5,870778310,51,-1.9007054987331236,2,0.03125
8,-3.460461572088891,5,870778310,52,-1.8803893885141196,2,0.03125
8,-3.460461572088891,5,870778310,53,-1.7401723624749792,2,0.03125
8,-3.460461572088891,5,870778310,54,-1.7223447790754793,2,0.03125
8,-3.460461572088891,5,870778310,55,-1.6534628348728446,2,0.03125
8,-3.460461572088891,5,870778310,56,-1.6492034698529467,2,0.03125
8,-3.460461572088891,5,870778310,57,-1.3102250468073562,2,0.03125
8,-3.460461572088891,5,870778310,58,-1.2749626877643303,2,0.03125
8,-3.460461572088891,5,870778310,59,-1.1630132515994136,2,0.03125
8,-3.460461572088891,5,870778310,60,-1.1550435226487448,2,0.03125
8,-3.460461572088891,5,870778310,61,-0.4878721231894607,2,0.03125
8,-3.460461572088891,5,870778310,62,-0.4129956503470096,2,0.03125
8,-3.460461572088891,5,870778310,63,-0.052581191772922864,2,0.03125
8,-3.460461572088891,5,870778310,64,0.05258119177292553,2,0.03125
8,-3.460461572088891,5,870778310,65,0.4129956503470056,2,0.03125
8,-3.460461572088891,5,870778310,66,0.4878721231894527,2,0.03125
8,-3.460461572088891,5,870778310,67,1.1550435226487528,2,0.03125
8,-3.460461572088891,5,870778310,68,1.1630132515994132,2,0.03125
8,-3.460461572088891,5,870778310,69,1.274962687764328,2,0.03125
8,-3.460461572088891,5,870778310,70,1.3102250468073513,2,0.03125
8,-3.460461572088891,5,870778310,71,1.6492034698529472,2,0.03125
8,-3.460461572088891,5,870778310,72,1.6534628348728404,2,0.03125
8,-3.460461572088891,5,870778310,73,1.7223447790754811,2,0.03125
8,-3.460461572088891,5,870778310,74,1.7401723624749788,2,0.03125
8,-3.460461572088891,5,870778310,75,1.8803893885141214,2,0.03125
8,-3.460461572088891,5,870778310,76,1.9007054987331231,2,0.03125
8,-3.460461572088891,5,870778310,77,1.9089280882032154,2,0.03125
8,-3.460461572088891,5,870778310,78,1.9578493656743627,2,0.03125
8,-3.460461572088891,5,870778310,79,2.05,2,0.03125
8,-3.460461572088891,5,870778310,80,2.051221597736022,2,0.03125
8,-3.460461572088891,5,870778310,81,2.0598173884786766,2,0.03125
8,-3.460461572088891,5,870778310,82,2.07354105574122,2,0.03125
8,-3.460461572088891,5,870778310,83,2.1323796185382555,2,0.03125
8,-3.460461572088891,5,870778310,84,2.2128872214219824,2,0.03125
8,-3.460461572088891,5,870778310,85,2.275601502270367,2,0.03125
8,-3.460461572088891,5,870778310,86,2.275601502270368,2,0.03125
8,-3.460461572088891,5,870778310,87,2.2756015022703684,2,0.03125
8,-3.460461572088891,5,870778310,88,2.275601502270369,2,0.03125
8,-3.460461572088891,5,870778310,89,2.371774050865989,2,0.03125
8,-3.460461572088891,5,870778310,90,2.375842182159685,2,0.03125
8,-3.460461572088891,5,870778310,91,2.421982324965322,2,0.03125
8,-3.460461572088891,5,870778310,92,2.4356935862264297,2,0.03125
8,-3.460461572088891,5,870778310,93,2.5401771591761073,2,0.03125
8,-3.460461572088891,5,870778310,94,2.5401771591761078,2,0.03125
8,-3.460461572088891,5,870778310,95,2.5401771591761086,2,0.03125
8,-3.460461572088891,5,870778310,96,2.540177159176109,2,0.03125
8,-3.460461572088891,5,870778310,97,2.5582818914113865,2,0.03125
8,-3.460461572088891,5,870778310,98,2.5619337865036487,2,0.03125
8,-3.460461572088891,5,870778310,99,2.568233152623145,2,0.03125
8,-3.460461572088891,5,870778310,100,2.569499192368045,2,0.03125
8,-3.460461572088891,5,870778310,101,2.679769074700112,2,0.03125
8,-3.460461572088891,5,870778310,102,2.7627113538757806,2,0.03125
8,-3.460461572088891,5,870778310,103,2.862832869889947,2,0.03125
8,-3.460461572088891,5,870778310,104,2.95,2,0.03125
8,-3.460461572088891,5,870778310,105,2.9500000000000006,2,0.03125
8,-3.460461572088891,5,870778310,106,3.0812117760182325,2,0.03125
8,-3.460461572088891,5,870778310,107,3.1563504461055634,2,0.03125
8,-3.460461572088891,5,870778310,108,3.198006669203534,2,0.03125
8,-3.460461572088891,5,870778310,109,3.3131009346026326,2,0.03125
8,-3.460461572088891,5,870778310,110,3.313100934602634,2,0.03125
8,-3.460461572088891,5,870778310,111,3.313100934602634,2,0.03125
8,-3.460461572088891,5,870778310,112,3.3131009346026348,2,0.03125
8,-3.460461572088891,5,870778310,113,3.3487594705453723,2,0.03125
8,-3.460461572088891,5,870778310,114,3.360678914410001,2,0.03125
8,-3.460461572088891,5,870778310,115,3.381019293031684,2,0.03125
8,-3.460461572088891,5,870778310,116,3.3825288364296346,2,0.03125
8,-3.460461572088891,5,870778310,117,3.4639407795615345,2,0.03125
8,-3.460461572088891,5,870778310,118,3.585252773952294,2,0.03125
8,-3.460461572088891,5,870778310,119,3.7022827524095394,2,0.03125
8,-3.460461572088891,5,870778310,120,3.736978861505455,2,0.03125
8,-3.460461572088891,5,870778310,121,3.7944328988334135,2,0.03125
8,-3.460461572088891,5,870778310,122,3.810783534871795,2,0.03125
8,-3.460461572088891,5,870778310,123,3.8482939818259045,2,0.03125
8,-3.460461572088891,5,870778310,124,3.887235458731477,2,0.03125
8,-3.460461572088891,5,870778310,125,3.9142118721660886,2,0.03125
8,-3.460461572088891,5,870778310,126,3.922943502490923,2,0.03125
8,-3.460461572088891,5,870778310,127,4.032799766737951,2,0.03125
10,-3.460461572088891,0,1221684534,0,-4.030152207347741,3,0.03
10,-3.460461572088891,0,1221684534,1,-3.97149001602794,3,0.03
10,-3.460461572088891,0,1221684534,2,-3.964295000502292,3,0.03
10,-3.460461572088891,0,1221684534,3,-3.94271259071268,3,0.03
10,-3.460461572088891,0,1221684534,4,-3.917689208403597,3,0.03
10,-3.460461572088891,0,1221684534,5,-3.890622191601901,3,0.03
10,-3.460461572088891,0,1221684534,6,-3.8754290945628487,3,0.03
10,-3.460461572088891,0,1221684534,7,-3.8462671612668577,3,0.03
10,-3.460461572088891,0,1221684534,8,-3.8256835454632734,3,0.03
10,-3.460461572088891,0,1221684534,9,-3.7317243769590895,3,0.03
10,-3.460461572088891,0,1221684534,10,-3.697944480775173,3,0.03
10,-3.460461572088891,0,1221684534,11,-3.674389101108355,3,0.03
10,-3.460461572088891,0,1221684534,12,-3.629811927880695,3,0.03
10,-3.460461572088891,0,1221684534,13,-3.6167803288268807,3,0.03
10,-3.460461572088891,0,1221684534,14,-3.6026576107366126,3,0.03
10,-3.460461572088891,0,1221684534,15,-3.595516935597553,3,0.03
10,-3.460461572088891,0,1221684534,16,-3.5845417215976942,3,0.03
10,-3.460461572088891,0,1221684534,17,-3.5845417215976862,3,0.03
10,-3.460461572088891,0,1221684534,18,-3.546042392557017,3,0.03
10,-3.460461572088891,0,1221684534,19,-3.53185072394559,3,0.03
10,-3.460461572088891,0,1221684534,20,-3.4547420047758184,3,0.03
10,-3.460461572088891,0,1221684534,21,-3.4143288941907572,3,0.03
10,-3.460461572088891,0,1221684534,22,-3.3835363101373552,3,0.03
10,-3.460461572088891,0,1221684534,23,-3.3282470548482257,3,0.03
10,-3.460461572088891,0,1221684534,24,-3.3020816868845744,3,0.03
10,-3.460461572088891,0,1221684534,25,-3.225249109287639,3,0.03
10,-3.460461572088891,0,1221684534,26,-3.1851605366949904,3,0.03
10,-3.460461572088891,0,1221684534,27,-3.1434804618537076,3,0.03
10,-3.460461572088891,0,1221684534,28,-3.082554060060332,3,0.03
10,-3.460461572088891,0,1221684534,29,-3.081671406902543,3,0.03
10,-3.460461572088891,0,1221684534,30,-3.064134414305826,3,0.03
10,-3.460461572088891,0,1221684534,31,-3.063048535761656,3,0.03
10,-3.460461572088891,0,1221684534,32,-3.052048492406376,3,0.03
10,-3.460461572088891,0,1221684534,33,-3.0520484924063696,3,0.03
10,-3.460461572088891,0,1221684534,34,-3.0155842620499005,3,0.03
10,-3.460461572088891,0,1221684534,35,-3.0088655487920906,3,0.03
10,-3.460461572088891,0,1221684534,36,-2.97171889590593,3,0.03
10,-3.460461572088891,0,1221684534,37,-2.9601897670031283,3,0.03
10,-3.460461572088891,0,1221684534,38,-2.9067731200487197,3,0.03
10,-3.460461572088891,0,1221684534,39,-2.9045151082532836,3,0.03
10,-3.460461572088891,0,1221684534,40,-2.876245510616859,3,0.03
10,-3.460461572088891,0,1221684534,41,-2.876245510616859,3,0.03
10,-3.460461572088891,0,1221684534,42,-2.8186783211923876,3,0.03
10,-3.460461572088891,0,1221684534,43,-2.7944848480103763,3,0.03
10,-3.460461572088891,0,1221684534,44,-2.734363503813296,3,0.03
10,-3.460461572088891,0,1221684534,45,-2.6218075352675365,3,0.03
10,-3.460461572088891,0,1221684534,46,-2.5955358216838995,3,0.03
10,-3.460461572088891,0,1221684534,47,-2.5487007102982444,3,0.03
10,-3.460461572088891,0,1221684534,48,-2.465613996801401,3,0.03
10,-3.460461572088891,0,1221684534,49,-2.4571668255048413,3,0.03
10,-3.460461572088891,0,1221684534,50,-2.435782729950798,3,0.03
10,-3.460461572088891,0,1221684534,51,-2.422945366524246,3,0.03
10,-3.460461572088891,0,1221684534,52,-2.4063362112270545,3,0.03
10,-3.460461572088891,0,1221684534,53,-2.40574871474979,3,0.03
10,-3.460461572088891,0,1221684534,54,-2.4013372019883366,3,0.03
10,-3.460461572088891,0,1221684534,55,-2.401194123440703,3,0.03
10,-3.460461572088891,0,1221684534,56,-2.3994190469062224,3,0.03
10,-3.460461572088891,0,1221684534,57,-2.3994190469062127,3,0.03
10,-3.460461572088891,0,1221684534,58,-2.371283925577103,3,0.03
10,-3.460461572088891,0,1221684534,59,-2.364545377208417,3,0.03
10,-3.460461572088891,0,1221684534,60,-2.3333608955098346,3,0.03
10,-3.460461572088891,0,1221684534,61,-2.3290693137150678,3,0.03
10,-3.460461572088891,0,1221684534,62,-2.3043917759938792,3,0.03
10,-3.460461572088891,0,1221684534,63,-2.301987793996016,3,0.03
10,-3.460461572088891,0,1221684534,64,-2.2836374493338476,3,0.03
10,-3.460461572088891,0,1221684534,65,-2.2836374493338387,3,0.03
10,-3.460461572088891,0,1221684534,66,-2.2184025831154184,3,0.03
10,-3.460461572088891,0,1221684534,67,-2.1956774957437535,3,0.03
10,-3.460461572088891,0,1221684534,68,-2.134524440830926,3,0.03
10,-3.460461572088891,0,1221684534,69,-2.1284354321548267,3,0.03
10,-3.460461572088891,0,1221684534,70,-2.0699261788425165,3,0.03
10,-3.460461572088891,0,1221684534,71,-2.0634735520125513,3,0.03
10,-3.460461572088891,0,1221684534,72,-2.053064363546416,3,0.03
10,-3.460461572088891,0,1221684534,73,-2.046221334327475,3,0.03
10,-3.460461572088891,0,1221684534,74,-2.036316827458637,3,0.03
10,-3.460461572088891,0,1221684534,75,-2.0033991854731976,3,0.03
10,-3.460461572088891,0,1221684534,76,-1.9844036084728085,3,0.03
10,-3.460461572088891,0,1221684534,77,-1.97377822830118,3,0.03
10,-3.460461572088891,0,1221684534,78,-1.94229426206715,3,0.03
10,-3.460461572088891,0,1221684534,79,-1.9384992236091565,3,0.03
10,-3.460461572088891,0,1221684534,80,-1.9306443793452195,3,0.03
10,-3.460461572088891,0,1221684534,81,-1.9271111719102456,3,0.03
10,-3.460461572088891,0,1221684534,82,-1.9186090394151296,3,0.03
10,-3.460461572088891,0,1221684534,83,-1.9186090394151263,3,0.03
10,-3.460461572088891,0,1221684534,84,-1.7400117379261735,3,0.03
10,-3.460461572088891,0,1221684534,85,-1.72016993807528,3,0.03
10,-3.460461572088891,0,1221684534,86,-1.6640329654669594,3,0.03
10,-3.460461572088891,0,1221684534,87,-1.6579451753768684,3,0.03
10,-3.460461572088891,0,1221684534,88,-1.4652048140318774,3,0.03
10,-3.460461572088891,0,1221684534,89,-1.4567956326535523,3,0.03
10,-3.460461572088891,0,1221684534,90,-1.3573071861726405,3,0.03
10,-3.460461572088891,0,1221684534,91,-1.3534972002861174,3,0.03
10,-3.460461572088891,0,1221684534,92,-1.143974377507201,3,0.03
10,-3.460461572088891,0,1221684534,93,-1.1394928420038368,3,0.03
10,-3.460461572088891,0,1221684534,94,-0.969581016239853,3,0.03
10,-3.460461572088891,0,1221684534,95,-0.9685004209673483,3,0.03
10,-3.460461572088891,0,1221684534,96,-0.42388521528476364,3,0.03
10,-3.460461572088891,0,1221684534,97,-0.3705913382331527,3,0.03
10,-3.460461572088891,0,1221684534,98,-0.07874015836408521,3,0.03
10,-3.460461572088891,0,1221684534,99,-0.06837344406976431,3,0.03
10,-3.460461572088891,0,1221684534,100,0.06837344406976742,3,0.03
10,-3.460461572088891,0,1221684534,101,0.07874015836408699,3,0.03
10,-3.460461572088891,0,1221684534,102,0.3705913382331536,3,0.03
10,-3.460461572088891,0,1221684534,103,0.4238852152847654,3,0.03
10,-3.460461572088891,0,1221684534,104,0.9685004209673473,3,0.03
10,-3.460461572088891,0,1221684534,105,0.9695810162398522,3,0.03
10,-3.460461572088891,0,1221684534,106,1.1394928420038357,3,0.03
10,-3.460461572088891,0,1221684534,107,1.1439743775072002,3,0.03
10,-3.460461572088891,0,1221684534,108,1.3534972002861143,3,0.03
10,-3.460461572088891,0,1221684534,109,1.3573071861726387,3,0.03
10,-3.460461572088891,0,1221684534,110,1.4567956326535518,3,0.03
10,-3.460461572088891,0,1221684534,111,1.465204814031873,3,0.03
10,-3.460461572088891,0,1221684534,112,1.6579451753768644,3,0.03
10,-3.460461572088891,0,1221684534,113,1.664032965466955,3,0.03
10,-3.460461572088891,0,1221684534,114,1.7201699380752808,3,0.03
10,-3.460461572088891,0,1221684534,115,1.7400117379261735,3,0.03
10,-3.460461572088891,0,1221684534,116,1.9186090394151258,3,0.03
10,-3.460461572088891,0,1221684534,117,1.9186090394151287,3,0.03
10,-3.460461572088891,0,1221684534,118,1.9271111719102478,3,0.03
10,-3.460461572088891,0,1221684534,119,1.930644379345221,3,0.03
10,-3.460461572088891,0,1221684534,120,1.9384992236091554,3,0.03
10,-3.460461572088891,0,1221684534,121,1.9422942620671506,3,0.03
10,-3.460461572088891,0,1221684534,122,1.97377822830118,3,0.03
10,-3.460461572088891,0,1221684534,123,1.9844036084728076,3,0.03
10,-3.460461572088891,0,1221684534,124,2.003399185473196,3,0.03
10,-3.460461572088891,0,1221684534,125,2.0363168274586356,3,0.03
10,-3.460461572088891,0,1221684534,126,2.0462213343274747,3,0.03
10,-3.460461572088891,0,1221684534,127,2.053064363546416,3,0.03
10,-3.460461572088891,0,1221684534,128,2.0634735520125522,3,0.03
10,-3.460461572088891,0,1221684534,129,2.0699261788425147,3,0.03
10,-3.460461572088891,0,1221684534,130,2.1284354321548262,3,0.03
10,-3.460461572088891,0,1221684534,131,2.1345244408309267,3,0.03
10,-3.460461572088891,0,1221684534,132,2.195677495743754,3,0.03
10,-3.460461572088891,0,1221684534,133,2.2184025831154166,3,0.03
10,-3.460461572088891,0,1221684534,134,2.2836374493338463,3,0.03
10,-3.460461572088891,0,1221684534,135,2.283637449333847,3,0.03
10,-3.460461572088891,0,1221684534,136,2.3019877939960125,3,0.03
10,-3.460461572088891,0,1221684534,137,2.3043917759938797,3,0.03
10,-3.460461572088891,0,1221684534,138,2.329069313715067,3,0.03
10,-3.460461572088891,0,1221684534,139,2.3333608955098324,3,0.03
10,-3.460461572088891,0,1221684534,140,2.364545377208415,3,0.03
10,-3.460461572088891,0,1221684534,141,2.3712839255771003,3,0.03
10,-3.460461572088891,0,1221684534,142,2.3994190469062224,3,0.03
10,-3.460461572088891,0,1221684534,143,2.399419046906223,3,0.03
10,-3.460461572088891,0,1221684534,144,2.401194123440704,3,0.03
10,-3.460461572088891,0,1221684534,145,2.4013372019883406,3,0.03
10,-3.460461572088891,0,1221684534,146,2.4057487147497993,3,0.03
10,-3.460461572088891,0,1221684534,147,2.406336211227052,3,0.03
10,-3.460461572088891,0,1221684534,148,2.4229453665242424,3,0.03
10,-3.460461572088891,0,1221684534,149,2.435782729950796,3,0.03
10,-3.460461572088891,0,1221684534,150,2.4571668255048404,3,0.03
10,-3.460461572088891,0,1221684534,151,2.465613996801399,3,0.03
10,-3.460461572088891,0,1221684534,152,2.548700710298244,3,0.03
10,-3.460461572088891,0,1221684534,153,2.5955358216838995,3,0.03
10,-3.460461572088891,0,1221684534,154,2.6218075352675347,3,0.03
10,-3.460461572088891,0,1221684534,155,2.734363503813291,3,0.03
10,-3.460461572088891,0,1221684534,156,2.7944848480103754,3,0.03
10,-3.460461572088891,0,1221684534,157,2.818678321192386,3,0.03
10,-3.460461572088891,0,1221684534,158,2.8762455106168585,3,0.03
10,-3.460461572088891,0,1221684534,159,2.8762455106168594,3,0.03
10,-3.460461572088891,0,1221684534,160,2.9045151082532885,3,0.03
10,-3.460461572088891,0,1221684534,161,2.9067731200487197,3,0.03
10,-3.460461572088891,0,1221684534,162,2.96018976700313,3,0.03
10,-3.460461572088891,0,1221684534,163,2.97171889590593,3,0.03
10,-3.460461572088891,0,1221684534,164,3.008865548792093,3,0.03
10,-3.460461572088891,0,1221684534,165,3.0155842620499014,3,0.03
10,-3.460461572088891,0,1221684534,166,3.0520484924063696,3,0.03
10,-3.460461572088891,0,1221684534,167,3.0520484924063713,3,0.03
10,-3.460461572088891,0,1221684534,168,3.0630485357616593,3,0.03
10,-3.460461572088891,0,1221684534,169,3.0641344143058267,3,0.03
10,-3.460461572088891,0,1221684534,170,3.081671406902546,3,0.03
10,-3.460461572088891,0,1221684534,171,3.082554060060335,3,0.03
10,-3.460461572088891,0,1221684534,172,3.1434804618537067,3,0.03
10,-3.460461572088891,0,1221684534,173,3.185160536694989,3,0.03
10,-3.460461572088891,0,1221684534,174,3.225249109287639,3,0.03
10,-3.460461572088891,0,1221684534,175,3.3020816868845744,3,0.03
10,-3.460461572088891,0,1221684534,176,3.3282470548482253,3,0.03
10,-3.460461572088891,0,1221684534,177,3.3835363101373557,3,0.03
10,-3.460461572088891,0,1221684534,178,3.4143288941907537,3,0.03
10,-3.460461572088891,0,1221684534,179,3.454742004775819,3,0.03
10,-3.460461572088891,0,1221684534,180,3.53185072394559,3,0.03
10,-3.460461572088891,0,1221684534,181,3.5460423925570175,3,0.03
10,-3.460461572088891,0,1221684534,182,3.5845417215976947,3,0.03
10,-3.460461572088891,0,1221684534,183,3.584541721597695,3,0.03
10,-3.460461572088891,0,1221684534,184,3.5955169355975585,3,0.03
10,-3.460461572088891,0,1221684534,185,3.6026576107366135,3,0.03
10,-3.460461572088891,0,1221684534,186,3.6167803288268825,3,0.03
10,-3.460461572088891,0,1221684534,187,3.629811927880696,3,0.03
10,-3.460461572088891,0,1221684534,188,3.674389101108354,3,0.03
10,-3.460461572088891,0,1221684534,189,3.69794448077517,3,0.03
10,-3.460461572088891,0,1221684534,190,3.731724376959093,3,0.03
10,-3.460461572088891,0,1221684534,191,3.8256835454632703,3,0.03
10,-3.460461572088891,0,1221684534,192,3.846267161266853,3,0.03
10,-3.460461572088891,0,1221684534,193,3.875429094562851,3,0.03
10,-3.460461572088891,0,1221684534,194,3.8906221916019024,3,0.03
10,-3.460461572088891,0,1221684534,195,3.917689208403593,3,0.03
10,-3.460461572088891,0,1221684534,196,3.942712590712679,3,0.03
10,-3.460461572088891,0,1221684534,197,3.964295000502291,3,0.03
10,-3.460461572088891,0,1221684534,198,3.9714900160279396,3,0.03
10,-3.460461572088891,0,1221684534,199,4.030152207347744,3,0.03
10,-3.460461572088891,1,3863636756,0,-4.033258228696281,3,0.03
10,-3.460461572088891,1,3863636756,1,-3.968586048556099,3,0.03
10,-3.460461572088891,1,3863636756,2,-3.955281263144413,3,0.03
10,-3.460461572088891,1,3863636756,3,-3.9416347905704745,3,0.03
10,-3.460461572088891,1,3863636756,4,-3.9208988992062492,3,0.03
10,-3.460461572088891,1,3863636756,5,-3.8982320817239584,3,0.03
10,-3.460461572088891,1,3863636756,6,-3.8841519791514862,3,0.03
10,-3.460461572088891,1,3863636756,7,-3.844932838450574,3,0.03
10,-3.460461572088891,1,3863636756,8,-3.8118533242345194,3,0.03
10,-3.460461572088891,1,3863636756,9,-3.7457574598564367,3,0.03
10,-3.460461572088891,1,3863636756,10,-3.6824120615026503,3,0.03
10,-3.460461572088891,1,3863636756,11,-3.6587727526585425,3,0.03
10,-3.460461572088891,1,3863636756,12,-3.6401475887460757,3,0.03
10,-3.460461572088891,1,3863636756,13,-3.6341610908915345,3,0.03
10,-3.460461572088891,1,3863636756,14,-3.6108451531021344,3,0.03
10,-3.460461572088891,1,3863636756,15,-3.6060392873297475,3,0.03
10,-3.460461572088891,1,3863636756,16,-3.5845417215977013,3,0.03
10,-3.460461572088891,1,3863636756,17,-3.5845417215976947,3,0.03
10,-3.460461572088891,1,3863636756,18,-3.5272860307516947,3,0.03
10,-3.460461572088891,1,3863636756,19,-3.519239416063084,3,0.03
10,-3.460461572088891,1,3863636756,20,-3.464188739665648,3,0.03
10,-3.460461572088891,1,3863636756,21,-3.4114873978042697,3,0.03
10,-3.460461572088891,1,3863636756,22,-3.3861939519867272,3,0.03
10,-3.460461572088891,1,3863636756,23,-3.322975727664182,3,0.03
10,-3.460461572088891,1,3863636756,24,-3.2907173608572835,3,0.03
10,-3.460461572088891,1,3863636756,25,-3.2534333177231245,3,0.03
10,-3.460461572088891,1,3863636756,26,-3.1590299989857638,3,0.03
10,-3.460461572088891,1,3863636756,27,-3.1403395701345085,3,0.03
10,-3.460461572088891,1,3863636756,28,-3.083358396312269,3,0.03
10,-3.460461572088891,1,3863636756,29,-3.0822592740041004,3,0.03
10,-3.460461572088891,1,3863636756,30,-3.067791037912628,3,0.03
10,-3.460461572088891,1,3863636756,31,-3.065545847643749,3,0.03
10,-3.460461572088891,1,3863636756,32,-3.0520484924063704,3,0.03
10,-3.460461572088891,1,3863636756,33,-3.0520484924063687,3,0.03
10,-3.460461572088891,1,3863636756,34,-3.0228085356821026,3,0.03
10,-3.460461572088891,1,3863636756,35,-3.012347575741461,3,0.03
10,-3.460461572088891,1,3863636756,36,-2.9778555141485805,3,0.03
10,-3.460461572088891,1,3863636756,37,-2.9587871440296016,3,0.03
10,-3.460461572088891,1,3863636756,38,-2.9143941071520896,3,0.03
10,-3.460461572088891,1,3863636756,39,-2.897320995134554,3,0.03
10,-3.460461572088891,1,3863636756,40,-2.8762455106168696,3,0.03
10,-3.460461572088891,1,3863636756,41,-2.876245510616858,3,0.03
10,-3.460461572088891,1,3863636756,42,-2.836440265160558,3,0.03
10,-3.460461572088891,1,3863636756,43,-2.7581533725445997,3,0.03
10,-3.460461572088891,1,3863636756,44,-2.712838568802546,3,0.03
10,-3.460461572088891,1,3863636756,45,-2.668919706939188,3,0.03
10,-3.460461572088891,1,3863636756,46,-2.5923437788214265,3,0.03
10,-3.460461572088891,1,3863636756,47,-2.5503700884164155,3,0.03
10,-3.460461572088891,1,3863636756,48,-2.465364161177262,3,0.03
10,-3.460461572088891,1,3863636756,49,-2.456377286851229,3,0.03
10,-3.460461572088891,1,3863636756,50,-2.4318995388521314,3,0.03
10,-3.460461572088891,1,3863636756,51,-2.4186460573953434,3,0.03
10,-3.460461572088891,1,3863636756,52,-2.4061288747552907,3,0.03
10,-3.460461572088891,1,3863636756,53,-2.405773446333227,3,0.03
10,-3.460461572088891,1,3863636756,54,-2.402293210923271,3,0.03
10,-3.460461572088891,1,3863636756,55,-2.4016210394898083,3,0.03
10,-3.460461572088891,1,3863636756,56,-2.3994190469062193,3,0.03
10,-3.460461572088891,1,3863636756,57,-2.3994190469062167,3,0.03
10,-3.460461572088891,1,3863636756,58,-2.379861136202548,3,0.03
10,-3.460461572088891,1,3863636756,59,-2.371194958965277,3,0.03
10,-3.460461572088891,1,3863636756,60,-2.3318577853323754,3,0.03
10,-3.460461572088891,1,3863636756,61,-2.324382454080564,3,0.03
10,-3.460461572088891,1,3863636756,62,-2.302932742882532,3,0.03
10,-3.460461572088891,1,3863636756,63,-2.2982444483368187,3,0.03
10,-3.460461572088891,1,3863636756,64,-2.283637449333848,3,0.03
10,-3.460461572088891,1,3863636756,65,-2.2836374493338383,3,0.03
10,-3.460461572088891,1,3863636756,66,-2.208932611184953,3,0.03
10,-3.460461572088891,1,3863636756,67,-2.175385598550939,3,0.03
10,-3.460461572088891,1,3863636756,68,-2.143276609724622,3,0.03
10,-3.460461572088891,1,3863636756,69,-2.099943246167559,3,0.03
10,-3.460461572088891,1,3863636756,70,-2.091698252615191,3,0.03
10,-3.460461572088891,1,3863636756,71,-2.059786552904609,3,0.03
10,-3.460461572088891,1,3863636756,72,-2.05183258806916,3,0.03
10,-3.460461572088891,1,3863636756,73,-2.05,3,0.03
10,-3.460461572088891,1,3863636756,74,-2.033207434539901,3,0.03
10,-3.460461572088891,1,3863636756,75,-2.009648687454823,3,0.03
10,-3.460461572088891,1,3863636756,76,-1.989222465088977,3,0.03
10,-3.460461572088891,1,3863636756,77,-1.967675913081919,3,0.03
10,-3.460461572088891,1,3863636756,78,-1.961989840235292,3,0.03
10,-3.460461572088891,1,3863636756,79,-1.9485771171726238,3,0.03
10,-3.460461572088891,1,3863636756,80,-1.9368961003560767,3,0.03
10,-3.460461572088891,1,3863636756,81,-1.9317640924549666,3,0.03
10,-3.460461572088891,1,3863636756,82,-1.9186090394151296,3,0.03
10,-3.460461572088891,1,3863636756,83,-1.918609039415127,3,0.03
10,-3.460461572088891,1,3863636756,84,-1.7184982710735273,3,0.03
10,-3.460461572088891,1,3863636756,85,-1.7178970599043089,3,0.03
10,-3.460461572088891,1,3863636756,86,-1.6383346678949364,3,0.03
10,-3.460461572088891,1,3863636756,87,-1.6345402030848502,3,0.03
10,-3.460461572088891,1,3863636756,88,-1.5070648105076536,3,0.03
10,-3.460461572088891,1,3863636756,89,-1.479874883730151,3,0.03
10,-3.460461572088891,1,3863636756,90,-1.373684588319297,3,0.03
10,-3.460461572088891,1,3863636756,91,-1.369360952427701,3,0.03
10,-3.460461572088891,1,3863636756,92,-1.0888169503594802,3,0.03
10,-3.460461572088891,1,3863636756,93,-1.086399060170638,3,0.03
10,-3.460461572088891,1,3863636756,94,-1.001755423952815,3,0.03
10,-3.460461572088891,1,3863636756,95,-1.0001534327050938,3,0.03
10,-3.460461572088891,1,3863636756,96,-0.41164957459990426,3,0.03
10,-3.460461572088891,1,3863636756,97,-0.3728906564312693,3,0.03
10,-3.460461572088891,1,3863636756,98,-0.10044584850762917,3,0.03
10,-3.460461572088891,1,3863636756,99,-0.08146711395898087,3,0.03
10,-3.460461572088891,1,3863636756,100,0.08146711395897999,3,0.03
10,-3.460461572088891,1,3863636756,101,0.10044584850762739,3,0.03
10,-3.460461572088891,1,3863636756,102,0.3728906564312746,3,0.03
10,-3.460461572088891,1,3863636756,103,0.41164957459990603,3,0.03
10,-3.460461572088891,1,3863636756,104,1.000153432705091,3,0.03
10,-3.460461572088891,1,3863636756,105,1.0017554239528144,3,0.03
10,-3.460461572088891,1,3863636756,106,1.086399060170638,3,0.03
10,-3.460461572088891,1,3863636756,107,1.088816950359479,3,0.03
10,-3.460461572088891,1,3863636756,108,1.3693609524276997,3,0.03
10,-3.460461572088891,1,3863636756,109,1.3736845883192936,3,0.03
10,-3.460461572088891,1,3863636756,110,1.4798748837301448,3,0.03
10,-3.460461572088891,1,3863636756,111,1.5070648105076492,3,0.03
10,-3.460461572088891,1,3863636756,112,1.634540203084851,3,0.03
10,-3.460461572088891,1,3863636756,113,1.6383346678949375,3,0.03
10,-3.460461572088891,1,3863636756,114,1.717897059904309,3,0.03
10,-3.460461572088891,1,3863636756,115,1.71849827107353,3,0.03
10,-3.460461572088891,1,3863636756,116,1.9186090394151252,3,0.03
10,-3.460461572088891,1,3863636756,117,1.9186090394151298,3,0.03
10,-3.460461572088891,1,3863636756,118,1.9317640924549684,3,0.03
10,-3.460461572088891,1,3863636756,119,1.9368961003560754,3,0.03
10,-3.460461572088891,1,3863636756,120,1.948577117172623,3,0.03
10,-3.460461572088891,1,3863636756,121,1.961989840235291,3,0.03
10,-3.460461572088891,1,3863636756,122,1.9676759130819184,3,0.03
10,-3.460461572088891,1,3863636756,123,1.9892224650889752,3,0.03
10,-3.460461572088891,1,3863636756,124,2.009648687454823,3,0.03
10,-3.460461572088891,1,3863636756,125,2.033207434539899,3,0.03
10,-3.460461572088891,1,3863636756,126,2.050000000000001,3,0.03
10,-3.460461572088891,1,3863636756,127,2.051832588069158,3,0.03
10,-3.460461572088891,1,3863636756,128,2.0597865529046073,3,0.03
10,-3.460461572088891,1,3863636756,129,2.091698252615193,3,0.03
10,-3.460461572088891,1,3863636756,130,2.099943246167558,3,0.03
10,-3.460461572088891,1,3863636756,131,2.143276609724621,3,0.03
10,-3.460461572088891,1,3863636756,132,2.17538559855094,3,0.03
10,-3.460461572088891,1,3863636756,133,2.208932611184952,3,0.03
10,-3.460461572088891,1,3863636756,134,2.2836374493338467,3,0.03
10,-3.460461572088891,1,3863636756,135,2.2836374493338476,3,0.03
10,-3.460461572088891,1,3863636756,136,2.298244448336817,3,0.03
10,-3.460461572088891,1,3863636756,137,2.30293274288253,3,0.03
10,-3.460461572088891,1,3863636756,138,2.3243824540805607,3,0.03
10,-3.460461572088891,1,3863636756,139,2.331857785332374,3,0.03
10,-3.460461572088891,1,3863636756,140,2.3711949589652788,3,0.03
10,-3.460461572088891,1,3863636756,141,2.379861136202547,3,0.03
10,-3.460461572088891,1,3863636756,142,2.3994190469062215,3,0.03
10,-3.460461572088891,1,3863636756,143,2.399419046906223,3,0.03
10,-3.460461572088891,1,3863636756,144,2.401621039489813,3,0.03
10,-3.460461572088891,1,3863636756,145,2.402293210923274,3,0.03
10,-3.460461572088891,1,3863636756,146,2.4057734463332308,3,0.03
10,-3.460461572088891,1,3863636756,147,2.4061288747552902,3,0.03
10,-3.460461572088891,1,3863636756,148,2.418646057395342,3,0.03
10,-3.460461572088891,1,3863636756,149,2.4318995388521296,3,0.03
10,-3.460461572088891,1,3863636756,150,2.45637728685123,3,0.03
10,-3.460461572088891,1,3863636756,151,2.4653641611772636,3,0.03
10,-3.460461572088891,1,3863636756,152,2.5503700884164164,3,0.03
10,-3.460461572088891,1,3863636756,153,2.5923437788214283,3,0.03
10,-3.460461572088891,1,3863636756,154,2.668919706939189,3,0.03
10,-3.460461572088891,1,3863636756,155,2.7128385688025456,3,0.03
10,-3.460461572088891,1,3863636756,156,2.758153372544599,3,0.03
10,-3.460461572088891,1,3863636756,157,2.83644026516056,3,0.03
10,-3.460461572088891,1,3863636756,158,2.8762455106168567,3,0.03
10,-3.460461572088891,1,3863636756,159,2.876245510616858,3,0.03
10,-3.460461572088891,1,3863636756,160,2.897320995134553,3,0.03
10,-3.460461572088891,1,3863636756,161,2.914394107152094,3,0.03
10,-3.460461572088891,1,3863636756,162,2.958787144029602,3,0.03
10,-3.460461572088891,1,3863636756,163,2.977855514148583,3,0.03
10,-3.460461572088891,1,3863636756,164,3.012347575741462,3,0.03
10,-3.460461572088891,1,3863636756,165,3.0228085356821035,3,0.03
10,-3.460461572088891,1,3863636756,166,3.0520484924063687,3,0.03
10,-3.460461572088891,1,3863636756,167,3.0520484924063704,3,0.03
10,-3.460461572088891,1,3863636756,168,3.065545847643751,3,0.03
10,-3.460461572088891,1,3863636756,169,3.067791037912633,3,0.03
10,-3.460461572088891,1,3863636756,170,3.082259274004105,3,0.03
10,-3.460461572088891,1,3863636756,171,3.08335839631227,3,0.03
10,-3.460461572088891,1,3863636756,172,3.1403395701345067,3,0.03
10,-3.460461572088891,1,3863636756,173,3.159029998985762,3,0.03
10,-3.460461572088891,1,3863636756,174,3.25343331772312,3,0.03
10,-3.460461572088891,1,3863636756,175,3.2907173608572826,3,0.03
10,-3.460461572088891,1,3863636756,176,3.322975727664179,3,0.03
10,-3.460461572088891,1,3863636756,177,3.386193951986722,3,0.03
10,-3.460461572088891,1,3863636756,178,3.4114873978042675,3,0.03
10,-3.460461572088891,1,3863636756,179,3.464188739665648,3,0.03
10,-3.460461572088891,1,3863636756,180,3.5192394160630878,3,0.03
10,-3.460461572088891,1,3863636756,181,3.527286030751696,3,0.03
10,-3.460461572088891,1,3863636756,182,3.5845417215976947,3,0.03
10,-3.460461572088891,1,3863636756,183,3.584541721597695,3,0.03
10,-3.460461572088891,1,3863636756,184,3.6060392873297538,3,0.03
10,-3.460461572088891,1,3863636756,185,3.610845153102135,3,0.03
10,-3.460461572088891,1,3863636756,186,3.634161090891535,3,0.03
10,-3.460461572088891,1,3863636756,187,3.6401475887460752,3,0.03
10,-3.460461572088891,1,3863636756,188,3.6587727526585416,3,0.03
10,-3.460461572088891,1,3863636756,189,3.6824120615026508,3,0.03
10,-3.460461572088891,1,3863636756,190,3.7457574598564367,3,0.03
10,-3.460461572088891,1,3863636756,191,3.811853324234519,3,0.03
10,-3.460461572088891,1,3863636756,192,3.8449328384505708,3,0.03
10,-3.460461572088891,1,3863636756,193,3.8841519791514854,3,0.03
10,-3.460461572088891,1,3863636756,194,3.8982320817239615,3,0.03
10,-3.460461572088891,1,3863636756,195,3.920898899206249,3,0.03
10,-3.460461572088891,1,3863636756,196,3.941634790570469,3,0.03
10,-3.460461572088891,1,3863636756,197,3.9552812631444123,3,0.03
10,-3.460461572088891,1,3863636756,198,3.9685860485560975,3,0.03
10,-3.460461572088891,1,3863636756,199,4.033258228696283,3,0.03
10,-3.460461572088891,2,3725643945,0,-4.033258228696279,3,0.03
10,-3.460461572088891,2,3725643945,1,-3.9685860485561006,3,0.03
10,-3.460461572088891,2,3725643945,2,-3.955281263144413,3,0.03
10,-3.460461572088891,2,3725643945,3,-3.9416347905704683,3,0.03
10,-3.460461572088891,2,3725643945,4,-3.92089889920625,3,0.03
10,-3.460461572088891,2,3725643945,5,-3.8982320817239593,3,0.03
10,-3.460461572088891,2,3725643945,6,-3.884151979151489,3,0.03
10,-3.460461572088891,2,3725643945,7,-3.8449328384505748,3,0.03
10,-3.460461572088891,2,3725643945,8,-3.811853324234522,3,0.03
10,-3.460461572088891,2,3725643945,9,-3.745757459856434,3,0.03
10,-3.460461572088891,2,3725643945,10,-3.6824120615026503,3,0.03
10,-3.460461572088891,2,3725643945,11,-3.6587727526585434,3,0.03
10,-3.460461572088891,2,3725643945,12,-3.640147588746075,3,0.03
10,-3.460461572088891,2,3725643945,13,-3.634161090891535,3,0.03
10,-3.460461572088891,2,3725643945,14,-3.6108451531021295,3,0.03
10,-3.460461572088891,2,3725643945,15,-3.6060392873297507,3,0.03
10,-3.460461572088891,2,3725643945,16,-3.5845417215977013,3,0.03
10,-3.460461572088891,2,3725643945,17,-3.5845417215976956,3,0.03
10,-3.460461572088891,2,3725643945,18,-3.5272860307516964,3,0.03
10,-3.460461572088891,2,3725643945,19,-3.519239416063087,3,0.03
10,-3.460461572088891,2,3725643945,20,-3.464188739665647,3,0.03
10,-3.460461572088891,2,3725643945,21,-3.4114873978042706,3,0.03
10,-3.460461572088891,2,3725643945,22,-3.3861939519867255,3,0.03
10,-3.460461572088891,2,3725643945,23,-3.322975727664181,3,0.03
10,-3.460461572088891,2,3725643945,24,-3.2907173608572835,3,0.03
10,-3.460461572088891,2,3725643945,25,-3.25343331772312,3,0.03
10,-3.460461572088891,2,3725643945,26,-3.159029998985763,3,0.03
10,-3.460461572088891,2,3725643945,27,-3.1403395701345076,3,0.03
10,-3.460461572088891,2,3725643945,28,-3.083358396312268,3,0.03
10,-3.460461572088891,2,3725643945,29,-3.082259274004103,3,0.03
10,-3.460461572088891,2,3725643945,30,-3.0677910379126274,3,0.03
10,-3.460461572088891,2,3725643945,31,-3.065545847643746,3,0.03
10,-3.460461572088891,2,3725643945,32,-3.0520484924063775,3,0.03
10,-3.460461572088891,2,3725643945,33,-3.052048492406369,3,0.03
10,-3.460461572088891,2,3725643945,34,-3.0228085356821035,3,0.03
10,-3.460461572088891,2,3725643945,35,-3.0123475757414626,3,0.03
10,-3.460461572088891,2,3725643945,36,-2.9778555141485814,3,0.03
10,-3.460461572088891,2,3725643945,37,-2.958787144029598,3,0.03
10,-3.460461572088891,2,3725643945,38,-2.914394107152094,3,0.03
10,-3.460461572088891,2,3725643945,39,-2.8973209951345504,3,0.03
10,-3.460461572088891,2,3725643945,40,-2.876245510616857,3,0.03
10,-3.460461572088891,2,3725643945,41,-2.876245510616846,3,0.03
10,-3.460461572088891,2,3725643945,42,-2.83644026516056,3,0.03
10,-3.460461572088891,2,3725643945,43,-2.7581533725446015,3,0.03
10,-3.460461572088891,2,3725643945,44,-2.712838568802545,3,0.03
10,-3.460461572088891,2,3725643945,45,-2.668919706939188,3,0.03
10,-3.460461572088891,2,3725643945,46,-2.59234377882143,3,0.03
10,-3.460461572088891,2,3725643945,47,-2.5503700884164173,3,0.03
10,-3.460461572088891,2,3725643945,48,-2.4653641611772654,3,0.03
10,-3.460461572088891,2,3725643945,49,-2.4563772868512297,3,0.03
10,-3.460461572088891,2,3725643945,50,-2.4318995388521323,3,0.03
10,-3.460461572088891,2,3725643945,51,-2.4186460573953426,3,0.03
10,-3.460461572088891,2,3725643945,52,-2.4061288747552894,3,0.03
10,-3.460461572088891,2,3725643945,53,-2.4057734463332263,3,0.03
10,-3.460461572088891,2,3725643945,54,-2.4022932109232764,3,0.03
10,-3.460461572088891,2,3725643945,55,-2.4016210394898168,3,0.03
10,-3.460461572088891,2,3725643945,56,-2.3994190469062255,3,0.03
10,-3.460461572088891,2,3725643945,57,-2.399419046906213,3,0.03
10,-3.460461572088891,2,3725643945,58,-2.379861136202547,3,0.03
10,-3.460461572088891,2,3725643945,59,-2.3711949589652797,3,0.03
10,-3.460461572088891,2,3725643945,60,-2.3318577853323754,3,0.03
10,-3.460461572088891,2,3725643945,61,-2.324382454080564,3,0.03
10,-3.460461572088891,2,3725643945,62,-2.3029327428825317,3,0.03
10,-3.460461572088891,2,3725643945,63,-2.298244448336818,3,0.03
10,-3.460461572088891,2,3725643945,64,-2.283637449333848,3,0.03
10,-3.460461572088891,2,3725643945,65,-2.283637449333839,3,0.03
10,-3.460461572088891,2,3725643945,66,-2.2089326111849488,3,0.03
10,-3.460461572088891,2,3725643945,67,-2.17538559855094,3,0.03
10,-3.460461572088891,2,3725643945,68,-2.143276609724622,3,0.03
10,-3.460461572088891,2,3725643945,69,-2.0999432461675562,3,0.03
10,-3.460461572088891,2,3725643945,70,-2.0916982526151946,3,0.03
10,-3.460461572088891,2,3725643945,71,-2.0597865529046073,3,0.03
10,-3.460461572088891,2,3725643945,72,-2.051832588069158,3,0.03
10,-3.460461572088891,2,3725643945,73,-2.050000000000004,3,0.03
10,-3.460461572088891,2,3725643945,74,-2.0332074345398974,3,0.03
10,-3.460461572088891,2,3725643945,75,-2.009648687454824,3,0.03
10,-3.460461572088891,2,3725643945,76,-1.9892224650889752,3,0.03
10,-3.460461572088891,2,3725643945,77,-1.9676759130819186,3,0.03
10,-3.460461572088891,2,3725643945,78,-1.961989840235291,3,0.03
10,-3.460461572088891,2,3725643945,79,-1.948577117172623,3,0.03
10,-3.460461572088891,2,3725643945,80,-1.9368961003560767,3,0.03
10,-3.460461572088891,2,3725643945,81,-1.9317640924549657,3,0.03
10,-3.460461572088891,2,3725643945,82,-1.9186090394151265,3,0.03
10,-3.460461572088891,2,3725643945,83,-1.9186090394151252,3,0.03
10,-3.460461572088891,2,3725643945,84,-1.7184982710735264,3,0.03
10,-3.460461572088891,2,3725643945,85,-1.7178970599043073,3,0.03
10,-3.460461572088891,2,3725643945,86,-1.6383346678949369,3,0.03
10,-3.460461572088891,2,3725643945,87,-1.63454020308485,3,0.03
10,-3.460461572088891,2,3725643945,88,-1.5070648105076518,3,0.03
10,-3.460461572088891,2,3725643945,89,-1.4798748837301483,3,0.03
10,-3.460461572088891,2,3725643945,90,-1.3736845883192974,3,0.03
10,-3.460461572088891,2,3725643945,91,-1.3693609524277013,3,0.03
10,-3.460461572088891,2,3725643945,92,-1.088816950359479,3,0.03
10,-3.460461572088891,2,3725643945,93,-1.0863990601706384,3,0.03
10,-3.460461572088891,2,3725643945,94,-1.0017554239528161,3,0.03
10,-3.460461572088891,2,3725643945,95,-1.0001534327050923,3,0.03
10,-3.460461572088891,2,3725643945,96,-0.4116495745999025,3,0.03
10,-3.460461572088891,2,3725643945,97,-0.37289065643127106,3,0.03
10,-3.460461572088891,2,3725643945,98,-0.10044584850762472,3,0.03
10,-3.460461572088891,2,3725643945,99,-0.08146711395898176,3,0.03
10,-3.460461572088891,2,3725643945,100,0.0814671139589831,3,0.03
10,-3.460461572088891,2,3725643945,101,0.10044584850762694,3,0.03
10,-3.460461572088891,2,3725643945,102,0.37289065643127506,3,0.03
10,-3.460461572088891,2,3725643945,103,0.41164957459990736,3,0.03
10,-3.460461572088891,2,3725643945,104,1.0001534327050918,3,0.03
10,-3.460461572088891,2,3725643945,105,1.0017554239528157,3,0.03
10,-3.460461572088891,2,3725643945,106,1.086399060170637,3,0.03
10,-3.460461572088891,2,3725643945,107,1.0888169503594771,3,0.03
10,-3.460461572088891,2,3725643945,108,1.3693609524276988,3,0.03
10,-3.460461572088891,2,3725643945,109,1.3736845883192936,3,0.03
10,-3.460461572088891,2,3725643945,110,1.4798748837301452,3,0.03
10,-3.460461572088891,2,3725643945,111,1.5070648105076487,3,0.03
10,-3.460461572088891,2,3725643945,112,1.6345402030848497,3,0.03
10,-3.460461572088891,2,3725643945,113,1.6383346678949375,3,0.03
10,-3.460461572088891,2,3725643945,114,1.7178970599043086,3,0.03
10,-3.460461572088891,2,3725643945,115,1.7184982710735297,3,0.03
10,-3.460461572088891,2,3725643945,116,1.9186090394151256,3,0.03
10,-3.460461572088891,2,3725643945,117,1.9186090394151296,3,0.03
10,-3.460461572088891,2,3725643945,118,1.931764092454968,3,0.03
10,-3.460461572088891,2,3725643945,119,1.9368961003560772,3,0.03
10,-3.460461572088891,2,3725643945,120,1.9485771171726225,3,0.03
10,-3.460461572088891,2,3725643945,121,1.961989840235291,3,0.03
10,-3.460461572088891,2,3725643945,122,1.967675913081918,3,0.03
10,-3.460461572088891,2,3725643945,123,1.9892224650889747,3,0.03
10,-3.460461572088891,2,3725643945,124,2.0096486874548227,3,0.03
10,-3.460461572088891,2,3725643945,125,2.0332074345398987,3,0.03
10,-3.460461572088891,2,3725643945,126,2.0500000000000025,3,0.03
10,-3.460461572088891,2,3725643945,127,2.051832588069158,3,0.03
10,-3.460461572088891,2,3725643945,128,2.059786552904608,3,0.03
10,-3.460461572088891,2,3725643945,129,2.091698252615192,3,0.03
10,-3.460461572088891,2,3725643945,130,2.099943246167558,3,0.03
10,-3.460461572088891,2,3725643945,131,2.14327660972462,3,0.03
10,-3.460461572088891,2,3725643945,132,2.1753855985509394,3,0.03
10,-3.460461572088891,2,3725643945,133,2.208932611184952,3,0.03
10,-3.460461572088891,2,3725643945,134,2.2836374493338467,3,0.03
10,-3.460461572088891,2,3725643945,135,2.283637449333847,3,0.03
10,-3.460461572088891,2,3725643945,136,2.2982444483368174,3,0.03
10,-3.460461572088891,2,3725643945,137,2.3029327428825304,3,0.03
10,-3.460461572088891,2,3725643945,138,2.3243824540805615,3,0.03
10,-3.460461572088891,2,3725643945,139,2.331857785332373,3,0.03
10,-3.460461572088891,2,3725643945,140,2.371194958965278,3,0.03
10,-3.460461572088891,2,3725643945,141,2.3798611362025484,3,0.03
10,-3.460461572088891,2,3725643945,142,2.3994190469062224,3,0.03
10,-3.460461572088891,2,3725643945,143,2.3994190469062238,3,0.03
10,-3.460461572088891,2,3725643945,144,2.401621039489815,3,0.03
10,-3.460461572088891,2,3725643945,145,2.402293210923276,3,0.03
10,-3.460461572088891,2,3725643945,146,2.4057734463332308,3,0.03
10,-3.460461572088891,2,3725643945,147,2.4061288747552885,3,0.03
10,-3.460461572088891,2,3725643945,148,2.41864605739534,3,0.03
10,-3.460461572088891,2,3725643945,149,2.4318995388521287,3,0.03
10,-3.460461572088891,2,3725643945,150,2.4563772868512306,3,0.03
10,-3.460461572088891,2,3725643945,151,2.4653641611772636,3,0.03
10,-3.460461572088891,2,3725643945,152,2.5503700884164155,3,0.03
10,-3.460461572088891,2,3725643945,153,2.592343778821429,3,0.03
10,-3.460461572088891,2,3725643945,154,2.668919706939188,3,0.03
10,-3.460461572088891,2,3725643945,155,2.712838568802546,3,0.03
10,-3.460461572088891,2,3725643945,156,2.758153372544599,3,0.03
10,-3.460461572088891,2,3725643945,157,2.83644026516056,3,0.03
10,-3.460461572088891,2,3725643945,158,2.8762455106168576,3,0.03
10,-3.460461572088891,2,3725643945,159,2.876245510616858,3,0.03
10,-3.460461572088891,2,3725643945,160,2.8973209951345544,3,0.03
10,-3.460461572088891,2,3725643945,161,2.914394107152094,3,0.03
10,-3.460461572088891,2,3725643945,162,2.958787144029601,3,0.03
10,-3.460461572088891,2,3725643945,163,2.977855514148583,3,0.03
10,-3.460461572088891,2,3725643945,164,3.0123475757414626,3,0.03
10,-3.460461572088891,2,3725643945,165,3.0228085356821035,3,0.03
10,-3.460461572088891,2,3725643945,166,3.0520484924063696,3,0.03
10,-3.460461572088891,2,3725643945,167,3.052048492406371,3,0.03
10,-3.460461572088891,2,3725643945,168,3.065545847643752,3,0.03
10,-3.460461572088891,2,3725643945,169,3.067791037912633,3,0.03
10,-3.460461572088891,2,3725643945,170,3.082259274004106,3,0.03
10,-3.460461572088891,2,3725643945,171,3.083358396312271,3,0.03
10,-3.460461572088891,2,3725643945,172,3.1403395701345067,3,0.03
10,-3.460461572088891,2,3725643945,173,3.159029998985762,3,0.03
10,-3.460461572088891,2,3725643945,174,3.25343331772312,3,0.03
10,-3.460461572088891,2,3725643945,175,3.2907173608572826,3,0.03
10,-3.460461572088891,2,3725643945,176,3.3229757276641796,3,0.03
10,-3.460461572088891,2,3725643945,177,3.386193951986722,3,0.03
10,-3.460461572088891,2,3725643945,178,3.4114873978042675,3,0.03
10,-3.460461572088891,2,3725643945,179,3.464188739665648,3,0.03
10,-3.460461572088891,2,3725643945,180,3.5192394160630878,3,0.03
10,-3.460461572088891,2,3725643945,181,3.5272860307516956,3,0.03
10,-3.460461572088891,2,3725643945,182,3.5845417215976947,3,0.03
10,-3.460461572088891,2,3725643945,183,3.584541721597696,3,0.03
10,-3.460461572088891,2,3725643945,184,3.6060392873297533,3,0.03
10,-3.460461572088891,2,3725643945,185,3.6108451531021344,3,0.03
10,-3.460461572088891,2,3725643945,186,3.6341610908915354,3,0.03
10,-3.460461572088891,2,3725643945,187,3.6401475887460757,3,0.03
10,-3.460461572088891,2,3725643945,188,3.658772752658542,3,0.03
10,-3.460461572088891,2,3725643945,189,3.68241206150265,3,0.03
10,-3.460461572088891,2,3725643945,190,3.7457574598564367,3,0.03
10,-3.460461572088891,2,3725643945,191,3.8118533242345194,3,0.03
10,-3.460461572088891,2,3725643945,192,3.844932838450571,3,0.03
10,-3.460461572088891,2,3725643945,193,3.8841519791514854,3,0.03
10,-3.460461572088891,2,3725643945,194,3.898232081723961,3,0.03
10,-3.460461572088891,2,3725643945,195,3.920898899206249,3,0.03
10,-3.460461572088891,2,3725643945,196,3.941634790570469,3,0.03
10,-3.460461572088891,2,3725643945,197,3.9552812631444128,3,0.03
10,-3.460461572088891,2,3725643945,198,3.9685860485560975,3,0.03
10,-3.460461572088891,2,3725643945,199,4.033258228696283,3,0.03
10,-3.460461572088891,3,2029516374,0,-4.036827547021521,3,0.03
10,-3.460461572088891,3,2029516374,1,-3.965930220023397,3,0.03
10,-3.460461572088891,3,2029516374,2,-3.961160365700782,3,0.03
10,-3.460461572088891,3,2029516374,3,-3.94542491473642,3,0.03
10,-3.460461572088891,3,2029516374,4,-3.922404748303359,3,0.03
10,-3.460461572088891,3,2029516374,5,-3.900053839803576,3,0.03
10,-3.460461572088891,3,2029516374,6,-3.881752594374574,3,0.03
10,-3.460461572088891,3,2029516374,7,-3.843607123640804,3,0.03
10,-3.460461572088891,3,2029516374,8,-3.8072244308165164,3,0.03
10,-3.460461572088891,3,2029516374,9,-3.7227607031193397,3,0.03
10,-3.460461572088891,3,2029516374,10,-3.6768814821410736,3,0.03
10,-3.460461572088891,3,2029516374,11,-3.6660471341921212,3,0.03
10,-3.460461572088891,3,2029516374,12,-3.6365585083430894,3,0.03
10,-3.460461572088891,3,2029516374,13,-3.625236181526896,3,0.03
10,-3.460461572088891,3,2029516374,14,-3.6131481480938343,3,0.03
10,-3.460461572088891,3,2029516374,15,-3.607038043094137,3,0.03
10,-3.460461572088891,3,2029516374,16,-3.584541721597697,3,0.03
10,-3.460461572088891,3,2029516374,17,-3.584541721597692,3,0.03
10,-3.460461572088891,3,2029516374,18,-3.549141591334129,3,0.03
10,-3.460461572088891,3,2029516374,19,-3.5334463528421587,3,0.03
10,-3.460461572088891,3,2029516374,20,-3.4587438163124435,3,0.03
10,-3.460461572088891,3,2029516374,21,-3.420621838927394,3,0.03
10,-3.460461572088891,3,2029516374,22,-3.3841843699897343,3,0.03
10,-3.460461572088891,3,2029516374,23,-3.3159654489892567,3,0.03
10,-3.460461572088891,3,2029516374,24,-3.2822614230019846,3,0.03
10,-3.460461572088891,3,2029516374,25,-3.2421033603852685,3,0.03
10,-3.460461572088891,3,2029516374,26,-3.171152238325301,3,0.03
10,-3.460461572088891,3,2029516374,27,-3.1405157178337815,3,0.03
10,-3.460461572088891,3,2029516374,28,-3.0826069977049313,3,0.03
10,-3.460461572088891,3,2029516374,29,-3.0814972336855644,3,0.03
10,-3.460461572088891,3,2029516374,30,-3.0728635576868153,3,0.03
10,-3.460461572088891,3,2029516374,31,-3.072610359703557,3,0.03
10,-3.460461572088891,3,2029516374,32,-3.0520484924063775,3,0.03
10,-3.460461572088891,3,2029516374,33,-3.0520484924063687,3,0.03
10,-3.460461572088891,3,2029516374,34,-3.029987627419503,3,0.03
10,-3.460461572088891,3,2029516374,35,-3.025357144386079,3,0.03
10,-3.460461572088891,3,2029516374,36,-2.979017270728834,3,0.03
10,-3.460461572088891,3,2029516374,37,-2.9690264824506087,3,0.03
10,-3.460461572088891,3,2029516374,38,-2.9088452496289654,3,0.03
10,-3.460461572088891,3,2029516374,39,-2.9024966083927546,3,0.03
10,-3.460461572088891,3,2029516374,40,-2.8762455106168625,3,0.03
10,-3.460461572088891,3,2029516374,41,-2.8762455106168585,3,0.03
10,-3.460461572088891,3,2029516374,42,-2.8017107996426693,3,0.03
10,-3.460461572088891,3,2029516374,43,-2.7920363925612293,3,0.03
10,-3.460461572088891,3,2029516374,44,-2.7366757199319975,3,0.03
10,-3.460461572088891,3,2029516374,45,-2.6290907287043757,3,0.03
10,-3.460461572088891,3,2029516374,46,-2.5745173422708305,3,0.03
10,-3.460461572088891,3,2029516374,47,-2.5433490014607685,3,0.03
10,-3.460461572088891,3,2029516374,48,-2.4605052755025874,3,0.03
10,-3.460461572088891,3,2029516374,49,-2.4458144788524088,3,0.03
10,-3.460461572088891,3,2029516374,50,-2.4269588357436245,3,0.03
10,-3.460461572088891,3,2029516374,51,-2.417149165000489,3,0.03
10,-3.460461572088891,3,2029516374,52,-2.406541290693045,3,0.03
10,-3.460461572088891,3,2029516374,53,-2.405957735803525,3,0.03
10,-3.460461572088891,3,2029516374,54,-2.4042891164960585,3,0.03
10,-3.460461572088891,3,2029516374,55,-2.403777420699676,3,0.03
10,-3.460461572088891,3,2029516374,56,-2.3994190469062207,3,0.03
10,-3.460461572088891,3,2029516374,57,-2.3994190469062135,3,0.03
10,-3.460461572088891,3,2029516374,58,-2.3743265726026226,3,0.03
10,-3.460461572088891,3,2029516374,59,-2.3689821499710026,3,0.03
10,-3.460461572088891,3,2029516374,60,-2.335940860989064,3,0.03
10,-3.460461572088891,3,2029516374,61,-2.3281280409181324,3,0.03
10,-3.460461572088891,3,2029516374,62,-2.302154716051944,3,0.03
10,-3.460461572088891,3,2029516374,63,-2.30037473298677,3,0.03
10,-3.460461572088891,3,2029516374,64,-2.283637449333848,3,0.03
10,-3.460461572088891,3,2029516374,65,-2.283637449333838,3,0.03
10,-3.460461572088891,3,2029516374,66,-2.205153619975907,3,0.03
10,-3.460461572088891,3,2029516374,67,-2.181892507309871,3,0.03
10,-3.460461572088891,3,2029516374,68,-2.149991641382722,3,0.03
10,-3.460461572088891,3,2029516374,69,-2.1188003574089596,3,0.03
10,-3.460461572088891,3,2029516374,70,-2.066107408476854,3,0.03
10,-3.460461572088891,3,2029516374,71,-2.05398072700714,3,0.03
10,-3.460461572088891,3,2029516374,72,-2.0503361887251095,3,0.03
10,-3.460461572088891,3,2029516374,73,-2.0500000000000003,3,0.03
10,-3.460461572088891,3,2029516374,74,-2.021650488439386,3,0.03
10,-3.460461572088891,3,2029516374,75,-2.0139034339726942,3,0.03
10,-3.460461572088891,3,2029516374,76,-1.9871521675235542,3,0.03
10,-3.460461572088891,3,2029516374,77,-1.965814406882827,3,0.03
10,-3.460461572088891,3,2029516374,78,-1.9592600624618681,3,0.03
10,-3.460461572088891,3,2029516374,79,-1.95213554130956,3,0.03
10,-3.460461572088891,3,2029516374,80,-1.9328204872618404,3,0.03
10,-3.460461572088891,3,2029516374,81,-1.9279277440923532,3,0.03
10,-3.460461572088891,3,2029516374,82,-1.9186090394151283,3,0.03
10,-3.460461572088891,3,2029516374,83,-1.9186090394151247,3,0.03
10,-3.460461572088891,3,2029516374,84,-1.7398922578967762,3,0.03
10,-3.460461572088891,3,2029516374,85,-1.7223627083013966,3,0.03
10,-3.460461572088891,3,2029516374,86,-1.6441124899249475,3,0.03
10,-3.460461572088891,3,2029516374,87,-1.638590485916948,3,0.03
10,-3.460461572088891,3,2029516374,88,-1.4799337895650648,3,0.03
10,-3.460461572088891,3,2029516374,89,-1.469058540075598,3,0.03
10,-3.460461572088891,3,2029516374,90,-1.3830199000768912,3,0.03
10,-3.460461572088891,3,2029516374,91,-1.3744325815467144,3,0.03
10,-3.460461572088891,3,2029516374,92,-1.1143313508721295,3,0.03
10,-3.460461572088891,3,2029516374,93,-1.0891044178889384,3,0.03
10,-3.460461572088891,3,2029516374,94,-0.9583117894963195,3,0.03
10,-3.460461572088891,3,2029516374,95,-0.9556910345051145,3,0.03
10,-3.460461572088891,3,2029516374,96,-0.5652087630998723,3,0.03
10,-3.460461572088891,3,2029516374,97,-0.4120610305679815,3,0.03
10,-3.460461572088891,3,2029516374,98,-0.18453866338253633,3,0.03
10,-3.460461572088891,3,2029516374,99,-0.08507705862085846,3,0.03
10,-3.460461572088891,3,2029516374,100,0.0850770586208558,3,0.03
10,-3.460461572088891,3,2029516374,101,0.18453866338253544,3,0.03
10,-3.460461572088891,3,2029516374,102,0.4120610305679784,3,0.03
10,-3.460461572088891,3,2029516374,103,0.565208763099871,3,0.03
10,-3.460461572088891,3,2029516374,104,0.9556910345051134,3,0.03
10,-3.460461572088891,3,2029516374,105,0.9583117894963188,3,0.03
10,-3.460461572088891,3,2029516374,106,1.0891044178889349,3,0.03
10,-3.460461572088891,3,2029516374,107,1.1143313508721286,3,0.03
10,-3.460461572088891,3,2029516374,108,1.3744325815467149,3,0.03
10,-3.460461572088891,3,2029516374,109,1.3830199000768904,3,0.03
10,-3.460461572088891,3,2029516374,110,1.4690585400755949,3,0.03
10,-3.460461572088891,3,2029516374,111,1.4799337895650648,3,0.03
10,-3.460461572088891,3,2029516374,112,1.6385904859169478,3,0.03
10,-3.460461572088891,3,2029516374,113,1.6441124899249484,3,0.03
10,-3.460461572088891,3,2029516374,114,1.7223627083013962,3,0.03
10,-3.460461572088891,3,2029516374,115,1.7398922578967766,3,0.03
10,-3.460461572088891,3,2029516374,116,1.918609039415126,3,0.03
10,-3.460461572088891,3,2029516374,117,1.918609039415129,3,0.03
10,-3.460461572088891,3,2029516374,118,1.9279277440923548,3,0.03
10,-3.460461572088891,3,2029516374,119,1.9328204872618424,3,0.03
10,-3.460461572088891,3,2029516374,120,1.9521355413095582,3,0.03
10,-3.460461572088891,3,2029516374,121,1.9592600624618686,3,0.03
10,-3.460461572088891,3,2029516374,122,1.96581440688283,3,0.03
10,-3.460461572088891,3,2029516374,123,1.9871521675235542,3,0.03
10,-3.460461572088891,3,2029516374,124,2.0139034339726916,3,0.03
10,-3.460461572088891,3,2029516374,125,2.021650488439385,3,0.03
10,-3.460461572088891,3,2029516374,126,2.0500000000000025,3,0.03
10,-3.460461572088891,3,2029516374,127,2.0503361887251104,3,0.03
10,-3.460461572088891,3,2029516374,128,2.05398072700714,3,0.03
10,-3.460461572088891,3,2029516374,129,2.066107408476854,3,0.03
10,-3.460461572088891,3,2029516374,130,2.118800357408961,3,0.03
10,-3.460461572088891,3,2029516374,131,2.149991641382719,3,0.03
10,-3.460461572088891,3,2029516374,132,2.1818925073098736,3,0.03
10,-3.460461572088891,3,2029516374,133,2.205153619975908,3,0.03
10,-3.460461572088891,3,2029516374,134,2.2836374493338467,3,0.03
10,-3.460461572088891,3,2029516374,135,2.283637449333848,3,0.03
10,-3.460461572088891,3,2029516374,136,2.3003747329867705,3,0.03
10,-3.460461572088891,3,2029516374,137,2.3021547160519438,3,0.03
10,-3.460461572088891,3,2029516374,138,2.3281280409181324,3,0.03
10,-3.460461572088891,3,2029516374,139,2.335940860989063,3,0.03
10,-3.460461572088891,3,2029516374,140,2.368982149971001,3,0.03
10,-3.460461572088891,3,2029516374,141,2.374326572602622,3,0.03
10,-3.460461572088891,3,2029516374,142,2.3994190469062233,3,0.03
10,-3.460461572088891,3,2029516374,143,2.3994190469062238,3,0.03
10,-3.460461572088891,3,2029516374,144,2.403777420699677,3,0.03
10,-3.460461572088891,3,2029516374,145,2.4042891164960616,3,0.03
10,-3.460461572088891,3,2029516374,146,2.4059577358035287,3,0.03
10,-3.460461572088891,3,2029516374,147,2.4065412906930463,3,0.03
10,-3.460461572088891,3,2029516374,148,2.4171491650004886,3,0.03
10,-3.460461572088891,3,2029516374,149,2.4269588357436263,3,0.03
10,-3.460461572088891,3,2029516374,150,2.4458144788524097,3,0.03
10,-3.460461572088891,3,2029516374,151,2.460505275502589,3,0.03
10,-3.460461572088891,3,2029516374,152,2.543349001460767,3,0.03
10,-3.460461572088891,3,2029516374,153,2.574517342270829,3,0.03
10,-3.460461572088891,3,2029516374,154,2.629090728704377,3,0.03
10,-3.460461572088891,3,2029516374,155,2.7366757199319984,3,0.03
10,-3.460461572088891,3,2029516374,156,2.7920363925612293,3,0.03
10,-3.460461572088891,3,2029516374,157,2.8017107996426667,3,0.03
10,-3.460461572088891,3,2029516374,158,2.876245510616856,3,0.03
10,-3.460461572088891,3,2029516374,159,2.876245510616858,3,0.03
10,-3.460461572088891,3,2029516374,160,2.902496608392754,3,0.03
10,-3.460461572088891,3,2029516374,161,2.9088452496289667,3,0.03
10,-3.460461572088891,3,2029516374,162,2.969026482450608,3,0.03
10,-3.460461572088891,3,2029516374,163,2.979017270728834,3,0.03
10,-3.460461572088891,3,2029516374,164,3.0253571443860796,3,0.03
10,-3.460461572088891,3,2029516374,165,3.0299876274195077,3,0.03
10,-3.460461572088891,3,2029516374,166,3.0520484924063696,3,0.03
10,-3.460461572088891,3,2029516374,167,3.052048492406371,3,0.03
10,-3.460461572088891,3,2029516374,168,3.072610359703553,3,0.03
10,-3.460461572088891,3,2029516374,169,3.0728635576868135,3,0.03
10,-3.460461572088891,3,2029516374,170,3.081497233685565,3,0.03
10,-3.460461572088891,3,2029516374,171,3.0826069977049335,3,0.03
10,-3.460461572088891,3,2029516374,172,3.1405157178337815,3,0.03
10,-3.460461572088891,3,2029516374,173,3.1711522383253006,3,0.03
10,-3.460461572088891,3,2029516374,174,3.2421033603852676,3,0.03
10,-3.460461572088891,3,2029516374,175,3.2822614230019815,3,0.03
10,-3.460461572088891,3,2029516374,176,3.3159654489892567,3,0.03
10,-3.460461572088891,3,2029516374,177,3.384184369989734,3,0.03
10,-3.460461572088891,3,2029516374,178,3.4206218389273952,3,0.03
10,-3.460461572088891,3,2029516374,179,3.458743816312442,3,0.03
10,-3.460461572088891,3,2029516374,180,3.5334463528421587,3,0.03
10,-3.460461572088891,3,2029516374,181,3.549141591334131,3,0.03
10,-3.460461572088891,3,2029516374,182,3.5845417215976947,3,0.03
10,-3.460461572088891,3,2029516374,183,3.584541721597695,3,0.03
10,-3.460461572088891,3,2029516374,184,3.6070380430941382,3,0.03
10,-3.460461572088891,3,2029516374,185,3.6131481480938374,3,0.03
10,-3.460461572088891,3,2029516374,186,3.6252361815268976,3,0.03
10,-3.460461572088891,3,2029516374,187,3.6365585083430876,3,0.03
10,-3.460461572088891,3,2029516374,188,3.6660471341921186,3,0.03
10,-3.460461572088891,3,2029516374,189,3.6768814821410714,3,0.03
10,-3.460461572088891,3,2029516374,190,3.722760703119343,3,0.03
10,-3.460461572088891,3,2029516374,191,3.807224430816514,3,0.03
10,-3.460461572088891,3,2029516374,192,3.8436071236408025,3,0.03
10,-3.460461572088891,3,2029516374,193,3.881752594374575,3,0.03
10,-3.460461572088891,3,2029516374,194,3.9000538398035776,3,0.03
10,-3.460461572088891,3,2029516374,195,3.9224047483033613,3,0.03
10,-3.460461572088891,3,2029516374,196,3.9454249147364218,3,0.03
10,-3.460461572088891,3,2029516374,197,3.961160365700783,3,0.03
10,-3.460461572088891,3,2029516374,198,3.965930220023397,3,0.03
10,-3.460461572088891,3,2029516374,199,4.036827547021526,3,0.03
10,-3.460461572088891,4,2936904718,0,-4.035495361367121,3,0.03
10,-3.460461572088891,4,2936904718,1,-3.966292701385567,3,0.03
10,-3.460461572088891,4,2936904718,2,-3.9592209987081217,3,0.03
10,-3.460461572088891,4,2936904718,3,-3.94175161093811,3,0.03
10,-3.460461572088891,4,2936904718,4,-3.9185731725010955,3,0.03
10,-3.460461572088891,4,2936904718,5,-3.8907753585509237,3,0.03
10,-3.460461572088891,4,2936904718,6,-3.8719507265380617,3,0.03
10,-3.460461572088891,4,2936904718,7,-3.846840569228811,3,0.03
10,-3.460461572088891,4,2936904718,8,-3.825014913862236,3,0.03
10,-3.460461572088891,4,2936904718,9,-3.745976498912974,3,0.03
10,-3.460461572088891,4,2936904718,10,-3.701101227630022,3,0.03
10,-3.460461572088891,4,2936904718,11,-3.658893041056298,3,0.03
10,-3.460461572088891,4,2936904718,12,-3.625625841122092,3,0.03
10,-3.460461572088891,4,2936904718,13,-3.6201672889758068,3,0.03
10,-3.460461572088891,4,2936904718,14,-3.612695090646388,3,0.03
10,-3.460461572088891,4,2936904718,15,-3.6020776358260154,3,0.03
10,-3.460461572088891,4,2936904718,16,-3.584541721597695,3,0.03
10,-3.460461572088891,4,2936904718,17,-3.584541721597692,3,0.03
10,-3.460461572088891,4,2936904718,18,-3.5459803334380933,3,0.03
10,-3.460461572088891,4,2936904718,19,-3.5186224871187086,3,0.03
10,-3.460461572088891,4,2936904718,20,-3.4679175550164887,3,0.03
10,-3.460461572088891,4,2936904718,21,-3.422987553922119,3,0.03
10,-3.460461572088891,4,2936904718,22,-3.3675865036341266,3,0.03
10,-3.460461572088891,4,2936904718,23,-3.3346413795696703,3,0.03
10,-3.460461572088891,4,2936904718,24,-3.299501853394725,3,0.03
10,-3.460461572088891,4,2936904718,25,-3.2651756817915523,3,0.03
10,-3.460461572088891,4,2936904718,26,-3.163053756762867,3,0.03
10,-3.460461572088891,4,2936904718,27,-3.1135624703598426,3,0.03
10,-3.460461572088891,4,2936904718,28,-3.0809658793782013,3,0.03
10,-3.460461572088891,4,2936904718,29,-3.078818134375781,3,0.03
10,-3.460461572088891,4,2936904718,30,-3.0720816122259613,3,0.03
10,-3.460461572088891,4,2936904718,31,-3.070380299961836,3,0.03
10,-3.460461572088891,4,2936904718,32,-3.052048492406371,3,0.03
10,-3.460461572088891,4,2936904718,33,-3.052048492406369,3,0.03
10,-3.460461572088891,4,2936904718,34,-3.006432943404131,3,0.03
10,-3.460461572088891,4,2936904718,35,-2.995337451548112,3,0.03
10,-3.460461572088891,4,2936904718,36,-2.9721974457511635,3,0.03
10,-3.460461572088891,4,2936904718,37,-2.9494535688222827,3,0.03
10,-3.460461572088891,4,2936904718,38,-2.9226830487878956,3,0.03
10,-3.460461572088891,4,2936904718,39,-2.894363411935153,3,0.03
10,-3.460461572088891,4,2936904718,40,-2.8762455106168607,3,0.03
10,-3.460461572088891,4,2936904718,41,-2.8762455106168576,3,0.03
10,-3.460461572088891,4,2936904718,42,-2.8548437631509502,3,0.03
10,-3.460461572088891,4,2936904718,43,-2.7888519578343933,3,0.03
10,-3.460461572088891,4,2936904718,44,-2.70730580113968,3,0.03
10,-3.460461572088891,4,2936904718,45,-2.6463706515671648,3,0.03
10,-3.460461572088891,4,2936904718,46,-2.5977437321670127,3,0.03
10,-3.460461572088891,4,2936904718,47,-2.546036360677661,3,0.03
10,-3.460461572088891,4,2936904718,48,-2.4691777080475656,3,0.03
10,-3.460461572088891,4,2936904718,49,-2.4578342904133557,3,0.03
10,-3.460461572088891,4,2936904718,50,-2.4283609472672705,3,0.03
10,-3.460461572088891,4,2936904718,51,-2.413564903855548,3,0.03
10,-3.460461572088891,4,2936904718,52,-2.4070045578313306,3,0.03
10,-3.460461572088891,4,2936904718,53,-2.406371031188829,3,0.03
10,-3.460461572088891,4,2936904718,54,-2.403251949643061,3,0.03
10,-3.460461572088891,4,2936904718,55,-2.4025190652216977,3,0.03
10,-3.460461572088891,4,2936904718,56,-2.3994190469062224,3,0.03
10,-3.460461572088891,4,2936904718,57,-2.399419046906214,3,0.03
10,-3.460461572088891,4,2936904718,58,-2.367131451124702,3,0.03
10,-3.460461572088891,4,2936904718,59,-2.364088688083857,3,0.03
10,-3.460461572088891,4,2936904718,60,-2.342039780822525,3,0.03
10,-3.460461572088891,4,2936904718,61,-2.339331843219704,3,0.03
10,-3.460461572088891,4,2936904718,62,-2.309690219266538,3,0.03
10,-3.460461572088891,4,2936904718,63,-2.302228310289766,3,0.03
10,-3.460461572088891,4,2936904718,64,-2.283637449333849,3,0.03
10,-3.460461572088891,4,2936904718,65,-2.2836374493338405,3,0.03
10,-3.460461572088891,4,2936904718,66,-2.1943268472997657,3,0.03
10,-3.460461572088891,4,2936904718,67,-2.172143178309546,3,0.03
10,-3.460461572088891,4,2936904718,68,-2.14211933629338,3,0.03
10,-3.460461572088891,4,2936904718,69,-2.1131884455316188,3,0.03
10,-3.460461572088891,4,2936904718,70,-2.074697940850424,3,0.03
10,-3.460461572088891,4,2936904718,71,-2.065952488556831,3,0.03
10,-3.460461572088891,4,2936904718,72,-2.0502312502862483,3,0.03
10,-3.460461572088891,4,2936904718,73,-2.0469136208651286,3,0.03
10,-3.460461572088891,4,2936904718,74,-2.0405484231762365,3,0.03
10,-3.460461572088891,4,2936904718,75,-2.0235207073993156,3,0.03
10,-3.460461572088891,4,2936904718,76,-1.991543792155281,3,0.03
10,-3.460461572088891,4,2936904718,77,-1.9836078561047357,3,0.03
10,-3.460461572088891,4,2936904718,78,-1.9536210666085223,3,0.03
10,-3.460461572088891,4,2936904718,79,-1.9472101770921055,3,0.03
10,-3.460461572088891,4,2936904718,80,-1.9296006229624494,3,0.03
10,-3.460461572088891,4,2936904718,81,-1.9250363142167108,3,0.03
10,-3.460461572088891,4,2936904718,82,-1.9186090394151258,3,0.03
10,-3.460461572088891,4,2936904718,83,-1.9186090394151236,3,0.03
10,-3.460461572088891,4,2936904718,84,-1.713245691207831,3,0.03
10,-3.460461572088891,4,2936904718,85,-1.703914883884571,3,0.03
10,-3.460461572088891,4,2936904718,86,-1.6681295312825615,3,0.03
10,-3.460461572088891,4,2936904718,87,-1.657312755165803,3,0.03
10,-3.460461572088891,4,2936904718,88,-1.47569778065614,3,0.03
10,-3.460461572088891,4,2936904718,89,-1.4522364458666024,3,0.03
10,-3.460461572088891,4,2936904718,90,-1.376295363532023,3,0.03
10,-3.460461572088891,4,2936904718,91,-1.3723557125344483,3,0.03
10,-3.460461572088891,4,2936904718,92,-1.0962450610618406,3,0.03
10,-3.460461572088891,4,2936904718,93,-1.076861598192842,3,0.03
10,-3.460461572088891,4,2936904718,94,-0.9812651585549338,3,0.03
10,-3.460461572088891,4,2936904718,95,-0.9782599892423469,3,0.03
10,-3.460461572088891,4,2936904718,96,-0.5010870631973745,3,0.03
10,-3.460461572088891,4,2936904718,97,-0.42476655681021924,3,0.03
10,-3.460461572088891,4,2936904718,98,-0.13784617921013353,3,0.03
10,-3.460461572088891,4,2936904718,99,-0.06432834787580077,3,0.03
10,-3.460461572088891,4,2936904718,100,0.06432834787579633,3,0.03
10,-3.460461572088891,4,2936904718,101,0.13784617921013442,3,0.03
10,-3.460461572088891,4,2936904718,102,0.424766556810217,3,0.03
10,-3.460461572088891,4,2936904718,103,0.5010870631973732,3,0.03
10,-3.460461572088891,4,2936904718,104,0.9782599892423469,3,0.03
10,-3.460461572088891,4,2936904718,105,0.9812651585549332,3,0.03
10,-3.460461572088891,4,2936904718,106,1.0768615981928416,3,0.03
10,-3.460461572088891,4,2936904718,107,1.0962450610618402,3,0.03
10,-3.460461572088891,4,2936904718,108,1.3723557125344477,3,0.03
10,-3.460461572088891,4,2936904718,109,1.3762953635320225,3,0.03
10,-3.460461572088891,4,2936904718,110,1.4522364458666015,3,0.03
10,-3.460461572088891,4,2936904718,111,1.475697780656139,3,0.03
10,-3.460461572088891,4,2936904718,112,1.6573127551658038,3,0.03
10,-3.460461572088891,4,2936904718,113,1.668129531282562,3,0.03
10,-3.460461572088891,4,2936904718,114,1.7039148838845706,3,0.03
10,-3.460461572088891,4,2936904718,115,1.7132456912078315,3,0.03
10,-3.460461572088891,4,2936904718,116,1.9186090394151256,3,0.03
10,-3.460461572088891,4,2936904718,117,1.9186090394151263,3,0.03
10,-3.460461572088891,4,2936904718,118,1.925036314216713,3,0.03
10,-3.460461572088891,4,2936904718,119,1.9296006229624507,3,0.03
10,-3.460461572088891,4,2936904718,120,1.9472101770921055,3,0.03
10,-3.460461572088891,4,2936904718,121,1.953621066608525,3,0.03
10,-3.460461572088891,4,2936904718,122,1.9836078561047357,3,0.03
10,-3.460461572088891,4,2936904718,123,1.9915437921552805,3,0.03
10,-3.460461572088891,4,2936904718,124,2.023520707399315,3,0.03
10,-3.460461572088891,4,2936904718,125,2.040548423176237,3,0.03
10,-3.460461572088891,4,2936904718,126,2.046913620865128,3,0.03
10,-3.460461572088891,4,2936904718,127,2.050231250286249,3,0.03
10,-3.460461572088891,4,2936904718,128,2.0659524885568294,3,0.03
10,-3.460461572088891,4,2936904718,129,2.074697940850424,3,0.03
10,-3.460461572088891,4,2936904718,130,2.1131884455316237,3,0.03
10,-3.460461572088891,4,2936904718,131,2.1421193362933826,3,0.03
10,-3.460461572088891,4,2936904718,132,2.1721431783095477,3,0.03
10,-3.460461572088891,4,2936904718,133,2.1943268472997675,3,0.03
10,-3.460461572088891,4,2936904718,134,2.2836374493338467,3,0.03
10,-3.460461572088891,4,2936904718,135,2.283637449333847,3,0.03
10,-3.460461572088891,4,2936904718,136,2.3022283102897676,3,0.03
10,-3.460461572088891,4,2936904718,137,2.309690219266532,3,0.03
10,-3.460461572088891,4,2936904718,138,2.3393318432197057,3,0.03
10,-3.460461572088891,4,2936904718,139,2.342039780822526,3,0.03
10,-3.460461572088891,4,2936904718,140,2.3640886880838554,3,0.03
10,-3.460461572088891,4,2936904718,141,2.3671314511247017,3,0.03
10,-3.460461572088891,4,2936904718,142,2.3994190469062224,3,0.03
10,-3.460461572088891,4,2936904718,143,2.3994190469062233,3,0.03
10,-3.460461572088891,4,2936904718,144,2.4025190652217043,3,0.03
10,-3.460461572088891,4,2936904718,145,2.4032519496430647,3,0.03
10,-3.460461572088891,4,2936904718,146,2.4063710311888324,3,0.03
10,-3.460461572088891,4,2936904718,147,2.4070045578313306,3,0.03
10,-3.460461572088891,4,2936904718,148,2.4135649038555487,3,0.03
10,-3.460461572088891,4,2936904718,149,2.4283609472672714,3,0.03
10,-3.460461572088891,4,2936904718,150,2.4578342904133574,3,0.03
10,-3.460461572088891,4,2936904718,151,2.4691777080475648,3,0.03
10,-3.460461572088891,4,2936904718,152,2.546036360677662,3,0.03
10,-3.460461572088891,4,2936904718,153,2.5977437321670154,3,0.03
10,-3.460461572088891,4,2936904718,154,2.6463706515671657,3,0.03
10,-3.460461572088891,4,2936904718,155,2.707305801139681,3,0.03
10,-3.460461572088891,4,2936904718,156,2.7888519578343907,3,0.03
10,-3.460461572088891,4,2936904718,157,2.854843763150954,3,0.03
10,-3.460461572088891,4,2936904718,158,2.876245510616858,3,0.03
10,-3.460461572088891,4,2936904718,159,2.8762455106168585,3,0.03
10,-3.460461572088891,4,2936904718,160,2.894363411935155,3,0.03
10,-3.460461572088891,4,2936904718,161,2.9226830487878996,3,0.03
10,-3.460461572088891,4,2936904718,162,2.9494535688222845,3,0.03
10,-3.460461572088891,4,2936904718,163,2.972197445751166,3,0.03
10,-3.460461572088891,4,2936904718,164,2.9953374515481155,3,0.03
10,-3.460461572088891,4,2936904718,165,3.0064329434041346,3,0.03
10,-3.460461572088891,4,2936904718,166,3.0520484924063687,3,0.03
10,-3.460461572088891,4,2936904718,167,3.052048492406371,3,0.03
10,-3.460461572088891,4,2936904718,168,3.0703802999618377,3,0.03
10,-3.460461572088891,4,2936904718,169,3.072081612225962,3,0.03
10,-3.460461572088891,4,2936904718,170,3.0788181343757826,3,0.03
10,-3.460461572088891,4,2936904718,171,3.080965879378203,3,0.03
10,-3.460461572088891,4,2936904718,172,3.1135624703598412,3,0.03
10,-3.460461572088891,4,2936904718,173,3.1630537567628636,3,0.03
10,-3.460461572088891,4,2936904718,174,3.265175681791553,3,0.03
10,-3.460461572088891,4,2936904718,175,3.2995018533947276,3,0.03
10,-3.460461572088891,4,2936904718,176,3.3346413795696686,3,0.03
10,-3.460461572088891,4,2936904718,177,3.3675865036341244,3,0.03
10,-3.460461572088891,4,2936904718,178,3.4229875539221197,3,0.03
10,-3.460461572088891,4,2936904718,179,3.4679175550164913,3,0.03
10,-3.460461572088891,4,2936904718,180,3.5186224871187117,3,0.03
10,-3.460461572088891,4,2936904718,181,3.545980333438096,3,0.03
10,-3.460461572088891,4,2936904718,182,3.5845417215976947,3,0.03
10,-3.460461572088891,4,2936904718,183,3.584541721597695,3,0.03
10,-3.460461572088891,4,2936904718,184,3.6020776358260163,3,0.03
10,-3.460461572088891,4,2936904718,185,3.612695090646394,3,0.03
10,-3.460461572088891,4,2936904718,186,3.6201672889758063,3,0.03
10,-3.460461572088891,4,2936904718,187,3.625625841122091,3,0.03
10,-3.460461572088891,4,2936904718,188,3.6588930410562974,3,0.03
10,-3.460461572088891,4,2936904718,189,3.701101227630026,3,0.03
10,-3.460461572088891,4,2936904718,190,3.7459764989129747,3,0.03
10,-3.460461572088891,4,2936904718,191,3.825014913862235,3,0.03
10,-3.460461572088891,4,2936904718,192,3.846840569228812,3,0.03
10,-3.460461572088891,4,2936904718,193,3.8719507265380604,3,0.03
10,-3.460461572088891,4,2936904718,194,3.8907753585509233,3,0.03
10,-3.460461572088891,4,2936904718,195,3.9185731725010973,3,0.03
10,-3.460461572088891,4,2936904718,196,3.9417516109381077,3,0.03
10,-3.460461572088891,4,2936904718,197,3.959220998708121,3,0.03
10,-3.460461572088891,4,2936904718,198,3.9662927013855667,3,0.03
10,-3.460461572088891,4,2936904718,199,4.03549536136712,3,0.03
10,-3.460461572088891,5,3973061665,0,-4.033043834071068,3,0.03
10,-3.460461572088891,5,3973061665,1,-3.968868153368976,3,0.03
10,-3.460461572088891,5,3973061665,2,-3.951636924771619,3,0.03
10,-3.460461572088891,5,3973061665,3,-3.9455986556677467,3,0.03
10,-3.460461572088891,5,3973061665,4,-3.9128801100698754,3,0.03
10,-3.460461572088891,5,3973061665,5,-3.900902487989251,3,0.03
10,-3.460461572088891,5,3973061665,6,-3.8840027331150537,3,0.03
10,-3.460461572088891,5,3973061665,7,-3.846503018707563,3,0.03
10,-3.460461572088891,5,3973061665,8,-3.8333237265430746,3,0.03
10,-3.460461572088891,5,3973061665,9,-3.716960088209893,3,0.03
10,-3.460461572088891,5,3973061665,10,-3.687534522903495,3,0.03
10,-3.460461572088891,5,3973061665,11,-3.667920437403418,3,0.03
10,-3.460461572088891,5,3973061665,12,-3.637608788610068,3,0.03
10,-3.460461572088891,5,3973061665,13,-3.633907213405445,3,0.03
10,-3.460461572088891,5,3973061665,14,-3.606427853744317,3,0.03
10,-3.460461572088891,5,3973061665,15,-3.597126879851899,3,0.03
10,-3.460461572088891,5,3973061665,16,-3.5845417215976996,3,0.03
10,-3.460461572088891,5,3973061665,17,-3.584541721597696,3,0.03
10,-3.460461572088891,5,3973061665,18,-3.5489952620941825,3,0.03
10,-3.460461572088891,5,3973061665,19,-3.4789771827538107,3,0.03
10,-3.460461572088891,5,3973061665,20,-3.4645318148450324,3,0.03
10,-3.460461572088891,5,3973061665,21,-3.42543073610965,3,0.03
10,-3.460461572088891,5,3973061665,22,-3.3958762768543274,3,0.03
10,-3.460461572088891,5,3973061665,23,-3.3719057958576295,3,0.03
10,-3.460461572088891,5,3973061665,24,-3.2985431364931976,3,0.03
10,-3.460461572088891,5,3973061665,25,-3.2088849043280154,3,0.03
10,-3.460461572088891,5,3973061665,26,-3.1610402397038273,3,0.03
10,-3.460461572088891,5,3973061665,27,-3.12625081863904,3,0.03
10,-3.460461572088891,5,3973061665,28,-3.0822771868693986,3,0.03
10,-3.460461572088891,5,3973061665,29,-3.0811221751201447,3,0.03
10,-3.460461572088891,5,3973061665,30,-3.0665129051691027,3,0.03
10,-3.460461572088891,5,3973061665,31,-3.065341370289891,3,0.03
10,-3.460461572088891,5,3973061665,32,-3.0520484924063775,3,0.03
10,-3.460461572088891,5,3973061665,33,-3.05204849240637,3,0.03
10,-3.460461572088891,5,3973061665,34,-3.0000768114674297,3,0.03
10,-3.460461572088891,5,3973061665,35,-2.9946033321523258,3,0.03
10,-3.460461572088891,5,3973061665,36,-2.986901647018068,3,0.03
10,-3.460461572088891,5,3973061665,37,-2.965111984708857,3,0.03
10,-3.460461572088891,5,3973061665,38,-2.9425267881352326,3,0.03
10,-3.460461572088891,5,3973061665,39,-2.9334326678730793,3,0.03
10,-3.460461572088891,5,3973061665,40,-2.876245510616857,3,0.03
10,-3.460461572088891,5,3973061665,41,-2.8762455106168474,3,0.03
10,-3.460461572088891,5,3973061665,42,-2.791994909431276,3,0.03
10,-3.460461572088891,5,3973061665,43,-2.7804121393730172,3,0.03
10,-3.460461572088891,5,3973061665,44,-2.7063796603746733,3,0.03
10,-3.460461572088891,5,3973061665,45,-2.6409846482824086,3,0.03
10,-3.460461572088891,5,3973061665,46,-2.614083782266036,3,0.03
10,-3.460461572088891,5,3973061665,47,-2.57247246450057,3,0.03
10,-3.460461572088891,5,3973061665,48,-2.4637385570917294,3,0.03
10,-3.460461572088891,5,3973061665,49,-2.443610774056512,3,0.03
10,-3.460461572088891,5,3973061665,50,-2.4339517660725054,3,0.03
10,-3.460461572088891,5,3973061665,51,-2.4164901185703522,3,0.03
10,-3.460461572088891,5,3973061665,52,-2.4058455856229757,3,0.03
10,-3.460461572088891,5,3973061665,53,-2.40582797321003,3,0.03
10,-3.460461572088891,5,3973061665,54,-2.400260812594573,3,0.03
10,-3.460461572088891,5,3973061665,55,-2.400108688244819,3,0.03
10,-3.460461572088891,5,3973061665,56,-2.399419046906217,3,0.03
10,-3.460461572088891,5,3973061665,57,-2.399419046906215,3,0.03
10,-3.460461572088891,5,3973061665,58,-2.362780667101611,3,0.03
10,-3.460461572088891,5,3973061665,59,-2.3562614137939297,3,0.03
10,-3.460461572088891,5,3973061665,60,-2.3305326421654318,3,0.03
10,-3.460461572088891,5,3973061665,61,-2.326169653474162,3,0.03
10,-3.460461572088891,5,3973061665,62,-2.3152542375654424,3,0.03
10,-3.460461572088891,5,3973061665,63,-2.30533034654394,3,0.03
10,-3.460461572088891,5,3973061665,64,-2.2836374493338467,3,0.03
10,-3.460461572088891,5,3973061665,65,-2.2836374493338387,3,0.03
10,-3.460461572088891,5,3973061665,66,-2.240323885454239,3,0.03
10,-3.460461572088891,5,3973061665,67,-2.1783063341902515,3,0.03
10,-3.460461572088891,5,3973061665,68,-2.1252332905104736,3,0.03
10,-3.460461572088891,5,3973061665,69,-2.121175775733277,3,0.03
10,-3.460461572088891,5,3973061665,70,-2.0652515371836895,3,0.03
10,-3.460461572088891,5,3973061665,71,-2.057660602691284,3,0.03
10,-3.460461572088891,5,3973061665,72,-2.0500000000000007,3,0.03
10,-3.460461572088891,5,3973061665,73,-2.0466388282543275,3,0.03
10,-3.460461572088891,5,3973061665,74,-2.040473377780706,3,0.03
10,-3.460461572088891,5,3973061665,75,-2.0096767805130016,3,0.03
10,-3.460461572088891,5,3973061665,76,-1.995901005297453,3,0.03
10,-3.460461572088891,5,3973061665,77,-1.9847405822275448,3,0.03
10,-3.460461572088891,5,3973061665,78,-1.9622293106656548,3,0.03
10,-3.460461572088891,5,3973061665,79,-1.9537179814671681,3,0.03
10,-3.460461572088891,5,3973061665,80,-1.9272317734591697,3,0.03
10,-3.460461572088891,5,3973061665,81,-1.9247665230837794,3,0.03
10,-3.460461572088891,5,3973061665,82,-1.9186090394151274,3,0.03
10,-3.460461572088891,5,3973061665,83,-1.9186090394151256,3,0.03
10,-3.460461572088891,5,3973061665,84,-1.7093973308465165,3,0.03
10,-3.460461572088891,5,3973061665,85,-1.7010546667315225,3,0.03
10,-3.460461572088891,5,3973061665,86,-1.6449473177442848,3,0.03
10,-3.460461572088891,5,3973061665,87,-1.6423607560130509,3,0.03
10,-3.460461572088891,5,3973061665,88,-1.5066356395377867,3,0.03
10,-3.460461572088891,5,3973061665,89,-1.5011803945354283,3,0.03
10,-3.460461572088891,5,3973061665,90,-1.357070795552534,3,0.03
10,-3.460461572088891,5,3973061665,91,-1.3553958890628741,3,0.03
10,-3.460461572088891,5,3973061665,92,-1.088149094872785,3,0.03
10,-3.460461572088891,5,3973061665,93,-1.0854337064278752,3,0.03
10,-3.460461572088891,5,3973061665,94,-1.0125191870732055,3,0.03
10,-3.460461572088891,5,3973061665,95,-1.0093785515760192,3,0.03
10,-3.460461572088891,5,3973061665,96,-0.3978130301384031,3,0.03
10,-3.460461572088891,5,3973061665,97,-0.3515842969601186,3,0.03
10,-3.460461572088891,5,3973061665,98,-0.1481497978577817,3,0.03
10,-3.460461572088891,5,3973061665,99,-0.11795281358636966,3,0.03
10,-3.460461572088891,5,3973061665,100,0.11795281358636789,3,0.03
10,-3.460461572088891,5,3973061665,101,0.14814979785778126,3,0.03
10,-3.460461572088891,5,3973061665,102,0.3515842969601173,3,0.03
10,-3.460461572088891,5,3973061665,103,0.39781303013840397,3,0.03
10,-3.460461572088891,5,3973061665,104,1.0093785515760159,3,0.03
10,-3.460461572088891,5,3973061665,105,1.0125191870732047,3,0.03
10,-3.460461572088891,5,3973061665,106,1.0854337064278758,3,0.03
10,-3.460461572088891,5,3973061665,107,1.0881490948727852,3,0.03
10,-3.460461572088891,5,3973061665,108,1.3553958890628717,3,0.03
10,-3.460461572088891,5,3973061665,109,1.3570707955525318,3,0.03
10,-3.460461572088891,5,3973061665,110,1.5011803945354276,3,0.03
10,-3.460461572088891,5,3973061665,111,1.5066356395377851,3,0.03
10,-3.460461572088891,5,3973061665,112,1.6423607560130482,3,0.03
10,-3.460461572088891,5,3973061665,113,1.6449473177442826,3,0.03
10,-3.460461572088891,5,3973061665,114,1.7010546667315225,3,0.03
10,-3.460461572088891,5,3973061665,115,1.7093973308465173,3,0.03
10,-3.460461572088891,5,3973061665,116,1.9186090394151256,3,0.03
10,-3.460461572088891,5,3973061665,117,1.9186090394151296,3,0.03
10,-3.460461572088891,5,3973061665,118,1.9247665230837803,3,0.03
10,-3.460461572088891,5,3973061665,119,1.9272317734591708,3,0.03
10,-3.460461572088891,5,3973061665,120,1.9537179814671704,3,0.03
10,-3.460461572088891,5,3973061665,121,1.9622293106656543,3,0.03
10,-3.460461572088891,5,3973061665,122,1.9847405822275452,3,0.03
10,-3.460461572088891,5,3973061665,123,1.9959010052974535,3,0.03
10,-3.460461572088891,5,3973061665,124,2.0096767805130034,3,0.03
10,-3.460461572088891,5,3973061665,125,2.040473377780706,3,0.03
10,-3.460461572088891,5,3973061665,126,2.0466388282543253,3,0.03
10,-3.460461572088891,5,3973061665,127,2.050000000000002,3,0.03
10,-3.460461572088891,5,3973061665,128,2.0576606026912847,3,0.03
10,-3.460461572088891,5,3973061665,129,2.0652515371836895,3,0.03
10,-3.460461572088891,5,3973061665,130,2.1211757757332776,3,0.03
10,-3.460461572088891,5,3973061665,131,2.125233290510474,3,0.03
10,-3.460461572088891,5,3973061665,132,2.178306334190251,3,0.03
10,-3.460461572088891,5,3973061665,133,2.2403238854542415,3,0.03
10,-3.460461572088891,5,3973061665,134,2.2836374493338467,3,0.03
10,-3.460461572088891,5,3973061665,135,2.283637449333847,3,0.03
10,-3.460461572088891,5,3973061665,136,2.30533034654394,3,0.03
10,-3.460461572088891,5,3973061665,137,2.315254237565444,3,0.03
10,-3.460461572088891,5,3973061665,138,2.326169653474164,3,0.03
10,-3.460461572088891,5,3973061665,139,2.3305326421654335,3,0.03
10,-3.460461572088891,5,3973061665,140,2.356261413793929,3,0.03
10,-3.460461572088891,5,3973061665,141,2.3627806671016107,3,0.03
10,-3.460461572088891,5,3973061665,142,2.399419046906222,3,0.03
10,-3.460461572088891,5,3973061665,143,2.3994190469062233,3,0.03
10,-3.460461572088891,5,3973061665,144,2.400108688244819,3,0.03
10,-3.460461572088891,5,3973061665,145,2.4002608125945746,3,0.03
10,-3.460461572088891,5,3973061665,146,2.405827973210031,3,0.03
10,-3.460461572088891,5,3973061665,147,2.40584558562298,3,0.03
10,-3.460461572088891,5,3973061665,148,2.4164901185703513,3,0.03
10,-3.460461572088891,5,3973061665,149,2.4339517660725054,3,0.03
10,-3.460461572088891,5,3973061665,150,2.443610774056512,3,0.03
10,-3.460461572088891,5,3973061665,151,2.4637385570917285,3,0.03
10,-3.460461572088891,5,3973061665,152,2.5724724645005734,3,0.03
10,-3.460461572088891,5,3973061665,153,2.614083782266036,3,0.03
10,-3.460461572088891,5,3973061665,154,2.6409846482824055,3,0.03
10,-3.460461572088891,5,3973061665,155,2.7063796603746715,3,0.03
10,-3.460461572088891,5,3973061665,156,2.7804121393730146,3,0.03
10,-3.460461572088891,5,3973061665,157,2.791994909431276,3,0.03
10,-3.460461572088891,5,3973061665,158,2.876245510616856,3,0.03
10,-3.460461572088891,5,3973061665,159,2.876245510616858,3,0.03
10,-3.460461572088891,5,3973061665,160,2.933432667873085,3,0.03
10,-3.460461572088891,5,3973061665,161,2.942526788135231,3,0.03
10,-3.460461572088891,5,3973061665,162,2.965111984708855,3,0.03
10,-3.460461572088891,5,3973061665,163,2.9869016470180663,3,0.03
10,-3.460461572088891,5,3973061665,164,2.9946033321523244,3,0.03
10,-3.460461572088891,5,3973061665,165,3.0000768114674283,3,0.03
10,-3.460461572088891,5,3973061665,166,3.0520484924063687,3,0.03
10,-3.460461572088891,5,3973061665,167,3.0520484924063704,3,0.03
10,-3.460461572088891,5,3973061665,168,3.0653413702898913,3,0.03
10,-3.460461572088891,5,3973061665,169,3.066512905169107,3,0.03
10,-3.460461572088891,5,3973061665,170,3.081122175120148,3,0.03
10,-3.460461572088891,5,3973061665,171,3.0822771868693994,3,0.03
10,-3.460461572088891,5,3973061665,172,3.126250818639044,3,0.03
10,-3.460461572088891,5,3973061665,173,3.161040239703824,3,0.03
10,-3.460461572088891,5,3973061665,174,3.2088849043280105,3,0.03
10,-3.460461572088891,5,3973061665,175,3.298543136493196,3,0.03
10,-3.460461572088891,5,3973061665,176,3.371905795857628,3,0.03
10,-3.460461572088891,5,3973061665,177,3.3958762768543256,3,0.03
10,-3.460461572088891,5,3973061665,178,3.425430736109647,3,0.03
10,-3.460461572088891,5,3973061665,179,3.4645318148450315,3,0.03
10,-3.460461572088891,5,3973061665,180,3.4789771827538116,3,0.03
10,-3.460461572088891,5,3973061665,181,3.54899526209418,3,0.03
10,-3.460461572088891,5,3973061665,182,3.584541721597695,3,0.03
10,-3.460461572088891,5,3973061665,183,3.5845417215976956,3,0.03
10,-3.460461572088891,5,3973061665,184,3.5971268798518996,3,0.03
10,-3.460461572088891,5,3973061665,185,3.606427853744317,3,0.03
10,-3.460461572088891,5,3973061665,186,3.633907213405448,3,0.03
10,-3.460461572088891,5,3973061665,187,3.6376087886100685,3,0.03
10,-3.460461572088891,5,3973061665,188,3.6679204374034167,3,0.03
10,-3.460461572088891,5,3973061665,189,3.6875345229034933,3,0.03
10,-3.460461572088891,5,3973061665,190,3.7169600882098957,3,0.03
10,-3.460461572088891,5,3973061665,191,3.833323726543069,3,0.03
10,-3.460461572088891,5,3973061665,192,3.8465030187075606,3,0.03
10,-3.460461572088891,5,3973061665,193,3.8840027331150555,3,0.03
10,-3.460461572088891,5,3973061665,194,3.9009024879892507,3,0.03
10,-3.460461572088891,5,3973061665,195,3.9128801100698722,3,0.03
10,-3.460461572088891,5,3973061665,196,3.9455986556677436,3,0.03
10,-3.460461572088891,5,3973061665,197,3.951636924771619,3,0.03
10,-3.460461572088891,5,3973061665,198,3.968868153368974,3,0.03
10,-3.460461572088891,5,3973061665,199,4.033043834071071,3,0.03
12,-3.460461572088891,0,3738359286,0,-4.033707344735585,4,0.027777777777777776
12,-3.460461572088891,0,3738359286,1,-3.9939214799845075,4,0.027777777777777776
12,-3.460461572088891,0,3738359286,2,-3.9893045483967233,4,0.027777777777777776
12,-3.460461572088891,0,3738359286,3,-3.9716060130553172,4,0.027777777777777776
12,-3.460461572088891,0,3738359286,4,-3.945062839872115,4,0.027777777777777776
12,-3.460461572088891,0,3738359286,5,-3.9345144910945042,4,0.027777777777777776
12,-3.460461572088891,0,3738359286,6,-3.9279551525959695,4,0.027777777777777776
12,-3.460461572088891,0,3738359286,7,-3.9099950637818717,4,0.027777777777777776
12,-3.460461572088891,0,3738359286,8,-3.884115909478938,4,0.027777777777777776
12,-3.460461572088891,0,3738359286,9,-3.82142854397276,4,0.027777777777777776
12,-3.460461572088891,0,3738359286,10,-3.8156257643237974,4,0.027777777777777776
12,-3.460461572088891,0,3738359286,11,-3.789448554063288,4,0.027777777777777776
12,-3.460461572088891,0,3738359286,12,-3.781152080715601,4,0.027777777777777776
12,-3.460461572088891,0,3738359286,13,-3.762980793220968,4,0.027777777777777776
12,-3.460461572088891,0,3738359286,14,-3.7486308265446784,4,0.027777777777777776
12,-3.460461572088891,0,3738359286,15,-3.732586423168288,4,0.027777777777777776
12,-3.460461572088891,0,3738359286,16,-3.731570373019911,4,0.027777777777777776
12,-3.460461572088891,0,3738359286,17,-3.7172359826604566,4,0.027777777777777776
12,-3.460461572088891,0,3738359286,18,-3.694481463437235,4,0.027777777777777776
12,-3.460461572088891,0,3738359286,19,-3.6791464978923,4,0.027777777777777776
12,-3.460461572088891,0,3738359286,20,-3.664618506301454,4,0.027777777777777776
12,-3.460461572088891,0,3738359286,21,-3.6107257646954576,4,0.027777777777777776
12,-3.460461572088891,0,3738359286,22,-3.5672736754004974,4,0.027777777777777776
12,-3.460461572088891,0,3738359286,23,-3.5474530157989417,4,0.027777777777777776
12,-3.460461572088891,0,3738359286,24,-3.5312424984270914,4,0.027777777777777776
12,-3.460461572088891,0,3738359286,25,-3.4762528859482478,4,0.027777777777777776
12,-3.460461572088891,0,3738359286,26,-3.4547358818915983,4,0.027777777777777776
12,-3.460461572088891,0,3738359286,27,-3.44577047008039,4,0.027777777777777776
12,-3.460461572088891,0,3738359286,28,-3.4148755197038687,4,0.027777777777777776
12,-3.460461572088891,0,3738359286,29,-3.387671269975618,4,0.027777777777777776
12,-3.460461572088891,0,3738359286,30,-3.3848274054669236,4,0.027777777777777776
12,-3.460461572088891,0,3738359286,31,-3.3727011069756423,4,0.027777777777777776
12,-3.460461572088891,0,3738359286,32,-3.371978105975156,4,0.027777777777777776
12,-3.460461572088891,0,3738359286,33,-3.3466852546095476,4,0.027777777777777776
12,-3.460461572088891,0,3738359286,34,-3.337120976580974,4,0.027777777777777776
12,-3.460461572088891,0,3738359286,35,-3.3277411184654286,4,0.027777777777777776
12,-3.460461572088891,0,3738359286,36,-3.3210037428466053,4,0.027777777777777776
12,-3.460461572088891,0,3738359286,37,-3.285908604696679,4,0.027777777777777776
12,-3.460461572088891,0,3738359286,38,-3.2789418676161546,4,0.027777777777777776
12,-3.460461572088891,0,3738359286,39,-3.2370649363480126,4,0.027777777777777776
12,-3.460461572088891,0,3738359286,40,-3.2337145035901993,4,0.027777777777777776
12,-3.460461572088891,0,3738359286,41,-3.205270088355083,4,0.027777777777777776
12,-3.460461572088891,0,3738359286,42,-3.1745596037067365,4,0.027777777777777776
12,-3.460461572088891,0,3738359286,43,-3.160761712375451,4,0.027777777777777776
12,-3.460461572088891,0,3738359286,44,-3.120481263761744,4,0.027777777777777776
12,-3.460461572088891,0,3738359286,45,-3.1017083196287167,4,0.027777777777777776
12,-3.460461572088891,0,3738359286,46,-3.0342744188320516,4,0.027777777777777776
12,-3.460461572088891,0,3738359286,47,-2.9877344765749383,4,0.027777777777777776
12,-3.460461572088891,0,3738359286,48,-2.955120643119691,4,0.027777777777777776
12,-3.460461572088891,0,3738359286,49,-2.931045359577091,4,0.027777777777777776
12,-3.460461572088891,0,3738359286,50,-2.910582921053905,4,0.027777777777777776
12,-3.460461572088891,0,3738359286,51,-2.8929449520762933,4,0.027777777777777776
12,-3.460461572088891,0,3738359286,52,-2.8738842544419807,4,0.027777777777777776
12,-3.460461572088891,0,3738359286,53,-2.8549504381878585,4,0.027777777777777776
12,-3.460461572088891,0,3738359286,54,-2.8546568454011045,4,0.027777777777777776
12,-3.460461572088891,0,3738359286,55,-2.847483888279449,4,0.027777777777777776
12,-3.460461572088891,0,3738359286,56,-2.847359476252361,4,0.027777777777777776
12,-3.460461572088891,0,3738359286,57,-2.8295205529499445,4,0.027777777777777776
12,-3.460461572088891,0,3738359286,58,-2.8258269755816303,4,0.027777777777777776
12,-3.460461572088891,0,3738359286,59,-2.807229952584502,4,0.027777777777777776
12,-3.460461572088891,0,3738359286,60,-2.803728982989752,4,0.027777777777777776
12,-3.460461572088891,0,3738359286,61,-2.7941557738676193,4,0.027777777777777776
12,-3.460461572088891,0,3738359286,62,-2.787869099886542,4,0.027777777777777776
12,-3.460461572088891,0,3738359286,63,-2.767626475496591,4,0.027777777777777776
12,-3.460461572088891,0,3738359286,64,-2.7652668824749393,4,0.027777777777777776
12,-3.460461572088891,0,3738359286,65,-2.7180365042598513,4,0.027777777777777776
12,-3.460461572088891,0,3738359286,66,-2.703911852915242,4,0.027777777777777776
12,-3.460461572088891,0,3738359286,67,-2.663948086523969,4,0.027777777777777776
12,-3.460461572088891,0,3738359286,68,-2.640127555814125,4,0.027777777777777776
12,-3.460461572088891,0,3738359286,69,-2.594241963487475,4,0.027777777777777776
12,-3.460461572088891,0,3738359286,70,-2.583562938995126,4,0.027777777777777776
12,-3.460461572088891,0,3738359286,71,-2.573301349345553,4,0.027777777777777776
12,-3.460461572088891,0,3738359286,72,-2.5308631765996426,4,0.027777777777777776
12,-3.460461572088891,0,3738359286,73,-2.5127822495438084,4,0.027777777777777776
12,-3.460461572088891,0,3738359286,74,-2.4914875045927527,4,0.027777777777777776
12,-3.460461572088891,0,3738359286,75,-2.4694407580823343,4,0.027777777777777776
12,-3.460461572088891,0,3738359286,76,-2.456520861117937,4,0.027777777777777776
12,-3.460461572088891,0,3738359286,77,-2.4342342419760854,4,0.027777777777777776
12,-3.460461572088891,0,3738359286,78,-2.3799711791146176,4,0.027777777777777776
12,-3.460461572088891,0,3738359286,79,-2.3702444460292496,4,0.027777777777777776
12,-3.460461572088891,0,3738359286,80,-2.352177226389493,4,0.027777777777777776
12,-3.460461572088891,0,3738359286,81,-2.3088842621174095,4,0.027777777777777776
12,-3.460461572088891,0,3738359286,82,-2.3087179659878854,4,0.027777777777777776
12,-3.460461572088891,0,3738359286,83,-2.308188487092309,4,0.027777777777777776
12,-3.460461572088891,0,3738359286,84,-2.3081621485832664,4,0.027777777777777776
12,-3.460461572088891,0,3738359286,85,-2.3030209883303643,4,0.027777777777777776
12,-3.460461572088891,0,3738359286,86,-2.3026558750154766,4,0.027777777777777776
12,-3.460461572088891,0,3738359286,87,-2.28621281868899,4,0.027777777777777776
12,-3.460461572088891,0,3738359286,88,-2.2834674854831483,4,0.027777777777777776
12,-3.460461572088891,0,3738359286,89,-2.2803762010523303,4,0.027777777777777776
12,-3.460461572088891,0,3738359286,90,-2.2743115053041967,4,0.027777777777777776
12,-3.460461572088891,0,3738359286,91,-2.259617724521037,4,0.027777777777777776
12,-3.460461572088891,0,3738359286,92,-2.2582462910102894,4,0.027777777777777776
12,-3.460461572088891,0,3738359286,93,-2.2247413701541534,4,0.027777777777777776
12,-3.460461572088891,0,3738359286,94,-2.2197066906987515,4,0.027777777777777776
12,-3.460461572088891,0,3738359286,95,-2.1867723639770933,4,0.027777777777777776
12,-3.460461572088891,0,3738359286,96,-2.1824646294238135,4,0.027777777777777776
12,-3.460461572088891,0,3738359286,97,-2.155584975528149,4,0.027777777777777776
12,-3.460461572088891,0,3738359286,98,-2.1462945982248325,4,0.027777777777777776
12,-3.460461572088891,0,3738359286,99,-2.1126883757962305,4,0.027777777777777776
12,-3.460461572088891,0,3738359286,100,-2.1102144926787862,4,0.027777777777777776
12,-3.460461572088891,0,3738359286,101,-2.0984361924859822,4,0.027777777777777776
12,-3.460461572088891,0,3738359286,102,-2.0849158842420135,4,0.027777777777777776
12,-3.460461572088891,0,3738359286,103,-2.081326910392553,4,0.027777777777777776
12,-3.460461572088891,0,3738359286,104,-2.071047664373163,4,0.027777777777777776
12,-3.460461572088891,0,3738359286,105,-2.057279059760277,4,0.027777777777777776
12,-3.460461572088891,0,3738359286,106,-2.0567499161908818,4,0.027777777777777776
12,-3.460461572088891,0,3738359286,107,-2.054832092203616,4,0.027777777777777776
12,-3.460461572088891,0,3738359286,108,-2.0537783885835714,4,0.027777777777777776
12,-3.460461572088891,0,3738359286,109,-2.052164638863842,4,0.027777777777777776
12,-3.460461572088891,0,3738359286,110,-2.0499999999999994,4,0.027777777777777776
12,-3.460461572088891,0,3738359286,111,-2.0404246631068235,4,0.027777777777777776
12,-3.460461572088891,0,3738359286,112,-2.0373579148391676,4,0.027777777777777776
12,-3.460461572088891,0,3738359286,113,-2.030638400163686,4,0.027777777777777776
12,-3.460461572088891,0,3738359286,114,-2.0290980625687163,4,0.027777777777777776
12,-3.460461572088891,0,3738359286,115,-1.940944248558644,4,0.027777777777777776
12,-3.460461572088891,0,3738359286,116,-1.931208115187923,4,0.027777777777777776
12,-3.460461572088891,0,3738359286,117,-1.8718330004208754,4,0.027777777777777776
12,-3.460461572088891,0,3738359286,118,-1.8654737701282045,4,0.027777777777777776
12,-3.460461572088891,0,3738359286,119,-1.7834964357966383,4,0.027777777777777776
12,-3.460461572088891,0,3738359286,120,-1.7689490888670685,4,0.027777777777777776
12,-3.460461572088891,0,3738359286,121,-1.7305662988661146,4,0.027777777777777776
12,-3.460461572088891,0,3738359286,122,-1.7124592353579047,4,0.027777777777777776
12,-3.460461572088891,0,3738359286,123,-1.677304611256645,4,0.027777777777777776
12,-3.460461572088891,0,3738359286,124,-1.6746208882840496,4,0.027777777777777776
12,-3.460461572088891,0,3738359286,125,-1.6524534015782972,4,0.027777777777777776
12,-3.460461572088891,0,3738359286,126,-1.6512760585161061,4,0.027777777777777776
12,-3.460461572088891,0,3738359286,127,-1.5694116062837562,4,0.027777777777777776
12,-3.460461572088891,0,3738359286,128,-1.556702974195682,4,0.027777777777777776
12,-3.460461572088891,0,3738359286,129,-1.4541326924515865,4,0.027777777777777776
12,-3.460461572088891,0,3738359286,130,-1.4510908569265897,4,0.027777777777777776
12,-3.460461572088891,0,3738359286,131,-1.2545334409396842,4,0.027777777777777776
12,-3.460461572088891,0,3738359286,132,-1.2470931056321755,4,0.027777777777777776
12,-3.460461572088891,0,3738359286,133,-1.1651106122236867,4,0.027777777777777776
12,-3.460461572088891,0,3738359286,134,-1.1641778001904495,4,0.027777777777777776
12,-3.460461572088891,0,3738359286,135,-1.0190897933364715,4,0.027777777777777776
12,-3.460461572088891,0,3738359286,136,-1.0162413613415335,4,0.027777777777777776
12,-3.460461572088891,0,3738359286,137,-0.8249500919491582,4,0.027777777777777776
12,-3.460461572088891,0,3738359286,138,-0.8242249589369731,4,0.027777777777777776
12,-3.460461572088891,0,3738359286,139,-0.39683461630937433,4,0.027777777777777776
12,-3.460461572088891,0,3738359286,140,-0.3534182135032653,4,0.027777777777777776
12,-3.460461572088891,0,3738359286,141,-0.14547714143977508,4,0.027777777777777776
12,-3.460461572088891,0,3738359286,142,-0.13834189652166096,4,0.027777777777777776
12,-3.460461572088891,0,3738359286,143,-0.001216049214275758,4,0.027777777777777776
12,-3.460461572088891,0,3738359286,144,0.0012160492142784488,4,0.027777777777777776
12,-3.460461572088891,0,3738359286,145,0.13834189652166362,4,0.027777777777777776
12,-3.460461572088891,0,3738359286,146,0.14547714143977775,4,0.027777777777777776
12,-3.460461572088891,0,3738359286,147,0.3534182135032635,4,0.027777777777777776
12,-3.460461572088891,0,3738359286,148,0.39683461630937256,4,0.027777777777777776
12,-3.460461572088891,0,3738359286,149,0.8242249589369722,4,0.027777777777777776
12,-3.460461572088891,0,3738359286,150,0.8249500919491569,4,0.027777777777777776
12,-3.460461572088891,0,3738359286,151,1.0162413613415346,4,0.027777777777777776
12,-3.460461572088891,0,3738359286,152,1.0190897933364726,4,0.027777777777777776
12,-3.460461572088891,0,3738359286,153,1.1641778001904524,4,0.027777777777777776
12,-3.460461572088891,0,3738359286,154,1.1651106122236883,4,0.027777777777777776
12,-3.460461572088891,0,3738359286,155,1.2470931056321768,4,0.027777777777777776
12,-3.460461572088891,0,3738359286,156,1.2545334409396833,4,0.027777777777777776
12,-3.460461572088891,0,3738359286,157,1.4510908569265912,4,0.027777777777777776
12,-3.460461572088891,0,3738359286,158,1.454132692451588,4,0.027777777777777776
12,-3.460461572088891,0,3738359286,159,1.5567029741956824,4,0.027777777777777776
12,-3.460461572088891,0,3738359286,160,1.5694116062837575,4,0.027777777777777776
12,-3.460461572088891,0,3738359286,161,1.6512760585161066,4,0.027777777777777776
12,-3.460461572088891,0,3738359286,162,1.6524534015782966,4,0.027777777777777776
12,-3.460461572088891,0,3738359286,163,1.6746208882840508,4,0.027777777777777776
12,-3.460461572088891,0,3738359286,164,1.6773046112566465,4,0.027777777777777776
12,-3.460461572088891,0,3738359286,165,1.7124592353579042,4,0.027777777777777776
12,-3.460461572088891,0,3738359286,166,1.7305662988661146,4,0.027777777777777776
12,-3.460461572088891,0,3738359286,167,1.7689490888670711,4,0.027777777777777776
12,-3.460461572088891,0,3738359286,168,1.7834964357966405,4,0.027777777777777776
12,-3.460461572088891,0,3738359286,169,1.8654737701282058,4,0.027777777777777776
12,-3.460461572088891,0,3738359286,170,1.8718330004208767,4,0.027777777777777776
12,-3.460461572088891,0,3738359286,171,1.931208115187923,4,0.027777777777777776
12,-3.460461572088891,0,3738359286,172,1.9409442485586443,4,0.027777777777777776
12,-3.460461572088891,0,3738359286,173,2.0290980625687167,4,0.027777777777777776
12,-3.460461572088891,0,3738359286,174,2.030638400163684,4,0.027777777777777776
12,-3.460461572088891,0,3738359286,175,2.0373579148391685,4,0.027777777777777776
12,-3.460461572088891,0,3738359286,176,2.040424663106818,4,0.027777777777777776
12,-3.460461572088891,0,3738359286,177,2.049999999999999,4,0.027777777777777776
12,-3.460461572088891,0,3738359286,178,2.052164638863845,4,0.027777777777777776
12,-3.460461572088891,0,3738359286,179,2.0537783885835785,4,0.027777777777777776
12,-3.460461572088891,0,3738359286,180,2.0548320922036183,4,0.027777777777777776
12,-3.460461572088891,0,3738359286,181,2.056749916190885,4,0.027777777777777776
12,-3.460461572088891,0,3738359286,182,2.0572790597602815,4,0.027777777777777776
12,-3.460461572088891,0,3738359286,183,2.071047664373161,4,0.027777777777777776
12,-3.460461572088891,0,3738359286,184,2.0813269103925536,4,0.027777777777777776
12,-3.460461572088891,0,3738359286,185,2.0849158842420135,4,0.027777777777777776
12,-3.460461572088891,0,3738359286,186,2.0984361924859822,4,0.027777777777777776
12,-3.460461572088891,0,3738359286,187,2.110214492678785,4,0.027777777777777776
12,-3.460461572088891,0,3738359286,188,2.1126883757962265,4,0.027777777777777776
12,-3.460461572088891,0,3738359286,189,2.1462945982248334,4,0.027777777777777776
12,-3.460461572088891,0,3738359286,190,2.155584975528149,4,0.027777777777777776
12,-3.460461572088891,0,3738359286,191,2.182464629423814,4,0.027777777777777776
12,-3.460461572088891,0,3738359286,192,2.186772363977094,4,0.027777777777777776
12,-3.460461572088891,0,3738359286,193,2.219706690698753,4,0.027777777777777776
12,-3.460461572088891,0,3738359286,194,2.2247413701541534,4,0.027777777777777776
12,-3.460461572088891,0,3738359286,195,2.258246291010289,4,0.027777777777777776
12,-3.460461572088891,0,3738359286,196,2.2596177245210383,4,0.027777777777777776
12,-3.460461572088891,0,3738359286,197,2.274311505304195,4,0.027777777777777776
12,-3.460461572088891,0,3738359286,198,2.280376201052329,4,0.027777777777777776
12,-3.460461572088891,0,3738359286,199,2.2834674854831505,4,0.027777777777777776
12,-3.460461572088891,0,3738359286,200,2.2862128186889885,4,0.027777777777777776
12,-3.460461572088891,0,3738359286,201,2.3026558750154775,4,0.027777777777777776
12,-3.460461572088891,0,3738359286,202,2.303020988330364,4,0.027777777777777776
12,-3.460461572088891,0,3738359286,203,2.308162148583275,4,0.027777777777777776
12,-3.460461572088891,0,3738359286,204,2.308188487092308,4,0.027777777777777776
12,-3.460461572088891,0,3738359286,205,2.3087179659878787,4,0.027777777777777776
12,-3.460461572088891,0,3738359286,206,2.308884262117404,4,0.027777777777777776
12,-3.460461572088891,0,3738359286,207,2.352177226389493,4,0.027777777777777776
12,-3.460461572088891,0,3738359286,208,2.370244446029251,4,0.027777777777777776
12,-3.460461572088891,0,3738359286,209,2.3799711791146168,4,0.027777777777777776
12,-3.460461572088891,0,3738359286,210,2.4342342419760863,4,0.027777777777777776
12,-3.460461572088891,0,3738359286,211,2.456520861117937,4,0.027777777777777776
12,-3.460461572088891,0,3738359286,212,2.4694407580823334,4,0.027777777777777776
12,-3.460461572088891,0,3738359286,213,2.4914875045927523,4,0.027777777777777776
12,-3.460461572088891,0,3738359286,214,2.5127822495438075,4,0.027777777777777776
12,-3.460461572088891,0,3738359286,215,2.5308631765996443,4,0.027777777777777776
12,-3.460461572088891,0,3738359286,216,2.57330134934555,4,0.027777777777777776
12,-3.460461572088891,0,3738359286,217,2.5835629389951276,4,0.027777777777777776
12,-3.460461572088891,0,3738359286,218,2.594241963487476,4,0.027777777777777776
12,-3.460461572088891,0,3738359286,219,2.6401275558141255,4,0.027777777777777776
12,-3.460461572088891,0,3738359286,220,2.663948086523969,4,0.027777777777777776
12,-3.460461572088891,0,3738359286,221,2.7039118529152453,4,0.027777777777777776
12,-3.460461572088891,0,3738359286,222,2.7180365042598518,4,0.027777777777777776
12,-3.460461572088891,0,3738359286,223,2.76526688247494,4,0.027777777777777776
12,-3.460461572088891,0,3738359286,224,2.7676264754965887,4,0.027777777777777776
12,-3.460461572088891,0,3738359286,225,2.7878690998865436,4,0.027777777777777776
12,-3.460461572088891,0,3738359286,226,2.7941557738676157,4,0.027777777777777776
12,-3.460461572088891,0,3738359286,227,2.80372898298975,4,0.027777777777777776
12,-3.460461572088891,0,3738359286,228,2.8072299525845015,4,0.027777777777777776
12,-3.460461572088891,0,3738359286,229,2.8258269755816317,4,0.027777777777777776
12,-3.460461572088891,0,3738359286,230,2.8295205529499414,4,0.027777777777777776
12,-3.460461572088891,0,3738359286,231,2.8473594762523624,4,0.027777777777777776
12,-3.460461572088891,0,3738359286,232,2.847483888279447,4,0.027777777777777776
12,-3.460461572088891,0,3738359286,233,2.854656845401106,4,0.027777777777777776
12,-3.460461572088891,0,3738359286,234,2.854950438187855,4,0.027777777777777776
12,-3.460461572088891,0,3738359286,235,2.8738842544419825,4,0.027777777777777776
12,-3.460461572088891,0,3738359286,236,2.892944952076296,4,0.027777777777777776
12,-3.460461572088891,0,3738359286,237,2.910582921053908,4,0.027777777777777776
12,-3.460461572088891,0,3738359286,238,2.9310453595770927,4,0.027777777777777776
12,-3.460461572088891,0,3738359286,239,2.9551206431196912,4,0.027777777777777776
12,-3.460461572088891,0,3738359286,240,2.98773447657494,4,0.027777777777777776
12,-3.460461572088891,0,3738359286,241,3.0342744188320507,4,0.027777777777777776
12,-3.460461572088891,0,3738359286,242,3.101708319628717,4,0.027777777777777776
12,-3.460461572088891,0,3738359286,243,3.120481263761745,4,0.027777777777777776
12,-3.460461572088891,0,3738359286,244,3.160761712375453,4,0.027777777777777776
12,-3.460461572088891,0,3738359286,245,3.1745596037067374,4,0.027777777777777776
12,-3.460461572088891,0,3738359286,246,3.205270088355083,4,0.027777777777777776
12,-3.460461572088891,0,3738359286,247,3.2337145035901997,4,0.027777777777777776
12,-3.460461572088891,0,3738359286,248,3.2370649363480135,4,0.027777777777777776
12,-3.460461572088891,0,3738359286,249,3.2789418676161537,4,0.027777777777777776
12,-3.460461572088891,0,3738359286,250,3.285908604696678,4,0.027777777777777776
12,-3.460461572088891,0,3738359286,251,3.3210037428466066,4,0.027777777777777776
12,-3.460461572088891,0,3738359286,252,3.3277411184654313,4,0.027777777777777776
12,-3.460461572088891,0,3738359286,253,3.3371209765809757,4,0.027777777777777776
12,-3.460461572088891,0,3738359286,254,3.3466852546095485,4,0.027777777777777776
12,-3.460461572088891,0,3738359286,255,3.3719781059751583,4,0.027777777777777776
12,-3.460461572088891,0,3738359286,256,3.3727011069756436,4,0.027777777777777776
12,-3.460461572088891,0,3738359286,257,3.384827405466925,4,0.027777777777777776
12,-3.460461572088891,0,3738359286,258,3.387671269975621,4,0.027777777777777776
12,-3.460461572088891,0,3738359286,259,3.4148755197038714,4,0.027777777777777776
12,-3.460461572088891,0,3738359286,260,3.4457704700803897,4,0.027777777777777776
12,-3.460461572088891,0,3738359286,261,3.454735881891598,4,0.027777777777777776
12,-3.460461572088891,0,3738359286,262,3.4762528859482513,4,0.027777777777777776
12,-3.460461572088891,0,3738359286,263,3.5312424984270914,4,0.027777777777777776
12,-3.460461572088891,0,3738359286,264,3.5474530157989417,4,0.027777777777777776
12,-3.460461572088891,0,3738359286,265,3.5672736754005,4,0.027777777777777776
12,-3.460461572088891,0,3738359286,266,3.6107257646954576,4,0.027777777777777776
12,-3.460461572088891,0,3738359286,267,3.6646185063014545,4,0.027777777777777776
12,-3.460461572088891,0,3738359286,268,3.679146497892299,4,0.027777777777777776
12,-3.460461572088891,0,3738359286,269,3.694481463437236,4,0.027777777777777776
12,-3.460461572088891,0,3738359286,270,3.7172359826604593,4,0.027777777777777776
12,-3.460461572088891,0,3738359286,271,3.73157037301991,4,0.027777777777777776
12,-3.460461572088891,0,3738359286,272,3.7325864231682844,4,0.027777777777777776
12,-3.460461572088891,0,3738359286,273,3.748630826544678,4,0.027777777777777776
12,-3.460461572088891,0,3738359286,274,3.762980793220968,4,0.027777777777777776
12,-3.460461572088891,0,3738359286,275,3.7811520807156014,4,0.027777777777777776
12,-3.460461572088891,0,3738359286,276,3.78944855406329,4,0.027777777777777776
12,-3.460461572088891,0,3738359286,277,3.8156257643237974,4,0.027777777777777776
12,-3.460461572088891,0,3738359286,278,3.8214285439727624,4,0.027777777777777776
12,-3.460461572088891,0,3738359286,279,3.8841159094789366,4,0.027777777777777776
12,-3.460461572088891,0,3738359286,280,3.909995063781872,4,0.027777777777777776
12,-3.460461572088891,0,3738359286,281,3.9279551525959695,4,0.027777777777777776
12,-3.460461572088891,0,3738359286,282,3.9345144910945065,4,0.027777777777777776
12,-3.460461572088891,0,3738359286,283,3.9450628398721124,4,0.027777777777777776
12,-3.460461572088891,0,3738359286,284,3.971606013055315,4,0.027777777777777776
12,-3.460461572088891,0,3738359286,285,3.9893045483967224,4,0.027777777777777776
12,-3.460461572088891,0,3738359286,286,3.9939214799845075,4,0.027777777777777776
12,-3.460461572088891,0,3738359286,287,4.033707344735582,4,0.027777777777777776
12,-3.460461572088891,1,3267571948,0,-4.034033536412566,4,0.027777777777777776
12,-3.460461572088891,1,3267571948,1,-3.992355181705531,4,0.027777777777777776
12,-3.460461572088891,1,3267571948,2,-3.9871885672846075,4,0.027777777777777776
12,-3.460461572088891,1,3267571948,3,-3.9750919183352424,4,0.027777777777777776
12,-3.460461572088891,1,3267571948,4,-3.9554766578749447,4,0.027777777777777776
12,-3.460461572088891,1,3267571948,5,-3.9347458029676696,4,0.027777777777777776
12,-3.460461572088891,1,3267571948,6,-3.922720339732577,4,0.027777777777777776
12,-3.460461572088891,1,3267571948,7,-3.900069669986431,4,0.027777777777777776
12,-3.460461572088891,1,3267571948,8,-3.8899831530410083,4,0.027777777777777776
12,-3.460461572088891,1,3267571948,9,-3.8161705791349414,4,0.027777777777777776
12,-3.460461572088891,1,3267571948,10,-3.8075874104892735,4,0.027777777777777776
12,-3.460461572088891,1,3267571948,11,-3.795849657693527,4,0.027777777777777776
12,-3.460461572088891,1,3267571948,12,-3.7765885235903554,4,0.027777777777777776
12,-3.460461572088891,1,3267571948,13,-3.7630701188469713,4,0.027777777777777776
12,-3.460461572088891,1,3267571948,14,-3.7490288617589442,4,0.027777777777777776
12,-3.460461572088891,1,3267571948,15,-3.736232937179845,4,0.027777777777777776
12,-3.460461572088891,1,3267571948,16,-3.7337493426508073,4,0.027777777777777776
12,-3.460461572088891,1,3267571948,17,-3.708731725015209,4,0.027777777777777776
12,-3.460461572088891,1,3267571948,18,-3.7013067053435162,4,0.027777777777777776
12,-3.460461572088891,1,3267571948,19,-3.6802437080643564,4,0.027777777777777776
12,-3.460461572088891,1,3267571948,20,-3.64504046159135,4,0.027777777777777776
12,-3.460461572088891,1,3267571948,21,-3.6130347648966756,4,0.027777777777777776
12,-3.460461572088891,1,3267571948,22,-3.5995660251712627,4,0.027777777777777776
12,-3.460461572088891,1,3267571948,23,-3.536178156903518,4,0.027777777777777776
12,-3.460461572088891,1,3267571948,24,-3.522331471556467,4,0.027777777777777776
12,-3.460461572088891,1,3267571948,25,-3.506363173769067,4,0.027777777777777776
12,-3.460461572088891,1,3267571948,26,-3.4603674946531484,4,0.027777777777777776
12,-3.460461572088891,1,3267571948,27,-3.4417023531626105,4,0.027777777777777776
12,-3.460461572088891,1,3267571948,28,-3.4181710920130515,4,0.027777777777777776
12,-3.460461572088891,1,3267571948,29,-3.389641436035495,4,0.027777777777777776
12,-3.460461572088891,1,3267571948,30,-3.3853195946421017,4,0.027777777777777776
12,-3.460461572088891,1,3267571948,31,-3.3691116747904726,4,0.027777777777777776
12,-3.460461572088891,1,3267571948,32,-3.3681838469488286,4,0.027777777777777776
12,-3.460461572088891,1,3267571948,33,-3.34618151597948,4,0.027777777777777776
12,-3.460461572088891,1,3267571948,34,-3.334998351434087,4,0.027777777777777776
12,-3.460461572088891,1,3267571948,35,-3.3258587820836887,4,0.027777777777777776
12,-3.460461572088891,1,3267571948,36,-3.3023810846491406,4,0.027777777777777776
12,-3.460461572088891,1,3267571948,37,-3.286477782516654,4,0.027777777777777776
12,-3.460461572088891,1,3267571948,38,-3.2704788432486387,4,0.027777777777777776
12,-3.460461572088891,1,3267571948,39,-3.241598943563935,4,0.027777777777777776
12,-3.460461572088891,1,3267571948,40,-3.2387567412431117,4,0.027777777777777776
12,-3.460461572088891,1,3267571948,41,-3.1995042139783316,4,0.027777777777777776
12,-3.460461572088891,1,3267571948,42,-3.192432582570081,4,0.027777777777777776
12,-3.460461572088891,1,3267571948,43,-3.14478851877446,4,0.027777777777777776
12,-3.460461572088891,1,3267571948,44,-3.122166857104747,4,0.027777777777777776
12,-3.460461572088891,1,3267571948,45,-3.0794033470073874,4,0.027777777777777776
12,-3.460461572088891,1,3267571948,46,-3.063416338375598,4,0.027777777777777776
12,-3.460461572088891,1,3267571948,47,-3.0061899698174424,4,0.027777777777777776
12,-3.460461572088891,1,3267571948,48,-2.948530348915132,4,0.027777777777777776
12,-3.460461572088891,1,3267571948,49,-2.927475027824414,4,0.027777777777777776
12,-3.460461572088891,1,3267571948,50,-2.9001458176134305,4,0.027777777777777776
12,-3.460461572088891,1,3267571948,51,-2.884906286011977,4,0.027777777777777776
12,-3.460461572088891,1,3267571948,52,-2.8792992139463536,4,0.027777777777777776
12,-3.460461572088891,1,3267571948,53,-2.857238445102876,4,0.027777777777777776
12,-3.460461572088891,1,3267571948,54,-2.8567748069619587,4,0.027777777777777776
12,-3.460461572088891,1,3267571948,55,-2.8453587830416023,4,0.027777777777777776
12,-3.460461572088891,1,3267571948,56,-2.8451554110644417,4,0.027777777777777776
12,-3.460461572088891,1,3267571948,57,-2.82749594075274,4,0.027777777777777776
12,-3.460461572088891,1,3267571948,58,-2.8261617350362114,4,0.027777777777777776
12,-3.460461572088891,1,3267571948,59,-2.8084812740822,4,0.027777777777777776
12,-3.460461572088891,1,3267571948,60,-2.8064280063460743,4,0.027777777777777776
12,-3.460461572088891,1,3267571948,61,-2.7907324212023092,4,0.027777777777777776
12,-3.460461572088891,1,3267571948,62,-2.788112480186765,4,0.027777777777777776
12,-3.460461572088891,1,3267571948,63,-2.7527259217001596,4,0.027777777777777776
12,-3.460461572088891,1,3267571948,64,-2.7527259217001534,4,0.027777777777777776
12,-3.460461572088891,1,3267571948,65,-2.7273925426848873,4,0.027777777777777776
12,-3.460461572088891,1,3267571948,66,-2.706466585468659,4,0.027777777777777776
12,-3.460461572088891,1,3267571948,67,-2.658026459282385,4,0.027777777777777776
12,-3.460461572088891,1,3267571948,68,-2.641650494923476,4,0.027777777777777776
12,-3.460461572088891,1,3267571948,69,-2.6230168509100427,4,0.027777777777777776
12,-3.460461572088891,1,3267571948,70,-2.593772705006246,4,0.027777777777777776
12,-3.460461572088891,1,3267571948,71,-2.5551073853826987,4,0.027777777777777776
12,-3.460461572088891,1,3267571948,72,-2.548996453128751,4,0.027777777777777776
12,-3.460461572088891,1,3267571948,73,-2.5076222568062994,4,0.027777777777777776
12,-3.460461572088891,1,3267571948,74,-2.4988695831003334,4,0.027777777777777776
12,-3.460461572088891,1,3267571948,75,-2.477075474759083,4,0.027777777777777776
12,-3.460461572088891,1,3267571948,76,-2.458276201466017,4,0.027777777777777776
12,-3.460461572088891,1,3267571948,77,-2.432013256709504,4,0.027777777777777776
12,-3.460461572088891,1,3267571948,78,-2.377660092277721,4,0.027777777777777776
12,-3.460461572088891,1,3267571948,79,-2.3394264380767065,4,0.027777777777777776
12,-3.460461572088891,1,3267571948,80,-2.336891800677028,4,0.027777777777777776
12,-3.460461572088891,1,3267571948,81,-2.3089144628896006,4,0.027777777777777776
12,-3.460461572088891,1,3267571948,82,-2.308752348123572,4,0.027777777777777776
12,-3.460461572088891,1,3267571948,83,-2.3081377775167575,4,0.027777777777777776
12,-3.460461572088891,1,3267571948,84,-2.308137777516747,4,0.027777777777777776
12,-3.460461572088891,1,3267571948,85,-2.3035588117218424,4,0.027777777777777776
12,-3.460461572088891,1,3267571948,86,-2.2994460890781965,4,0.027777777777777776
12,-3.460461572088891,1,3267571948,87,-2.2928430424879025,4,0.027777777777777776
12,-3.460461572088891,1,3267571948,88,-2.2861869140136255,4,0.027777777777777776
12,-3.460461572088891,1,3267571948,89,-2.2747643479224475,4,0.027777777777777776
12,-3.460461572088891,1,3267571948,90,-2.2718334125416826,4,0.027777777777777776
12,-3.460461572088891,1,3267571948,91,-2.258533768045362,4,0.027777777777777776
12,-3.460461572088891,1,3267571948,92,-2.2579194454219906,4,0.027777777777777776
12,-3.460461572088891,1,3267571948,93,-2.2300788862056065,4,0.027777777777777776
12,-3.460461572088891,1,3267571948,94,-2.2226488649162706,4,0.027777777777777776
12,-3.460461572088891,1,3267571948,95,-2.1934547612723074,4,0.027777777777777776
12,-3.460461572088891,1,3267571948,96,-2.180534356106609,4,0.027777777777777776
12,-3.460461572088891,1,3267571948,97,-2.154360101606798,4,0.027777777777777776
12,-3.460461572088891,1,3267571948,98,-2.1465867431495704,4,0.027777777777777776
12,-3.460461572088891,1,3267571948,99,-2.132036006920199,4,0.027777777777777776
12,-3.460461572088891,1,3267571948,100,-2.1081069197308757,4,0.027777777777777776
12,-3.460461572088891,1,3267571948,101,-2.093159912678134,4,0.027777777777777776
12,-3.460461572088891,1,3267571948,102,-2.085338010276332,4,0.027777777777777776
12,-3.460461572088891,1,3267571948,103,-2.0774383796379547,4,0.027777777777777776
12,-3.460461572088891,1,3267571948,104,-2.0712848677796947,4,0.027777777777777776
12,-3.460461572088891,1,3267571948,105,-2.0571210482949693,4,0.027777777777777776
12,-3.460461572088891,1,3267571948,106,-2.056353785057748,4,0.027777777777777776
12,-3.460461572088891,1,3267571948,107,-2.05480831149457,4,0.027777777777777776
12,-3.460461572088891,1,3267571948,108,-2.0539468591849044,4,0.027777777777777776
12,-3.460461572088891,1,3267571948,109,-2.0523822519439303,4,0.027777777777777776
12,-3.460461572088891,1,3267571948,110,-2.0506525439377166,4,0.027777777777777776
12,-3.460461572088891,1,3267571948,111,-2.0366554168668047,4,0.027777777777777776
12,-3.460461572088891,1,3267571948,112,-2.0360224952440347,4,0.027777777777777776
12,-3.460461572088891,1,3267571948,113,-2.029092135447301,4,0.027777777777777776
12,-3.460461572088891,1,3267571948,114,-2.0262357127365087,4,0.027777777777777776
12,-3.460461572088891,1,3267571948,115,-1.9542342277813036,4,0.027777777777777776
12,-3.460461572088891,1,3267571948,116,-1.9294599092627793,4,0.027777777777777776
12,-3.460461572088891,1,3267571948,117,-1.8672412144347028,4,0.027777777777777776
12,-3.460461572088891,1,3267571948,118,-1.8589811823696945,4,0.027777777777777776
12,-3.460461572088891,1,3267571948,119,-1.7990010757239308,4,0.027777777777777776
12,-3.460461572088891,1,3267571948,120,-1.7757257442516066,4,0.027777777777777776
12,-3.460461572088891,1,3267571948,121,-1.729141363389954,4,0.027777777777777776
12,-3.460461572088891,1,3267571948,122,-1.7196980169617824,4,0.027777777777777776
12,-3.460461572088891,1,3267571948,123,-1.6806440705544308,4,0.027777777777777776
12,-3.460461572088891,1,3267571948,124,-1.6774958486130904,4,0.027777777777777776
12,-3.460461572088891,1,3267571948,125,-1.6575977865054394,4,0.027777777777777776
12,-3.460461572088891,1,3267571948,126,-1.6562768599633744,4,0.027777777777777776
12,-3.460461572088891,1,3267571948,127,-1.5496097200383803,4,0.027777777777777776
12,-3.460461572088891,1,3267571948,128,-1.5392207952608823,4,0.027777777777777776
12,-3.460461572088891,1,3267571948,129,-1.4557091276388296,4,0.027777777777777776
12,-3.460461572088891,1,3267571948,130,-1.4528790633033362,4,0.027777777777777776
12,-3.460461572088891,1,3267571948,131,-1.2476117952464767,4,0.027777777777777776
12,-3.460461572088891,1,3267571948,132,-1.2460772934453717,4,0.027777777777777776
12,-3.460461572088891,1,3267571948,133,-1.1777344757518409,4,0.027777777777777776
12,-3.460461572088891,1,3267571948,134,-1.174953560105711,4,0.027777777777777776
12,-3.460461572088891,1,3267571948,135,-1.006861271930436,4,0.027777777777777776
12,-3.460461572088891,1,3267571948,136,-1.0035015791970947,4,0.027777777777777776
12,-3.460461572088891,1,3267571948,137,-0.8245314098580007,4,0.027777777777777776
12,-3.460461572088891,1,3267571948,138,-0.8234157725286262,4,0.027777777777777776
12,-3.460461572088891,1,3267571948,139,-0.4163758469256358,4,0.027777777777777776
12,-3.460461572088891,1,3267571948,140,-0.36925256303169807,4,0.027777777777777776
12,-3.460461572088891,1,3267571948,141,-0.13502616764483832,4,0.027777777777777776
12,-3.460461572088891,1,3267571948,142,-0.12225209532630732,4,0.027777777777777776
12,-3.460461572088891,1,3267571948,143,-0.006001627186411618,4,0.027777777777777776
12,-3.460461572088891,1,3267571948,144,0.006001627186414282,4,0.027777777777777776
12,-3.460461572088891,1,3267571948,145,0.1222520953263091,4,0.027777777777777776
12,-3.460461572088891,1,3267571948,146,0.13502616764483966,4,0.027777777777777776
12,-3.460461572088891,1,3267571948,147,0.36925256303169585,4,0.027777777777777776
12,-3.460461572088891,1,3267571948,148,0.41637584692563356,4,0.027777777777777776
12,-3.460461572088891,1,3267571948,149,0.8234157725286249,4,0.027777777777777776
12,-3.460461572088891,1,3267571948,150,0.8245314098579998,4,0.027777777777777776
12,-3.460461572088891,1,3267571948,151,1.0035015791970938,4,0.027777777777777776
12,-3.460461572088891,1,3267571948,152,1.006861271930438,4,0.027777777777777776
12,-3.460461572088891,1,3267571948,153,1.174953560105712,4,0.027777777777777776
12,-3.460461572088891,1,3267571948,154,1.1777344757518409,4,0.027777777777777776
12,-3.460461572088891,1,3267571948,155,1.2460772934453714,4,0.027777777777777776
12,-3.460461572088891,1,3267571948,156,1.2476117952464791,4,0.027777777777777776
12,-3.460461572088891,1,3267571948,157,1.452879063303338,4,0.027777777777777776
12,-3.460461572088891,1,3267571948,158,1.4557091276388312,4,0.027777777777777776
12,-3.460461572088891,1,3267571948,159,1.539220795260884,4,0.027777777777777776
12,-3.460461572088891,1,3267571948,160,1.5496097200383798,4,0.027777777777777776
12,-3.460461572088891,1,3267571948,161,1.6562768599633737,4,0.027777777777777776
12,-3.460461572088891,1,3267571948,162,1.6575977865054428,4,0.027777777777777776
12,-3.460461572088891,1,3267571948,163,1.6774958486130913,4,0.027777777777777776
12,-3.460461572088891,1,3267571948,164,1.6806440705544317,4,0.027777777777777776
12,-3.460461572088891,1,3267571948,165,1.7196980169617828,4,0.027777777777777776
12,-3.460461572088891,1,3267571948,166,1.7291413633899548,4,0.027777777777777776
12,-3.460461572088891,1,3267571948,167,1.7757257442516097,4,0.027777777777777776
12,-3.460461572088891,1,3267571948,168,1.7990010757239334,4,0.027777777777777776
12,-3.460461572088891,1,3267571948,169,1.858981182369695,4,0.027777777777777776
12,-3.460461572088891,1,3267571948,170,1.8672412144347033,4,0.027777777777777776
12,-3.460461572088891,1,3267571948,171,1.9294599092627815,4,0.027777777777777776
12,-3.460461572088891,1,3267571948,172,1.9542342277813023,4,0.027777777777777776
12,-3.460461572088891,1,3267571948,173,2.0262357127365096,4,0.027777777777777776
12,-3.460461572088891,1,3267571948,174,2.029092135447302,4,0.027777777777777776
12,-3.460461572088891,1,3267571948,175,2.0360224952440347,4,0.027777777777777776
12,-3.460461572088891,1,3267571948,176,2.0366554168668034,4,0.027777777777777776
12,-3.460461572088891,1,3267571948,177,2.050652543937714,4,0.027777777777777776
12,-3.460461572088891,1,3267571948,178,2.0523822519439308,4,0.027777777777777776
12,-3.460461572088891,1,3267571948,179,2.0539468591849053,4,0.027777777777777776
12,-3.460461572088891,1,3267571948,180,2.0548083114945723,4,0.027777777777777776
12,-3.460461572088891,1,3267571948,181,2.056353785057748,4,0.027777777777777776
12,-3.460461572088891,1,3267571948,182,2.057121048294973,4,0.027777777777777776
12,-3.460461572088891,1,3267571948,183,2.071284867779693,4,0.027777777777777776
12,-3.460461572088891,1,3267571948,184,2.077438379637954,4,0.027777777777777776
12,-3.460461572088891,1,3267571948,185,2.08533801027633,4,0.027777777777777776
12,-3.460461572088891,1,3267571948,186,2.093159912678132,4,0.027777777777777776
12,-3.460461572088891,1,3267571948,187,2.1081069197308757,4,0.027777777777777776
12,-3.460461572088891,1,3267571948,188,2.132036006920197,4,0.027777777777777776
12,-3.460461572088891,1,3267571948,189,2.146586743149567,4,0.027777777777777776
12,-3.460461572088891,1,3267571948,190,2.154360101606797,4,0.027777777777777776
12,-3.460461572088891,1,3267571948,191,2.1805343561066097,4,0.027777777777777776
12,-3.460461572088891,1,3267571948,192,2.1934547612723065,4,0.027777777777777776
12,-3.460461572088891,1,3267571948,193,2.2226488649162706,4,0.027777777777777776
12,-3.460461572088891,1,3267571948,194,2.2300788862056047,4,0.027777777777777776
12,-3.460461572088891,1,3267571948,195,2.257919445421991,4,0.027777777777777776
12,-3.460461572088891,1,3267571948,196,2.2585337680453628,4,0.027777777777777776
12,-3.460461572088891,1,3267571948,197,2.2718334125416817,4,0.027777777777777776
12,-3.460461572088891,1,3267571948,198,2.274764347922445,4,0.027777777777777776
12,-3.460461572088891,1,3267571948,199,2.286186914013623,4,0.027777777777777776
12,-3.460461572088891,1,3267571948,200,2.2928430424879016,4,0.027777777777777776
12,-3.460461572088891,1,3267571948,201,2.299446089078198,4,0.027777777777777776
12,-3.460461572088891,1,3267571948,202,2.3035588117218437,4,0.027777777777777776
12,-3.460461572088891,1,3267571948,203,2.308137777516756,4,0.027777777777777776
12,-3.460461572088891,1,3267571948,204,2.308137777516758,4,0.027777777777777776
12,-3.460461572088891,1,3267571948,205,2.308752348123563,4,0.027777777777777776
12,-3.460461572088891,1,3267571948,206,2.3089144628895975,4,0.027777777777777776
12,-3.460461572088891,1,3267571948,207,2.336891800677029,4,0.027777777777777776
12,-3.460461572088891,1,3267571948,208,2.339426438076707,4,0.027777777777777776
12,-3.460461572088891,1,3267571948,209,2.377660092277723,4,0.027777777777777776
12,-3.460461572088891,1,3267571948,210,2.432013256709504,4,0.027777777777777776
12,-3.460461572088891,1,3267571948,211,2.4582762014660196,4,0.027777777777777776
12,-3.460461572088891,1,3267571948,212,2.477075474759083,4,0.027777777777777776
12,-3.460461572088891,1,3267571948,213,2.4988695831003307,4,0.027777777777777776
12,-3.460461572088891,1,3267571948,214,2.507622256806299,4,0.027777777777777776
12,-3.460461572088891,1,3267571948,215,2.548996453128751,4,0.027777777777777776
12,-3.460461572088891,1,3267571948,216,2.5551073853826995,4,0.027777777777777776
12,-3.460461572088891,1,3267571948,217,2.5937727050062493,4,0.027777777777777776
12,-3.460461572088891,1,3267571948,218,2.623016850910042,4,0.027777777777777776
12,-3.460461572088891,1,3267571948,219,2.641650494923475,4,0.027777777777777776
12,-3.460461572088891,1,3267571948,220,2.658026459282386,4,0.027777777777777776
12,-3.460461572088891,1,3267571948,221,2.706466585468659,4,0.027777777777777776
12,-3.460461572088891,1,3267571948,222,2.727392542684891,4,0.027777777777777776
12,-3.460461572088891,1,3267571948,223,2.7527259217001583,4,0.027777777777777776
12,-3.460461572088891,1,3267571948,224,2.7527259217001614,4,0.027777777777777776
12,-3.460461572088891,1,3267571948,225,2.788112480186763,4,0.027777777777777776
12,-3.460461572088891,1,3267571948,226,2.7907324212023026,4,0.027777777777777776
12,-3.460461572088891,1,3267571948,227,2.806428006346068,4,0.027777777777777776
12,-3.460461572088891,1,3267571948,228,2.808481274082199,4,0.027777777777777776
12,-3.460461572088891,1,3267571948,229,2.826161735036211,4,0.027777777777777776
12,-3.460461572088891,1,3267571948,230,2.8274959407527414,4,0.027777777777777776
12,-3.460461572088891,1,3267571948,231,2.8451554110644386,4,0.027777777777777776
12,-3.460461572088891,1,3267571948,232,2.8453587830416005,4,0.027777777777777776
12,-3.460461572088891,1,3267571948,233,2.856774806961957,4,0.027777777777777776
12,-3.460461572088891,1,3267571948,234,2.8572384451028694,4,0.027777777777777776
12,-3.460461572088891,1,3267571948,235,2.8792992139463536,4,0.027777777777777776
12,-3.460461572088891,1,3267571948,236,2.8849062860119776,4,0.027777777777777776
12,-3.460461572088891,1,3267571948,237,2.900145817613434,4,0.027777777777777776
12,-3.460461572088891,1,3267571948,238,2.927475027824414,4,0.027777777777777776
12,-3.460461572088891,1,3267571948,239,2.9485303489151318,4,0.027777777777777776
12,-3.460461572088891,1,3267571948,240,3.0061899698174424,4,0.027777777777777776
12,-3.460461572088891,1,3267571948,241,3.0634163383755992,4,0.027777777777777776
12,-3.460461572088891,1,3267571948,242,3.0794033470073883,4,0.027777777777777776
12,-3.460461572088891,1,3267571948,243,3.122166857104748,4,0.027777777777777776
12,-3.460461572088891,1,3267571948,244,3.144788518774461,4,0.027777777777777776
12,-3.460461572088891,1,3267571948,245,3.1924325825700803,4,0.027777777777777776
12,-3.460461572088891,1,3267571948,246,3.199504213978332,4,0.027777777777777776
12,-3.460461572088891,1,3267571948,247,3.2387567412431126,4,0.027777777777777776
12,-3.460461572088891,1,3267571948,248,3.2415989435639365,4,0.027777777777777776
12,-3.460461572088891,1,3267571948,249,3.270478843248643,4,0.027777777777777776
12,-3.460461572088891,1,3267571948,250,3.2864777825166582,4,0.027777777777777776
12,-3.460461572088891,1,3267571948,251,3.3023810846491406,4,0.027777777777777776
12,-3.460461572088891,1,3267571948,252,3.3258587820836922,4,0.027777777777777776
12,-3.460461572088891,1,3267571948,253,3.3349983514340864,4,0.027777777777777776
12,-3.460461572088891,1,3267571948,254,3.346181515979482,4,0.027777777777777776
12,-3.460461572088891,1,3267571948,255,3.368183846948831,4,0.027777777777777776
12,-3.460461572088891,1,3267571948,256,3.369111674790473,4,0.027777777777777776
12,-3.460461572088891,1,3267571948,257,3.3853195946421035,4,0.027777777777777776
12,-3.460461572088891,1,3267571948,258,3.3896414360354976,4,0.027777777777777776
12,-3.460461572088891,1,3267571948,259,3.418171092013052,4,0.027777777777777776
12,-3.460461572088891,1,3267571948,260,3.4417023531626096,4,0.027777777777777776
12,-3.460461572088891,1,3267571948,261,3.460367494653148,4,0.027777777777777776
12,-3.460461572088891,1,3267571948,262,3.506363173769067,4,0.027777777777777776
12,-3.460461572088891,1,3267571948,263,3.5223314715564693,4,0.027777777777777776
12,-3.460461572088891,1,3267571948,264,3.5361781569035204,4,0.027777777777777776
12,-3.460461572088891,1,3267571948,265,3.5995660251712644,4,0.027777777777777776
12,-3.460461572088891,1,3267571948,266,3.613034764896678,4,0.027777777777777776
12,-3.460461572088891,1,3267571948,267,3.64504046159135,4,0.027777777777777776
12,-3.460461572088891,1,3267571948,268,3.6802437080643573,4,0.027777777777777776
12,-3.460461572088891,1,3267571948,269,3.7013067053435185,4,0.027777777777777776
12,-3.460461572088891,1,3267571948,270,3.70873172501521,4,0.027777777777777776
12,-3.460461572088891,1,3267571948,271,3.7337493426508037,4,0.027777777777777776
12,-3.460461572088891,1,3267571948,272,3.7362329371798446,4,0.027777777777777776
12,-3.460461572088891,1,3267571948,273,3.749028861758947,4,0.027777777777777776
12,-3.460461572088891,1,3267571948,274,3.7630701188469713,4,0.027777777777777776
12,-3.460461572088891,1,3267571948,275,3.776588523590357,4,0.027777777777777776
12,-3.460461572088891,1,3267571948,276,3.795849657693529,4,0.027777777777777776
12,-3.460461572088891,1,3267571948,277,3.807587410489276,4,0.027777777777777776
12,-3.460461572088891,1,3267571948,278,3.8161705791349414,4,0.027777777777777776
12,-3.460461572088891,1,3267571948,279,3.8899831530410083,4,0.027777777777777776
12,-3.460461572088891,1,3267571948,280,3.900069669986433,4,0.027777777777777776
12,-3.460461572088891,1,3267571948,281,3.922720339732576,4,0.027777777777777776
12,-3.460461572088891,1,3267571948,282,3.9347458029676687,4,0.027777777777777776
12,-3.460461572088891,1,3267571948,283,3.9554766578749425,4,0.027777777777777776
12,-3.460461572088891,1,3267571948,284,3.9750919183352424,4,0.027777777777777776
12,-3.460461572088891,1,3267571948,285,3.987188567284606,4,0.027777777777777776
12,-3.460461572088891,1,3267571948,286,3.992355181705531,4,0.027777777777777776
12,-3.460461572088891,1,3267571948,287,4.034033536412563,4,0.027777777777777776
12,-3.460461572088891,2,2044491162,0,-4.032043999862229,4,0.027777777777777776
12,-3.460461572088891,2,2044491162,1,-3.9946223183635516,4,0.027777777777777776
12,-3.460461572088891,2,2044491162,2,-3.9875904488542377,4,0.027777777777777776
12,-3.460461572088891,2,2044491162,3,-3.966122897073948,4,0.027777777777777776
12,-3.460461572088891,2,2044491162,4,-3.956714764323724,4,0.027777777777777776
12,-3.460461572088891,2,2044491162,5,-3.9411841014916993,4,0.027777777777777776
12,-3.460461572088891,2,2044491162,6,-3.932031670111688,4,0.027777777777777776
12,-3.460461572088891,2,2044491162,7,-3.902098613079633,4,0.027777777777777776
12,-3.460461572088891,2,2044491162,8,-3.868614316465794,4,0.027777777777777776
12,-3.460461572088891,2,2044491162,9,-3.8331885458591275,4,0.027777777777777776
12,-3.460461572088891,2,2044491162,10,-3.821011206080555,4,0.027777777777777776
12,-3.460461572088891,2,2044491162,11,-3.7887183771192587,4,0.027777777777777776
12,-3.460461572088891,2,2044491162,12,-3.774032894039804,4,0.027777777777777776
12,-3.460461572088891,2,2044491162,13,-3.7579332949736113,4,0.027777777777777776
12,-3.460461572088891,2,2044491162,14,-3.7472214684703458,4,0.027777777777777776
12,-3.460461572088891,2,2044491162,15,-3.7386274385794174,4,0.027777777777777776
12,-3.460461572088891,2,2044491162,16,-3.7340094403677977,4,0.027777777777777776
12,-3.460461572088891,2,2044491162,17,-3.7166120024273113,4,0.027777777777777776
12,-3.460461572088891,2,2044491162,18,-3.6964011490547923,4,0.027777777777777776
12,-3.460461572088891,2,2044491162,19,-3.675620259825818,4,0.027777777777777776
12,-3.460461572088891,2,2044491162,20,-3.6549821961261166,4,0.027777777777777776
12,-3.460461572088891,2,2044491162,21,-3.6027168663785627,4,0.027777777777777776
12,-3.460461572088891,2,2044491162,22,-3.5804504743417356,4,0.027777777777777776
12,-3.460461572088891,2,2044491162,23,-3.552282961177564,4,0.027777777777777776
12,-3.460461572088891,2,2044491162,24,-3.5331462864034906,4,0.027777777777777776
12,-3.460461572088891,2,2044491162,25,-3.4993979057148463,4,0.027777777777777776
12,-3.460461572088891,2,2044491162,26,-3.4479377186742797,4,0.027777777777777776
12,-3.460461572088891,2,2044491162,27,-3.4427400175209257,4,0.027777777777777776
12,-3.460461572088891,2,2044491162,28,-3.4011585109215376,4,0.027777777777777776
12,-3.460461572088891,2,2044491162,29,-3.3797407282608325,4,0.027777777777777776
12,-3.460461572088891,2,2044491162,30,-3.376770650360972,4,0.027777777777777776
12,-3.460461572088891,2,2044491162,31,-3.3638823040523045,4,0.027777777777777776
12,-3.460461572088891,2,2044491162,32,-3.3638823040522925,4,0.027777777777777776
12,-3.460461572088891,2,2044491162,33,-3.363813755039271,4,0.027777777777777776
12,-3.460461572088891,2,2044491162,34,-3.342631334630764,4,0.027777777777777776
12,-3.460461572088891,2,2044491162,35,-3.3278888605060573,4,0.027777777777777776
12,-3.460461572088891,2,2044491162,36,-3.311172368100533,4,0.027777777777777776
12,-3.460461572088891,2,2044491162,37,-3.292357031751397,4,0.027777777777777776
12,-3.460461572088891,2,2044491162,38,-3.279702250147488,4,0.027777777777777776
12,-3.460461572088891,2,2044491162,39,-3.245944268524688,4,0.027777777777777776
12,-3.460461572088891,2,2044491162,40,-3.244330971782589,4,0.027777777777777776
12,-3.460461572088891,2,2044491162,41,-3.200276648072541,4,0.027777777777777776
12,-3.460461572088891,2,2044491162,42,-3.184388539973715,4,0.027777777777777776
12,-3.460461572088891,2,2044491162,43,-3.1575613635029507,4,0.027777777777777776
12,-3.460461572088891,2,2044491162,44,-3.139940244763559,4,0.027777777777777776
12,-3.460461572088891,2,2044491162,45,-3.0673826594717637,4,0.027777777777777776
12,-3.460461572088891,2,2044491162,46,-3.026208542173772,4,0.027777777777777776
12,-3.460461572088891,2,2044491162,47,-3.0046664416755764,4,0.027777777777777776
12,-3.460461572088891,2,2044491162,48,-2.97828741165067,4,0.027777777777777776
12,-3.460461572088891,2,2044491162,49,-2.929444556595068,4,0.027777777777777776
12,-3.460461572088891,2,2044491162,50,-2.9046974256001334,4,0.027777777777777776
12,-3.460461572088891,2,2044491162,51,-2.8781928933949645,4,0.027777777777777776
12,-3.460461572088891,2,2044491162,52,-2.8647826608071156,4,0.027777777777777776
12,-3.460461572088891,2,2044491162,53,-2.853199849768928,4,0.027777777777777776
12,-3.460461572088891,2,2044491162,54,-2.8517931643586785,4,0.027777777777777776
12,-3.460461572088891,2,2044491162,55,-2.845500950964215,4,0.027777777777777776
12,-3.460461572088891,2,2044491162,56,-2.844779165593059,4,0.027777777777777776
12,-3.460461572088891,2,2044491162,57,-2.835258486624914,4,0.027777777777777776
12,-3.460461572088891,2,2044491162,58,-2.828403685101665,4,0.027777777777777776
12,-3.460461572088891,2,2044491162,59,-2.8088620369790442,4,0.027777777777777776
12,-3.460461572088891,2,2044491162,60,-2.8008506957103068,4,0.027777777777777776
12,-3.460461572088891,2,2044491162,61,-2.778578852464797,4,0.027777777777777776
12,-3.460461572088891,2,2044491162,62,-2.7714473934492183,4,0.027777777777777776
12,-3.460461572088891,2,2044491162,63,-2.7527259217001605,4,0.027777777777777776
12,-3.460461572088891,2,2044491162,64,-2.752725921700154,4,0.027777777777777776
12,-3.460461572088891,2,2044491162,65,-2.7475450085671684,4,0.027777777777777776
12,-3.460461572088891,2,2044491162,66,-2.711746355750206,4,0.027777777777777776
12,-3.460461572088891,2,2044491162,67,-2.6763592661560045,4,0.027777777777777776
12,-3.460461572088891,2,2044491162,68,-2.658029663122808,4,0.027777777777777776
12,-3.460461572088891,2,2044491162,69,-2.611263492117156,4,0.027777777777777776
12,-3.460461572088891,2,2044491162,70,-2.5992149851878796,4,0.027777777777777776
12,-3.460461572088891,2,2044491162,71,-2.561135761325983,4,0.027777777777777776
12,-3.460461572088891,2,2044491162,72,-2.5497549597079967,4,0.027777777777777776
12,-3.460461572088891,2,2044491162,73,-2.5037520614171846,4,0.027777777777777776
12,-3.460461572088891,2,2044491162,74,-2.49960003722183,4,0.027777777777777776
12,-3.460461572088891,2,2044491162,75,-2.4668495512585222,4,0.027777777777777776
12,-3.460461572088891,2,2044491162,76,-2.428039995383222,4,0.027777777777777776
12,-3.460461572088891,2,2044491162,77,-2.4049371715283776,4,0.027777777777777776
12,-3.460461572088891,2,2044491162,78,-2.3853846105611245,4,0.027777777777777776
12,-3.460461572088891,2,2044491162,79,-2.3651661122457357,4,0.027777777777777776
12,-3.460461572088891,2,2044491162,80,-2.3303755924960132,4,0.027777777777777776
12,-3.460461572088891,2,2044491162,81,-2.308617327467689,4,0.027777777777777776
12,-3.460461572088891,2,2044491162,82,-2.308583905308221,4,0.027777777777777776
12,-3.460461572088891,2,2044491162,83,-2.308137777516759,4,0.027777777777777776
12,-3.460461572088891,2,2044491162,84,-2.3081377775167495,4,0.027777777777777776
12,-3.460461572088891,2,2044491162,85,-2.3035122587711028,4,0.027777777777777776
12,-3.460461572088891,2,2044491162,86,-2.2992757918942255,4,0.027777777777777776
12,-3.460461572088891,2,2044491162,87,-2.2896808287659485,4,0.027777777777777776
12,-3.460461572088891,2,2044491162,88,-2.286428165276198,4,0.027777777777777776
12,-3.460461572088891,2,2044491162,89,-2.2769686275208456,4,0.027777777777777776
12,-3.460461572088891,2,2044491162,90,-2.2742372476806625,4,0.027777777777777776
12,-3.460461572088891,2,2044491162,91,-2.2574562712100423,4,0.027777777777777776
12,-3.460461572088891,2,2044491162,92,-2.256629688206849,4,0.027777777777777776
12,-3.460461572088891,2,2044491162,93,-2.24063402284216,4,0.027777777777777776
12,-3.460461572088891,2,2044491162,94,-2.2271621286758307,4,0.027777777777777776
12,-3.460461572088891,2,2044491162,95,-2.2038727553713073,4,0.027777777777777776
12,-3.460461572088891,2,2044491162,96,-2.1904583677803524,4,0.027777777777777776
12,-3.460461572088891,2,2044491162,97,-2.1762296378172,4,0.027777777777777776
12,-3.460461572088891,2,2044491162,98,-2.164239799717257,4,0.027777777777777776
12,-3.460461572088891,2,2044491162,99,-2.1176830562471594,4,0.027777777777777776
12,-3.460461572088891,2,2044491162,100,-2.1090725158366466,4,0.027777777777777776
12,-3.460461572088891,2,2044491162,101,-2.0880314647617473,4,0.027777777777777776
12,-3.460461572088891,2,2044491162,102,-2.078002218786195,4,0.027777777777777776
12,-3.460461572088891,2,2044491162,103,-2.0703787451242794,4,0.027777777777777776
12,-3.460461572088891,2,2044491162,104,-2.0609118639386206,4,0.027777777777777776
12,-3.460461572088891,2,2044491162,105,-2.0564402158772705,4,0.027777777777777776
12,-3.460461572088891,2,2044491162,106,-2.0553461131724013,4,0.027777777777777776
12,-3.460461572088891,2,2044491162,107,-2.053677130046246,4,0.027777777777777776
12,-3.460461572088891,2,2044491162,108,-2.0528750192069167,4,0.027777777777777776
12,-3.460461572088891,2,2044491162,109,-2.05287501920691,4,0.027777777777777776
12,-3.460461572088891,2,2044491162,110,-2.0510984104591965,4,0.027777777777777776
12,-3.460461572088891,2,2044491162,111,-2.045674415338948,4,0.027777777777777776
12,-3.460461572088891,2,2044491162,112,-2.0391790187690466,4,0.027777777777777776
12,-3.460461572088891,2,2044491162,113,-2.0313863987109593,4,0.027777777777777776
12,-3.460461572088891,2,2044491162,114,-2.0290545840083034,4,0.027777777777777776
12,-3.460461572088891,2,2044491162,115,-1.9203233902819106,4,0.027777777777777776
12,-3.460461572088891,2,2044491162,116,-1.9079033426538468,4,0.027777777777777776
12,-3.460461572088891,2,2044491162,117,-1.8820689200028164,4,0.027777777777777776
12,-3.460461572088891,2,2044491162,118,-1.875049781956605,4,0.027777777777777776
12,-3.460461572088891,2,2044491162,119,-1.7952701986560422,4,0.027777777777777776
12,-3.460461572088891,2,2044491162,120,-1.7810636835051934,4,0.027777777777777776
12,-3.460461572088891,2,2044491162,121,-1.726492096912704,4,0.027777777777777776
12,-3.460461572088891,2,2044491162,122,-1.7160514844291557,4,0.027777777777777776
12,-3.460461572088891,2,2044491162,123,-1.6871774506065549,4,0.027777777777777776
12,-3.460461572088891,2,2044491162,124,-1.6811210352486192,4,0.027777777777777776
12,-3.460461572088891,2,2044491162,125,-1.6566337580330959,4,0.027777777777777776
12,-3.460461572088891,2,2044491162,126,-1.6550354955815652,4,0.027777777777777776
12,-3.460461572088891,2,2044491162,127,-1.5362734416766894,4,0.027777777777777776
12,-3.460461572088891,2,2044491162,128,-1.5290483943118822,4,0.027777777777777776
12,-3.460461572088891,2,2044491162,129,-1.4515986585785898,4,0.027777777777777776
12,-3.460461572088891,2,2044491162,130,-1.4500771260811327,4,0.027777777777777776
12,-3.460461572088891,2,2044491162,131,-1.2953536247797501,4,0.027777777777777776
12,-3.460461572088891,2,2044491162,132,-1.2834846619841258,4,0.027777777777777776
12,-3.460461572088891,2,2044491162,133,-1.1514705315915676,4,0.027777777777777776
12,-3.460461572088891,2,2044491162,134,-1.150256173789802,4,0.027777777777777776
12,-3.460461572088891,2,2044491162,135,-0.9642532976080707,4,0.027777777777777776
12,-3.460461572088891,2,2044491162,136,-0.9620926484790654,4,0.027777777777777776
12,-3.460461572088891,2,2044491162,137,-0.8770562854985302,4,0.027777777777777776
12,-3.460461572088891,2,2044491162,138,-0.8763686708982837,4,0.027777777777777776
12,-3.460461572088891,2,2044491162,139,-0.4065799711567353,4,0.027777777777777776
12,-3.460461572088891,2,2044491162,140,-0.35701014808973053,4,0.027777777777777776
12,-3.460461572088891,2,2044491162,141,-0.08981302677088099,4,0.027777777777777776
12,-3.460461572088891,2,2044491162,142,-0.08263696582268931,4,0.027777777777777776
12,-3.460461572088891,2,2044491162,143,-0.0007208619622670661,4,0.027777777777777776
12,-3.460461572088891,2,2044491162,144,0.0007208619622671155,4,0.027777777777777776
12,-3.460461572088891,2,2044491162,145,0.08263696582268976,4,0.027777777777777776
12,-3.460461572088891,2,2044491162,146,0.08981302677088232,4,0.027777777777777776
12,-3.460461572088891,2,2044491162,147,0.35701014808972786,4,0.027777777777777776
12,-3.460461572088891,2,2044491162,148,0.4065799711567326,4,0.027777777777777776
12,-3.460461572088891,2,2044491162,149,0.8763686708982834,4,0.027777777777777776
12,-3.460461572088891,2,2044491162,150,0.8770562854985302,4,0.027777777777777776
12,-3.460461572088891,2,2044491162,151,0.9620926484790654,4,0.027777777777777776
12,-3.460461572088891,2,2044491162,152,0.9642532976080711,4,0.027777777777777776
12,-3.460461572088891,2,2044491162,153,1.150256173789805,4,0.027777777777777776
12,-3.460461572088891,2,2044491162,154,1.1514705315915696,4,0.027777777777777776
12,-3.460461572088891,2,2044491162,155,1.2834846619841271,4,0.027777777777777776
12,-3.460461572088891,2,2044491162,156,1.2953536247797524,4,0.027777777777777776
12,-3.460461572088891,2,2044491162,157,1.450077126081134,4,0.027777777777777776
12,-3.460461572088891,2,2044491162,158,1.451598658578591,4,0.027777777777777776
12,-3.460461572088891,2,2044491162,159,1.529048394311887,4,0.027777777777777776
12,-3.460461572088891,2,2044491162,160,1.5362734416766912,4,0.027777777777777776
12,-3.460461572088891,2,2044491162,161,1.6550354955815654,4,0.027777777777777776
12,-3.460461572088891,2,2044491162,162,1.6566337580330963,4,0.027777777777777776
12,-3.460461572088891,2,2044491162,163,1.6811210352486197,4,0.027777777777777776
12,-3.460461572088891,2,2044491162,164,1.6871774506065562,4,0.027777777777777776
12,-3.460461572088891,2,2044491162,165,1.7160514844291588,4,0.027777777777777776
12,-3.460461572088891,2,2044491162,166,1.7264920969127058,4,0.027777777777777776
12,-3.460461572088891,2,2044491162,167,1.7810636835051938,4,0.027777777777777776
12,-3.460461572088891,2,2044491162,168,1.795270198656043,4,0.027777777777777776
12,-3.460461572088891,2,2044491162,169,1.8750497819566037,4,0.027777777777777776
12,-3.460461572088891,2,2044491162,170,1.8820689200028156,4,0.027777777777777776
12,-3.460461572088891,2,2044491162,171,1.9079033426538468,4,0.027777777777777776
12,-3.460461572088891,2,2044491162,172,1.9203233902819092,4,0.027777777777777776
12,-3.460461572088891,2,2044491162,173,2.0290545840083047,4,0.027777777777777776
12,-3.460461572088891,2,2044491162,174,2.031386398710957,4,0.027777777777777776
12,-3.460461572088891,2,2044491162,175,2.039179018769046,4,0.027777777777777776
12,-3.460461572088891,2,2044491162,176,2.0456744153389455,4,0.027777777777777776
12,-3.460461572088891,2,2044491162,177,2.0510984104591943,4,0.027777777777777776
12,-3.460461572088891,2,2044491162,178,2.0528750192069167,4,0.027777777777777776
12,-3.460461572088891,2,2044491162,179,2.052875019206918,4,0.027777777777777776
12,-3.460461572088891,2,2044491162,180,2.053677130046248,4,0.027777777777777776
12,-3.460461572088891,2,2044491162,181,2.0553461131724022,4,0.027777777777777776
12,-3.460461572088891,2,2044491162,182,2.0564402158772674,4,0.027777777777777776
12,-3.460461572088891,2,2044491162,183,2.060911863938621,4,0.027777777777777776
12,-3.460461572088891,2,2044491162,184,2.070378745124276,4,0.027777777777777776
12,-3.460461572088891,2,2044491162,185,2.0780022187861933,4,0.027777777777777776
12,-3.460461572088891,2,2044491162,186,2.0880314647617473,4,0.027777777777777776
12,-3.460461572088891,2,2044491162,187,2.1090725158366466,4,0.027777777777777776
12,-3.460461572088891,2,2044491162,188,2.11768305624716,4,0.027777777777777776
12,-3.460461572088891,2,2044491162,189,2.1642397997172558,4,0.027777777777777776
12,-3.460461572088891,2,2044491162,190,2.176229637817199,4,0.027777777777777776
12,-3.460461572088891,2,2044491162,191,2.1904583677803506,4,0.027777777777777776
12,-3.460461572088891,2,2044491162,192,2.2038727553713082,4,0.027777777777777776
12,-3.460461572088891,2,2044491162,193,2.227162128675827,4,0.027777777777777776
12,-3.460461572088891,2,2044491162,194,2.2406340228421606,4,0.027777777777777776
12,-3.460461572088891,2,2044491162,195,2.2566296882068495,4,0.027777777777777776
12,-3.460461572088891,2,2044491162,196,2.2574562712100423,4,0.027777777777777776
12,-3.460461572088891,2,2044491162,197,2.27423724768066,4,0.027777777777777776
12,-3.460461572088891,2,2044491162,198,2.2769686275208443,4,0.027777777777777776
12,-3.460461572088891,2,2044491162,199,2.2864281652762024,4,0.027777777777777776
12,-3.460461572088891,2,2044491162,200,2.289680828765947,4,0.027777777777777776
12,-3.460461572088891,2,2044491162,201,2.299275791894221,4,0.027777777777777776
12,-3.460461572088891,2,2044491162,202,2.303512258771101,4,0.027777777777777776
12,-3.460461572088891,2,2044491162,203,2.3081377775167566,4,0.027777777777777776
12,-3.460461572088891,2,2044491162,204,2.308137777516758,4,0.027777777777777776
12,-3.460461572088891,2,2044491162,205,2.3085839053082173,4,0.027777777777777776
12,-3.460461572088891,2,2044491162,206,2.3086173274676813,4,0.027777777777777776
12,-3.460461572088891,2,2044491162,207,2.330375592496015,4,0.027777777777777776
12,-3.460461572088891,2,2044491162,208,2.365166112245733,4,0.027777777777777776
12,-3.460461572088891,2,2044491162,209,2.3853846105611254,4,0.027777777777777776
12,-3.460461572088891,2,2044491162,210,2.404937171528378,4,0.027777777777777776
12,-3.460461572088891,2,2044491162,211,2.4280399953832212,4,0.027777777777777776
12,-3.460461572088891,2,2044491162,212,2.4668495512585187,4,0.027777777777777776
12,-3.460461572088891,2,2044491162,213,2.49960003722183,4,0.027777777777777776
12,-3.460461572088891,2,2044491162,214,2.503752061417184,4,0.027777777777777776
12,-3.460461572088891,2,2044491162,215,2.5497549597079963,4,0.027777777777777776
12,-3.460461572088891,2,2044491162,216,2.561135761325982,4,0.027777777777777776
12,-3.460461572088891,2,2044491162,217,2.5992149851878796,4,0.027777777777777776
12,-3.460461572088891,2,2044491162,218,2.6112634921171596,4,0.027777777777777776
12,-3.460461572088891,2,2044491162,219,2.6580296631228073,4,0.027777777777777776
12,-3.460461572088891,2,2044491162,220,2.6763592661560027,4,0.027777777777777776
12,-3.460461572088891,2,2044491162,221,2.711746355750207,4,0.027777777777777776
12,-3.460461572088891,2,2044491162,222,2.7475450085671698,4,0.027777777777777776
12,-3.460461572088891,2,2044491162,223,2.7527259217001587,4,0.027777777777777776
12,-3.460461572088891,2,2044491162,224,2.752725921700161,4,0.027777777777777776
12,-3.460461572088891,2,2044491162,225,2.7714473934492165,4,0.027777777777777776
12,-3.460461572088891,2,2044491162,226,2.7785788524647965,4,0.027777777777777776
12,-3.460461572088891,2,2044491162,227,2.8008506957103068,4,0.027777777777777776
12,-3.460461572088891,2,2044491162,228,2.8088620369790442,4,0.027777777777777776
12,-3.460461572088891,2,2044491162,229,2.828403685101665,4,0.027777777777777776
12,-3.460461572088891,2,2044491162,230,2.835258486624914,4,0.027777777777777776
12,-3.460461572088891,2,2044491162,231,2.8447791655930574,4,0.027777777777777776
12,-3.460461572088891,2,2044491162,232,2.8455009509642117,4,0.027777777777777776
12,-3.460461572088891,2,2044491162,233,2.851793164358677,4,0.027777777777777776
12,-3.460461572088891,2,2044491162,234,2.8531998497689255,4,0.027777777777777776
12,-3.460461572088891,2,2044491162,235,2.864782660807114,4,0.027777777777777776
12,-3.460461572088891,2,2044491162,236,2.878192893394967,4,0.027777777777777776
12,-3.460461572088891,2,2044491162,237,2.9046974256001334,4,0.027777777777777776
12,-3.460461572088891,2,2044491162,238,2.9294445565950715,4,0.027777777777777776
12,-3.460461572088891,2,2044491162,239,2.9782874116506735,4,0.027777777777777776
12,-3.460461572088891,2,2044491162,240,3.0046664416755777,4,0.027777777777777776
12,-3.460461572088891,2,2044491162,241,3.0262085421737743,4,0.027777777777777776
12,-3.460461572088891,2,2044491162,242,3.067382659471762,4,0.027777777777777776
12,-3.460461572088891,2,2044491162,243,3.1399402447635563,4,0.027777777777777776
12,-3.460461572088891,2,2044491162,244,3.15756136350295,4,0.027777777777777776
12,-3.460461572088891,2,2044491162,245,3.1843885399737144,4,0.027777777777777776
12,-3.460461572088891,2,2044491162,246,3.2002766480725393,4,0.027777777777777776
12,-3.460461572088891,2,2044491162,247,3.2443309717825906,4,0.027777777777777776
12,-3.460461572088891,2,2044491162,248,3.2459442685246893,4,0.027777777777777776
12,-3.460461572088891,2,2044491162,249,3.279702250147488,4,0.027777777777777776
12,-3.460461572088891,2,2044491162,250,3.2923570317513966,4,0.027777777777777776
12,-3.460461572088891,2,2044491162,251,3.311172368100534,4,0.027777777777777776
12,-3.460461572088891,2,2044491162,252,3.32788886050606,4,0.027777777777777776
12,-3.460461572088891,2,2044491162,253,3.3426313346307666,4,0.027777777777777776
12,-3.460461572088891,2,2044491162,254,3.3638137550392755,4,0.027777777777777776
12,-3.460461572088891,2,2044491162,255,3.3638823040522983,4,0.027777777777777776
12,-3.460461572088891,2,2044491162,256,3.3638823040522996,4,0.027777777777777776
12,-3.460461572088891,2,2044491162,257,3.376770650360974,4,0.027777777777777776
12,-3.460461572088891,2,2044491162,258,3.3797407282608356,4,0.027777777777777776
12,-3.460461572088891,2,2044491162,259,3.4011585109215368,4,0.027777777777777776
12,-3.460461572088891,2,2044491162,260,3.4427400175209253,4,0.027777777777777776
12,-3.460461572088891,2,2044491162,261,3.4479377186742797,4,0.027777777777777776
12,-3.460461572088891,2,2044491162,262,3.499397905714851,4,0.027777777777777776
12,-3.460461572088891,2,2044491162,263,3.53314628640349,4,0.027777777777777776
12,-3.460461572088891,2,2044491162,264,3.552282961177566,4,0.027777777777777776
12,-3.460461572088891,2,2044491162,265,3.5804504743417356,4,0.027777777777777776
12,-3.460461572088891,2,2044491162,266,3.6027168663785663,4,0.027777777777777776
12,-3.460461572088891,2,2044491162,267,3.654982196126117,4,0.027777777777777776
12,-3.460461572088891,2,2044491162,268,3.6756202598258225,4,0.027777777777777776
12,-3.460461572088891,2,2044491162,269,3.6964011490547906,4,0.027777777777777776
12,-3.460461572088891,2,2044491162,270,3.7166120024273113,4,0.027777777777777776
12,-3.460461572088891,2,2044491162,271,3.7340094403677977,4,0.027777777777777776
12,-3.460461572088891,2,2044491162,272,3.738627438579417,4,0.027777777777777776
12,-3.460461572088891,2,2044491162,273,3.7472214684703427,4,0.027777777777777776
12,-3.460461572088891,2,2044491162,274,3.757933294973614,4,0.027777777777777776
12,-3.460461572088891,2,2044491162,275,3.7740328940398076,4,0.027777777777777776
12,-3.460461572088891,2,2044491162,276,3.788718377119258,4,0.027777777777777776
12,-3.460461572088891,2,2044491162,277,3.821011206080555,4,0.027777777777777776
12,-3.460461572088891,2,2044491162,278,3.8331885458591275,4,0.027777777777777776
12,-3.460461572088891,2,2044491162,279,3.8686143164657936,4,0.027777777777777776
12,-3.460461572088891,2,2044491162,280,3.9020986130796302,4,0.027777777777777776
12,-3.460461572088891,2,2044491162,281,3.932031670111688,4,0.027777777777777776
12,-3.460461572088891,2,2044491162,282,3.941184101491701,4,0.027777777777777776
12,-3.460461572088891,2,2044491162,283,3.956714764323725,4,0.027777777777777776
12,-3.460461572088891,2,2044491162,284,3.9661228970739475,4,0.027777777777777776
12,-3.460461572088891,2,2044491162,285,3.9875904488542377,4,0.027777777777777776
12,-3.460461572088891,2,2044491162,286,3.9946223183635525,4,0.027777777777777776
12,-3.460461572088891,2,2044491162,287,4.03204399986223,4,0.027777777777777776
12,-3.460461572088891,3,20803899,0,-4.0330468362824545,4,0.027777777777777776
12,-3.460461572088891,3,20803899,1,-3.9913727118119766,4,0.027777777777777776
12,-3.460461572088891,3,20803899,2,-3.9896079996051514,4,0.027777777777777776
12,-3.460461572088891,3,20803899,3,-3.967933210055231,4,0.027777777777777776
12,-3.460461572088891,3,20803899,4,-3.960868233888195,4,0.027777777777777776
12,-3.460461572088891,3,20803899,5,-3.9409565697475273,4,0.027777777777777776
12,-3.460461572088891,3,20803899,6,-3.914246483559042,4,0.027777777777777776
12,-3.460461572088891,3,20803899,7,-3.9023294363523426,4,0.027777777777777776
12,-3.460461572088891,3,20803899,8,-3.8918989955366,4,0.027777777777777776
12,-3.460461572088891,3,20803899,9,-3.819440610413947,4,0.027777777777777776
12,-3.460461572088891,3,20803899,10,-3.8152037517628545,4,0.027777777777777776
12,-3.460461572088891,3,20803899,11,-3.787231332084721,4,0.027777777777777776
12,-3.460461572088891,3,20803899,12,-3.7763681985057946,4,0.027777777777777776
12,-3.460461572088891,3,20803899,13,-3.7559651819923925,4,0.027777777777777776
12,-3.460461572088891,3,20803899,14,-3.7486199367669992,4,0.027777777777777776
12,-3.460461572088891,3,20803899,15,-3.738246449027082,4,0.027777777777777776
12,-3.460461572088891,3,20803899,16,-3.7351099907081378,4,0.027777777777777776
12,-3.460461572088891,3,20803899,17,-3.721614550951518,4,0.027777777777777776
12,-3.460461572088891,3,20803899,18,-3.7144717140529657,4,0.027777777777777776
12,-3.460461572088891,3,20803899,19,-3.6659340000226575,4,0.027777777777777776
12,-3.460461572088891,3,20803899,20,-3.648421815197497,4,0.027777777777777776
12,-3.460461572088891,3,20803899,21,-3.6157070937150975,4,0.027777777777777776
12,-3.460461572088891,3,20803899,22,-3.575160681430754,4,0.027777777777777776
12,-3.460461572088891,3,20803899,23,-3.5370620661350367,4,0.027777777777777776
12,-3.460461572088891,3,20803899,24,-3.5203485858708676,4,0.027777777777777776
12,-3.460461572088891,3,20803899,25,-3.4844284674637,4,0.027777777777777776
12,-3.460461572088891,3,20803899,26,-3.473843913502929,4,0.027777777777777776
12,-3.460461572088891,3,20803899,27,-3.4475702743017544,4,0.027777777777777776
12,-3.460461572088891,3,20803899,28,-3.420266059486859,4,0.027777777777777776
12,-3.460461572088891,3,20803899,29,-3.3871201854834436,4,0.027777777777777776
12,-3.460461572088891,3,20803899,30,-3.385343852913025,4,0.027777777777777776
12,-3.460461572088891,3,20803899,31,-3.3722066814593266,4,0.027777777777777776
12,-3.460461572088891,3,20803899,32,-3.37131044350102,4,0.027777777777777776
12,-3.460461572088891,3,20803899,33,-3.3504114821560247,4,0.027777777777777776
12,-3.460461572088891,3,20803899,34,-3.3421881719279707,4,0.027777777777777776
12,-3.460461572088891,3,20803899,35,-3.3324037577960413,4,0.027777777777777776
12,-3.460461572088891,3,20803899,36,-3.315026822001256,4,0.027777777777777776
12,-3.460461572088891,3,20803899,37,-3.2721725043792445,4,0.027777777777777776
12,-3.460461572088891,3,20803899,38,-3.2616095538038357,4,0.027777777777777776
12,-3.460461572088891,3,20803899,39,-3.2376320411312265,4,0.027777777777777776
12,-3.460461572088891,3,20803899,40,-3.2336183326275734,4,0.027777777777777776
12,-3.460461572088891,3,20803899,41,-3.204797935895434,4,0.027777777777777776
12,-3.460461572088891,3,20803899,42,-3.1672353737522254,4,0.027777777777777776
12,-3.460461572088891,3,20803899,43,-3.1560187709202756,4,0.027777777777777776
12,-3.460461572088891,3,20803899,44,-3.1311500175953197,4,0.027777777777777776
12,-3.460461572088891,3,20803899,45,-3.1028511096262,4,0.027777777777777776
12,-3.460461572088891,3,20803899,46,-3.0401294912279893,4,0.027777777777777776
12,-3.460461572088891,3,20803899,47,-2.987950491506366,4,0.027777777777777776
12,-3.460461572088891,3,20803899,48,-2.956984095187546,4,0.027777777777777776
12,-3.460461572088891,3,20803899,49,-2.9342520696749306,4,0.027777777777777776
12,-3.460461572088891,3,20803899,50,-2.9100710671473693,4,0.027777777777777776
12,-3.460461572088891,3,20803899,51,-2.903946984797855,4,0.027777777777777776
12,-3.460461572088891,3,20803899,52,-2.8754770920467214,4,0.027777777777777776
12,-3.460461572088891,3,20803899,53,-2.8576162078568,4,0.027777777777777776
12,-3.460461572088891,3,20803899,54,-2.857474785251679,4,0.027777777777777776
12,-3.460461572088891,3,20803899,55,-2.8471993868050243,4,0.027777777777777776
12,-3.460461572088891,3,20803899,56,-2.8468076844354555,4,0.027777777777777776
12,-3.460461572088891,3,20803899,57,-2.8344335520332375,4,0.027777777777777776
12,-3.460461572088891,3,20803899,58,-2.8326529661272537,4,0.027777777777777776
12,-3.460461572088891,3,20803899,59,-2.812960621630247,4,0.027777777777777776
12,-3.460461572088891,3,20803899,60,-2.808175980661384,4,0.027777777777777776
12,-3.460461572088891,3,20803899,61,-2.7729576840338557,4,0.027777777777777776
12,-3.460461572088891,3,20803899,62,-2.77210710269284,4,0.027777777777777776
12,-3.460461572088891,3,20803899,63,-2.7527259217001596,4,0.027777777777777776
12,-3.460461572088891,3,20803899,64,-2.752725921700157,4,0.027777777777777776
12,-3.460461572088891,3,20803899,65,-2.720853929766392,4,0.027777777777777776
12,-3.460461572088891,3,20803899,66,-2.7068396673373307,4,0.027777777777777776
12,-3.460461572088891,3,20803899,67,-2.67384470933135,4,0.027777777777777776
12,-3.460461572088891,3,20803899,68,-2.647008967073682,4,0.027777777777777776
12,-3.460461572088891,3,20803899,69,-2.6042618511370215,4,0.027777777777777776
12,-3.460461572088891,3,20803899,70,-2.583170016920411,4,0.027777777777777776
12,-3.460461572088891,3,20803899,71,-2.5640180165661732,4,0.027777777777777776
12,-3.460461572088891,3,20803899,72,-2.527626367471541,4,0.027777777777777776
12,-3.460461572088891,3,20803899,73,-2.513058772845338,4,0.027777777777777776
12,-3.460461572088891,3,20803899,74,-2.484435258771058,4,0.027777777777777776
12,-3.460461572088891,3,20803899,75,-2.4804710649651343,4,0.027777777777777776
12,-3.460461572088891,3,20803899,76,-2.4648205529647926,4,0.027777777777777776
12,-3.460461572088891,3,20803899,77,-2.4360900735356044,4,0.027777777777777776
12,-3.460461572088891,3,20803899,78,-2.3827626656106053,4,0.027777777777777776
12,-3.460461572088891,3,20803899,79,-2.360177246994512,4,0.027777777777777776
12,-3.460461572088891,3,20803899,80,-2.350994088050575,4,0.027777777777777776
12,-3.460461572088891,3,20803899,81,-2.3088551961258057,4,0.027777777777777776
12,-3.460461572088891,3,20803899,82,-2.3087667598812542,4,0.027777777777777776
12,-3.460461572088891,3,20803899,83,-2.3083219409752984,4,0.027777777777777776
12,-3.460461572088891,3,20803899,84,-2.308244475263652,4,0.027777777777777776
12,-3.460461572088891,3,20803899,85,-2.305549670364796,4,0.027777777777777776
12,-3.460461572088891,3,20803899,86,-2.2995358076339665,4,0.027777777777777776
12,-3.460461572088891,3,20803899,87,-2.286116324547674,4,0.027777777777777776
12,-3.460461572088891,3,20803899,88,-2.2825631905998525,4,0.027777777777777776
12,-3.460461572088891,3,20803899,89,-2.273394477060342,4,0.027777777777777776
12,-3.460461572088891,3,20803899,90,-2.27009435700237,4,0.027777777777777776
12,-3.460461572088891,3,20803899,91,-2.261270717142748,4,0.027777777777777776
12,-3.460461572088891,3,20803899,92,-2.2598039198848534,4,0.027777777777777776
12,-3.460461572088891,3,20803899,93,-2.219288693167249,4,0.027777777777777776
12,-3.460461572088891,3,20803899,94,-2.215776801358761,4,0.027777777777777776
12,-3.460461572088891,3,20803899,95,-2.194076947129168,4,0.027777777777777776
12,-3.460461572088891,3,20803899,96,-2.191047741370482,4,0.027777777777777776
12,-3.460461572088891,3,20803899,97,-2.1529552671700625,4,0.027777777777777776
12,-3.460461572088891,3,20803899,98,-2.1465120172413723,4,0.027777777777777776
12,-3.460461572088891,3,20803899,99,-2.1213188668874903,4,0.027777777777777776
12,-3.460461572088891,3,20803899,100,-2.111727765292784,4,0.027777777777777776
12,-3.460461572088891,3,20803899,101,-2.0959448468629596,4,0.027777777777777776
12,-3.460461572088891,3,20803899,102,-2.0886877066450342,4,0.027777777777777776
12,-3.460461572088891,3,20803899,103,-2.080648053886721,4,0.027777777777777776
12,-3.460461572088891,3,20803899,104,-2.069830886419785,4,0.027777777777777776
12,-3.460461572088891,3,20803899,105,-2.056981384443964,4,0.027777777777777776
12,-3.460461572088891,3,20803899,106,-2.0560424612673143,4,0.027777777777777776
12,-3.460461572088891,3,20803899,107,-2.0552405951433674,4,0.027777777777777776
12,-3.460461572088891,3,20803899,108,-2.053534358597977,4,0.027777777777777776
12,-3.460461572088891,3,20803899,109,-2.0520760345675706,4,0.027777777777777776
12,-3.460461572088891,3,20803899,110,-2.0500000000000007,4,0.027777777777777776
12,-3.460461572088891,3,20803899,111,-2.042455657846124,4,0.027777777777777776
12,-3.460461572088891,3,20803899,112,-2.0372603259054007,4,0.027777777777777776
12,-3.460461572088891,3,20803899,113,-2.026757779051347,4,0.027777777777777776
12,-3.460461572088891,3,20803899,114,-2.0258116501312964,4,0.027777777777777776
12,-3.460461572088891,3,20803899,115,-1.9328484865386866,4,0.027777777777777776
12,-3.460461572088891,3,20803899,116,-1.926713932852878,4,0.027777777777777776
12,-3.460461572088891,3,20803899,117,-1.8745028151347523,4,0.027777777777777776
12,-3.460461572088891,3,20803899,118,-1.8685285069184996,4,0.027777777777777776
12,-3.460461572088891,3,20803899,119,-1.7682340191397028,4,0.027777777777777776
12,-3.460461572088891,3,20803899,120,-1.7618508268727977,4,0.027777777777777776
12,-3.460461572088891,3,20803899,121,-1.7440498673491707,4,0.027777777777777776
12,-3.460461572088891,3,20803899,122,-1.7265505897866742,4,0.027777777777777776
12,-3.460461572088891,3,20803899,123,-1.7007487636385354,4,0.027777777777777776
12,-3.460461572088891,3,20803899,124,-1.6935917910600784,4,0.027777777777777776
12,-3.460461572088891,3,20803899,125,-1.6522800560287114,4,0.027777777777777776
12,-3.460461572088891,3,20803899,126,-1.6521108511549463,4,0.027777777777777776
12,-3.460461572088891,3,20803899,127,-1.5437760133400902,4,0.027777777777777776
12,-3.460461572088891,3,20803899,128,-1.5374222253643257,4,0.027777777777777776
12,-3.460461572088891,3,20803899,129,-1.4493728203426643,4,0.027777777777777776
12,-3.460461572088891,3,20803899,130,-1.4459987068089915,4,0.027777777777777776
12,-3.460461572088891,3,20803899,131,-1.2512590619884056,4,0.027777777777777776
12,-3.460461572088891,3,20803899,132,-1.2450447338271617,4,0.027777777777777776
12,-3.460461572088891,3,20803899,133,-1.181330614129822,4,0.027777777777777776
12,-3.460461572088891,3,20803899,134,-1.1771588924290015,4,0.027777777777777776
12,-3.460461572088891,3,20803899,135,-1.0096246399231736,4,0.027777777777777776
12,-3.460461572088891,3,20803899,136,-1.0077546944948397,4,0.027777777777777776
12,-3.460461572088891,3,20803899,137,-0.832513412221804,4,0.027777777777777776
12,-3.460461572088891,3,20803899,138,-0.8312819859007472,4,0.027777777777777776
12,-3.460461572088891,3,20803899,139,-0.39401083319054475,4,0.027777777777777776
12,-3.460461572088891,3,20803899,140,-0.3531939141502294,4,0.027777777777777776
12,-3.460461572088891,3,20803899,141,-0.13585800606773546,4,0.027777777777777776
12,-3.460461572088891,3,20803899,142,-0.12435461309976237,4,0.027777777777777776
12,-3.460461572088891,3,20803899,143,-0.0024595965748579474,4,0.027777777777777776
12,-3.460461572088891,3,20803899,144,0.0024595965748623883,4,0.027777777777777776
12,-3.460461572088891,3,20803899,145,0.12435461309976192,4,0.027777777777777776
12,-3.460461572088891,3,20803899,146,0.13585800606773724,4,0.027777777777777776
12,-3.460461572088891,3,20803899,147,0.3531939141502254,4,0.027777777777777776
12,-3.460461572088891,3,20803899,148,0.3940108331905434,4,0.027777777777777776
12,-3.460461572088891,3,20803899,149,0.8312819859007459,4,0.027777777777777776
12,-3.460461572088891,3,20803899,150,0.8325134122218024,4,0.027777777777777776
12,-3.460461572088891,3,20803899,151,1.0077546944948415,4,0.027777777777777776
12,-3.460461572088891,3,20803899,152,1.0096246399231732,4,0.027777777777777776
12,-3.460461572088891,3,20803899,153,1.1771588924290017,4,0.027777777777777776
12,-3.460461572088891,3,20803899,154,1.1813306141298234,4,0.027777777777777776
12,-3.460461572088891,3,20803899,155,1.245044733827163,4,0.027777777777777776
12,-3.460461572088891,3,20803899,156,1.2512590619884052,4,0.027777777777777776
12,-3.460461572088891,3,20803899,157,1.445998706808993,4,0.027777777777777776
12,-3.460461572088891,3,20803899,158,1.4493728203426661,4,0.027777777777777776
12,-3.460461572088891,3,20803899,159,1.537422225364328,4,0.027777777777777776
12,-3.460461572088891,3,20803899,160,1.5437760133400915,4,0.027777777777777776
12,-3.460461572088891,3,20803899,161,1.6521108511549476,4,0.027777777777777776
12,-3.460461572088891,3,20803899,162,1.6522800560287114,4,0.027777777777777776
12,-3.460461572088891,3,20803899,163,1.6935917910600793,4,0.027777777777777776
12,-3.460461572088891,3,20803899,164,1.7007487636385354,4,0.027777777777777776
12,-3.460461572088891,3,20803899,165,1.7265505897866777,4,0.027777777777777776
12,-3.460461572088891,3,20803899,166,1.744049867349175,4,0.027777777777777776
12,-3.460461572088891,3,20803899,167,1.7618508268728008,4,0.027777777777777776
12,-3.460461572088891,3,20803899,168,1.768234019139706,4,0.027777777777777776
12,-3.460461572088891,3,20803899,169,1.8685285069184987,4,0.027777777777777776
12,-3.460461572088891,3,20803899,170,1.8745028151347554,4,0.027777777777777776
12,-3.460461572088891,3,20803899,171,1.9267139328528784,4,0.027777777777777776
12,-3.460461572088891,3,20803899,172,1.932848486538688,4,0.027777777777777776
12,-3.460461572088891,3,20803899,173,2.0258116501312964,4,0.027777777777777776
12,-3.460461572088891,3,20803899,174,2.0267577790513456,4,0.027777777777777776
12,-3.460461572088891,3,20803899,175,2.037260325905401,4,0.027777777777777776
12,-3.460461572088891,3,20803899,176,2.042455657846123,4,0.027777777777777776
12,-3.460461572088891,3,20803899,177,2.049999999999998,4,0.027777777777777776
12,-3.460461572088891,3,20803899,178,2.0520760345675697,4,0.027777777777777776
12,-3.460461572088891,3,20803899,179,2.05353435859798,4,0.027777777777777776
12,-3.460461572088891,3,20803899,180,2.055240595143368,4,0.027777777777777776
12,-3.460461572088891,3,20803899,181,2.0560424612673214,4,0.027777777777777776
12,-3.460461572088891,3,20803899,182,2.0569813844439637,4,0.027777777777777776
12,-3.460461572088891,3,20803899,183,2.069830886419787,4,0.027777777777777776
12,-3.460461572088891,3,20803899,184,2.08064805388672,4,0.027777777777777776
12,-3.460461572088891,3,20803899,185,2.0886877066450364,4,0.027777777777777776
12,-3.460461572088891,3,20803899,186,2.0959448468629613,4,0.027777777777777776
12,-3.460461572088891,3,20803899,187,2.111727765292782,4,0.027777777777777776
12,-3.460461572088891,3,20803899,188,2.121318866887489,4,0.027777777777777776
12,-3.460461572088891,3,20803899,189,2.1465120172413714,4,0.027777777777777776
12,-3.460461572088891,3,20803899,190,2.1529552671700647,4,0.027777777777777776
12,-3.460461572088891,3,20803899,191,2.1910477413704803,4,0.027777777777777776
12,-3.460461572088891,3,20803899,192,2.194076947129167,4,0.027777777777777776
12,-3.460461572088891,3,20803899,193,2.215776801358758,4,0.027777777777777776
12,-3.460461572088891,3,20803899,194,2.21928869316725,4,0.027777777777777776
12,-3.460461572088891,3,20803899,195,2.2598039198848547,4,0.027777777777777776
12,-3.460461572088891,3,20803899,196,2.261270717142746,4,0.027777777777777776
12,-3.460461572088891,3,20803899,197,2.2700943570023706,4,0.027777777777777776
12,-3.460461572088891,3,20803899,198,2.273394477060341,4,0.027777777777777776
12,-3.460461572088891,3,20803899,199,2.282563190599854,4,0.027777777777777776
12,-3.460461572088891,3,20803899,200,2.2861163245476757,4,0.027777777777777776
12,-3.460461572088891,3,20803899,201,2.2995358076339634,4,0.027777777777777776
12,-3.460461572088891,3,20803899,202,2.3055496703647957,4,0.027777777777777776
12,-3.460461572088891,3,20803899,203,2.308244475263654,4,0.027777777777777776
12,-3.460461572088891,3,20803899,204,2.308321940975299,4,0.027777777777777776
12,-3.460461572088891,3,20803899,205,2.3087667598812507,4,0.027777777777777776
12,-3.460461572088891,3,20803899,206,2.308855196125803,4,0.027777777777777776
12,-3.460461572088891,3,20803899,207,2.3509940880505775,4,0.027777777777777776
12,-3.460461572088891,3,20803899,208,2.3601772469945157,4,0.027777777777777776
12,-3.460461572088891,3,20803899,209,2.3827626656106062,4,0.027777777777777776
12,-3.460461572088891,3,20803899,210,2.436090073535605,4,0.027777777777777776
12,-3.460461572088891,3,20803899,211,2.464820552964792,4,0.027777777777777776
12,-3.460461572088891,3,20803899,212,2.4804710649651303,4,0.027777777777777776
12,-3.460461572088891,3,20803899,213,2.4844352587710565,4,0.027777777777777776
12,-3.460461572088891,3,20803899,214,2.513058772845337,4,0.027777777777777776
12,-3.460461572088891,3,20803899,215,2.527626367471538,4,0.027777777777777776
12,-3.460461572088891,3,20803899,216,2.564018016566173,4,0.027777777777777776
12,-3.460461572088891,3,20803899,217,2.5831700169204113,4,0.027777777777777776
12,-3.460461572088891,3,20803899,218,2.6042618511370206,4,0.027777777777777776
12,-3.460461572088891,3,20803899,219,2.647008967073682,4,0.027777777777777776
12,-3.460461572088891,3,20803899,220,2.673844709331349,4,0.027777777777777776
12,-3.460461572088891,3,20803899,221,2.706839667337333,4,0.027777777777777776
12,-3.460461572088891,3,20803899,222,2.720853929766392,4,0.027777777777777776
12,-3.460461572088891,3,20803899,223,2.7527259217001596,4,0.027777777777777776
12,-3.460461572088891,3,20803899,224,2.7527259217001605,4,0.027777777777777776
12,-3.460461572088891,3,20803899,225,2.7721071026928388,4,0.027777777777777776
12,-3.460461572088891,3,20803899,226,2.7729576840338543,4,0.027777777777777776
12,-3.460461572088891,3,20803899,227,2.808175980661384,4,0.027777777777777776
12,-3.460461572088891,3,20803899,228,2.8129606216302427,4,0.027777777777777776
12,-3.460461572088891,3,20803899,229,2.8326529661272524,4,0.027777777777777776
12,-3.460461572088891,3,20803899,230,2.834433552033234,4,0.027777777777777776
12,-3.460461572088891,3,20803899,231,2.846807684435456,4,0.027777777777777776
12,-3.460461572088891,3,20803899,232,2.8471993868050185,4,0.027777777777777776
12,-3.460461572088891,3,20803899,233,2.85747478525168,4,0.027777777777777776
12,-3.460461572088891,3,20803899,234,2.857616207856801,4,0.027777777777777776
12,-3.460461572088891,3,20803899,235,2.875477092046722,4,0.027777777777777776
12,-3.460461572088891,3,20803899,236,2.903946984797856,4,0.027777777777777776
12,-3.460461572088891,3,20803899,237,2.9100710671473697,4,0.027777777777777776
12,-3.460461572088891,3,20803899,238,2.9342520696749315,4,0.027777777777777776
12,-3.460461572088891,3,20803899,239,2.9569840951875475,4,0.027777777777777776
12,-3.460461572088891,3,20803899,240,2.9879504915063686,4,0.027777777777777776
12,-3.460461572088891,3,20803899,241,3.0401294912279893,4,0.027777777777777776
12,-3.460461572088891,3,20803899,242,3.1028511096262026,4,0.027777777777777776
12,-3.460461572088891,3,20803899,243,3.1311500175953215,4,0.027777777777777776
12,-3.460461572088891,3,20803899,244,3.1560187709202756,4,0.027777777777777776
12,-3.460461572088891,3,20803899,245,3.1672353737522263,4,0.027777777777777776
12,-3.460461572088891,3,20803899,246,3.2047979358954337,4,0.027777777777777776
12,-3.460461572088891,3,20803899,247,3.233618332627573,4,0.027777777777777776
12,-3.460461572088891,3,20803899,248,3.2376320411312274,4,0.027777777777777776
12,-3.460461572088891,3,20803899,249,3.2616095538038357,4,0.027777777777777776
12,-3.460461572088891,3,20803899,250,3.272172504379242,4,0.027777777777777776
12,-3.460461572088891,3,20803899,251,3.315026822001257,4,0.027777777777777776
12,-3.460461572088891,3,20803899,252,3.332403757796042,4,0.027777777777777776
12,-3.460461572088891,3,20803899,253,3.3421881719279707,4,0.027777777777777776
12,-3.460461572088891,3,20803899,254,3.350411482156024,4,0.027777777777777776
12,-3.460461572088891,3,20803899,255,3.3713104435010237,4,0.027777777777777776
12,-3.460461572088891,3,20803899,256,3.372206681459332,4,0.027777777777777776
12,-3.460461572088891,3,20803899,257,3.3853438529130253,4,0.027777777777777776
12,-3.460461572088891,3,20803899,258,3.387120185483446,4,0.027777777777777776
12,-3.460461572088891,3,20803899,259,3.420266059486861,4,0.027777777777777776
12,-3.460461572088891,3,20803899,260,3.4475702743017544,4,0.027777777777777776
12,-3.460461572088891,3,20803899,261,3.4738439135029298,4,0.027777777777777776
12,-3.460461572088891,3,20803899,262,3.4844284674636983,4,0.027777777777777776
12,-3.460461572088891,3,20803899,263,3.520348585870871,4,0.027777777777777776
12,-3.460461572088891,3,20803899,264,3.5370620661350363,4,0.027777777777777776
12,-3.460461572088891,3,20803899,265,3.5751606814307504,4,0.027777777777777776
12,-3.460461572088891,3,20803899,266,3.615707093715098,4,0.027777777777777776
12,-3.460461572088891,3,20803899,267,3.648421815197496,4,0.027777777777777776
12,-3.460461572088891,3,20803899,268,3.6659340000226583,4,0.027777777777777776
12,-3.460461572088891,3,20803899,269,3.7144717140529675,4,0.027777777777777776
12,-3.460461572088891,3,20803899,270,3.7216145509515197,4,0.027777777777777776
12,-3.460461572088891,3,20803899,271,3.735109990708138,4,0.027777777777777776
12,-3.460461572088891,3,20803899,272,3.7382464490270793,4,0.027777777777777776
12,-3.460461572088891,3,20803899,273,3.748619936766999,4,0.027777777777777776
12,-3.460461572088891,3,20803899,274,3.7559651819923934,4,0.027777777777777776
12,-3.460461572088891,3,20803899,275,3.7763681985057973,4,0.027777777777777776
12,-3.460461572088891,3,20803899,276,3.7872313320847217,4,0.027777777777777776
12,-3.460461572088891,3,20803899,277,3.815203751762855,4,0.027777777777777776
12,-3.460461572088891,3,20803899,278,3.8194406104139476,4,0.027777777777777776
12,-3.460461572088891,3,20803899,279,3.8918989955366,4,0.027777777777777776
12,-3.460461572088891,3,20803899,280,3.9023294363523395,4,0.027777777777777776
12,-3.460461572088891,3,20803899,281,3.914246483559039,4,0.027777777777777776
12,-3.460461572088891,3,20803899,282,3.940956569747527,4,0.027777777777777776
12,-3.460461572088891,3,20803899,283,3.9608682338881955,4,0.027777777777777776
12,-3.460461572088891,3,20803899,284,3.967933210055232,4,0.027777777777777776
12,-3.460461572088891,3,20803899,285,3.98960799960515,4,0.027777777777777776
12,-3.460461572088891,3,20803899,286,3.991372711811976,4,0.027777777777777776
12,-3.460461572088891,3,20803899,287,4.033046836282451,4,0.027777777777777776
12,-3.460461572088891,4,1055869839,0,-4.033863288355476,4,0.027777777777777776
12,-3.460461572088891,4,1055869839,1,-3.9920381142291697,4,0.027777777777777776
12,-3.460461572088891,4,1055869839,2,-3.9904369291041752,4,0.027777777777777776
12,-3.460461572088891,4,1055869839,3,-3.9711961898885155,4,0.027777777777777776
12,-3.460461572088891,4,1055869839,4,-3.958582092343093,4,0.027777777777777776
12,-3.460461572088891,4,1055869839,5,-3.934259197480074,4,0.027777777777777776
12,-3.460461572088891,4,1055869839,6,-3.917353266961956,4,0.027777777777777776
12,-3.460461572088891,4,1055869839,7,-3.9080070121360455,4,0.027777777777777776
12,-3.460461572088891,4,1055869839,8,-3.8811457232906035,4,0.027777777777777776
12,-3.460461572088891,4,1055869839,9,-3.8176171647342185,4,0.027777777777777776
12,-3.460461572088891,4,1055869839,10,-3.808742346970533,4,0.027777777777777776
12,-3.460461572088891,4,1055869839,11,-3.7997135920819884,4,0.027777777777777776
12,-3.460461572088891,4,1055869839,12,-3.776951751646431,4,0.027777777777777776
12,-3.460461572088891,4,1055869839,13,-3.7628495332136422,4,0.027777777777777776
12,-3.460461572088891,4,1055869839,14,-3.7529355030696303,4,0.027777777777777776
12,-3.460461572088891,4,1055869839,15,-3.733126857485323,4,0.027777777777777776
12,-3.460461572088891,4,1055869839,16,-3.7323608156623536,4,0.027777777777777776
12,-3.460461572088891,4,1055869839,17,-3.714018276035108,4,0.027777777777777776
12,-3.460461572088891,4,1055869839,18,-3.6974887140688093,4,0.027777777777777776
12,-3.460461572088891,4,1055869839,19,-3.6747007593399497,4,0.027777777777777776
12,-3.460461572088891,4,1055869839,20,-3.662958609373625,4,0.027777777777777776
12,-3.460461572088891,4,1055869839,21,-3.5999821943375077,4,0.027777777777777776
12,-3.460461572088891,4,1055869839,22,-3.5790326189687507,4,0.027777777777777776
12,-3.460461572088891,4,1055869839,23,-3.559538332542658,4,0.027777777777777776
12,-3.460461572088891,4,1055869839,24,-3.5301792135412757,4,0.027777777777777776
12,-3.460461572088891,4,1055869839,25,-3.4754773363357563,4,0.027777777777777776
12,-3.460461572088891,4,1055869839,26,-3.464714683694174,4,0.027777777777777776
12,-3.460461572088891,4,1055869839,27,-3.44906780416587,4,0.027777777777777776
12,-3.460461572088891,4,1055869839,28,-3.4269080979433717,4,0.027777777777777776
12,-3.460461572088891,4,1055869839,29,-3.3863157049216235,4,0.027777777777777776
12,-3.460461572088891,4,1055869839,30,-3.382326297786993,4,0.027777777777777776
12,-3.460461572088891,4,1055869839,31,-3.3652763064028566,4,0.027777777777777776
12,-3.460461572088891,4,1055869839,32,-3.3648128779077235,4,0.027777777777777776
12,-3.460461572088891,4,1055869839,33,-3.354085956171029,4,0.027777777777777776
12,-3.460461572088891,4,1055869839,34,-3.3461054239625483,4,0.027777777777777776
12,-3.460461572088891,4,1055869839,35,-3.32473549629095,4,0.027777777777777776
12,-3.460461572088891,4,1055869839,36,-3.311941436166678,4,0.027777777777777776
12,-3.460461572088891,4,1055869839,37,-3.2758745991124014,4,0.027777777777777776
12,-3.460461572088891,4,1055869839,38,-3.2586259188250564,4,0.027777777777777776
12,-3.460461572088891,4,1055869839,39,-3.2341138166291716,4,0.027777777777777776
12,-3.460461572088891,4,1055869839,40,-3.232576536136636,4,0.027777777777777776
12,-3.460461572088891,4,1055869839,41,-3.2172586001542944,4,0.027777777777777776
12,-3.460461572088891,4,1055869839,42,-3.1901326472262124,4,0.027777777777777776
12,-3.460461572088891,4,1055869839,43,-3.180388811269032,4,0.027777777777777776
12,-3.460461572088891,4,1055869839,44,-3.1059308734462983,4,0.027777777777777776
12,-3.460461572088891,4,1055869839,45,-3.0594298140902714,4,0.027777777777777776
12,-3.460461572088891,4,1055869839,46,-3.0475795169018998,4,0.027777777777777776
12,-3.460461572088891,4,1055869839,47,-3.010866946465682,4,0.027777777777777776
12,-3.460461572088891,4,1055869839,48,-2.9576213176840795,4,0.027777777777777776
12,-3.460461572088891,4,1055869839,49,-2.9330675659802257,4,0.027777777777777776
12,-3.460461572088891,4,1055869839,50,-2.903727807962329,4,0.027777777777777776
12,-3.460461572088891,4,1055869839,51,-2.885863191310729,4,0.027777777777777776
12,-3.460461572088891,4,1055869839,52,-2.8803255632866627,4,0.027777777777777776
12,-3.460461572088891,4,1055869839,53,-2.8536873454531424,4,0.027777777777777776
12,-3.460461572088891,4,1055869839,54,-2.8532931853855983,4,0.027777777777777776
12,-3.460461572088891,4,1055869839,55,-2.8442747484252533,4,0.027777777777777776
12,-3.460461572088891,4,1055869839,56,-2.844198679039474,4,0.027777777777777776
12,-3.460461572088891,4,1055869839,57,-2.833733863032274,4,0.027777777777777776
12,-3.460461572088891,4,1055869839,58,-2.8328660741082015,4,0.027777777777777776
12,-3.460461572088891,4,1055869839,59,-2.8120472795018325,4,0.027777777777777776
12,-3.460461572088891,4,1055869839,60,-2.8108199383834798,4,0.027777777777777776
12,-3.460461572088891,4,1055869839,61,-2.7812209524565112,4,0.027777777777777776
12,-3.460461572088891,4,1055869839,62,-2.7802900607563332,4,0.027777777777777776
12,-3.460461572088891,4,1055869839,63,-2.7548257167017236,4,0.027777777777777776
12,-3.460461572088891,4,1055869839,64,-2.7547277299930997,4,0.027777777777777776
12,-3.460461572088891,4,1055869839,65,-2.7099258471960166,4,0.027777777777777776
12,-3.460461572088891,4,1055869839,66,-2.696608683345419,4,0.027777777777777776
12,-3.460461572088891,4,1055869839,67,-2.6890476273067963,4,0.027777777777777776
12,-3.460461572088891,4,1055869839,68,-2.6712912226204626,4,0.027777777777777776
12,-3.460461572088891,4,1055869839,69,-2.611230791584327,4,0.027777777777777776
12,-3.460461572088891,4,1055869839,70,-2.5695942185757294,4,0.027777777777777776
12,-3.460461572088891,4,1055869839,71,-2.55305658734076,4,0.027777777777777776
12,-3.460461572088891,4,1055869839,72,-2.5315202020516745,4,0.027777777777777776
12,-3.460461572088891,4,1055869839,73,-2.5163442635059883,4,0.027777777777777776
12,-3.460461572088891,4,1055869839,74,-2.5130106356178157,4,0.027777777777777776
12,-3.460461572088891,4,1055869839,75,-2.486315143589029,4,0.027777777777777776
12,-3.460461572088891,4,1055869839,76,-2.44554401747084,4,0.027777777777777776
12,-3.460461572088891,4,1055869839,77,-2.407633627429364,4,0.027777777777777776
12,-3.460461572088891,4,1055869839,78,-2.376708907064196,4,0.027777777777777776
12,-3.460461572088891,4,1055869839,79,-2.357643139404602,4,0.027777777777777776
12,-3.460461572088891,4,1055869839,80,-2.3406405075731582,4,0.027777777777777776
12,-3.460461572088891,4,1055869839,81,-2.308777542131898,4,0.027777777777777776
12,-3.460461572088891,4,1055869839,82,-2.3086292254824397,4,0.027777777777777776
12,-3.460461572088891,4,1055869839,83,-2.308214288279854,4,0.027777777777777776
12,-3.460461572088891,4,1055869839,84,-2.3081783395956785,4,0.027777777777777776
12,-3.460461572088891,4,1055869839,85,-2.3032009673107594,4,0.027777777777777776
12,-3.460461572088891,4,1055869839,86,-2.298265833275763,4,0.027777777777777776
12,-3.460461572088891,4,1055869839,87,-2.2931439845862895,4,0.027777777777777776
12,-3.460461572088891,4,1055869839,88,-2.2869988799474616,4,0.027777777777777776
12,-3.460461572088891,4,1055869839,89,-2.2725418509146342,4,0.027777777777777776
12,-3.460461572088891,4,1055869839,90,-2.271218395649611,4,0.027777777777777776
12,-3.460461572088891,4,1055869839,91,-2.25615748586631,4,0.027777777777777776
12,-3.460461572088891,4,1055869839,92,-2.2555370251474516,4,0.027777777777777776
12,-3.460461572088891,4,1055869839,93,-2.2313472562607304,4,0.027777777777777776
12,-3.460461572088891,4,1055869839,94,-2.2178223227416654,4,0.027777777777777776
12,-3.460461572088891,4,1055869839,95,-2.2130564520543965,4,0.027777777777777776
12,-3.460461572088891,4,1055869839,96,-2.202199086746833,4,0.027777777777777776
12,-3.460461572088891,4,1055869839,97,-2.1477487511485442,4,0.027777777777777776
12,-3.460461572088891,4,1055869839,98,-2.144083140327194,4,0.027777777777777776
12,-3.460461572088891,4,1055869839,99,-2.1235556116787038,4,0.027777777777777776
12,-3.460461572088891,4,1055869839,100,-2.1127623360502454,4,0.027777777777777776
12,-3.460461572088891,4,1055869839,101,-2.09712001769992,4,0.027777777777777776
12,-3.460461572088891,4,1055869839,102,-2.086814714362321,4,0.027777777777777776
12,-3.460461572088891,4,1055869839,103,-2.0759716199729104,4,0.027777777777777776
12,-3.460461572088891,4,1055869839,104,-2.063224642865401,4,0.027777777777777776
12,-3.460461572088891,4,1055869839,105,-2.0564435734231745,4,0.027777777777777776
12,-3.460461572088891,4,1055869839,106,-2.0553296689451566,4,0.027777777777777776
12,-3.460461572088891,4,1055869839,107,-2.054213464798765,4,0.027777777777777776
12,-3.460461572088891,4,1055869839,108,-2.053067994120961,4,0.027777777777777776
12,-3.460461572088891,4,1055869839,109,-2.0526487949482166,4,0.027777777777777776
12,-3.460461572088891,4,1055869839,110,-2.0515748228817308,4,0.027777777777777776
12,-3.460461572088891,4,1055869839,111,-2.0349299887299575,4,0.027777777777777776
12,-3.460461572088891,4,1055869839,112,-2.033843191024056,4,0.027777777777777776
12,-3.460461572088891,4,1055869839,113,-2.027902513411413,4,0.027777777777777776
12,-3.460461572088891,4,1055869839,114,-2.0277628051933143,4,0.027777777777777776
12,-3.460461572088891,4,1055869839,115,-1.9430498577222641,4,0.027777777777777776
12,-3.460461572088891,4,1055869839,116,-1.9305495457168318,4,0.027777777777777776
12,-3.460461572088891,4,1055869839,117,-1.8716179951718521,4,0.027777777777777776
12,-3.460461572088891,4,1055869839,118,-1.8640805693666058,4,0.027777777777777776
12,-3.460461572088891,4,1055869839,119,-1.7733615019109008,4,0.027777777777777776
12,-3.460461572088891,4,1055869839,120,-1.7611779143319763,4,0.027777777777777776
12,-3.460461572088891,4,1055869839,121,-1.7350351043876477,4,0.027777777777777776
12,-3.460461572088891,4,1055869839,122,-1.7280199322521632,4,0.027777777777777776
12,-3.460461572088891,4,1055869839,123,-1.704165381576618,4,0.027777777777777776
12,-3.460461572088891,4,1055869839,124,-1.6960979956194455,4,0.027777777777777776
12,-3.460461572088891,4,1055869839,125,-1.65133668000584,4,0.027777777777777776
12,-3.460461572088891,4,1055869839,126,-1.6510482177666237,4,0.027777777777777776
12,-3.460461572088891,4,1055869839,127,-1.5529824846057843,4,0.027777777777777776
12,-3.460461572088891,4,1055869839,128,-1.547449631679316,4,0.027777777777777776
12,-3.460461572088891,4,1055869839,129,-1.4434286541880952,4,0.027777777777777776
12,-3.460461572088891,4,1055869839,130,-1.4414762389573377,4,0.027777777777777776
12,-3.460461572088891,4,1055869839,131,-1.2475867054115533,4,0.027777777777777776
12,-3.460461572088891,4,1055869839,132,-1.2399048289244892,4,0.027777777777777776
12,-3.460461572088891,4,1055869839,133,-1.181805273791612,4,0.027777777777777776
12,-3.460461572088891,4,1055869839,134,-1.1797404033822507,4,0.027777777777777776
12,-3.460461572088891,4,1055869839,135,-1.008672412627115,4,0.027777777777777776
12,-3.460461572088891,4,1055869839,136,-1.0065383941402914,4,0.027777777777777776
12,-3.460461572088891,4,1055869839,137,-0.8252145255955061,4,0.027777777777777776
12,-3.460461572088891,4,1055869839,138,-0.8241532337441317,4,0.027777777777777776
12,-3.460461572088891,4,1055869839,139,-0.40197854372353614,4,0.027777777777777776
12,-3.460461572088891,4,1055869839,140,-0.3538997455976771,4,0.027777777777777776
12,-3.460461572088891,4,1055869839,141,-0.1626909766757496,4,0.027777777777777776
12,-3.460461572088891,4,1055869839,142,-0.15135351740187897,4,0.027777777777777776
12,-3.460461572088891,4,1055869839,143,-0.0036918528193297107,4,0.027777777777777776
12,-3.460461572088891,4,1055869839,144,0.003691852819331487,4,0.027777777777777776
12,-3.460461572088891,4,1055869839,145,0.1513535174018803,4,0.027777777777777776
12,-3.460461572088891,4,1055869839,146,0.16269097667575227,4,0.027777777777777776
12,-3.460461572088891,4,1055869839,147,0.35389974559767534,4,0.027777777777777776
12,-3.460461572088891,4,1055869839,148,0.4019785437235348,4,0.027777777777777776
12,-3.460461572088891,4,1055869839,149,0.8241532337441313,4,0.027777777777777776
12,-3.460461572088891,4,1055869839,150,0.8252145255955043,4,0.027777777777777776
12,-3.460461572088891,4,1055869839,151,1.0065383941402917,4,0.027777777777777776
12,-3.460461572088891,4,1055869839,152,1.0086724126271178,4,0.027777777777777776
12,-3.460461572088891,4,1055869839,153,1.1797404033822538,4,0.027777777777777776
12,-3.460461572088891,4,1055869839,154,1.181805273791612,4,0.027777777777777776
12,-3.460461572088891,4,1055869839,155,1.2399048289244892,4,0.027777777777777776
12,-3.460461572088891,4,1055869839,156,1.2475867054115524,4,0.027777777777777776
12,-3.460461572088891,4,1055869839,157,1.441476238957339,4,0.027777777777777776
12,-3.460461572088891,4,1055869839,158,1.4434286541880963,4,0.027777777777777776
12,-3.460461572088891,4,1055869839,159,1.5474496316793158,4,0.027777777777777776
12,-3.460461572088891,4,1055869839,160,1.552982484605785,4,0.027777777777777776
12,-3.460461572088891,4,1055869839,161,1.651048217766624,4,0.027777777777777776
12,-3.460461572088891,4,1055869839,162,1.6513366800058402,4,0.027777777777777776
12,-3.460461572088891,4,1055869839,163,1.696097995619446,4,0.027777777777777776
12,-3.460461572088891,4,1055869839,164,1.7041653815766185,4,0.027777777777777776
12,-3.460461572088891,4,1055869839,165,1.7280199322521663,4,0.027777777777777776
12,-3.460461572088891,4,1055869839,166,1.7350351043876473,4,0.027777777777777776
12,-3.460461572088891,4,1055869839,167,1.761177914331976,4,0.027777777777777776
12,-3.460461572088891,4,1055869839,168,1.7733615019109008,4,0.027777777777777776
12,-3.460461572088891,4,1055869839,169,1.8640805693666063,4,0.027777777777777776
12,-3.460461572088891,4,1055869839,170,1.8716179951718526,4,0.027777777777777776
12,-3.460461572088891,4,1055869839,171,1.9305495457168291,4,0.027777777777777776
12,-3.460461572088891,4,1055869839,172,1.9430498577222641,4,0.027777777777777776
12,-3.460461572088891,4,1055869839,173,2.02776280519331,4,0.027777777777777776
12,-3.460461572088891,4,1055869839,174,2.027902513411416,4,0.027777777777777776
12,-3.460461572088891,4,1055869839,175,2.033843191024057,4,0.027777777777777776
12,-3.460461572088891,4,1055869839,176,2.034929988729957,4,0.027777777777777776
12,-3.460461572088891,4,1055869839,177,2.0515748228817308,4,0.027777777777777776
12,-3.460461572088891,4,1055869839,178,2.0526487949482224,4,0.027777777777777776
12,-3.460461572088891,4,1055869839,179,2.053067994120967,4,0.027777777777777776
12,-3.460461572088891,4,1055869839,180,2.054213464798767,4,0.027777777777777776
12,-3.460461572088891,4,1055869839,181,2.055329668945156,4,0.027777777777777776
12,-3.460461572088891,4,1055869839,182,2.0564435734231785,4,0.027777777777777776
12,-3.460461572088891,4,1055869839,183,2.0632246428653978,4,0.027777777777777776
12,-3.460461572088891,4,1055869839,184,2.075971619972912,4,0.027777777777777776
12,-3.460461572088891,4,1055869839,185,2.08681471436232,4,0.027777777777777776
12,-3.460461572088891,4,1055869839,186,2.09712001769992,4,0.027777777777777776
12,-3.460461572088891,4,1055869839,187,2.1127623360502454,4,0.027777777777777776
12,-3.460461572088891,4,1055869839,188,2.1235556116787055,4,0.027777777777777776
12,-3.460461572088891,4,1055869839,189,2.1440831403271945,4,0.027777777777777776
12,-3.460461572088891,4,1055869839,190,2.147748751148546,4,0.027777777777777776
12,-3.460461572088891,4,1055869839,191,2.202199086746833,4,0.027777777777777776
12,-3.460461572088891,4,1055869839,192,2.2130564520543974,4,0.027777777777777776
12,-3.460461572088891,4,1055869839,193,2.217822322741661,4,0.027777777777777776
12,-3.460461572088891,4,1055869839,194,2.2313472562607304,4,0.027777777777777776
12,-3.460461572088891,4,1055869839,195,2.25553702514745,4,0.027777777777777776
12,-3.460461572088891,4,1055869839,196,2.256157485866309,4,0.027777777777777776
12,-3.460461572088891,4,1055869839,197,2.271218395649611,4,0.027777777777777776
12,-3.460461572088891,4,1055869839,198,2.272541850914631,4,0.027777777777777776
12,-3.460461572088891,4,1055869839,199,2.2869988799474568,4,0.027777777777777776
12,-3.460461572088891,4,1055869839,200,2.2931439845862904,4,0.027777777777777776
12,-3.460461572088891,4,1055869839,201,2.2982658332757673,4,0.027777777777777776
12,-3.460461572088891,4,1055869839,202,2.303200967310757,4,0.027777777777777776
12,-3.460461572088891,4,1055869839,203,2.3081783395956825,4,0.027777777777777776
12,-3.460461572088891,4,1055869839,204,2.3082142882798533,4,0.027777777777777776
12,-3.460461572088891,4,1055869839,205,2.308629225482433,4,0.027777777777777776
12,-3.460461572088891,4,1055869839,206,2.3087775421318977,4,0.027777777777777776
12,-3.460461572088891,4,1055869839,207,2.34064050757316,4,0.027777777777777776
12,-3.460461572088891,4,1055869839,208,2.357643139404604,4,0.027777777777777776
12,-3.460461572088891,4,1055869839,209,2.3767089070641987,4,0.027777777777777776
12,-3.460461572088891,4,1055869839,210,2.407633627429366,4,0.027777777777777776
12,-3.460461572088891,4,1055869839,211,2.44554401747084,4,0.027777777777777776
12,-3.460461572088891,4,1055869839,212,2.486315143589028,4,0.027777777777777776
12,-3.460461572088891,4,1055869839,213,2.513010635617814,4,0.027777777777777776
12,-3.460461572088891,4,1055869839,214,2.5163442635059865,4,0.027777777777777776
12,-3.460461572088891,4,1055869839,215,2.5315202020516763,4,0.027777777777777776
12,-3.460461572088891,4,1055869839,216,2.5530565873407616,4,0.027777777777777776
12,-3.460461572088891,4,1055869839,217,2.5695942185757277,4,0.027777777777777776
12,-3.460461572088891,4,1055869839,218,2.611230791584325,4,0.027777777777777776
12,-3.460461572088891,4,1055869839,219,2.6712912226204644,4,0.027777777777777776
12,-3.460461572088891,4,1055869839,220,2.6890476273067927,4,0.027777777777777776
12,-3.460461572088891,4,1055869839,221,2.696608683345416,4,0.027777777777777776
12,-3.460461572088891,4,1055869839,222,2.7099258471960157,4,0.027777777777777776
12,-3.460461572088891,4,1055869839,223,2.7547277299930975,4,0.027777777777777776
12,-3.460461572088891,4,1055869839,224,2.754825716701724,4,0.027777777777777776
12,-3.460461572088891,4,1055869839,225,2.7802900607563337,4,0.027777777777777776
12,-3.460461572088891,4,1055869839,226,2.781220952456507,4,0.027777777777777776
12,-3.460461572088891,4,1055869839,227,2.8108199383834744,4,0.027777777777777776
12,-3.460461572088891,4,1055869839,228,2.8120472795018294,4,0.027777777777777776
12,-3.460461572088891,4,1055869839,229,2.8328660741081997,4,0.027777777777777776
12,-3.460461572088891,4,1055869839,230,2.833733863032273,4,0.027777777777777776
12,-3.460461572088891,4,1055869839,231,2.844198679039473,4,0.027777777777777776
12,-3.460461572088891,4,1055869839,232,2.8442747484252524,4,0.027777777777777776
12,-3.460461572088891,4,1055869839,233,2.8532931853856,4,0.027777777777777776
12,-3.460461572088891,4,1055869839,234,2.8536873454531393,4,0.027777777777777776
12,-3.460461572088891,4,1055869839,235,2.8803255632866636,4,0.027777777777777776
12,-3.460461572088891,4,1055869839,236,2.8858631913107313,4,0.027777777777777776
12,-3.460461572088891,4,1055869839,237,2.9037278079623325,4,0.027777777777777776
12,-3.460461572088891,4,1055869839,238,2.933067565980225,4,0.027777777777777776
12,-3.460461572088891,4,1055869839,239,2.9576213176840778,4,0.027777777777777776
12,-3.460461572088891,4,1055869839,240,3.010866946465682,4,0.027777777777777776
12,-3.460461572088891,4,1055869839,241,3.0475795169018993,4,0.027777777777777776
12,-3.460461572088891,4,1055869839,242,3.0594298140902705,4,0.027777777777777776
12,-3.460461572088891,4,1055869839,243,3.1059308734462987,4,0.027777777777777776
12,-3.460461572088891,4,1055869839,244,3.180388811269029,4,0.027777777777777776
12,-3.460461572088891,4,1055869839,245,3.190132647226213,4,0.027777777777777776
12,-3.460461572088891,4,1055869839,246,3.217258600154293,4,0.027777777777777776
12,-3.460461572088891,4,1055869839,247,3.232576536136637,4,0.027777777777777776
12,-3.460461572088891,4,1055869839,248,3.234113816629174,4,0.027777777777777776
12,-3.460461572088891,4,1055869839,249,3.2586259188250564,4,0.027777777777777776
12,-3.460461572088891,4,1055869839,250,3.2758745991123988,4,0.027777777777777776
12,-3.460461572088891,4,1055869839,251,3.3119414361666757,4,0.027777777777777776
12,-3.460461572088891,4,1055869839,252,3.324735496290949,4,0.027777777777777776
12,-3.460461572088891,4,1055869839,253,3.3461054239625496,4,0.027777777777777776
12,-3.460461572088891,4,1055869839,254,3.3540859561710272,4,0.027777777777777776
12,-3.460461572088891,4,1055869839,255,3.364812877907726,4,0.027777777777777776
12,-3.460461572088891,4,1055869839,256,3.3652763064028592,4,0.027777777777777776
12,-3.460461572088891,4,1055869839,257,3.3823262977869937,4,0.027777777777777776
12,-3.460461572088891,4,1055869839,258,3.3863157049216217,4,0.027777777777777776
12,-3.460461572088891,4,1055869839,259,3.4269080979433753,4,0.027777777777777776
12,-3.460461572088891,4,1055869839,260,3.4490678041658693,4,0.027777777777777776
12,-3.460461572088891,4,1055869839,261,3.4647146836941713,4,0.027777777777777776
12,-3.460461572088891,4,1055869839,262,3.475477336335754,4,0.027777777777777776
12,-3.460461572088891,4,1055869839,263,3.5301792135412757,4,0.027777777777777776
12,-3.460461572088891,4,1055869839,264,3.5595383325426595,4,0.027777777777777776
12,-3.460461572088891,4,1055869839,265,3.579032618968752,4,0.027777777777777776
12,-3.460461572088891,4,1055869839,266,3.599982194337506,4,0.027777777777777776
12,-3.460461572088891,4,1055869839,267,3.6629586093736264,4,0.027777777777777776
12,-3.460461572088891,4,1055869839,268,3.674700759339948,4,0.027777777777777776
12,-3.460461572088891,4,1055869839,269,3.6974887140688093,4,0.027777777777777776
12,-3.460461572088891,4,1055869839,270,3.7140182760351093,4,0.027777777777777776
12,-3.460461572088891,4,1055869839,271,3.732360815662351,4,0.027777777777777776
12,-3.460461572088891,4,1055869839,272,3.733126857485317,4,0.027777777777777776
12,-3.460461572088891,4,1055869839,273,3.7529355030696294,4,0.027777777777777776
12,-3.460461572088891,4,1055869839,274,3.7628495332136405,4,0.027777777777777776
12,-3.460461572088891,4,1055869839,275,3.7769517516464304,4,0.027777777777777776
12,-3.460461572088891,4,1055869839,276,3.799713592081986,4,0.027777777777777776
12,-3.460461572088891,4,1055869839,277,3.8087423469705373,4,0.027777777777777776
12,-3.460461572088891,4,1055869839,278,3.817617164734215,4,0.027777777777777776
12,-3.460461572088891,4,1055869839,279,3.881145723290605,4,0.027777777777777776
12,-3.460461572088891,4,1055869839,280,3.9080070121360446,4,0.027777777777777776
12,-3.460461572088891,4,1055869839,281,3.917353266961956,4,0.027777777777777776
12,-3.460461572088891,4,1055869839,282,3.934259197480072,4,0.027777777777777776
12,-3.460461572088891,4,1055869839,283,3.9585820923430894,4,0.027777777777777776
12,-3.460461572088891,4,1055869839,284,3.971196189888515,4,0.027777777777777776
12,-3.460461572088891,4,1055869839,285,3.9904369291041735,4,0.027777777777777776
12,-3.460461572088891,4,1055869839,286,3.9920381142291683,4,0.027777777777777776
12,-3.460461572088891,4,1055869839,287,4.033863288355473,4,0.027777777777777776
12,-3.460461572088891,5,3061919473,0,-4.03797970254461,4,0.027777777777777776
12,-3.460461572088891,5,3061919473,1,-3.9926380698380184,4,0.027777777777777776
12,-3.460461572088891,5,3061919473,2,-3.980480264653545,4,0.027777777777777776
12,-3.460461572088891,5,3061919473,3,-3.974663794406755,4,0.027777777777777776
12,-3.460461572088891,5,3061919473,4,-3.962266582627959,4,0.027777777777777776
12,-3.460461572088891,5,3061919473,5,-3.9384170470822815,4,0.027777777777777776
12,-3.460461572088891,5,3061919473,6,-3.9213285212561866,4,0.027777777777777776
12,-3.460461572088891,5,3061919473,7,-3.9072816703891338,4,0.027777777777777776
12,-3.460461572088891,5,3061919473,8,-3.89616628045139,4,0.027777777777777776
12,-3.460461572088891,5,3061919473,9,-3.803457341424794,4,0.027777777777777776
12,-3.460461572088891,5,3061919473,10,-3.7974967136703555,4,0.027777777777777776
12,-3.460461572088891,5,3061919473,11,-3.788839376961805,4,0.027777777777777776
12,-3.460461572088891,5,3061919473,12,-3.769988004612659,4,0.027777777777777776
12,-3.460461572088891,5,3061919473,13,-3.7655465666865733,4,0.027777777777777776
12,-3.460461572088891,5,3061919473,14,-3.745960386543995,4,0.027777777777777776
12,-3.460461572088891,5,3061919473,15,-3.736566700357967,4,0.027777777777777776
12,-3.460461572088891,5,3061919473,16,-3.733288049852909,4,0.027777777777777776
12,-3.460461572088891,5,3061919473,17,-3.723085242235914,4,0.027777777777777776
12,-3.460461572088891,5,3061919473,18,-3.700868296243005,4,0.027777777777777776
12,-3.460461572088891,5,3061919473,19,-3.668543281730609,4,0.027777777777777776
12,-3.460461572088891,5,3061919473,20,-3.651208322750649,4,0.027777777777777776
12,-3.460461572088891,5,3061919473,21,-3.5999222250985747,4,0.027777777777777776
12,-3.460461572088891,5,3061919473,22,-3.5826873021187273,4,0.027777777777777776
12,-3.460461572088891,5,3061919473,23,-3.5537560207375805,4,0.027777777777777776
12,-3.460461572088891,5,3061919473,24,-3.5072609281420375,4,0.027777777777777776
12,-3.460461572088891,5,3061919473,25,-3.4820536478730544,4,0.027777777777777776
12,-3.460461572088891,5,3061919473,26,-3.438387712238347,4,0.027777777777777776
12,-3.460461572088891,5,3061919473,27,-3.4259381322166345,4,0.027777777777777776
12,-3.460461572088891,5,3061919473,28,-3.4087614335669825,4,0.027777777777777776
12,-3.460461572088891,5,3061919473,29,-3.3891088220699284,4,0.027777777777777776
12,-3.460461572088891,5,3061919473,30,-3.388595910381,4,0.027777777777777776
12,-3.460461572088891,5,3061919473,31,-3.370905078633251,4,0.027777777777777776
12,-3.460461572088891,5,3061919473,32,-3.370279620783619,4,0.027777777777777776
12,-3.460461572088891,5,3061919473,33,-3.3511278980812245,4,0.027777777777777776
12,-3.460461572088891,5,3061919473,34,-3.3386143709366385,4,0.027777777777777776
12,-3.460461572088891,5,3061919473,35,-3.3187039094560804,4,0.027777777777777776
12,-3.460461572088891,5,3061919473,36,-3.2977641509187707,4,0.027777777777777776
12,-3.460461572088891,5,3061919473,37,-3.2834980389609085,4,0.027777777777777776
12,-3.460461572088891,5,3061919473,38,-3.2790903020418427,4,0.027777777777777776
12,-3.460461572088891,5,3061919473,39,-3.2586989937250705,4,0.027777777777777776
12,-3.460461572088891,5,3061919473,40,-3.255446184153876,4,0.027777777777777776
12,-3.460461572088891,5,3061919473,41,-3.2127557799359048,4,0.027777777777777776
12,-3.460461572088891,5,3061919473,42,-3.1818295078927212,4,0.027777777777777776
12,-3.460461572088891,5,3061919473,43,-3.156288484620876,4,0.027777777777777776
12,-3.460461572088891,5,3061919473,44,-3.1179150416670858,4,0.027777777777777776
12,-3.460461572088891,5,3061919473,45,-3.080713809188561,4,0.027777777777777776
12,-3.460461572088891,5,3061919473,46,-3.03568584469906,4,0.027777777777777776
12,-3.460461572088891,5,3061919473,47,-2.998775859339877,4,0.027777777777777776
12,-3.460461572088891,5,3061919473,48,-2.9570639726633523,4,0.027777777777777776
12,-3.460461572088891,5,3061919473,49,-2.9306037382027252,4,0.027777777777777776
12,-3.460461572088891,5,3061919473,50,-2.8972076555196153,4,0.027777777777777776
12,-3.460461572088891,5,3061919473,51,-2.8841760472943623,4,0.027777777777777776
12,-3.460461572088891,5,3061919473,52,-2.878606530985355,4,0.027777777777777776
12,-3.460461572088891,5,3061919473,53,-2.8567502981715727,4,0.027777777777777776
12,-3.460461572088891,5,3061919473,54,-2.855882351773478,4,0.027777777777777776
12,-3.460461572088891,5,3061919473,55,-2.84780194189361,4,0.027777777777777776
12,-3.460461572088891,5,3061919473,56,-2.8475771135976,4,0.027777777777777776
12,-3.460461572088891,5,3061919473,57,-2.8265237250489115,4,0.027777777777777776
12,-3.460461572088891,5,3061919473,58,-2.8235124992238667,4,0.027777777777777776
12,-3.460461572088891,5,3061919473,59,-2.804843092817639,4,0.027777777777777776
12,-3.460461572088891,5,3061919473,60,-2.803099787835353,4,0.027777777777777776
12,-3.460461572088891,5,3061919473,61,-2.7851713576777306,4,0.027777777777777776
12,-3.460461572088891,5,3061919473,62,-2.7799935284759796,4,0.027777777777777776
12,-3.460461572088891,5,3061919473,63,-2.7677711398456024,4,0.027777777777777776
12,-3.460461572088891,5,3061919473,64,-2.7650476332993414,4,0.027777777777777776
12,-3.460461572088891,5,3061919473,65,-2.7221094761065263,4,0.027777777777777776
12,-3.460461572088891,5,3061919473,66,-2.698979298577462,4,0.027777777777777776
12,-3.460461572088891,5,3061919473,67,-2.6721352499990374,4,0.027777777777777776
12,-3.460461572088891,5,3061919473,68,-2.6498723553966723,4,0.027777777777777776
12,-3.460461572088891,5,3061919473,69,-2.6120974749726775,4,0.027777777777777776
12,-3.460461572088891,5,3061919473,70,-2.596534840113132,4,0.027777777777777776
12,-3.460461572088891,5,3061919473,71,-2.5708918819266264,4,0.027777777777777776
12,-3.460461572088891,5,3061919473,72,-2.5461806941982292,4,0.027777777777777776
12,-3.460461572088891,5,3061919473,73,-2.494187734646226,4,0.027777777777777776
12,-3.460461572088891,5,3061919473,74,-2.485926452895825,4,0.027777777777777776
12,-3.460461572088891,5,3061919473,75,-2.4750981184468115,4,0.027777777777777776
12,-3.460461572088891,5,3061919473,76,-2.464877247983315,4,0.027777777777777776
12,-3.460461572088891,5,3061919473,77,-2.415825372664359,4,0.027777777777777776
12,-3.460461572088891,5,3061919473,78,-2.3714973679285762,4,0.027777777777777776
12,-3.460461572088891,5,3061919473,79,-2.359222504116179,4,0.027777777777777776
12,-3.460461572088891,5,3061919473,80,-2.34157706612472,4,0.027777777777777776
12,-3.460461572088891,5,3061919473,81,-2.308955155784139,4,0.027777777777777776
12,-3.460461572088891,5,3061919473,82,-2.3087724409500834,4,0.027777777777777776
12,-3.460461572088891,5,3061919473,83,-2.308420743424338,4,0.027777777777777776
12,-3.460461572088891,5,3061919473,84,-2.308335945418064,4,0.027777777777777776
12,-3.460461572088891,5,3061919473,85,-2.30121273865151,4,0.027777777777777776
12,-3.460461572088891,5,3061919473,86,-2.299855512094996,4,0.027777777777777776
12,-3.460461572088891,5,3061919473,87,-2.2952760540250936,4,0.027777777777777776
12,-3.460461572088891,5,3061919473,88,-2.2884687232610217,4,0.027777777777777776
12,-3.460461572088891,5,3061919473,89,-2.2773415657168616,4,0.027777777777777776
12,-3.460461572088891,5,3061919473,90,-2.2712839010453187,4,0.027777777777777776
12,-3.460461572088891,5,3061919473,91,-2.262343157594049,4,0.027777777777777776
12,-3.460461572088891,5,3061919473,92,-2.260270117029687,4,0.027777777777777776
12,-3.460461572088891,5,3061919473,93,-2.224781006409218,4,0.027777777777777776
12,-3.460461572088891,5,3061919473,94,-2.2164497974879316,4,0.027777777777777776
12,-3.460461572088891,5,3061919473,95,-2.187857505992099,4,0.027777777777777776
12,-3.460461572088891,5,3061919473,96,-2.1787384293473115,4,0.027777777777777776
12,-3.460461572088891,5,3061919473,97,-2.1569531670255584,4,0.027777777777777776
12,-3.460461572088891,5,3061919473,98,-2.1513579096065114,4,0.027777777777777776
12,-3.460461572088891,5,3061919473,99,-2.1294512138927377,4,0.027777777777777776
12,-3.460461572088891,5,3061919473,100,-2.120652458961062,4,0.027777777777777776
12,-3.460461572088891,5,3061919473,101,-2.094588684808083,4,0.027777777777777776
12,-3.460461572088891,5,3061919473,102,-2.080508400834253,4,0.027777777777777776
12,-3.460461572088891,5,3061919473,103,-2.0770899025656067,4,0.027777777777777776
12,-3.460461572088891,5,3061919473,104,-2.0722660245248052,4,0.027777777777777776
12,-3.460461572088891,5,3061919473,105,-2.056737245522654,4,0.027777777777777776
12,-3.460461572088891,5,3061919473,106,-2.055502014525861,4,0.027777777777777776
12,-3.460461572088891,5,3061919473,107,-2.053977443217459,4,0.027777777777777776
12,-3.460461572088891,5,3061919473,108,-2.0537267298730586,4,0.027777777777777776
12,-3.460461572088891,5,3061919473,109,-2.0515259260397927,4,0.027777777777777776
12,-3.460461572088891,5,3061919473,110,-2.0510639263153516,4,0.027777777777777776
12,-3.460461572088891,5,3061919473,111,-2.0422446145783484,4,0.027777777777777776
12,-3.460461572088891,5,3061919473,112,-2.039580262404357,4,0.027777777777777776
12,-3.460461572088891,5,3061919473,113,-2.029949183977253,4,0.027777777777777776
12,-3.460461572088891,5,3061919473,114,-2.0289630782113286,4,0.027777777777777776
12,-3.460461572088891,5,3061919473,115,-1.9106874955425166,4,0.027777777777777776
12,-3.460461572088891,5,3061919473,116,-1.897409556486327,4,0.027777777777777776
12,-3.460461572088891,5,3061919473,117,-1.8686545361450047,4,0.027777777777777776
12,-3.460461572088891,5,3061919473,118,-1.867278431480466,4,0.027777777777777776
12,-3.460461572088891,5,3061919473,119,-1.8056093320985793,4,0.027777777777777776
12,-3.460461572088891,5,3061919473,120,-1.773072300788554,4,0.027777777777777776
12,-3.460461572088891,5,3061919473,121,-1.7412979642092132,4,0.027777777777777776
12,-3.460461572088891,5,3061919473,122,-1.728950273343572,4,0.027777777777777776
12,-3.460461572088891,5,3061919473,123,-1.6755137618743743,4,0.027777777777777776
12,-3.460461572088891,5,3061919473,124,-1.6720328275895748,4,0.027777777777777776
12,-3.460461572088891,5,3061919473,125,-1.654680783552565,4,0.027777777777777776
12,-3.460461572088891,5,3061919473,126,-1.6535368259317142,4,0.027777777777777776
12,-3.460461572088891,5,3061919473,127,-1.5264394944767214,4,0.027777777777777776
12,-3.460461572088891,5,3061919473,128,-1.5233604118161148,4,0.027777777777777776
12,-3.460461572088891,5,3061919473,129,-1.4518104063400008,4,0.027777777777777776
12,-3.460461572088891,5,3061919473,130,-1.4493988797555373,4,0.027777777777777776
12,-3.460461572088891,5,3061919473,131,-1.2807404580188813,4,0.027777777777777776
12,-3.460461572088891,5,3061919473,132,-1.2752706567320606,4,0.027777777777777776
12,-3.460461572088891,5,3061919473,133,-1.1786206404194761,4,0.027777777777777776
12,-3.460461572088891,5,3061919473,134,-1.173138637105807,4,0.027777777777777776
12,-3.460461572088891,5,3061919473,135,-1.0010473409408147,4,0.027777777777777776
12,-3.460461572088891,5,3061919473,136,-0.9983997968107338,4,0.027777777777777776
12,-3.460461572088891,5,3061919473,137,-0.8526338032198043,4,0.027777777777777776
12,-3.460461572088891,5,3061919473,138,-0.8519703532619803,4,0.027777777777777776
12,-3.460461572088891,5,3061919473,139,-0.6642842466867807,4,0.027777777777777776
12,-3.460461572088891,5,3061919473,140,-0.6357555240288413,4,0.027777777777777776
12,-3.460461572088891,5,3061919473,141,-0.2714564503110646,4,0.027777777777777776
12,-3.460461572088891,5,3061919473,142,-0.23393328461429164,4,0.027777777777777776
12,-3.460461572088891,5,3061919473,143,-0.005125934551807987,4,0.027777777777777776
12,-3.460461572088891,5,3061919473,144,0.005125934551809763,4,0.027777777777777776
12,-3.460461572088891,5,3061919473,145,0.23393328461429164,4,0.027777777777777776
12,-3.460461572088891,5,3061919473,146,0.2714564503110646,4,0.027777777777777776
12,-3.460461572088891,5,3061919473,147,0.6357555240288404,4,0.027777777777777776
12,-3.460461572088891,5,3061919473,148,0.6642842466867784,4,0.027777777777777776
12,-3.460461572088891,5,3061919473,149,0.8519703532619815,4,0.027777777777777776
12,-3.460461572088891,5,3061919473,150,0.8526338032198043,4,0.027777777777777776
12,-3.460461572088891,5,3061919473,151,0.9983997968107353,4,0.027777777777777776
12,-3.460461572088891,5,3061919473,152,1.0010473409408158,4,0.027777777777777776
12,-3.460461572088891,5,3061919473,153,1.173138637105808,4,0.027777777777777776
12,-3.460461572088891,5,3061919473,154,1.1786206404194761,4,0.027777777777777776
12,-3.460461572088891,5,3061919473,155,1.2752706567320602,4,0.027777777777777776
12,-3.460461572088891,5,3061919473,156,1.2807404580188808,4,0.027777777777777776
12,-3.460461572088891,5,3061919473,157,1.4493988797555377,4,0.027777777777777776
12,-3.460461572088891,5,3061919473,158,1.451810406340002,4,0.027777777777777776
12,-3.460461572088891,5,3061919473,159,1.5233604118161153,4,0.027777777777777776
12,-3.460461572088891,5,3061919473,160,1.5264394944767217,4,0.027777777777777776
12,-3.460461572088891,5,3061919473,161,1.653536825931717,4,0.027777777777777776
12,-3.460461572088891,5,3061919473,162,1.6546807835525674,4,0.027777777777777776
12,-3.460461572088891,5,3061919473,163,1.6720328275895757,4,0.027777777777777776
12,-3.460461572088891,5,3061919473,164,1.675513761874376,4,0.027777777777777776
12,-3.460461572088891,5,3061919473,165,1.7289502733435747,4,0.027777777777777776
12,-3.460461572088891,5,3061919473,166,1.7412979642092132,4,0.027777777777777776
12,-3.460461572088891,5,3061919473,167,1.773072300788555,4,0.027777777777777776
12,-3.460461572088891,5,3061919473,168,1.8056093320985807,4,0.027777777777777776
12,-3.460461572088891,5,3061919473,169,1.867278431480466,4,0.027777777777777776
12,-3.460461572088891,5,3061919473,170,1.868654536145005,4,0.027777777777777776
12,-3.460461572088891,5,3061919473,171,1.8974095564863265,4,0.027777777777777776
12,-3.460461572088891,5,3061919473,172,1.9106874955425175,4,0.027777777777777776
12,-3.460461572088891,5,3061919473,173,2.028963078211328,4,0.027777777777777776
12,-3.460461572088891,5,3061919473,174,2.0299491839772523,4,0.027777777777777776
12,-3.460461572088891,5,3061919473,175,2.039580262404357,4,0.027777777777777776
12,-3.460461572088891,5,3061919473,176,2.0422446145783484,4,0.027777777777777776
12,-3.460461572088891,5,3061919473,177,2.0510639263153556,4,0.027777777777777776
12,-3.460461572088891,5,3061919473,178,2.051525926039793,4,0.027777777777777776
12,-3.460461572088891,5,3061919473,179,2.053726729873062,4,0.027777777777777776
12,-3.460461572088891,5,3061919473,180,2.0539774432174647,4,0.027777777777777776
12,-3.460461572088891,5,3061919473,181,2.0555020145258673,4,0.027777777777777776
12,-3.460461572088891,5,3061919473,182,2.056737245522655,4,0.027777777777777776
12,-3.460461572088891,5,3061919473,183,2.0722660245248044,4,0.027777777777777776
12,-3.460461572088891,5,3061919473,184,2.0770899025656044,4,0.027777777777777776
12,-3.460461572088891,5,3061919473,185,2.080508400834252,4,0.027777777777777776
12,-3.460461572088891,5,3061919473,186,2.094588684808084,4,0.027777777777777776
12,-3.460461572088891,5,3061919473,187,2.1206524589610605,4,0.027777777777777776
12,-3.460461572088891,5,3061919473,188,2.1294512138927377,4,0.027777777777777776
12,-3.460461572088891,5,3061919473,189,2.1513579096065083,4,0.027777777777777776
12,-3.460461572088891,5,3061919473,190,2.1569531670255584,4,0.027777777777777776
12,-3.460461572088891,5,3061919473,191,2.1787384293473107,4,0.027777777777777776
12,-3.460461572088891,5,3061919473,192,2.187857505992101,4,0.027777777777777776
12,-3.460461572088891,5,3061919473,193,2.2164497974879325,4,0.027777777777777776
12,-3.460461572088891,5,3061919473,194,2.224781006409218,4,0.027777777777777776
12,-3.460461572088891,5,3061919473,195,2.260270117029685,4,0.027777777777777776
12,-3.460461572088891,5,3061919473,196,2.2623431575940494,4,0.027777777777777776
12,-3.460461572088891,5,3061919473,197,2.271283901045315,4,0.027777777777777776
12,-3.460461572088891,5,3061919473,198,2.2773415657168616,4,0.027777777777777776
12,-3.460461572088891,5,3061919473,199,2.288468723261019,4,0.027777777777777776
12,-3.460461572088891,5,3061919473,200,2.295276054025093,4,0.027777777777777776
12,-3.460461572088891,5,3061919473,201,2.2998555120949993,4,0.027777777777777776
12,-3.460461572088891,5,3061919473,202,2.3012127386515093,4,0.027777777777777776
12,-3.460461572088891,5,3061919473,203,2.3083359454180683,4,0.027777777777777776
12,-3.460461572088891,5,3061919473,204,2.3084207434243393,4,0.027777777777777776
12,-3.460461572088891,5,3061919473,205,2.3087724409500794,4,0.027777777777777776
12,-3.460461572088891,5,3061919473,206,2.3089551557841363,4,0.027777777777777776
12,-3.460461572088891,5,3061919473,207,2.34157706612472,4,0.027777777777777776
12,-3.460461572088891,5,3061919473,208,2.3592225041161794,4,0.027777777777777776
12,-3.460461572088891,5,3061919473,209,2.3714973679285785,4,0.027777777777777776
12,-3.460461572088891,5,3061919473,210,2.4158253726643597,4,0.027777777777777776
12,-3.460461572088891,5,3061919473,211,2.4648772479833143,4,0.027777777777777776
12,-3.460461572088891,5,3061919473,212,2.4750981184468106,4,0.027777777777777776
12,-3.460461572088891,5,3061919473,213,2.4859264528958254,4,0.027777777777777776
12,-3.460461572088891,5,3061919473,214,2.494187734646225,4,0.027777777777777776
12,-3.460461572088891,5,3061919473,215,2.5461806941982292,4,0.027777777777777776
12,-3.460461572088891,5,3061919473,216,2.5708918819266273,4,0.027777777777777776
12,-3.460461572088891,5,3061919473,217,2.5965348401131325,4,0.027777777777777776
12,-3.460461572088891,5,3061919473,218,2.6120974749726793,4,0.027777777777777776
12,-3.460461572088891,5,3061919473,219,2.6498723553966714,4,0.027777777777777776
12,-3.460461572088891,5,3061919473,220,2.672135249999038,4,0.027777777777777776
12,-3.460461572088891,5,3061919473,221,2.698979298577461,4,0.027777777777777776
12,-3.460461572088891,5,3061919473,222,2.722109476106527,4,0.027777777777777776
12,-3.460461572088891,5,3061919473,223,2.7650476332993383,4,0.027777777777777776
12,-3.460461572088891,5,3061919473,224,2.767771139845598,4,0.027777777777777776
12,-3.460461572088891,5,3061919473,225,2.7799935284759747,4,0.027777777777777776
12,-3.460461572088891,5,3061919473,226,2.7851713576777306,4,0.027777777777777776
12,-3.460461572088891,5,3061919473,227,2.8030997878353503,4,0.027777777777777776
12,-3.460461572088891,5,3061919473,228,2.8048430928176367,4,0.027777777777777776
12,-3.460461572088891,5,3061919473,229,2.823512499223865,4,0.027777777777777776
12,-3.460461572088891,5,3061919473,230,2.8265237250489115,4,0.027777777777777776
12,-3.460461572088891,5,3061919473,231,2.847577113597602,4,0.027777777777777776
12,-3.460461572088891,5,3061919473,232,2.8478019418936062,4,0.027777777777777776
12,-3.460461572088891,5,3061919473,233,2.8558823517734715,4,0.027777777777777776
12,-3.460461572088891,5,3061919473,234,2.8567502981715727,4,0.027777777777777776
12,-3.460461572088891,5,3061919473,235,2.8786065309853557,4,0.027777777777777776
12,-3.460461572088891,5,3061919473,236,2.8841760472943605,4,0.027777777777777776
12,-3.460461572088891,5,3061919473,237,2.897207655519617,4,0.027777777777777776
12,-3.460461572088891,5,3061919473,238,2.9306037382027244,4,0.027777777777777776
12,-3.460461572088891,5,3061919473,239,2.9570639726633523,4,0.027777777777777776
12,-3.460461572088891,5,3061919473,240,2.9987758593398763,4,0.027777777777777776
12,-3.460461572088891,5,3061919473,241,3.035685844699062,4,0.027777777777777776
12,-3.460461572088891,5,3061919473,242,3.080713809188558,4,0.027777777777777776
12,-3.460461572088891,5,3061919473,243,3.1179150416670867,4,0.027777777777777776
12,-3.460461572088891,5,3061919473,244,3.156288484620873,4,0.027777777777777776
12,-3.460461572088891,5,3061919473,245,3.181829507892718,4,0.027777777777777776
12,-3.460461572088891,5,3061919473,246,3.212755779935904,4,0.027777777777777776
12,-3.460461572088891,5,3061919473,247,3.255446184153877,4,0.027777777777777776
12,-3.460461572088891,5,3061919473,248,3.258698993725072,4,0.027777777777777776
12,-3.460461572088891,5,3061919473,249,3.279090302041844,4,0.027777777777777776
12,-3.460461572088891,5,3061919473,250,3.28349803896091,4,0.027777777777777776
12,-3.460461572088891,5,3061919473,251,3.297764150918769,4,0.027777777777777776
12,-3.460461572088891,5,3061919473,252,3.3187039094560777,4,0.027777777777777776
12,-3.460461572088891,5,3061919473,253,3.3386143709366376,4,0.027777777777777776
12,-3.460461572088891,5,3061919473,254,3.351127898081223,4,0.027777777777777776
12,-3.460461572088891,5,3061919473,255,3.370279620783621,4,0.027777777777777776
12,-3.460461572088891,5,3061919473,256,3.370905078633252,4,0.027777777777777776
12,-3.460461572088891,5,3061919473,257,3.3885959103810013,4,0.027777777777777776
12,-3.460461572088891,5,3061919473,258,3.3891088220699306,4,0.027777777777777776
12,-3.460461572088891,5,3061919473,259,3.4087614335669834,4,0.027777777777777776
12,-3.460461572088891,5,3061919473,260,3.4259381322166345,4,0.027777777777777776
12,-3.460461572088891,5,3061919473,261,3.4383877122383466,4,0.027777777777777776
12,-3.460461572088891,5,3061919473,262,3.4820536478730557,4,0.027777777777777776
12,-3.460461572088891,5,3061919473,263,3.5072609281420384,4,0.027777777777777776
12,-3.460461572088891,5,3061919473,264,3.5537560207375813,4,0.027777777777777776
12,-3.460461572088891,5,3061919473,265,3.5826873021187295,4,0.027777777777777776
12,-3.460461572088891,5,3061919473,266,3.5999222250985756,4,0.027777777777777776
12,-3.460461572088891,5,3061919473,267,3.651208322750653,4,0.027777777777777776
12,-3.460461572088891,5,3061919473,268,3.6685432817306105,4,0.027777777777777776
12,-3.460461572088891,5,3061919473,269,3.700868296243007,4,0.027777777777777776
12,-3.460461572088891,5,3061919473,270,3.7230852422359133,4,0.027777777777777776
12,-3.460461572088891,5,3061919473,271,3.7332880498529066,4,0.027777777777777776
12,-3.460461572088891,5,3061919473,272,3.7365667003579675,4,0.027777777777777776
12,-3.460461572088891,5,3061919473,273,3.745960386543996,4,0.027777777777777776
12,-3.460461572088891,5,3061919473,274,3.7655465666865737,4,0.027777777777777776
12,-3.460461572088891,5,3061919473,275,3.7699880046126597,4,0.027777777777777776
12,-3.460461572088891,5,3061919473,276,3.7888393769618065,4,0.027777777777777776
12,-3.460461572088891,5,3061919473,277,3.797496713670358,4,0.027777777777777776
12,-3.460461572088891,5,3061919473,278,3.803457341424793,4,0.027777777777777776
12,-3.460461572088891,5,3061919473,279,3.8961662804513892,4,0.027777777777777776
12,-3.460461572088891,5,3061919473,280,3.9072816703891364,4,0.027777777777777776
12,-3.460461572088891,5,3061919473,281,3.92132852125619,4,0.027777777777777776
12,-3.460461572088891,5,3061919473,282,3.938417047082281,4,0.027777777777777776
12,-3.460461572088891,5,3061919473,283,3.9622665826279606,4,0.027777777777777776
12,-3.460461572088891,5,3061919473,284,3.9746637944067515,4,0.027777777777777776
12,-3.460461572088891,5,3061919473,285,3.980480264653544,4,0.027777777777777776
12,-3.460461572088891,5,3061919473,286,3.992638069838018,4,0.027777777777777776
12,-3.460461572088891,5,3061919473,287,4.037979702544611,4,0.027777777777777776
