boundary,L,h,h_index,sample,seed,Bott,Bott_round,absB_is_1,gap,near_zero_E,Wimp,fmask,Wimp_over_fmask,IPR,L2IPR,runtime_sec
left_impurity_boundary,16,-3.49,0,0,36260710,4.104903385763851e-15,0,0,0.032861413460127054,-0.01643070673006264,0.8081333323425579,0.2578125,3.13457777393477,0.025379355489730537,6.497115005371017,1.1845519542694092
left_impurity_boundary,16,-3.49,0,1,36260711,5.347859737842736e-15,0,0,0.00589943907784285,-0.0029497195389192044,0.7922628009206709,0.24609375,3.2193536037411388,0.030104765852151945,7.706820058150898,1.1745798587799072
left_impurity_boundary,16,-3.49,0,2,36260712,-2.637209923380166e-15,0,0,0.022300763898059017,-0.01115038194902862,0.7883574865157953,0.2578125,3.0578714628491452,0.030183903026351485,7.72707917474598,1.1731235980987549
left_impurity_boundary,16,-3.49,0,3,36260713,-2.959682828584106e-16,0,0,0.06094560395894444,0.030472801979471775,0.7381750331763709,0.23046875,3.202928957511033,0.03411852638958889,8.734342755734756,1.1763551235198975
left_impurity_boundary,16,-3.49,0,4,36260714,-1.602425292640126e-15,0,0,0.011579372139477684,-0.005789686069736177,0.7880455912488195,0.26171875,3.0110398710402655,0.03203641868868594,8.2013231843036,1.1661367416381836
left_impurity_boundary,16,-3.49,0,5,36260715,1.408610241738443e-15,0,0,0.03685766458356188,-0.01842883229177872,0.8444317585716071,0.25,3.3777270342864285,0.03622480161504763,9.273549213452194,1.167250156402588
left_impurity_boundary,16,-3.49,0,6,36260716,-1.17724697584726e-15,0,0,0.026762181461386092,-0.01338109073069127,0.7485330291993212,0.25,2.9941321167972847,0.0394504314342919,10.099310447178727,1.1675405502319336
left_impurity_boundary,16,-3.49,0,7,36260717,-6.142998408208616e-17,0,0,0.020076384906243305,-0.010038192453118988,0.8190413178259688,0.2734375,2.9953511051921144,0.0374289692363552,9.58181612450693,1.160027265548706
left_impurity_boundary,16,-3.49,0,8,36260718,-1.2015428796639952e-15,0,0,0.023815819619000145,-0.011907909809499628,0.7436671437666534,0.23046875,3.226759132275649,0.03908261186761393,10.005148638109166,1.1641852855682373
left_impurity_boundary,16,-3.49,0,9,36260719,4.5897171028341584e-15,0,0,0.07882026296195521,-0.03941013148097561,0.7437911383088874,0.2265625,3.28294019667371,0.045321438092858574,11.602288151771795,1.1666779518127441
left_impurity_boundary,16,-3.49,0,10,36260720,4.715614058975422e-16,0,0,0.036652716139712105,-0.01832635806985472,0.8081931990538452,0.234375,3.44829098262974,0.03407720045475783,8.723763316418005,1.1617319583892822
left_impurity_boundary,16,-3.49,0,11,36260721,-1.4831544920852442e-15,0,0,0.03138064929922013,-0.015690324649608733,0.7566013865405254,0.26171875,2.8908948500652913,0.04094873806719331,10.482876945201488,1.1640992164611816
left_impurity_boundary,16,-3.49,0,12,36260722,-2.6648189049900923e-15,0,0,0.0453394080305749,-0.022669704015286563,0.7569042342681804,0.25,3.0276169370727217,0.03954628224678974,10.123848255178174,1.1561212539672852
left_impurity_boundary,16,-3.49,0,13,36260723,2.1684094156436164e-15,0,0,0.038940724558958806,-0.019470362279478515,0.7598019763793858,0.25,3.0392079055175434,0.027926380486077998,7.1491534044359675,1.168426752090454
left_impurity_boundary,16,-3.49,0,14,36260724,2.8624992133171652e-15,0,0,0.03629139517939528,-0.018145697589696752,0.7827361109018689,0.265625,2.94677124104233,0.034832033292225645,8.917000522809765,1.166733741760254
left_impurity_boundary,16,-3.49,0,15,36260725,6.732174075764444e-15,0,0,0.027790329683455184,-0.013895164841727592,0.7555678619233794,0.21484375,3.5168249573160932,0.04364457194448999,11.173010417789438,1.1775023937225342
left_impurity_boundary,16,-3.49,0,16,36260726,-3.368295756411016e-16,0,0,0.01648753967357397,-0.008243769836785653,0.8067594180146037,0.26171875,3.0825434479363962,0.027660596631101538,7.081112737561994,1.1668314933776855
left_impurity_boundary,16,-3.49,0,17,36260727,1.22970404090612e-15,0,0,0.019977067571320006,-0.009988533785657339,0.8408204433258238,0.2734375,3.075000478448727,0.030913670037030366,7.913899529479774,1.1733877658843994
left_impurity_boundary,16,-3.49,0,18,36260728,1.6874609559986991e-15,0,0,0.025149902183233763,-0.012574951091616882,0.7677302871878638,0.234375,3.275649225334886,0.03814076954268614,9.764037002927651,1.1733505725860596
left_impurity_boundary,16,-3.49,0,19,36260729,1.9436723053388158e-16,0,0,0.02533815557041752,-0.012669077785205651,0.8159223078703502,0.28125,2.901057094650134,0.03309913643995721,8.473378928629046,1.16959810256958
left_impurity_boundary,16,-3.49,0,20,36260730,1.033680271475643e-15,0,0,0.020604964316864205,0.010302482158431658,0.7412183052027769,0.24609375,3.011934700506522,0.04425950533722057,11.330433366328466,1.161123514175415
left_impurity_boundary,16,-3.49,0,21,36260731,3.127545436772458e-15,0,0,0.023188190682984278,-0.011594095341490807,0.8062494066067404,0.2578125,3.1272704256261443,0.03600640708853816,9.217640214665769,1.1707065105438232
left_impurity_boundary,16,-3.49,0,22,36260732,-2.4958519375373433e-16,0,0,0.024025799281499616,-0.012012899640748032,0.7843397348369381,0.2734375,2.868442458832231,0.028633163633964773,7.330089890294982,1.1748719215393066
left_impurity_boundary,16,-3.49,0,23,36260733,1.229013816365872e-15,0,0,0.020998395105826795,-0.010499197552912065,0.809263581841619,0.27734375,2.9179081260768234,0.03484571242808801,8.92050238159053,1.1817114353179932
left_impurity_boundary,16,-3.49,0,24,36260734,-4.553273247109055e-15,0,0,0.022554117083323,-0.011277058541660168,0.8120077431118176,0.25390625,3.1980612651788505,0.03165026697054743,8.102468344460142,1.1769912242889404
left_impurity_boundary,16,-3.49,0,25,36260735,1.1452205571797455e-15,0,0,0.02630474520785331,-0.013152372603925322,0.8025005592127861,0.28125,2.8533353216454618,0.035033182078005945,8.968494611969522,1.1737675666809082
left_impurity_boundary,16,-3.49,0,26,36260736,3.810039462169838e-15,0,0,0.026945009580906287,-0.013472504790451367,0.7456639678539407,0.25390625,2.9367688580093665,0.040911280190847,10.473287728856832,1.1741886138916016
left_impurity_boundary,16,-3.49,0,27,36260737,0.9999999999999997,1,1,0.0020710457101897196,-0.0010355228550929354,0.7454127023056395,0.2421875,3.0778330933910274,0.0360035888053074,9.216918734158694,1.1776063442230225
left_impurity_boundary,16,-3.49,0,28,36260738,3.167302370290752e-15,0,0,0.039865309043341846,0.01993265452167048,0.8196804109580341,0.25,3.2787216438321365,0.02610278339473796,6.682312549052917,1.1762549877166748
left_impurity_boundary,16,-3.49,0,29,36260739,-4.97513848610873e-15,0,0,0.03669359741516409,-0.01834679870757938,0.745274088359658,0.25,2.981096353438632,0.03865596920217546,9.895928115756918,1.2091071605682373
left_impurity_boundary,16,-3.49,0,30,36260740,3.976107486553545e-15,0,0,0.02547621341734896,-0.01273810670867448,0.7531288952246115,0.25390625,2.966169187346162,0.03774392723671495,9.662445372599027,1.1779770851135254
left_impurity_boundary,16,-3.49,0,31,36260741,3.1949113519006785e-15,0,0,0.04846950666847594,-0.024234753334237524,0.7377264767311633,0.23046875,3.200982678697929,0.03272625365920716,8.377920936757032,1.176832675933838
left_impurity_boundary,16,-3.49,0,32,36260742,1.5289854015577219e-15,0,0,0.02792705139022722,-0.013963525695112722,0.7906550264170502,0.2734375,2.891538382325212,0.02725424501931166,6.977086724943785,1.1842663288116455
left_impurity_boundary,16,-3.49,0,33,36260743,4.4461503984625415e-15,0,0,0.034670718450181326,-0.017335359225088887,0.7677362887371606,0.25390625,3.0236998448725094,0.052272502198767466,13.381760562884471,1.1698808670043945
left_impurity_boundary,16,-3.49,0,34,36260744,-1.9403592275456245e-15,0,0,0.020190223446340916,-0.010095111723169126,0.7866987305761556,0.2578125,3.0514375004166037,0.03153395845553679,8.072693364617418,1.1737167835235596
left_impurity_boundary,16,-3.49,0,35,36260745,-6.68137354960218e-17,0,0,0.022426388959202903,-0.01121319447960012,0.7677276023978038,0.26171875,2.933406958415489,0.033270853650691476,8.517338534577018,1.1715455055236816
left_impurity_boundary,16,-3.49,0,36,36260746,1.74709635627614e-15,0,0,0.024441187562237232,-0.01222059378111684,0.7773466325140024,0.28125,2.763899137827564,0.025469997736147998,6.5203194204538875,1.1687028408050537
left_impurity_boundary,16,-3.49,0,37,36260747,-5.422403988189538e-16,0,0,0.026347818393277933,-0.013173909196638967,0.7695928490745441,0.23046875,3.3392503281878523,0.031791412808367024,8.138601678941958,1.1668295860290527
left_impurity_boundary,16,-3.49,0,38,36260748,-2.678899485611155e-15,0,0,0.005656570795908422,-0.0028282853979524347,0.7969007398418285,0.25,3.187602959367314,0.025709174330441686,6.5815486285930715,1.1573030948638916
left_impurity_boundary,16,-3.49,0,39,36260749,-1.8111491936111694e-15,0,0,0.06326875118551989,0.03163437559275817,0.754492142785037,0.2421875,3.1153223960156367,0.038296400475734314,9.803878521787984,1.1640112400054932
left_impurity_boundary,16,-3.49,0,40,36260750,1.6035296519045231e-15,0,0,0.0442904896136076,0.022145244806803355,0.7966149075692598,0.26171875,3.043782333398963,0.03156076034338379,8.07955464790625,1.1677935123443604
left_impurity_boundary,16,-3.49,0,41,36260751,1.1170593959376205e-15,0,0,0.02632036071043764,-0.013160180355217044,0.7851405429339938,0.25390625,3.092245830632345,0.038070971399790966,9.746168678346487,1.1549961566925049
left_impurity_boundary,16,-3.49,0,42,36260752,9.055745968055847e-16,0,0,0.02387370536601896,-0.011936852683009036,0.8463874716080678,0.24609375,3.4392887735184976,0.0451615756222862,11.561363359305266,1.1661293506622314
left_impurity_boundary,16,-3.49,0,43,36260753,6.53118068964418e-15,0,0,0.002785683089977709,-0.00139284154498697,0.76673206883605,0.26953125,2.844687095971432,0.034946458242073354,8.946293309970779,1.1851649284362793
left_impurity_boundary,16,-3.49,0,44,36260754,-2.827711896488658e-15,0,0,0.03197006040521,-0.01598503020260278,0.718633599098338,0.26953125,2.6662348024518048,0.025090523670026663,6.423174059526826,1.171053409576416
left_impurity_boundary,16,-3.49,0,45,36260755,-1.856980103083647e-15,0,0,0.025813259097414942,-0.012906629548703918,0.7397348095753689,0.26171875,2.8264494216611107,0.034247589828047334,8.767382995980117,1.1702203750610352
left_impurity_boundary,16,-3.49,0,46,36260756,-5.941452842456153e-16,0,0,0.023298792246390754,-0.011649396123193156,0.7671843033380654,0.2734375,2.805702595064925,0.04023268469481139,10.299567281871715,1.1522247791290283
left_impurity_boundary,16,-3.49,0,47,36260757,4.8161107520355545e-15,0,0,0.0011015023849915402,-0.0005507511924943025,0.8368180697901727,0.23828125,3.511892227316135,0.04085851962537042,10.459781024094827,1.1478371620178223
left_impurity_boundary,16,-3.49,0,48,36260758,-4.717822777504216e-15,0,0,0.043884463492662285,-0.021942231746330698,0.7931355892400361,0.22265625,3.562152821849987,0.028270921434775095,7.237355887302424,1.1649608612060547
left_impurity_boundary,16,-3.49,0,49,36260759,-4.1523908341329246e-16,0,0,0.00693706335409594,-0.003468531677046194,0.7963940968793483,0.26171875,3.0429386388225845,0.039826665771388825,10.19562643747554,1.160320520401001
left_impurity_boundary,16,-3.485,1,0,36261710,2.6504622345529306e-17,0,0,0.007337150136941695,-0.003668575068468627,0.8149025733614604,0.2421875,3.364759012589256,0.027928360548121516,7.149660300319108,1.1618273258209229
left_impurity_boundary,16,-3.485,1,1,36261711,2.2749800846579323e-15,0,0,0.024573188594168904,-0.012286594297082232,0.7931847000847447,0.25390625,3.123927434179918,0.031585294216790516,8.085835319498372,1.1716256141662598
left_impurity_boundary,16,-3.485,1,2,36261712,-3.848692036423735e-15,0,0,0.023364086619872104,-0.011682043309935608,0.8161512887381592,0.2734375,2.9847818559566965,0.024953854069251977,6.388186641728506,1.1624152660369873
left_impurity_boundary,16,-3.485,1,3,36261713,-1.276639309642995e-15,0,0,0.03940893674073287,-0.019704468370365547,0.7770777300145817,0.23828125,3.2611786702251297,0.030277327193096504,7.750995761432705,1.1506190299987793
left_impurity_boundary,16,-3.485,1,4,36261714,-1.440084480773759e-15,0,0,0.039531649777816646,-0.01976582488890788,0.6830180292008851,0.21875,3.1223681334897604,0.04469084274619527,11.440855743025988,1.172490119934082
left_impurity_boundary,16,-3.485,1,5,36261715,2.6543274919783203e-15,0,0,0.004237012638401261,-0.00211850631919841,0.7781888779897581,0.25,3.1127555119590324,0.028848384215738033,7.385186359228936,1.1588473320007324
left_impurity_boundary,16,-3.485,1,6,36261716,7.076181986624126e-15,0,0,0.009672616254628785,-0.004836308127312172,0.7749424568996914,0.2265625,3.420435671833121,0.03666789838874232,9.386981987518034,1.1637518405914307
left_impurity_boundary,16,-3.485,1,7,36261717,-1.974042185109735e-15,0,0,0.03039416638183301,-0.01519708319091606,0.7548252914478519,0.25,3.0193011657914077,0.04212774193886751,10.784701936350082,1.1765391826629639
left_impurity_boundary,16,-3.485,1,8,36261718,3.381548067583781e-15,0,0,0.03283588123997738,-0.01641794061998869,0.6814543879973953,0.22265625,3.0605670759181263,0.04828198448695216,12.360188028659753,1.1795458793640137
left_impurity_boundary,16,-3.485,1,9,36261719,-2.106013117205183e-15,0,0,0.049399187212657125,-0.024699593606327674,0.808853677276222,0.25,3.235414709104888,0.024433211851700366,6.254902234035294,1.1566224098205566
left_impurity_boundary,16,-3.485,1,10,36261720,-1.5560422035354497e-15,0,0,0.05033269986376787,-0.025166349931883936,0.7786656971383186,0.23046875,3.378617262159484,0.033948074771111586,8.690707141404566,1.1558146476745605
left_impurity_boundary,16,-3.485,1,11,36261721,2.1645441582182266e-15,0,0,0.017756470222767717,-0.008878235111382082,0.7898121304409853,0.28125,2.8082209082346146,0.029383159632638812,7.522088865955536,1.1734869480133057
left_impurity_boundary,16,-3.485,1,12,36261722,-7.628913798454851e-15,0,0,0.01840693113950298,-0.009203465569750158,0.8556936588845349,0.24609375,3.4771043916577926,0.03915670092472366,10.024115436729257,1.1674559116363525
left_impurity_boundary,16,-3.485,1,13,36261723,-6.223064454877402e-15,0,0,0.026759144237959553,-0.013379572118979333,0.7159460702697714,0.25,2.8637842810790857,0.058956629838458445,15.092897238645362,1.1628999710083008
left_impurity_boundary,16,-3.485,1,14,36261724,2.556591697079181e-16,0,0,0.01458130358737808,-0.007290651793687708,0.7260692674777169,0.2421875,2.9979634270047666,0.053086157238342264,13.59005625301562,1.1617600917816162
left_impurity_boundary,16,-3.485,1,15,36261725,-7.211465996512766e-16,0,0,0.020253149666557668,-0.01012657483327839,0.7690015454490817,0.234375,3.281073260582749,0.0345356705199096,8.841131653096857,1.1695713996887207
left_impurity_boundary,16,-3.485,1,16,36261726,-5.864147693948359e-15,0,0,0.02424468903791599,-0.012122344518957995,0.7374026219457664,0.25390625,2.9042318648940957,0.05925327490789233,15.168838376420437,1.1680104732513428
left_impurity_boundary,16,-3.485,1,17,36261727,1.0000000000000047,1,1,0.024490781965728736,0.012245390982863924,0.7708248840594942,0.24609375,3.132240798717945,0.03674366374219548,9.406377918002043,1.153141975402832
left_impurity_boundary,16,-3.485,1,18,36261728,-2.573157086045137e-16,0,0,0.01921653436471349,-0.009608267182355412,0.7337702846316162,0.22265625,3.295529699398136,0.04071132620579557,10.422099508683665,1.169309139251709
left_impurity_boundary,16,-3.485,1,19,36261729,2.191048780563756e-15,0,0,0.015922777838228264,0.007961388919110135,0.799871195357746,0.28125,2.8439864723830968,0.024407487067538165,6.24831668928977,1.1579694747924805
left_impurity_boundary,16,-3.485,1,20,36261730,2.8492469021444005e-16,0,0,0.013131987590099037,-0.006565993795049074,0.7898873811364616,0.2578125,3.0638055995596085,0.03510782028799019,8.98760199372549,1.1782000064849854
left_impurity_boundary,16,-3.485,1,21,36261731,-4.360562555471769e-15,0,0,0.03168326397459076,-0.01584163198729449,0.7501424782234034,0.2421875,3.0973624907288917,0.0549203779539008,14.059616756198604,1.1777925491333008
left_impurity_boundary,16,-3.485,1,22,36261732,-2.5579721461596772e-15,0,0,0.029007298600667752,-0.014503649300333876,0.7947539415310101,0.26171875,3.036671776596098,0.030754363141507132,7.873116964225826,1.1754815578460693
left_impurity_boundary,16,-3.485,1,23,36261733,1.3671967693235534e-15,0,0,0.04218089016757176,-0.02109044508378588,0.7632304422391232,0.24609375,3.101380844654215,0.03775842847722951,9.666157690170754,1.160430908203125
left_impurity_boundary,16,-3.485,1,24,36261734,2.0750910578020653e-15,0,0,0.01641160115110374,-0.008205800575549205,0.8180390093137078,0.28125,2.9085831442265166,0.03187905789522306,8.161038821177103,1.1584022045135498
left_impurity_boundary,16,-3.485,1,25,36261735,2.475973470778196e-15,0,0,0.02703345798589485,-0.013516728992946092,0.8034031332253595,0.2578125,3.116230334934728,0.03150275903894932,8.064706313971026,1.159780740737915
left_impurity_boundary,16,-3.485,1,26,36261736,1.970176927684345e-15,0,0,0.023278896442010755,-0.011639448221004045,0.7723413404002246,0.27734375,2.7847800442599646,0.030381747122292226,7.77772726330681,1.167161464691162
left_impurity_boundary,16,-3.485,1,27,36261737,-1.5560422035354497e-15,0,0,0.06336556922826997,0.03168278461413454,0.745108828052385,0.234375,3.1791309996901758,0.059309059512577395,15.183119235219813,1.1683988571166992
left_impurity_boundary,16,-3.485,1,28,36261738,-8.9232228563282e-16,0,0,0.029786023577956122,-0.014893011788977617,0.7188651727972678,0.2265625,3.1729221420017337,0.058572117722260404,14.994462136898663,1.177825927734375
left_impurity_boundary,16,-3.485,1,29,36261739,2.1493592183327672e-16,0,0,0.05186461207692705,0.025932306038463082,0.7653269325460473,0.25,3.0613077301841893,0.04346727139695565,11.127621477620647,1.1826343536376953
left_impurity_boundary,16,-3.485,1,30,36261740,-1.0855851569023046e-15,0,0,0.013019934540505318,-0.0065099672702499944,0.8253650679561649,0.27734375,2.9759641886870174,0.03014298322342287,7.716603705196254,1.1764440536499023
left_impurity_boundary,16,-3.485,1,31,36261741,-1.7581399489201106e-15,0,0,0.031597440882983996,-0.015798720441491554,0.773312392687524,0.2421875,3.193031814967841,0.03385677389163466,8.667334116258473,1.1573021411895752
left_impurity_boundary,16,-3.485,1,32,36261742,2.23080571408205e-15,0,0,0.017803692794006842,-0.008901846397002089,0.8261006548659248,0.23828125,3.466914223699619,0.027866606343418046,7.13385122391502,1.1640076637268066
left_impurity_boundary,16,-3.485,1,33,36261743,1.2954134171377449e-15,0,0,0.05486772551093111,-0.027433862755465555,0.7752451534301729,0.25,3.1009806137206914,0.03736342285727393,9.565036251462127,1.159435510635376
left_impurity_boundary,16,-3.485,1,34,36261744,-1.440084480773759e-15,0,0,0.021125887844696933,-0.010562943922348467,0.729713072631861,0.21875,3.335831189174222,0.04957484146323357,12.691159414587794,1.1619176864624023
left_impurity_boundary,16,-3.485,1,35,36261745,-5.466578358765419e-15,0,0,0.03471386528761755,-0.01735693264380611,0.7503047839320056,0.26953125,2.783739488211499,0.027359235252123165,7.00396422454353,1.1724390983581543
left_impurity_boundary,16,-3.485,1,36,36261746,-1.403364535232557e-15,0,0,0.009155273572869937,-0.004577636786430084,0.7801276789634042,0.23828125,3.273978455977565,0.03418220206648357,8.750643729019794,1.1817607879638672
left_impurity_boundary,16,-3.485,1,37,36261747,-1.8210884269907426e-15,0,0,0.024807276374760434,-0.012403638187377553,0.7448284927957058,0.265625,2.804060208172069,0.05339939960717027,13.67024629943559,1.1612961292266846
left_impurity_boundary,16,-3.485,1,38,36261748,3.4544357790339863e-15,0,0,0.02353487603494564,-0.011767438017471932,0.7956230232786621,0.2734375,2.909707056561964,0.030952984794003893,7.923964107264997,1.1631252765655518
left_impurity_boundary,16,-3.485,1,39,36261749,-1.440084480773759e-15,0,0,0.0194618621222018,-0.009730931061097792,0.7959032661751945,0.2421875,3.286310260336287,0.03698389865442891,9.4678780555338,1.1938979625701904
left_impurity_boundary,16,-3.485,1,40,36261750,-6.091645702414152e-15,0,0,0.0345408822716049,-0.017270441135800674,0.7898047024823522,0.25,3.159218809929409,0.03927991274030028,10.055657661516872,1.159764051437378
left_impurity_boundary,16,-3.485,1,41,36261751,1.4687978216480824e-15,0,0,0.019102417418156215,-0.009551208709076775,0.8054355330282449,0.26953125,2.988282557322184,0.03457731811396359,8.85179343717468,1.1658971309661865
left_impurity_boundary,16,-3.485,1,42,36261752,-2.7956854778211432e-15,0,0,0.024768973384408532,-0.012384486692202046,0.752661982616876,0.2109375,3.5681753249985233,0.04139761476476811,10.597789379780636,1.1736688613891602
left_impurity_boundary,16,-3.485,1,43,36261753,-4.717822777504216e-15,0,0,0.014043303835936882,-0.007021651917966665,0.7645191006577686,0.24609375,3.1066172979109328,0.03412269945091932,8.735411059435346,1.157658576965332
left_impurity_boundary,16,-3.485,1,44,36261754,-7.890646944116954e-16,0,0,0.02026921889952238,-0.010134609449760745,0.7646159439386042,0.25390625,3.0114104868966565,0.03084664249967,7.89674047991552,1.15501070022583
left_impurity_boundary,16,-3.485,1,45,36261755,4.881820128267179e-15,0,0,0.03093488870424732,-0.01546744435212144,0.7925536718055249,0.27734375,2.857658309608653,0.037078959930782314,9.492213742280272,1.163477897644043
left_impurity_boundary,16,-3.485,1,46,36261756,1.6565388965955816e-16,0,0,0.0415687145856678,-0.020784357292833455,0.7759417150457262,0.25,3.1037668601829047,0.0415426768529021,10.634925274342937,1.1647095680236816
left_impurity_boundary,16,-3.485,1,47,36261757,-4.638308910467629e-17,0,0,0.04644773640081379,-0.02322386820040645,0.7811952463483078,0.24609375,3.174380683574076,0.04148661048201293,10.62057228339531,1.1695499420166016
left_impurity_boundary,16,-3.485,1,48,36261758,2.1203697876423444e-16,0,0,0.009398102935517016,-0.0046990514677549555,0.7603901199871659,0.25390625,2.994767241795607,0.04366076916876264,11.177156907203235,1.1723909378051758
left_impurity_boundary,16,-3.485,1,49,36261759,8.702351003448789e-16,0,0,0.004760992401336317,-0.002380496200665938,0.8300293839992405,0.234375,3.5414587050634263,0.046303831685249736,11.853780911423932,1.1717329025268555
left_impurity_boundary,16,-3.48,2,0,36262710,5.383751413935641e-16,0,0,0.012980162918974969,-0.006490081459485708,0.7919240840564583,0.25390625,3.1189625464377433,0.03675432848448322,9.409108092027704,1.164548635482788
left_impurity_boundary,16,-3.48,2,1,36262711,-3.8210830548138084e-16,0,0,0.013591583798344686,-0.006795791899170567,0.7831786149751977,0.26171875,2.992443663188815,0.02678943332233556,6.858094930517903,1.1542789936065674
left_impurity_boundary,16,-3.48,2,2,36262712,1.2622826392058332e-15,0,0,0.031172415765904127,0.01558620788295162,0.7995303104594949,0.24609375,3.248885071073503,0.04079616514752228,10.443818277765704,1.167382001876831
left_impurity_boundary,16,-3.48,2,3,36262713,-5.577566464837324e-15,0,0,0.010303802448237143,-0.005151901224116351,0.8210466767707096,0.23828125,3.4457040861196995,0.029229810496300437,7.482831487052912,1.1655540466308594
left_impurity_boundary,16,-3.48,2,4,36262714,3.684142506028574e-15,0,0,0.03491850541256891,0.017459252706284012,0.7320292674370118,0.23828125,3.07212282727664,0.042596153911064166,10.904615401232427,1.169128179550171
left_impurity_boundary,16,-3.48,2,5,36262715,4.4588505300031075e-15,0,0,0.0225796699199039,-0.01128983495994973,0.7386722685427497,0.25,2.954689074170999,0.03339680186529888,8.549581277516513,1.172337293624878
left_impurity_boundary,16,-3.48,2,6,36262716,2.2186577621736822e-15,0,0,0.024049967536795336,-0.012024983768395003,0.7644634804314967,0.265625,2.8779801616244582,0.03329236357851443,8.522845076099694,1.1734485626220703
left_impurity_boundary,16,-3.48,2,7,36262717,2.828816255753055e-15,0,0,0.028294268408846968,-0.01414713420442304,0.726365540688482,0.2265625,3.2060272140733,0.04499844021017276,11.519600693804227,1.1798696517944336
left_impurity_boundary,16,-3.48,2,8,36262718,-2.7592416220960405e-15,0,0,0.02310288022025553,0.011551440110126876,0.8017586545965188,0.24609375,3.257939929789029,0.04091199179607974,10.473469899796413,1.166846752166748
left_impurity_boundary,16,-3.48,2,9,36262719,-3.892866406999617e-15,0,0,0.056149041442657754,0.028074520721328433,0.7720118932583527,0.23046875,3.3497465199006493,0.02746464204735816,7.030948364123689,1.160196304321289
left_impurity_boundary,16,-3.48,2,10,36262720,-5.843440957740915e-16,0,0,0.019141168317721835,-0.009570584158856477,0.8061424494219255,0.26953125,2.99090531959439,0.0345991138248853,8.857373139170637,1.1648893356323242
left_impurity_boundary,16,-3.48,2,11,36262721,1.582546825880979e-15,0,0,0.023674746858262985,-0.011837373429128384,0.7473266365162841,0.26171875,2.8554569992263987,0.03527400919352357,9.030146353542033,1.1762380599975586
left_impurity_boundary,16,-3.48,2,12,36262722,2.7918202203957538e-15,0,0,0.0032589006085069483,0.0016294503042522525,0.834395038138166,0.2265625,3.682847064885698,0.05223200185557469,13.37139247502712,1.1742982864379883
left_impurity_boundary,16,-3.48,2,13,36262723,-4.7945757463798115e-15,0,0,0.0388740041089104,-0.0194370020544552,0.7313695137893546,0.265625,2.7533911107363935,0.038433091488452295,9.838871421043788,1.1641016006469727
left_impurity_boundary,16,-3.48,2,14,36262724,-2.755376364670651e-16,0,0,0.02878060947313532,-0.014390304736567217,0.8098314104837945,0.2734375,2.961669158340734,0.026870294915758663,6.878795498434218,1.168339729309082
left_impurity_boundary,16,-3.48,2,15,36262725,-4.6493525031116e-16,0,0,0.022249301034374724,-0.011124650517184698,0.7585938073038883,0.28125,2.6972224259693807,0.028768179618265298,7.364653982275916,1.147972583770752
left_impurity_boundary,16,-3.48,2,16,36262726,-3.127545436772458e-15,0,0,0.013031791795076408,-0.006515895897535984,0.7457082959743251,0.26171875,2.849273489095929,0.030154003919333754,7.719425003349441,1.1646835803985596
left_impurity_boundary,16,-3.48,2,17,36262727,-1.4467106363601413e-16,0,0,0.03336477590729636,-0.016682387953645517,0.7607959866715845,0.24609375,3.0914884537765976,0.0461794269986916,11.821933311665049,1.173734426498413
left_impurity_boundary,16,-3.48,2,18,36262728,1.85974100124464e-15,0,0,0.05787334418679979,0.02893667209339945,0.7750917337155693,0.2265625,3.421094548813547,0.034478378284112224,8.82646484073273,1.167525053024292
left_impurity_boundary,16,-3.48,2,19,36262729,-5.874639106960131e-15,0,0,0.015596409256919408,-0.0077982046284574835,0.766510210584294,0.25390625,3.0188709832242964,0.03750323195999264,9.600827381758116,1.165231466293335
left_impurity_boundary,16,-3.48,2,20,36262730,7.863037962507028e-16,0,0,0.054106497874305326,0.02705324893715222,0.7777509935349256,0.1875,4.148005298852937,0.03999371843466225,10.238391919273536,1.162407636642456
left_impurity_boundary,16,-3.48,2,21,36262731,7.28877114502056e-16,0,0,0.0196660863814504,-0.009833043190723423,0.7724037751578141,0.27734375,2.7850051611324003,0.027965692963807003,7.159217398734593,1.172426700592041
left_impurity_boundary,16,-3.48,2,22,36262732,7.774689221355263e-16,0,0,0.011702079658585163,-0.005851039829289917,0.7492650936336005,0.26953125,2.7798820865246627,0.038203705316302815,9.78014856097352,1.1514818668365479
left_impurity_boundary,16,-3.48,2,23,36262733,-7.227755295662622e-15,0,0,0.012187061596916848,-0.006093530798456648,0.7260695814501664,0.26953125,2.69382337465569,0.03743881534109051,9.58433672731917,1.172050952911377
left_impurity_boundary,16,-3.48,2,24,36262734,1.0000000000000062,1,1,0.00653166909748748,-0.0032658345487419638,0.7625025268484212,0.2578125,2.9575855586847855,0.03594874120850508,9.2028777493773,1.166351318359375
left_impurity_boundary,16,-3.48,2,25,36262735,4.948633863763201e-15,0,0,0.08695474298989536,0.04347737149494746,0.6826438312749699,0.23828125,2.86486591485889,0.03206498924599525,8.208637246974783,1.1705641746520996
left_impurity_boundary,16,-3.48,2,26,36262736,-1.5438942516270822e-15,0,0,0.02038900487553086,-0.010194502437763653,0.7575265231855962,0.2578125,2.9382846959926154,0.0343845029477218,8.802432754616781,1.1777739524841309
left_impurity_boundary,16,-3.48,2,27,36262737,-6.880158217193649e-16,0,0,0.044471091987677625,-0.022235545993838812,0.8036981266970937,0.2265625,3.5473572488699308,0.03146043826227132,8.053872195141459,1.1691956520080566
left_impurity_boundary,16,-3.48,2,28,36262738,-1.2313605798027157e-16,0,0,0.02203238567193111,-0.01101619283596289,0.748089638375087,0.2734375,2.7358706774860324,0.049790823922890436,12.746450924259952,1.1714611053466797
left_impurity_boundary,16,-3.48,2,29,36262739,-1.7228004524594049e-15,0,0,0.002289986037429116,-0.0011449930187114351,0.7438944576553757,0.26171875,2.8423430023847187,0.024811866519188513,6.3518378289122595,1.1710901260375977
left_impurity_boundary,16,-3.48,2,30,36262740,-3.140797747945223e-15,0,0,0.03650117648539375,-0.018250588242695542,0.8262396995915181,0.25,3.3049587983660724,0.026766126718647493,6.852128439973758,1.1729283332824707
left_impurity_boundary,16,-3.48,2,31,36262741,5.824942940062264e-15,0,0,0.015910962692569974,-0.007955481346281879,0.786649668943675,0.26953125,2.918584278979432,0.03510105347701457,8.98586969011573,1.16465425491333
left_impurity_boundary,16,-3.48,2,32,36262742,2.799550735246533e-15,0,0,0.04365539799995055,-0.021827698999975276,0.7613254123542801,0.25,3.0453016494171203,0.0347917587498912,8.906690239972146,1.1497507095336914
left_impurity_boundary,16,-3.48,2,33,36262743,-3.38927858243456e-15,0,0,0.027071510858370118,0.01353575542918417,0.7162869789057323,0.2109375,3.3957308629605087,0.04331015859102638,11.087400599302754,1.1571705341339111
left_impurity_boundary,16,-3.48,2,34,36262744,4.02649387799166e-15,0,0,0.018201062723936623,-0.009100531361966091,0.7667869841622295,0.26953125,2.8448908397903008,0.040583529718516045,10.389383607940108,1.1611578464508057
left_impurity_boundary,16,-3.48,2,35,36262745,3.2390857224765605e-15,0,0,0.021582532235419727,-0.010791266117707643,0.7586910744787058,0.26953125,2.8148538415441835,0.026749891674455815,6.847972268660689,1.1638343334197998
left_impurity_boundary,16,-3.48,2,36,36262746,-9.861928231065696e-16,0,0,0.03495085269259235,-0.017475426346294398,0.7913126392012411,0.234375,3.3762672605919617,0.029455678383781363,7.540653666248029,1.1444244384765625
left_impurity_boundary,16,-3.48,2,37,36262747,-1.622303759399273e-15,0,0,0.024436553510689407,-0.012218276755342039,0.7785906992671915,0.2734375,2.8474174144628717,0.03508937880899784,8.982880975103447,1.1749897003173828
left_impurity_boundary,16,-3.48,2,38,36262748,1.174209987870168e-15,0,0,0.0031711133970980313,-0.0015855566985460419,0.7966269499641799,0.25390625,3.137484602935847,0.030368672086467534,7.774380054135689,1.1635501384735107
left_impurity_boundary,16,-3.48,2,39,36262749,-1.359466254472774e-15,0,0,0.06566951387573283,-0.03283475693786553,0.8024404680032318,0.23828125,3.3676190132594646,0.035504426294171124,9.089133131307808,1.1739656925201416
left_impurity_boundary,16,-3.48,2,40,36262750,0.9999999999999997,1,1,0.023436880641069635,-0.011718440320532153,0.7888539971167798,0.234375,3.3657770543649272,0.027143973660946653,6.948857257202343,1.1741158962249756
left_impurity_boundary,16,-3.48,2,41,36262751,-3.975693351829396e-16,0,0,0.018293948278878425,-0.00914697413943788,0.7893600242116375,0.2734375,2.886802374259703,0.04324552308081867,11.07085390868958,1.1668853759765625
left_impurity_boundary,16,-3.48,2,42,36262752,3.4345573122748394e-15,0,0,0.04068206932216789,-0.020341034661083057,0.7772531021674282,0.23046875,3.372488036523078,0.034948651758183236,8.946854850094908,1.1692278385162354
left_impurity_boundary,16,-3.48,2,43,36262753,-2.0582495790200103e-15,0,0,0.026137176940049578,-0.013068588470023457,0.8018885413757899,0.2578125,3.1103555544273065,0.028847909757636542,7.385064897954955,1.1570391654968262
left_impurity_boundary,16,-3.48,2,44,36262754,-6.216438299291019e-15,0,0,0.051441062082153266,-0.02572053104107397,0.7877715616661889,0.265625,2.965728232155064,0.03020534271707002,7.732567735569925,1.1650879383087158
left_impurity_boundary,16,-3.48,2,45,36262755,-1.8608453605090367e-16,0,0,0.016404550822423758,-0.00820227541121099,0.7658828728047187,0.26171875,2.9263584393732534,0.0283934567856756,7.268724937132953,1.165952205657959
left_impurity_boundary,16,-3.48,2,46,36262756,-2.9707264212280765e-15,0,0,0.021282314711972283,-0.010641157355985698,0.7495247563951281,0.2578125,2.9072475399568605,0.0426841896296133,10.927152545181006,1.162602424621582
left_impurity_boundary,16,-3.48,2,47,36262757,2.778567909222989e-15,0,0,0.05282787040372838,-0.02641393520186419,0.7738376268103428,0.25390625,3.0477297302068886,0.03819407230349914,9.77768250969578,1.1640479564666748
left_impurity_boundary,16,-3.48,2,48,36262758,4.320253442321277e-15,0,0,0.025647456652553302,-0.012823728326273987,0.7992883974659898,0.2734375,2.9231118535899054,0.02975560463726691,7.617434787140329,1.159679651260376
left_impurity_boundary,16,-3.48,2,49,36262759,4.171717121259873e-15,0,0,0.012795353055503611,-0.006397676527750029,0.7926617102903071,0.2578125,3.0745666338533124,0.02659481638699695,6.808272995071219,1.155529499053955
left_impurity_boundary,16,-3.475,3,0,36263710,6.029801583607918e-16,0,0,0.04479955279801473,-0.022399776399006477,0.7827909609870071,0.265625,2.9469777354804974,0.04086892779108439,10.462445514517604,1.1508655548095703
left_impurity_boundary,16,-3.475,3,1,36263711,1.0000000000000038,1,1,0.006287093434975688,-0.003143546717487844,0.7814594670026532,0.22265625,3.509712693906653,0.04491982887421351,11.499476191798658,1.1579389572143555
left_impurity_boundary,16,-3.475,3,2,36263712,1.5151809107527586e-15,0,0,0.01701229068887411,-0.008506145344435723,0.7997103603118201,0.23828125,3.356161512128294,0.037081051784385234,9.49274925680262,1.1627907752990723
left_impurity_boundary,16,-3.475,3,3,36263713,1.236882376124701e-15,0,0,0.0018789535706410076,-0.0009394767853190898,0.764904910715023,0.203125,3.765685714289344,0.04223139944191412,10.811238257130015,1.1662817001342773
left_impurity_boundary,16,-3.475,3,4,36263714,-6.637199179026298e-16,0,0,0.03050638487538926,-0.015253192437691965,0.8134575183932934,0.2578125,3.155229162252774,0.032458087641032266,8.30927043610426,1.1672875881195068
left_impurity_boundary,16,-3.475,3,5,36263715,-2.7840897055449742e-15,0,0,0.03860171066000717,-0.019300855330003586,0.7793816401339893,0.2421875,3.218091933456472,0.03632812713559792,9.300000546713067,1.1661267280578613
left_impurity_boundary,16,-3.475,3,6,36263716,-3.9740368129328e-15,0,0,0.03831235238067077,-0.01915617619033405,0.7311778090500133,0.25,2.924711236200053,0.022984052142596655,5.883917348504744,1.1629443168640137
left_impurity_boundary,16,-3.475,3,7,36263717,-7.597991739051735e-16,0,0,0.011231528208616837,-0.00561576410430753,0.7942788268840878,0.21484375,3.697006903315027,0.05583350530652657,14.293377358470801,1.1533911228179932
left_impurity_boundary,16,-3.475,3,8,36263718,5.80009485661333e-15,0,0,0.04000657424692555,-0.02000328712346011,0.7682910400733652,0.24609375,3.1219445437901827,0.03232317879330675,8.274733771086527,1.1678204536437988
left_impurity_boundary,16,-3.475,3,9,36263719,1.4174451158536194e-15,0,0,0.019158683338805993,-0.009579341669402552,0.764679306074711,0.24609375,3.1072682913512066,0.02951938722116601,7.556963128618499,1.160642385482788
left_impurity_boundary,16,-3.475,3,10,36263720,7.377119886172324e-16,0,0,0.01315955409997649,-0.0065797770499873565,0.792173181398885,0.2734375,2.8970904919730653,0.03274816516039952,8.383530281062278,1.1624155044555664
left_impurity_boundary,16,-3.475,3,11,36263721,4.658739556858974e-15,0,0,0.03505434121106532,-0.017527170605531772,0.7740946863749211,0.234375,3.302803995199663,0.02945649948773327,7.540863868859717,1.158797264099121
left_impurity_boundary,16,-3.475,3,12,36263722,4.726657651619393e-16,0,0,0.022266087211202823,-0.01113304360560008,0.7082223035879088,0.2109375,3.3574983281204567,0.05726281342562242,14.65928023695934,1.1452229022979736
left_impurity_boundary,16,-3.475,3,13,36263723,1.9895032148112937e-15,0,0,0.014461338075743235,-0.007230669037869397,0.8324855300893861,0.24609375,3.3827983444902037,0.035472824844036396,9.081043160073317,1.1403777599334717
left_impurity_boundary,16,-3.475,3,14,36263724,-2.4450514113750783e-15,0,0,0.010585088678316978,-0.005292544339158489,0.7670925339613351,0.23828125,3.21927358514921,0.040371031596159866,10.334984088616926,1.152466058731079
left_impurity_boundary,16,-3.475,3,15,36263725,3.991154381530954e-15,0,0,0.02253917163899466,0.011269585819496442,0.7590264622600302,0.2578125,2.944102641493451,0.04127529242229187,10.56647486010672,1.1565382480621338
left_impurity_boundary,16,-3.475,3,16,36263726,-2.330198047877785e-16,0,0,0.0342115386992381,0.017105769349618605,0.7281879235508911,0.22265625,3.2704580426145284,0.03402305304932339,8.709901580626788,1.1652123928070068
left_impurity_boundary,16,-3.475,3,17,36263727,-1.1065679829258485e-15,0,0,0.019233875222343322,-0.00961693761116944,0.7646835927375827,0.2421875,3.157403221626148,0.03996796819643618,10.231799858287662,1.1637897491455078
left_impurity_boundary,16,-3.475,3,18,36263728,1.782435852736846e-15,0,0,0.004482601162438371,-0.002241300581217409,0.832925730188471,0.2734375,3.0461283846892657,0.02795550571811934,7.156609463838551,1.16239595413208
left_impurity_boundary,16,-3.475,3,19,36263729,-3.8652574253896904e-17,0,0,0.03500200902498918,-0.01750100451249459,0.7367920186881842,0.234375,3.1436459464029194,0.03952400385162096,10.118144986014967,1.1656651496887207
left_impurity_boundary,16,-3.475,3,20,36263730,-4.586404025040967e-15,0,0,0.017795257291645328,-0.008897628645822664,0.7468550768478237,0.21875,3.4141946370186225,0.040544905062477966,10.37949569599436,1.157825231552124
left_impurity_boundary,16,-3.475,3,21,36263731,-5.433447580833508e-16,0,0,0.01663176678670819,-0.008315883393351875,0.7512414171057858,0.2578125,2.913906102713351,0.036956689058534886,9.46091239898493,1.1492867469787598
left_impurity_boundary,16,-3.475,3,22,36263732,1.9436723053388158e-16,0,0,0.015691125790569416,-0.007845562895282043,0.78308467416708,0.2421875,3.2333818804318146,0.0387953590240698,9.93161191016187,1.1640262603759766
left_impurity_boundary,16,-3.475,3,23,36263733,-2.738810975704695e-16,0,0,0.00828164521914232,-0.004140822609570272,0.7708877806548357,0.25390625,3.036111874579045,0.03029728318559582,7.75610449551253,1.1606321334838867
left_impurity_boundary,16,-3.475,3,24,36263734,1.1965732629742084e-15,0,0,0.013422067391589465,-0.006711033695793844,0.7593202478379772,0.2734375,2.7769426206646024,0.03701314127009481,9.47536416514427,1.1641197204589844
left_impurity_boundary,16,-3.475,3,25,36263735,5.608488524240441e-15,0,0,0.019410101672643343,-0.009705050836319451,0.8246513439252999,0.2734375,3.0158677720696683,0.0332203518852109,8.50441008261399,1.1536545753479004
left_impurity_boundary,16,-3.475,3,26,36263736,5.757577024934043e-15,0,0,0.014231137488724066,-0.007115568744361589,0.8134928130184187,0.28125,2.8924188907321553,0.030919183371364692,7.915310943069361,1.1601340770721436
left_impurity_boundary,16,-3.475,3,27,36263737,-6.002192601997991e-15,0,0,0.022011052581937918,-0.011005526290967182,0.8424213278857674,0.25390625,3.3178439990577915,0.02855067247002106,7.308972152325391,1.1552517414093018
left_impurity_boundary,16,-3.475,3,28,36263738,-4.439524242876159e-16,0,0,0.01987016630558447,-0.009935083152790902,0.8089043443370021,0.25390625,3.1858386484657313,0.031921493578316834,8.17190235604911,1.14851975440979
left_impurity_boundary,16,-3.475,3,29,36263739,-1.1739338980540689e-15,0,0,0.02338425069083705,-0.011692125345414084,0.7398970089364101,0.265625,2.7854946218782497,0.03686220655246891,9.436724877432042,1.16770601272583
left_impurity_boundary,16,-3.475,3,30,36263740,-1.7618671614374508e-15,0,0,0.02040168480198723,-0.01020084240099095,0.7765171382984848,0.25,3.106068553193939,0.039420053959815585,10.09153381371279,1.1836369037628174
left_impurity_boundary,16,-3.475,3,31,36263741,-1.8406908039337904e-15,0,0,0.00048352336024531993,-0.00024176168012060508,0.7931133668365606,0.25390625,3.1236464909255313,0.029206667277792087,7.476906823114774,1.1778745651245117
left_impurity_boundary,16,-3.475,3,32,36263742,6.372705135203203e-15,0,0,0.03459319359031543,-0.017296596795154606,0.7645387541872892,0.25,3.058155016749157,0.03216266796175289,8.23364299820874,1.1598336696624756
left_impurity_boundary,16,-3.475,3,33,36263743,1.76587046377089e-15,0,0,0.0011150394573527385,-0.0005575197286740963,0.7973912653836517,0.265625,3.001943587326689,0.02796440200535489,7.158886913370852,1.1641805171966553
left_impurity_boundary,16,-3.475,3,34,36263744,1.0,1,1,0.045915549293853886,-0.022957774646926943,0.7430223841782231,0.23046875,3.223961531349578,0.027861838872010193,7.132630751234609,1.1552679538726807
left_impurity_boundary,16,-3.475,3,35,36263745,5.179444950022185e-16,0,0,0.02123628699407032,0.01061814349703294,0.790079703794456,0.26171875,3.0188120025579215,0.042913818946129716,10.985937650209207,1.1552023887634277
left_impurity_boundary,16,-3.475,3,36,36263746,-1.0800633605803192e-15,0,0,0.012748418692599905,-0.006374209346296844,0.7815065270364241,0.2734375,2.8580810131617795,0.037326216329037674,9.555511380233645,1.1494507789611816
left_impurity_boundary,16,-3.475,3,37,36263747,1.0513500197059959e-15,0,0,0.00018065502457463155,-9.03275122850508e-05,0.7981833608863084,0.26953125,2.9613759476361587,0.03340420364196077,8.551476132341957,1.1560959815979004
left_impurity_boundary,16,-3.475,3,38,36263748,4.680274562514716e-15,0,0,0.017731145223580214,-0.008865572611789219,0.7360345577604179,0.25,2.9441382310416717,0.05128329440428427,13.128523367496774,1.1559937000274658
left_impurity_boundary,16,-3.475,3,39,36263749,1.399223187991068e-15,0,0,0.004404566133591636,-0.0022022830667927096,0.7758075146953478,0.265625,2.9206871141471917,0.027741561228682265,7.10183967454266,1.1749074459075928
left_impurity_boundary,16,-3.475,3,40,36263750,2.247371103048006e-16,0,0,0.0197112312547727,-0.009855615627382797,0.7962145764026923,0.265625,2.9975136993983713,0.030565974413639854,7.824889449891803,1.1771693229675293
left_impurity_boundary,16,-3.475,3,41,36263751,4.054655039233785e-15,0,0,0.010533710122010653,-0.005266855061003994,0.743740887033691,0.234375,3.1732944513437484,0.03185850660250787,8.155777690242015,1.1739144325256348
left_impurity_boundary,16,-3.475,3,42,36263752,-2.917717176537018e-15,0,0,0.09092030532310114,0.0454601526615499,0.8200809029020002,0.2421875,3.3861405023050333,0.03350413115076491,8.577057574595816,1.1890368461608887
left_impurity_boundary,16,-3.475,3,43,36263753,-1.0226366788316723e-15,0,0,0.004409961380146932,-0.0022049806900703572,0.778711741447972,0.25,3.114846965791888,0.03782974499238742,9.68441471805118,1.1591293811798096
left_impurity_boundary,16,-3.475,3,44,36263754,-6.604068401094386e-16,0,0,0.014337201728483961,-0.007168600864239316,0.8051413987715709,0.2734375,2.944517115507459,0.02946678859653795,7.543497880713716,1.1716680526733398
left_impurity_boundary,16,-3.475,3,45,36263755,1.8194318880941473e-15,0,0,0.020556740321255873,-0.010278370160627048,0.7995432320387603,0.2734375,2.924043820027466,0.030209921100634356,7.733739801762395,1.164151668548584
left_impurity_boundary,16,-3.475,3,46,36263756,-4.548855810051467e-15,0,0,0.014907744385999067,-0.007453872192997757,0.8011751918078678,0.24609375,3.2555690333780025,0.04691989498280394,12.011493115597808,1.1663761138916016
left_impurity_boundary,16,-3.475,3,47,36263757,1.5383724553050968e-15,0,0,0.01886597488200792,-0.009432987441003071,0.7414248289487952,0.25,2.965699315795181,0.043900989134570606,11.238653218450075,1.1730782985687256
left_impurity_boundary,16,-3.475,3,48,36263758,-3.6620553207406326e-15,0,0,0.01611424790154814,-0.00805712395077407,0.7942088321018413,0.22265625,3.566973000317042,0.031030505767605916,7.9438094765071146,1.136897087097168
left_impurity_boundary,16,-3.475,3,49,36263759,-3.9513974480126605e-15,0,0,0.004429002592895692,0.002214501296447402,0.7895338371929749,0.21484375,3.674921133116392,0.04240747185164311,10.856312794020637,1.1684343814849854
left_impurity_boundary,16,-3.47,4,0,36264710,2.607944402873644e-15,0,0,0.03273887377890006,-0.01636943688944914,0.7768375513491119,0.25,3.1073502053964477,0.04321309882800561,11.062553299969435,1.1627662181854248
left_impurity_boundary,16,-3.47,4,1,36264711,1.3274398358052595e-15,0,0,0.0036919057564584173,-0.0018459528782288728,0.8355147901762755,0.2578125,3.240784640683735,0.0383367596006987,9.814210457778866,1.1590993404388428
left_impurity_boundary,16,-3.47,4,2,36264712,-6.05520184668905e-15,0,0,0.007972374532287496,-0.003986187266142416,0.804252530740592,0.26953125,2.983893447385385,0.0331230718618033,8.479506396621645,1.152644395828247
left_impurity_boundary,16,-3.47,4,3,36264713,-5.442282454948684e-15,0,0,0.024002926604428154,-0.012001463302211413,0.7903969684018602,0.2578125,3.0657821804678216,0.03753563620604737,9.609122868748127,1.1633374691009521
left_impurity_boundary,16,-3.47,4,4,36264714,-1.629758184433953e-15,0,0,0.002462419916330532,-0.0012312099581632046,0.7519292152143862,0.23828125,3.1556373622111944,0.04468756152101262,11.440015749379231,1.1588287353515625
left_impurity_boundary,16,-3.47,4,5,36264715,-3.69297738014375e-15,0,0,0.025340954525225,-0.012670477262611612,0.7241864840931382,0.21875,3.3105667844257747,0.05674424522187349,14.526526776799614,1.146653652191162
left_impurity_boundary,16,-3.47,4,6,36264716,-1.776361876782662e-15,0,0,0.019060279470629382,-0.009530139735314691,0.7813038192720053,0.23046875,3.390064029383616,0.04005585065520692,10.254297767732972,1.1713294982910156
left_impurity_boundary,16,-3.47,4,7,36264717,3.4213050011020747e-15,0,0,0.014601022913021566,-0.007300511456508119,0.8442140588834066,0.25390625,3.324904601140801,0.035715843772650246,9.143256005798463,1.1642253398895264
left_impurity_boundary,16,-3.47,4,8,36264718,1.0000000000000018,1,1,0.01158185375983578,-0.005790926879914338,0.7846263307253237,0.2421875,3.239747430091659,0.026899419122763918,6.886251295427563,1.1969149112701416
left_impurity_boundary,16,-3.47,4,9,36264719,-1.330200733966252e-15,0,0,0.01656806931055943,-0.008284034655278383,0.7502704702030614,0.25,3.0010818808122455,0.036361008619433456,9.308418206574965,1.1835334300994873
left_impurity_boundary,16,-3.47,4,10,36264720,1.2821611059649801e-15,0,0,0.016002542847180834,-0.00800127142358864,0.7624259713046052,0.2734375,2.788300695056842,0.029530999831160275,7.55993595677703,1.169541835784912
left_impurity_boundary,16,-3.47,4,11,36264721,1.0000000000000007,1,1,0.06836555874761308,-0.03418277937380587,0.7967688088282007,0.25390625,3.1380433086156825,0.0415034970898642,10.624895255005235,1.1740822792053223
left_impurity_boundary,16,-3.47,4,12,36264722,-3.677516350442191e-16,0,0,0.020206914406306176,-0.010103457203150867,0.7293068940378442,0.26171875,2.786605445875942,0.044657506649725474,11.432321702329721,1.1678385734558105
left_impurity_boundary,16,-3.47,4,13,36264723,1.0000000000000056,1,1,0.044268825506382115,-0.022134412753191057,0.8287857020396532,0.23828125,3.4781826183959215,0.0315104150409282,8.066666250477619,1.1837780475616455
left_impurity_boundary,16,-3.47,4,14,36264724,-2.2385362289328295e-15,0,0,0.0031773919433561587,-0.0015886959716764663,0.7848162229809331,0.28125,2.7904576817099844,0.027727338359785886,7.098198620105187,1.174018144607544
left_impurity_boundary,16,-3.47,4,15,36264725,-2.133622098815109e-15,0,0,0.022836963149984513,-0.011418481574991368,0.7417228845205234,0.2265625,3.273811352366448,0.052728229819321175,13.49842683374622,1.1643149852752686
left_impurity_boundary,16,-3.47,4,16,36264726,0.9999999999999957,1,1,0.001808137580165826,-0.0009040687900805298,0.7638531819337702,0.23828125,3.205678927459757,0.03138009106249762,8.03330331199939,1.1612284183502197
left_impurity_boundary,16,-3.47,4,17,36264727,1.4246234510722003e-15,0,0,0.04484022647470276,-0.022420113237350492,0.7690854569631265,0.1953125,3.9377175396512074,0.04321657308147139,11.063442708856677,1.17392897605896
left_impurity_boundary,16,-3.47,4,18,36264728,3.176689424038127e-15,0,0,0.010615558464064812,-0.005307779232030185,0.8206867004364584,0.24609375,3.3348538938370376,0.03257830739960285,8.34004669429833,1.1541459560394287
left_impurity_boundary,16,-3.47,4,19,36264729,-2.5267739969404605e-15,0,0,0.021653484580323124,-0.010826742290159785,0.7876548769088588,0.2578125,3.0551461892222402,0.033233688255374205,8.507824193375797,1.1527085304260254
left_impurity_boundary,16,-3.47,4,20,36264730,1.8994979347629337e-15,0,0,0.0077787214320883535,-0.003889360716041068,0.8177698976775617,0.2734375,2.99070134007794,0.029137581629895527,7.459220897253255,1.1688034534454346
left_impurity_boundary,16,-3.47,4,21,36264731,1.358361895208377e-15,0,0,0.017561942417086307,-0.008780971208540933,0.7680148221937988,0.2734375,2.8087399211658926,0.042700552143883755,10.931341348834241,1.1792628765106201
left_impurity_boundary,16,-3.47,4,22,36264732,6.802853068685855e-16,0,0,0.053660759039920514,-0.026830379519959813,0.7531198158966547,0.23046875,3.267774116432942,0.036228786441135086,9.274569328930582,1.171198844909668
left_impurity_boundary,16,-3.47,4,23,36264733,-1.71341339871203e-15,0,0,0.026165542611646053,-0.013082771305821694,0.7436837191538008,0.25,2.9747348766152033,0.05235926857814114,13.403972756004132,1.1791493892669678
left_impurity_boundary,16,-3.47,4,24,36264734,4.024285159462866e-15,0,0,0.0005672846278633101,-0.0002836423139289049,0.8556867631456994,0.25390625,3.3700894056199853,0.03786686074604828,9.69391635098836,1.1682641506195068
left_impurity_boundary,16,-3.47,4,25,36264735,-7.896168740438939e-16,0,0,0.014073777778617291,-0.007036888889304649,0.79648163464629,0.2578125,3.089383310143185,0.033903906240232644,8.679399997499557,1.159766674041748
left_impurity_boundary,16,-3.47,4,26,36264736,3.77911740276672e-15,0,0,0.019285439497143564,-0.009642719748569561,0.7091104104524037,0.25390625,2.792804078089467,0.04646187567291485,11.894240172266201,1.1597917079925537
left_impurity_boundary,16,-3.47,4,27,36264737,-3.9094317959655727e-16,0,0,0.009938652185421226,-0.004969326092708393,0.8131618051352746,0.26953125,3.016948146588845,0.030976598271200487,7.930009157427325,1.1650824546813965
left_impurity_boundary,16,-3.47,4,28,36264738,2.2399166780133257e-15,0,0,0.01571222074135914,-0.00785611037067735,0.7747854973756785,0.25390625,3.051462881971903,0.04012726329955489,10.272579404686052,1.1718544960021973
left_impurity_boundary,16,-3.47,4,29,36264739,8.763090762990627e-16,0,0,0.018737691362576747,-0.00936884568128793,0.7774681563889145,0.265625,2.926938941699443,0.03211818754176719,8.222256010692401,1.1621439456939697
left_impurity_boundary,16,-3.47,4,30,36264740,2.666475443886688e-15,0,0,0.015122623247418865,-0.007561311623706324,0.7448012451019707,0.23828125,3.1257232581328607,0.04131857221814842,10.577554487845996,1.161956787109375
left_impurity_boundary,16,-3.47,4,31,36264741,1.2147951908367598e-16,0,0,0.015411308763017217,-0.007705654381506832,0.8191614860768343,0.26171875,3.1299304542637247,0.03607382628142796,9.234899528045558,1.163776159286499
left_impurity_boundary,16,-3.47,4,32,36264742,1.235778016860304e-15,0,0,0.029968236241892043,-0.014984118120945134,0.7249397231528365,0.23828125,3.0423699856905926,0.053895054635648615,13.797133986726045,1.1795382499694824
left_impurity_boundary,16,-3.47,4,33,36264743,-1.5129721922239646e-15,0,0,0.012098001376295464,0.006049000688147288,0.8160732483555867,0.2734375,2.9844964511290026,0.02856912934904761,7.313697113356188,1.158613920211792
left_impurity_boundary,16,-3.47,4,34,36264744,2.7465414905554744e-15,0,0,0.00043078648727042356,-0.00021539324363418615,0.7323724042031903,0.21484375,3.4088606450184855,0.03933797612348075,10.070521887611072,1.1671724319458008
left_impurity_boundary,16,-3.47,4,35,36264745,-8.558784299077172e-16,0,0,0.016961936626535667,-0.008480968313266501,0.7237426143466607,0.2265625,3.1944501598749158,0.05995839595976639,15.349349365700196,1.1781539916992188
left_impurity_boundary,16,-3.47,4,36,36264746,1.4246234510722003e-16,0,0,0.020566640680645065,-0.010283320340321644,0.7313119306991119,0.265625,2.7531743273378333,0.059040763963281805,15.114435574600142,1.1695771217346191
left_impurity_boundary,16,-3.47,4,37,36264747,-5.607936344608242e-15,0,0,0.0023289398142043926,-0.00116446990709979,0.8170250761711637,0.265625,3.07585911029144,0.032052488702130566,8.205437107745425,1.1746723651885986
left_impurity_boundary,16,-3.47,4,38,36264748,2.5455481044352106e-16,0,0,0.04071283940205994,-0.020356419701027306,0.8283038484215,0.2421875,3.420093309611355,0.029938076723525782,7.6641476412226,1.165428638458252
left_impurity_boundary,16,-3.47,4,39,36264749,1.5516247664778616e-16,0,0,0.01785707435156869,-0.008928537175783013,0.8069030562169197,0.25,3.227612224867679,0.03605217370572942,9.229356468666731,1.1719648838043213
left_impurity_boundary,16,-3.47,4,40,36264750,1.0000000000000007,1,1,0.042537914286284284,-0.021268957143141698,0.7494707571280238,0.234375,3.197741897079568,0.03614779963790854,9.253836707304586,1.158134937286377
left_impurity_boundary,16,-3.47,4,41,36264751,-2.9243433321234e-15,0,0,0.01059848380797579,-0.005299241903986562,0.7761792187618637,0.265625,2.9220864706328986,0.035634991529282775,9.12255783149639,1.1650702953338623
left_impurity_boundary,16,-3.47,4,42,36264752,-1.2424041724466863e-15,0,0,0.015754056928590998,-0.007877028464292835,0.7873412189363811,0.25,3.1493648757455244,0.034012379495583174,8.707169150869293,1.1632716655731201
left_impurity_boundary,16,-3.47,4,43,36264753,-2.4295903816735198e-17,0,0,0.011281701413929035,-0.005640850706963185,0.786071190214295,0.2578125,3.0490034044675682,0.0368109476453789,9.423602597216998,1.164386510848999
left_impurity_boundary,16,-3.47,4,44,36264754,0.9999999999999978,1,1,0.014871865496370873,-0.007435932748184548,0.7517029468840024,0.2578125,2.9156962788227974,0.03363154563382491,8.609675682259176,1.1516849994659424
left_impurity_boundary,16,-3.47,4,45,36264755,1.6554345373311847e-15,0,0,0.02007152709466986,-0.010035763547333154,0.7389787116484908,0.2421875,3.051266938419575,0.046561196770909884,11.91966637335293,1.1576480865478516
left_impurity_boundary,16,-3.47,4,46,36264756,-8.437304779993496e-16,0,0,0.013820067281294257,-0.006910033640644464,0.7772388904018376,0.26953125,2.883668926708267,0.029433709119461894,7.535029534582245,1.153400182723999
left_impurity_boundary,16,-3.47,4,47,36264757,2.6880104495424307e-15,0,0,0.02722257412334894,-0.01361128706167225,0.7903378509715869,0.25390625,3.1127152284419424,0.04180640107802609,10.70243867597468,1.1624329090118408
left_impurity_boundary,16,-3.47,4,48,36264758,0.9999999999999979,1,1,0.007410063443452408,-0.003705031721724872,0.7815768954193258,0.265625,2.9424071356962855,0.042740314928768716,10.941520621764791,1.164139986038208
left_impurity_boundary,16,-3.47,4,49,36264759,-8.785177948278568e-16,0,0,0.012806511673279175,-0.006403255836637811,0.7648129503895721,0.2578125,2.9665472015110677,0.038303503523934995,9.805696902127359,1.1676661968231201
left_impurity_boundary,16,-3.465,5,0,36265710,1.055767456763584e-15,0,0,0.059943206760073586,-0.02997160338003635,0.7504828757141054,0.234375,3.2020602697135163,0.045785085657388855,11.720981928291547,1.1732637882232666
left_impurity_boundary,16,-3.465,5,1,36265711,4.1037990264994545e-15,0,0,0.004246385502503891,-0.002123192751248837,0.7300601216503093,0.23828125,3.0638588711881836,0.04997195635001814,12.792820825604643,1.1641347408294678
left_impurity_boundary,16,-3.465,5,2,36265712,-6.945591503609175e-15,0,0,0.01938265197233946,-0.009691325986166177,0.773536059478272,0.2578125,3.000382291309661,0.03617377672911415,9.260486842653222,1.1692063808441162
left_impurity_boundary,16,-3.465,5,3,36265713,1.3782403619675238e-15,0,0,0.025996532780927062,-0.01299826639046131,0.7410159618708896,0.23828125,3.109837479327012,0.04367772531206492,11.18149767988862,1.1589629650115967
left_impurity_boundary,16,-3.465,5,4,36265714,-8.93426644897217e-16,0,0,0.014638553000239973,-0.007319276500118654,0.7639810833804074,0.25,3.0559243335216295,0.04278472326838559,10.95288915670671,1.1689236164093018
left_impurity_boundary,16,-3.465,5,5,36265715,-2.374372418453667e-17,0,0,0.018619779487673682,0.009309889743835953,0.7658210096486889,0.2734375,2.8007168352866336,0.03742368106296836,9.5804623521199,1.1583318710327148
left_impurity_boundary,16,-3.465,5,6,36265716,-1.1275508089493925e-15,0,0,0.01777523630830391,-0.008887618154150623,0.7383133099053559,0.265625,2.7795324608201635,0.04161722675130334,10.654010048333655,1.1597745418548584
left_impurity_boundary,16,-3.465,5,7,36265717,-2.7281815177848733e-15,0,0,0.009446640330260436,-0.004723320165128442,0.7268125982593872,0.24609375,2.9533972246730653,0.040872322957203555,10.46331467704411,1.1567575931549072
left_impurity_boundary,16,-3.465,5,8,36265718,0.9999999999999952,1,1,0.012889268224530959,-0.006444634112264147,0.7174720455855482,0.2578125,2.782921873786369,0.028851539215318217,7.385994039121464,1.1692612171173096
left_impurity_boundary,16,-3.465,5,9,36265719,-2.849799081776599e-15,0,0,0.018828701993433228,-0.009414350996714838,0.8125170789597388,0.2578125,3.1515813971771687,0.027186294306234024,6.95969134239591,1.159872055053711
left_impurity_boundary,16,-3.465,5,10,36265720,-1.868575875359816e-15,0,0,0.012425810135234805,-0.006212905067614294,0.7960709496593574,0.26171875,3.0417039270566493,0.0359820180046528,9.211396609191116,1.1597611904144287
left_impurity_boundary,16,-3.465,5,11,36265721,-1.1043592643970545e-15,0,0,0.014427132014945165,-0.007213566007469474,0.7405858682354768,0.2578125,2.8725754889133643,0.04773237253255722,12.219487368334649,1.172558069229126
left_impurity_boundary,16,-3.465,5,12,36265722,-8.580871484365113e-16,0,0,0.009967672224799884,-0.004983836112397277,0.8059576636651288,0.265625,3.034193557327544,0.03272986751470663,8.378846083764897,1.1675384044647217
left_impurity_boundary,16,-3.465,5,13,36265723,2.0281557890651905e-15,0,0,0.016861231038377333,-0.008430615519186446,0.759727277095082,0.2578125,2.946820953580924,0.04336793251117191,11.102190722860009,1.1641533374786377
left_impurity_boundary,16,-3.465,5,14,36265724,-3.188285196314296e-15,0,0,0.0013693643210560247,-0.0006846821605263757,0.831202254370917,0.26171875,3.1759369719246977,0.030977443208126603,7.93022546128041,1.169492483139038
left_impurity_boundary,16,-3.465,5,15,36265725,-2.411920633443167e-15,0,0,0.008360229630070215,-0.004180114815031999,0.7741185616311398,0.2578125,3.0026416935995726,0.03323382471621433,8.50785912735087,1.1601357460021973
left_impurity_boundary,16,-3.465,5,16,36265726,2.8713340874323416e-16,0,0,0.011808950325315593,-0.005904475162656908,0.7368692995981336,0.22265625,3.3094480824056527,0.044574783437183456,11.411144559918965,1.1697700023651123
left_impurity_boundary,16,-3.465,5,17,36265727,-1.3246789376442667e-15,0,0,0.0006641221762770442,-0.00033206108813848753,0.8104561719519122,0.27734375,2.9222081692914017,0.028848301120159774,7.385165086760902,1.151341199874878
left_impurity_boundary,16,-3.465,5,18,36265728,1.0000000000000029,1,1,0.0085672177818914,-0.004283608890943924,0.7907314748395429,0.234375,3.3737876259820494,0.03094563082536092,7.922081491292396,1.177445888519287
left_impurity_boundary,16,-3.465,5,19,36265729,9.900580805319594e-16,0,0,0.005628618892599135,-0.0028143094462986795,0.7759182022486873,0.23046875,3.366695928401084,0.04168621548545603,10.671671164276743,1.166849136352539
left_impurity_boundary,16,-3.465,5,20,36265730,3.9028056403791905e-15,0,0,0.016573955812932084,-0.008286977906464266,0.7580133070489781,0.265625,2.853697155949094,0.039676935724677245,10.157295545517375,1.1749963760375977
left_impurity_boundary,16,-3.465,5,21,36265731,1.2346736575959069e-15,0,0,0.006321868182582513,0.003160934091289036,0.7601184278003591,0.26953125,2.820149529230318,0.040048916489452045,10.252522621299724,1.172736406326294
left_impurity_boundary,16,-3.465,5,22,36265732,0.9999999999999957,1,1,0.012921169475222705,-0.006460584737609132,0.8542112575781962,0.26953125,3.16924756434809,0.034102414249485735,8.730218047868348,1.1619389057159424
left_impurity_boundary,16,-3.465,5,23,36265733,-1.787957649058831e-15,0,0,0.011826850120336907,0.005913425060167121,0.7644716480880157,0.2578125,2.9652233622807884,0.038732066747166796,9.9154090872747,1.171208381652832
left_impurity_boundary,16,-3.465,5,24,36265734,0.0,0,0,0.008093052646739984,-0.004046526323367772,0.7653202599625613,0.2578125,2.968514947733571,0.03950223569713138,10.112572338465633,1.1377792358398438
left_impurity_boundary,16,-3.465,5,25,36265735,9.052985069894853e-16,0,0,0.0010869956110589414,-0.0005434978055291265,0.765495671565623,0.234375,3.2661148653466583,0.043425738990492756,11.116989181566145,1.1661715507507324
left_impurity_boundary,16,-3.465,5,26,36265736,-1.156264149823716e-15,0,0,0.0029805115936647,-0.0014902557968296823,0.7774252266026325,0.25390625,3.061859354004214,0.02896504563404488,7.4150516823154895,1.1698942184448242
left_impurity_boundary,16,-3.465,5,27,36265737,-1.4246234510722003e-16,0,0,0.005411863142695594,-0.002705931571346021,0.7714254575483224,0.24609375,3.1346812243233417,0.038482446058738046,9.85150619103694,1.1765446662902832
left_impurity_boundary,16,-3.465,5,28,36265738,-1.8111491936111694e-15,0,0,0.017796419222467996,-0.008898209611232666,0.7758072982369882,0.25390625,3.0554872053641384,0.028910604859834717,7.4011148441176875,1.1674895286560059
left_impurity_boundary,16,-3.465,5,29,36265739,6.0375320984586965e-15,0,0,0.005859580941364406,-0.0029297904706782063,0.7828122115577171,0.2734375,2.8628560879825082,0.03967295923635702,10.156277564507397,1.1592955589294434
left_impurity_boundary,16,-3.465,5,30,36265740,-2.3202588144982113e-15,0,0,0.019950941214475826,-0.009975470607235692,0.7614621618615673,0.2421875,3.1441018296219556,0.03848207701676815,9.851411716292647,1.1694798469543457
left_impurity_boundary,16,-3.465,5,31,36265741,3.834887545618771e-15,0,0,0.002890649301931644,0.001445324650964247,0.8008410632097087,0.26171875,3.059930032562469,0.041381773321280985,10.593733970247932,1.1552374362945557
left_impurity_boundary,16,-3.465,5,32,36265742,-1.3644358711625608e-15,0,0,0.01431418455763378,-0.0071570922788142255,0.7689545074738796,0.23828125,3.227087769070708,0.03771986563894957,9.65628560357109,1.1747055053710938
left_impurity_boundary,16,-3.465,5,33,36265743,2.6637145457256953e-15,0,0,0.007218538588182888,0.003609269294091,0.7679598756654037,0.25390625,3.0245804333898976,0.03226816558200231,8.260650388992591,1.1573855876922607
left_impurity_boundary,16,-3.465,5,34,36265744,-4.958573097142775e-16,0,0,0.01807642493860495,-0.009038212469301143,0.7896748835860016,0.2734375,2.8879538599716628,0.03508741912211738,8.98237929526205,1.168311357498169
left_impurity_boundary,16,-3.465,5,35,36265745,-1.3611227933693697e-15,0,0,0.014311813909238857,-0.00715590695461632,0.7734811338064832,0.26171875,2.9553906008128314,0.04034805298594802,10.329101564402693,1.1644418239593506
left_impurity_boundary,16,-3.465,5,36,36265746,-9.494728775653675e-16,0,0,0.05781131967410502,-0.028905659837051623,0.8411510238801034,0.2421875,3.473139711504943,0.03272649464334755,8.377982628696973,1.153174638748169
left_impurity_boundary,16,-3.465,5,37,36265747,-2.3854160110976376e-15,0,0,0.016757555801749646,-0.008378777900873935,0.7717571024722483,0.23046875,3.34864098699823,0.041473733684011097,10.61727582310684,1.1713566780090332
left_impurity_boundary,16,-3.465,5,38,36265748,1.0000000000000024,1,1,0.01487491331184465,-0.007437456655922325,0.7836274480263764,0.23046875,3.4001462151652944,0.03387232038121779,8.671314017591754,1.160874366760254
left_impurity_boundary,16,-3.465,5,39,36265749,-3.4461530845510084e-15,0,0,0.021304107757064372,-0.010652053878532186,0.7309728344649421,0.23828125,3.0676892725086096,0.04622681025054649,11.834063424139902,1.1813008785247803
left_impurity_boundary,16,-3.465,5,40,36265750,-4.65266558090479e-15,0,0,0.03013166880267093,-0.015065834401334577,0.8352795652752054,0.25390625,3.2897164416992704,0.03871088397877631,9.909986298566736,1.1766860485076904
left_impurity_boundary,16,-3.465,5,41,36265751,-3.4787316828507215e-16,0,0,0.013777917446365251,-0.006888958723180849,0.7771475974877965,0.25390625,3.0607659224134753,0.03243554494802196,8.303499506693623,1.1729896068572998
left_impurity_boundary,16,-3.465,5,42,36265752,5.719476630312345e-15,0,0,0.02695997608031675,-0.01347998804015571,0.7847606388383865,0.265625,2.9543929932739257,0.03114359054095364,7.972759178484131,1.1851093769073486
left_impurity_boundary,16,-3.465,5,43,36265753,2.4439470521106813e-15,0,0,0.04510412916302897,-0.02255206458151271,0.7860868654233695,0.25390625,3.095972885359732,0.0271672865069134,6.95482534576983,1.1891586780548096
left_impurity_boundary,16,-3.465,5,44,36265754,-8.779656151956583e-16,0,0,0.02671914414864318,-0.01335957207432159,0.7908750880299557,0.25,3.1635003521198226,0.039432592081693744,10.094743572913599,1.1900560855865479
left_impurity_boundary,16,-3.465,5,45,36265755,-1.4224147325434062e-15,0,0,0.008432403111118703,-0.004216201555558463,0.8058176508855598,0.25,3.223270603542239,0.03615491206184173,9.255657487831483,1.1805107593536377
left_impurity_boundary,16,-3.465,5,46,36265756,2.0331254057549774e-15,0,0,0.011692130917687393,-0.005846065458840144,0.8006475359156139,0.265625,3.0142024881528995,0.03568444733685043,9.13521851823371,1.183363914489746
left_impurity_boundary,16,-3.465,5,47,36265757,-4.8591807633470396e-17,0,0,0.0024570018901850523,-0.001228500945090756,0.7991389087641398,0.25390625,3.147377856055689,0.028376505647456418,7.264385445748843,1.1758277416229248
left_impurity_boundary,16,-3.465,5,48,36265758,1.0000000000000016,1,1,0.004153872405883163,-0.0020769362029398053,0.7847933414103494,0.25,3.1391733656413976,0.03668893714754024,9.392367909770302,1.1806249618530273
left_impurity_boundary,16,-3.465,5,49,36265759,6.852549235583723e-16,0,0,0.00299547277548487,-0.0014977363877401837,0.7582753340320615,0.26171875,2.897290828540414,0.030223506816442505,7.737217745009281,1.172544240951538
left_impurity_boundary,16,-3.46,6,0,36266710,0.9999999999999981,1,1,0.007817454349082098,-0.003908727174539273,0.786528734396459,0.265625,2.9610493530219633,0.029378562424380524,7.520911980641414,1.1524393558502197
left_impurity_boundary,16,-3.46,6,1,36266711,-2.9243433321234e-15,0,0,0.007422395906163892,-0.0037111979530797257,0.7487114480339827,0.2734375,2.7381447242385653,0.03600500844035638,9.217282160731234,1.1497981548309326
left_impurity_boundary,16,-3.46,6,2,36266712,-6.0651410800686226e-15,0,0,0.00025477596652196614,-0.00012738798326033602,0.8095650255893189,0.26953125,3.003603573200951,0.029136489838874492,7.45894139875187,1.159557819366455
left_impurity_boundary,16,-3.46,6,3,36266713,-2.8713340874323416e-16,0,0,0.028569005929130142,0.014284502964564183,0.8105690198152831,0.23046875,3.5170452385205504,0.04145121579773809,10.611511244220951,1.1835873126983643
left_impurity_boundary,16,-3.46,6,4,36266714,-2.0314688668583816e-15,0,0,0.0034529869162083296,-0.001726493458103758,0.796204626903452,0.25,3.184818507613808,0.03226717115368952,8.260395815344516,1.1780369281768799
left_impurity_boundary,16,-3.46,6,5,36266715,-6.08115428940238e-15,0,0,0.008778904246277364,-0.004389452123136017,0.7948157267838025,0.265625,2.9922474420096097,0.03497669280650712,8.954033358465823,1.1725995540618896
left_impurity_boundary,16,-3.46,6,6,36266716,2.2241795584956678e-15,0,0,0.006576298126294233,-0.003288149063143564,0.7801174600007168,0.24609375,3.1700011073045,0.028659724587591216,7.336889494423351,1.1592717170715332
left_impurity_boundary,16,-3.46,6,7,36266717,2.9994397621024e-15,0,0,0.014242400128747335,-0.007121200064372779,0.7541445949484004,0.25,3.0165783797936014,0.03517852368228183,9.005702062664149,1.1750054359436035
left_impurity_boundary,16,-3.46,6,8,36266718,-3.5560368313585155e-16,0,0,0.029908894020307386,-0.014954447010151917,0.7274471143286214,0.2578125,2.821613049517077,0.030247430558345063,7.743342222936336,1.1592702865600586
left_impurity_boundary,16,-3.46,6,9,36266719,-2.570948367516343e-15,0,0,0.01619799150311163,-0.008098995751555371,0.7702017936405626,0.265625,2.8995832231174123,0.037924487767008526,9.708668868354183,1.1630253791809082
left_impurity_boundary,16,-3.46,6,10,36266720,-3.6256114650155294e-15,0,0,0.005017756707051291,0.002508878353524757,0.8230262542563004,0.2734375,3.00992458699447,0.02917499139403284,7.468797796872407,1.169785737991333
left_impurity_boundary,16,-3.46,6,11,36266721,1.6465996632160083e-15,0,0,6.486947022756513e-05,-3.243473511177985e-05,0.7689522511708275,0.23046875,3.336470784741218,0.04120729898618022,10.549068540462136,1.1723999977111816
left_impurity_boundary,16,-3.46,6,12,36266722,-1.5535573951905563e-15,0,0,0.026261302334142478,-0.013130651167069018,0.7415716826289448,0.234375,3.164039179216831,0.052516449358527194,13.444211035782962,1.1686158180236816
left_impurity_boundary,16,-3.46,6,13,36266723,0.9999999999999999,1,1,0.016012380690781036,-0.008006190345388298,0.7671452688451238,0.24609375,3.117288711497646,0.026612330230566604,6.812756539025051,1.165062427520752
left_impurity_boundary,16,-3.46,6,14,36266724,3.7040209727877205e-15,0,0,0.03465310273344535,0.017326551366721787,0.740414008967309,0.2265625,3.2680342464763985,0.04485775611918211,11.48358556651062,1.1603925228118896
left_impurity_boundary,16,-3.46,6,15,36266725,2.087515099526532e-15,0,0,0.008299872569057953,-0.004149936284526312,0.8313750322580196,0.26953125,3.0845218588123626,0.03352359151920445,8.582039428916339,1.1509826183319092
left_impurity_boundary,16,-3.46,6,16,36266726,4.128094930316189e-15,0,0,0.056284138918790916,0.02814206945939457,0.8146450256902052,0.21875,3.724091546012367,0.038463689202012034,9.84670443571508,1.1823468208312988
left_impurity_boundary,16,-3.46,6,17,36266727,5.1739231537002e-16,0,0,0.06589867542008321,-0.032949337710041604,0.7852388307150467,0.2109375,3.722613715982444,0.03540820679357595,9.064500939155444,1.1575736999511719
left_impurity_boundary,16,-3.46,6,18,36266728,5.326324732186994e-15,0,0,0.004409583693083086,-0.0022047918465393224,0.822035145039079,0.28125,2.922791626805614,0.03072386261485325,7.865308829402432,1.1621510982513428
left_impurity_boundary,16,-3.46,6,19,36266729,-2.6267185103683938e-15,0,0,0.005366734877699564,-0.002683367438849338,0.7520325909678116,0.2265625,3.319316263582065,0.042021966310437,10.757623375471873,1.1629838943481445
left_impurity_boundary,16,-3.46,6,20,36266730,1.26725225589562e-15,0,0,0.005377928776612251,-0.002688964388303461,0.7667425415497613,0.25,3.066970166199045,0.03846883244863224,9.848021106849853,1.1581165790557861
left_impurity_boundary,16,-3.46,6,21,36266731,5.499709136697331e-16,0,0,0.006673110882202238,-0.0033365554410993425,0.8355037644099322,0.28125,2.9706800512353144,0.03150780891428202,8.065999082056198,1.169025182723999
left_impurity_boundary,16,-3.46,6,22,36266732,0.9999999999999963,1,1,0.007729832377263435,-0.003864916188630829,0.7492431908888045,0.26953125,2.779800824167159,0.033813839502754094,8.656342912705048,1.1384127140045166
left_impurity_boundary,16,-3.46,6,23,36266733,5.908322064524241e-16,0,0,0.011517115409027667,-0.005758557704512057,0.7792235144546407,0.25,3.1168940578185627,0.03438380893116502,8.802255086378246,1.1610496044158936
left_impurity_boundary,16,-3.46,6,24,36266734,-2.0640474651580946e-15,0,0,0.015513461960579455,-0.007756730980287507,0.7730612100622488,0.2734375,2.827195282513367,0.02769023243647666,7.088699503738025,1.1616365909576416
left_impurity_boundary,16,-3.46,6,25,36266735,1.289339441183561e-16,0,0,0.007509058953545811,0.0037545294767724613,0.8170575594490432,0.24609375,3.320106908237382,0.03695875911356392,9.461442333072364,1.155273199081421
left_impurity_boundary,16,-3.46,6,26,36266736,-7.33708686283793e-16,0,0,0.01794472019539395,-0.00897236009769653,0.7296239281576458,0.2421875,3.012640735618666,0.03610189442260876,9.242084972187843,1.160125970840454
left_impurity_boundary,16,-3.46,6,27,36266737,8.614002262297024e-16,0,0,0.024161540307807705,0.012080770153903408,0.7627153080169747,0.265625,2.8713988066521403,0.02724306543861198,6.974224752284667,1.1654767990112305
left_impurity_boundary,16,-3.46,6,28,36266738,0.9999999999999986,1,1,0.008547619161292097,-0.004273809580643828,0.7810623660855555,0.2578125,3.0295752381500334,0.03048849131796541,7.805053777399145,1.1635072231292725
left_impurity_boundary,16,-3.46,6,29,36266739,2.44836448916827e-15,0,0,0.009758166895216469,-0.004879083447606902,0.7581504399410327,0.26953125,2.812848009056585,0.04637101633747921,11.870980182394678,1.1413912773132324
left_impurity_boundary,16,-3.46,6,30,36266740,1.6742086448259346e-15,0,0,0.010465552339955941,-0.005232776169974862,0.8101142485002447,0.25390625,3.190603809477887,0.03626757175269981,9.284498368691152,1.1642653942108154
left_impurity_boundary,16,-3.46,6,31,36266741,-2.981770013872047e-17,0,0,0.012163944093456003,-0.006081972046726669,0.8130586165625615,0.26171875,3.1066120274629214,0.027769455551398137,7.108980621157923,1.1672337055206299
left_impurity_boundary,16,-3.46,6,32,36266742,1.0000000000000036,1,1,0.00953031918831293,-0.004765159594156465,0.7677804249920609,0.234375,3.275863146632793,0.03199035235564166,8.189530203044265,1.1798350811004639
left_impurity_boundary,16,-3.46,6,33,36266743,4.5941345398917465e-15,0,0,0.024916622202496796,-0.01245831110124751,0.7044346323827718,0.234375,3.0055877648331597,0.05343106939643629,13.67835376548769,1.1585783958435059
left_impurity_boundary,16,-3.46,6,34,36266744,3.750404061892397e-15,0,0,0.015003335530778372,-0.007501667765388298,0.6918982423944118,0.25390625,2.7250146161995294,0.03424023231069447,8.765499471537785,1.1609182357788086
left_impurity_boundary,16,-3.46,6,35,36266745,5.744324713761279e-15,0,0,0.0010155921863616462,-0.0005077960931791741,0.7749890606967359,0.26171875,2.9611522319158863,0.03279376833478026,8.395204693703747,1.1735968589782715
left_impurity_boundary,16,-3.46,6,36,36266746,1.0000000000000013,1,1,0.008301209388285713,-0.00415060469414108,0.7850101898380362,0.26953125,2.9125015738918445,0.03319324148998374,8.497469821435837,1.1391222476959229
left_impurity_boundary,16,-3.46,6,37,36266747,-8.216432927114085e-16,0,0,0.007810802594733879,-0.003905401297363831,0.8213073785876168,0.25,3.2852295143504673,0.03555981905504669,9.103313678091952,1.1565477848052979
left_impurity_boundary,16,-3.46,6,38,36266748,5.4751371430644964e-15,0,0,0.003322991435741343,-0.0016614957178690574,0.7635065169085735,0.2734375,2.792252404694212,0.027679903839639197,7.0860553829476345,1.1742351055145264
left_impurity_boundary,16,-3.46,6,39,36266749,-3.003857199159988e-16,0,0,0.01233552417480066,-0.006167762087398998,0.7695140650591491,0.22265625,3.456063169388459,0.0402463052167188,10.303054135480012,1.1573753356933594
left_impurity_boundary,16,-3.46,6,40,36266750,-1.7371571228965666e-15,0,0,0.012238735563506964,-0.006119367781753482,0.7281302469447094,0.25,2.9125209877788376,0.0504475548560856,12.914574043157913,1.1763641834259033
left_impurity_boundary,16,-3.46,6,41,36266751,-3.2650381651898913e-15,0,0,0.011658328395026452,-0.005829164197512782,0.774936375251649,0.26171875,2.960950926334659,0.03135731140622498,8.027471719993596,1.1675217151641846
left_impurity_boundary,16,-3.46,6,42,36266752,0.9999999999999973,1,1,0.005079536204955382,-0.0025397681024763585,0.7433087125721337,0.23828125,3.1194595150568234,0.035392149347735866,9.060390233020382,1.167318344116211
left_impurity_boundary,16,-3.46,6,43,36266753,-4.815006392771157e-15,0,0,0.005069404429558055,-0.0025347022147785836,0.714950496984832,0.24609375,2.9051956702875716,0.041387303428939794,10.595149677808587,1.1538636684417725
left_impurity_boundary,16,-3.46,6,44,36266754,1.9493321465688507e-15,0,0,0.005969603039050142,-0.0029848015195232946,0.7977446048113744,0.2734375,2.9174659833101693,0.027785415102467372,7.113066266231647,1.1610658168792725
left_impurity_boundary,16,-3.46,6,45,36266755,-1.5461029701558762e-16,0,0,0.0220798908173494,-0.011039945408674257,0.7217933915783917,0.20703125,3.4863982687560053,0.046016800706134786,11.780300980770505,1.1834654808044434
left_impurity_boundary,16,-3.46,6,46,36266756,2.5632178526655632e-15,0,0,0.0029638512999155386,-0.0014819256499550614,0.7120814364253565,0.24609375,2.8935372654744644,0.044485213506434335,11.38821465764719,1.18092942237854
left_impurity_boundary,16,-3.46,6,47,36266757,0.9999999999999997,1,1,0.015235695101369018,-0.0076178475506827326,0.8353276299388329,0.2578125,3.2400586858233518,0.05203416063387803,13.320745122272776,1.1732566356658936
left_impurity_boundary,16,-3.46,6,48,36266758,-1.1501901738695322e-15,0,0,0.019392078172686844,-0.009696039086342978,0.7561482047893022,0.265625,2.8466755945009026,0.03173649474784311,8.124542655447836,1.1511178016662598
left_impurity_boundary,16,-3.46,6,49,36266759,2.699054042186401e-15,0,0,0.03055203932838335,0.015276019664190343,0.7788314817371988,0.23828125,3.268538677454474,0.03352875868595522,8.583362223604537,1.176215410232544
left_impurity_boundary,16,-3.455,7,0,36267710,-1.1606815868813042e-15,0,0,0.015269022344067018,-0.0076345111720304,0.6676700467711567,0.265625,2.513581352550237,0.03326139222774355,8.514916410302348,1.1606183052062988
left_impurity_boundary,16,-3.455,7,1,36267711,1.8774107494749925e-17,0,0,0.0064957266147045445,-0.003247863307351828,0.7886881638986307,0.25,3.154752655594523,0.032222067833667524,8.248849365418886,1.1507580280303955
left_impurity_boundary,16,-3.455,7,2,36267712,0.9999999999999983,1,1,0.004020409413164207,0.0020102047065818003,0.7228298143447067,0.24609375,2.9372132138451574,0.04379860827957119,11.212443719570224,1.1693835258483887
left_impurity_boundary,16,-3.455,7,3,36267713,3.523458233058802e-15,0,0,0.0015266394798210394,-0.000763319739908856,0.7891495177638292,0.265625,2.970915831581475,0.036383112059344025,9.31407668719207,1.1720325946807861
left_impurity_boundary,16,-3.455,7,4,36267714,4.360010375839571e-15,0,0,0.00391543458060019,-0.001957717290298236,0.7778589393834124,0.23046875,3.3751167539348064,0.03956096248750329,10.127606396800843,1.1521334648132324
left_impurity_boundary,16,-3.455,7,5,36267715,2.1225785061711387e-15,0,0,0.011375307793749734,-0.005687653896871758,0.8227406034568177,0.265625,3.09737638948449,0.032530631835774926,8.327841749958381,1.1618423461914062
left_impurity_boundary,16,-3.455,7,6,36267716,1.0000000000000013,1,1,0.006904514163156961,-0.003452257081576704,0.8002407290690804,0.2734375,2.92659466630978,0.029746029069850067,7.614983441881617,1.1680560111999512
left_impurity_boundary,16,-3.455,7,7,36267717,-4.065146452245557e-15,0,0,0.011591982815736479,-0.005795991407867795,0.7418294109495316,0.25,2.9673176437981263,0.03784602705272629,9.688582925497931,1.1452465057373047
left_impurity_boundary,16,-3.455,7,8,36267718,-3.7360473914552355e-15,0,0,0.026838231475505125,0.013419115737751675,0.8000745107263194,0.22265625,3.5933171008059257,0.04481734054840996,11.47323918039295,1.1662492752075195
left_impurity_boundary,16,-3.455,7,9,36267719,1.0000000000000087,1,1,0.0013960280179369836,-0.0006980140089657814,0.7488181954006067,0.26171875,2.861156089888885,0.04485523774577615,11.482940862918694,1.1825792789459229
left_impurity_boundary,16,-3.455,7,10,36267720,1.0408586066942237e-15,0,0,0.04192471950480048,-0.02096235975240024,0.8123659237689704,0.23828125,3.4092733849976464,0.03144365514122611,8.049575716153884,1.1588397026062012
left_impurity_boundary,16,-3.455,7,11,36267721,8.956353634260112e-16,0,0,0.00012536242520639452,-6.268121260129234e-05,0.7821684801656048,0.2578125,3.0338656200362855,0.03367411297701381,8.620572922115535,1.162165880203247
left_impurity_boundary,16,-3.455,7,12,36267722,7.244596774444677e-16,0,0,0.023328484796195426,0.011664242398096825,0.7520540421445103,0.21875,3.4379613355177616,0.03946266800851502,10.102443010179845,1.167924404144287
left_impurity_boundary,16,-3.455,7,13,36267723,2.7465414905554744e-15,0,0,0.008578913301188429,-0.004289456650591994,0.7427587168031882,0.265625,2.796268110317885,0.0360390317658267,9.225992132051635,1.172659158706665
left_impurity_boundary,16,-3.455,7,14,36267724,-2.6924278866000188e-15,0,0,0.005781223321982942,-0.002890611660991027,0.7715084364488859,0.2421875,3.1855832214663677,0.04670003100665818,11.955207937704493,1.1654691696166992
left_impurity_boundary,16,-3.455,7,15,36267725,-1.6535019086184898e-15,0,0,0.0056771409436802145,-0.0028385704718374427,0.7426670203819814,0.2578125,2.88064783663314,0.03580008733272241,9.164822357176938,1.1701016426086426
left_impurity_boundary,16,-3.455,7,16,36267726,3.95194962764486e-15,0,0,0.010277923121654098,-0.005138961560823496,0.7693916288512177,0.25390625,3.030219338244796,0.03399757614462862,8.703379493024928,1.1660351753234863
left_impurity_boundary,16,-3.455,7,17,36267727,1.5902773407317583e-16,0,0,0.021574624482770588,-0.010787312241384406,0.7648398217661547,0.26171875,2.9223730503303824,0.03755975112267168,9.61529628740395,1.1698527336120605
left_impurity_boundary,16,-3.455,7,18,36267728,2.0541082317785213e-15,0,0,0.003375929436461345,0.0016879647182273744,0.803194777071355,0.25390625,3.163351737388721,0.0331423512456805,8.484441918894207,1.1597554683685303
left_impurity_boundary,16,-3.455,7,19,36267729,2.1634397989538296e-15,0,0,0.015914230896872716,-0.007957115448435914,0.8265059531574338,0.21484375,3.8470095274236917,0.03631232250432849,9.295954561108093,1.1547675132751465
left_impurity_boundary,16,-3.455,7,20,36267730,-3.347312930387472e-15,0,0,0.0031629085516944044,-0.001581454275844396,0.7844318806149,0.2734375,2.86877944910592,0.026711134785016136,6.838050504964131,1.1509671211242676
left_impurity_boundary,16,-3.455,7,21,36267731,0.9999999999999949,1,1,0.01743824125940563,-0.008719120629701926,0.8089830952220318,0.2578125,3.1378738238915176,0.030985121043051175,7.932190987021101,1.156677484512329
left_impurity_boundary,16,-3.455,7,22,36267732,0.9999999999999991,1,1,0.004870539110636507,-0.002435269555315145,0.78969885091813,0.27734375,2.847364870916074,0.027311166788636952,6.99165869789106,1.181851863861084
left_impurity_boundary,16,-3.455,7,23,36267733,1.0000000000000016,1,1,0.005623943790413755,-0.002811971895204657,0.7868669437112338,0.2421875,3.2489989933883203,0.03666135365663897,9.385306536099577,1.1708674430847168
left_impurity_boundary,16,-3.455,7,24,36267734,1.0000000000000013,1,1,0.00010552676150677607,-5.2763380752657196e-05,0.7484645103369132,0.265625,2.817748744797791,0.048290121248919834,12.362271039723478,1.168280839920044
left_impurity_boundary,16,-3.455,7,25,36267735,1.9436723053388156e-15,0,0,0.006219964549758927,-0.003109982274876799,0.8027331037383336,0.26171875,3.0671593217464688,0.031092018932915536,7.959556846826377,1.1555876731872559
left_impurity_boundary,16,-3.455,7,26,36267736,8.9232228563282e-16,0,0,0.020076597185472167,0.010038298592735195,0.785664807141421,0.2578125,3.04742713073036,0.03486692538679481,8.925932899019472,1.1657135486602783
left_impurity_boundary,16,-3.455,7,27,36267737,-1.054663097499187e-15,0,0,0.028588091556482453,-0.014294045778240339,0.750008948728228,0.24609375,3.0476554107051803,0.034996483345936545,8.959099736559756,1.1511073112487793
left_impurity_boundary,16,-3.455,7,28,36267738,6.322456788673136e-16,0,0,0.06059064669127778,-0.03029532334563889,0.736736119516159,0.23828125,3.0918761737071594,0.03788360071585256,9.698201783258256,1.15793776512146
left_impurity_boundary,16,-3.455,7,29,36267739,-2.6794516652433532e-15,0,0,0.004998244720540335,-0.002499122360267947,0.7728150652127475,0.25,3.09126026085099,0.046703298907741726,11.956044520381882,1.1590542793273926
left_impurity_boundary,16,-3.455,7,30,36267740,2.0607343873649035e-15,0,0,0.005626461272672856,-0.0028132306363355397,0.8138596595976424,0.25390625,3.205354967030715,0.029476441609316846,7.545969051985113,1.1627082824707031
left_impurity_boundary,16,-3.455,7,31,36267741,-3.633341979866309e-16,0,0,0.049358147963492804,-0.024679073981745958,0.7742290060495759,0.24609375,3.1460734214078006,0.02736610710862826,7.0057234198088345,1.1609444618225098
left_impurity_boundary,16,-3.455,7,32,36267742,-5.787946904704962e-15,0,0,0.0011808187713297025,-0.0005904093856612287,0.820293912596491,0.24609375,3.3332578035666933,0.028655970410401962,7.335928425062902,1.1695845127105713
left_impurity_boundary,16,-3.455,7,33,36267743,4.87022435599101e-15,0,0,0.031312309043213915,-0.015656154521606958,0.7685398080902126,0.2578125,2.981002891986279,0.0460008832589575,11.77622611429312,1.171194314956665
left_impurity_boundary,16,-3.455,7,34,36267744,-3.092205940311753e-17,0,0,0.015619915494400338,-0.007809957747199725,0.7465574293466493,0.22265625,3.3529596826796877,0.047492558533584334,12.15809498459759,1.1675927639007568
left_impurity_boundary,16,-3.455,7,35,36267745,-5.131405322020914e-15,0,0,0.03190398588853505,-0.015951992944266635,0.7656770201855814,0.265625,2.88254878187513,0.04933828561789771,12.630601118181813,1.1633577346801758
left_impurity_boundary,16,-3.455,7,36,36267746,-4.2904357421825567e-16,0,0,0.009769189479085227,-0.0048845947395417255,0.7961712407682038,0.265625,2.9973505534802967,0.0277081465168765,7.093285508320384,1.1601102352142334
left_impurity_boundary,16,-3.455,7,37,36267747,0.999999999999998,1,1,0.0012100519296481356,-0.000605025964821426,0.8119166701705585,0.26953125,3.012328515415405,0.028654939238360086,7.335664445020182,1.1814754009246826
left_impurity_boundary,16,-3.455,7,38,36267748,1.766974823035287e-15,0,0,0.07564200125428178,-0.037821000627139334,0.8246837330083976,0.234375,3.5186505941691633,0.04594821109264556,11.762742039717264,1.1662828922271729
left_impurity_boundary,16,-3.455,7,39,36267749,0.9999999999999979,1,1,0.01733633387124378,-0.008668166935621002,0.7868023675851294,0.28125,2.7975195291915713,0.031151543774172917,7.974795206188267,1.1694815158843994
left_impurity_boundary,16,-3.455,7,40,36267750,0.999999999999999,1,1,0.022467995452390532,-0.011233997726194822,0.8114814883272653,0.19921875,4.0733188433682335,0.06195769510684615,15.861169947352614,1.16739821434021
left_impurity_boundary,16,-3.455,7,41,36267751,1.0397542474298267e-15,0,0,0.03486693128092888,-0.01743346564046444,0.7652467216108055,0.234375,3.2650526788727703,0.03899390380717705,9.982439374637325,1.1480696201324463
left_impurity_boundary,16,-3.455,7,42,36267752,-1.9436723053388156e-15,0,0,0.005827980851024428,-0.0029139904255099935,0.8358864429774112,0.25390625,3.292106606187958,0.04431413777466078,11.34441927031316,1.1609430313110352
left_impurity_boundary,16,-3.455,7,43,36267753,1.944776664603213e-15,0,0,0.006065828104881099,-0.0030329140524392173,0.7724533466775776,0.23828125,3.2417714221222926,0.04647489227279501,11.897572421835523,1.163733720779419
left_impurity_boundary,16,-3.455,7,44,36267754,3.5350540053349714e-15,0,0,0.03402469764810867,-0.017012348824054335,0.7413525512579917,0.25,2.965410205031967,0.048702149584928044,12.46775029374158,1.160048246383667
left_impurity_boundary,16,-3.455,7,45,36267755,-4.2981662570333356e-15,0,0,0.006399595418482562,-0.0031997977092386165,0.7994273285906579,0.2578125,3.1008090321092183,0.04827515665409251,12.358440103447682,1.1536052227020264
left_impurity_boundary,16,-3.455,7,46,36267756,1.0000000000000002,1,1,0.0031266408759770188,-0.0015633204379856287,0.7788270989943529,0.2734375,2.8482819620364905,0.030256396751496585,7.745637568383126,1.1632177829742432
left_impurity_boundary,16,-3.455,7,47,36267757,2.2484754623124028e-15,0,0,0.019443633320198828,-0.00972181666009675,0.7597014338718064,0.25390625,2.9920548780181915,0.044552348609032115,11.405401243912221,1.167860507965088
left_impurity_boundary,16,-3.455,7,48,36267758,1.0000000000000007,1,1,0.0005617981403539169,-0.00028089907017600675,0.7813330413445919,0.2578125,3.030625130063872,0.03130740610107846,8.014695961876086,1.1422455310821533
left_impurity_boundary,16,-3.455,7,49,36267759,3.4897752754946922e-16,0,0,0.012299571724634362,-0.006149785862316293,0.7977043686557117,0.265625,3.003122329056797,0.029097931488589426,7.449070461078893,1.1681585311889648
left_impurity_boundary,16,-3.45,8,0,36268710,2.69187570696782e-15,0,0,0.0011730407009338264,-0.0005865203504663075,0.7789800518513392,0.28125,2.7697068510269838,0.028933933783967438,7.407087048695664,1.1749134063720703
left_impurity_boundary,16,-3.45,8,1,36268711,1.000000000000002,1,1,0.004057003752307331,-0.0020285018761523332,0.7314850682338037,0.23046875,3.17390131301447,0.025308020290551538,6.478853194381194,1.1776001453399658
left_impurity_boundary,16,-3.45,8,2,36268712,0.9999999999999954,1,1,0.019763330834327242,-0.009881665417160512,0.8380143644860901,0.25,3.3520574579443605,0.0346674613345661,8.874870101648922,1.168236494064331
left_impurity_boundary,16,-3.45,8,3,36268713,1.9326287126948453e-16,0,0,0.028184632316197167,-0.014092316158096807,0.8205069036530345,0.26171875,3.1350711542563707,0.031304064935304556,8.013840623437966,1.1594808101654053
left_impurity_boundary,16,-3.45,8,4,36268714,0.9999999999999974,1,1,0.0027904775464176277,-0.0013952387732080757,0.7599729802313401,0.26953125,2.8196098976698996,0.03511426339320897,8.989251428661497,1.16518235206604
left_impurity_boundary,16,-3.45,8,5,36268715,0.9999999999999959,1,1,0.0027792143222253986,-0.001389607161109907,0.7984728999220776,0.26953125,2.9624501794210416,0.02550731246374507,6.529871990718738,1.1467351913452148
left_impurity_boundary,16,-3.45,8,6,36268716,0.9999999999999988,1,1,0.01636761549009247,-0.008183807745043126,0.7891277166532922,0.26171875,3.0151745591528774,0.031860671351828254,8.156331866068033,1.1599009037017822
left_impurity_boundary,16,-3.45,8,7,36268717,0.9999999999999981,1,1,0.020024729103572447,-0.010012364551783115,0.7809548650824002,0.265625,2.9400653744278595,0.029749993733046775,7.615998395659974,1.1573905944824219
left_impurity_boundary,16,-3.45,8,8,36268718,8.75839723611694e-15,0,0,0.008293756136334096,-0.00414687806816616,0.7594092009347426,0.2265625,3.351875093780933,0.04507798251724404,11.539963524414475,1.158125877380371
left_impurity_boundary,16,-3.45,8,9,36268719,-5.780768569486381e-15,0,0,0.00908507466428432,-0.004542537332141272,0.7816591880393602,0.265625,2.942716943207003,0.03737053348114016,9.566856571171881,1.1625442504882812
left_impurity_boundary,16,-3.45,8,10,36268720,-2.1598506313445393e-15,0,0,0.0062743930459534525,-0.003137196522975394,0.761228571778125,0.2578125,2.9526441572,0.028083377936253255,7.189344751680833,1.1570353507995605
left_impurity_boundary,16,-3.45,8,11,36268721,-1.7167264765052212e-15,0,0,0.0030715830442389,-0.0015357915221190887,0.7538738956541234,0.23828125,3.1637986440566492,0.054503403696610817,13.952871346332369,1.1535396575927734
left_impurity_boundary,16,-3.45,8,12,36268722,2.6256141511039968e-15,0,0,0.010642663949131048,-0.005321331974563748,0.7819234260239621,0.24609375,3.1773396359068937,0.03346568086630775,8.567214301774785,1.1580026149749756
left_impurity_boundary,16,-3.45,8,13,36268723,1.0000000000000069,1,1,0.0004240169290114906,-0.00021200846450358525,0.7852434051509909,0.2578125,3.0457926017977828,0.029946412086238036,7.666281494076937,1.1747932434082031
left_impurity_boundary,16,-3.45,8,14,36268724,2.6322403066903793e-15,0,0,0.0003496389991187283,-0.00017481949955884936,0.818992909082722,0.26953125,3.0385823873214037,0.02595362097396798,6.644126969335803,1.1797668933868408
left_impurity_boundary,16,-3.45,8,15,36268725,1.0000000000000004,1,1,0.0047100468511995786,-0.002355023425598013,0.7797630535181949,0.27734375,2.811540023952928,0.03458090609586397,8.852711960541177,1.1631958484649658
left_impurity_boundary,16,-3.45,8,16,36268726,-2.6891148088068273e-16,0,0,0.044860732400691994,-0.022430366200345553,0.6918821670769552,0.22265625,3.1074006100298335,0.022096565776790728,5.656720838858426,1.168694019317627
left_impurity_boundary,16,-3.45,8,17,36268727,-8.707872799770775e-16,0,0,0.0020931242669257073,-0.001046562133460127,0.7757309420550584,0.23828125,3.25552657649336,0.033805866434807375,8.654301807310688,1.1717333793640137
left_impurity_boundary,16,-3.45,8,18,36268728,-2.1435613321946827e-15,0,0,0.0012957419484585534,-0.0006478709742286212,0.7881344316409562,0.28125,2.802255756945622,0.027060035475889026,6.927369081827591,1.1618788242340088
left_impurity_boundary,16,-3.45,8,19,36268729,5.212575727954097e-16,0,0,0.016508048904752215,-0.008254024452373443,0.7905444248719351,0.25390625,3.1135288118033135,0.03210938814030504,8.22000336391809,1.1680612564086914
left_impurity_boundary,16,-3.45,8,20,36268730,3.638311596556096e-15,0,0,0.005751811514420169,-0.002875905757208308,0.8003052131177768,0.26171875,3.0578826053455352,0.025925866643001855,6.637021860608475,1.1549773216247559
left_impurity_boundary,16,-3.45,8,21,36268731,-7.733275748940374e-16,0,0,0.006768658357741764,-0.0033843291788695495,0.7952865374025063,0.2421875,3.283763767339381,0.037583272534233395,9.621317768763749,1.1695735454559326
left_impurity_boundary,16,-3.45,8,22,36268732,4.51020323579757e-15,0,0,0.0003362555378549595,-0.0001681277689256839,0.8560433328491743,0.265625,3.2227513707263036,0.0314593389396783,8.053590768557644,1.1657602787017822
left_impurity_boundary,16,-3.45,8,23,36268733,1.0000000000000027,1,1,0.029078645596174013,-0.014539322798086118,0.7526522067764612,0.2109375,3.5681289802735936,0.04439440476454094,11.364967619722481,1.1626996994018555
left_impurity_boundary,16,-3.45,8,24,36268734,3.593585046348015e-15,0,0,0.02596141735974733,-0.012980708679872777,0.7913088311476317,0.2578125,3.069319102633238,0.030743217340008913,7.870263639042282,1.1526525020599365
left_impurity_boundary,16,-3.45,8,25,36268735,0.9999999999999989,1,1,0.007034755758557942,-0.003517377879278527,0.7340474905256695,0.21875,3.3556456709744893,0.04760341801549018,12.186475011965486,1.1672394275665283
left_impurity_boundary,16,-3.45,8,26,36268736,2.9569219304231134e-15,0,0,0.009292679583184693,-0.00464633979159057,0.8104091909959308,0.24609375,3.2930913157929886,0.051611286240790456,13.212489277642357,1.1473140716552734
left_impurity_boundary,16,-3.45,8,27,36268737,1.0000000000000013,1,1,0.0014488448283362437,-0.0007244224141661761,0.8094508878840463,0.26953125,3.0031801057726937,0.029838039531705142,7.638538120116516,1.158198356628418
left_impurity_boundary,16,-3.45,8,28,36268738,0.9999999999999966,1,1,0.022873136905880997,-0.01143656845293961,0.7841384668237705,0.25,3.136553867295082,0.034879590570950574,8.929175186163347,1.1674418449401855
left_impurity_boundary,16,-3.45,8,29,36268739,2.6504622345529306e-17,0,0,0.004639754921793582,-0.002319877460896791,0.7128300891471779,0.1875,3.8017604754516157,0.062040078350227325,15.882260057658195,1.1626899242401123
left_impurity_boundary,16,-3.45,8,30,36268740,-1.8994979347629337e-15,0,0,0.00815277113991808,-0.004076385569957708,0.7400333980715034,0.203125,3.6432413443520164,0.04805207787082583,12.301331934931412,1.1616179943084717
left_impurity_boundary,16,-3.45,8,31,36268741,-2.532295793262446e-15,0,0,0.000686055628537313,-0.0003430278142670716,0.7869024551688135,0.28125,2.7978753961557814,0.0245350114671595,6.280962935592832,1.1608250141143799
left_impurity_boundary,16,-3.45,8,32,36268742,1.0380977085332311e-15,0,0,0.014502736363717794,-0.007251368181856677,0.8200682534573122,0.2265625,3.619611601466757,0.03308006384377601,8.468496344006658,1.1672470569610596
left_impurity_boundary,16,-3.45,8,33,36268743,0.9999999999999957,1,1,0.03248996219005651,-0.016244981095025146,0.8211426857579446,0.27734375,2.9607398247047017,0.031155076777452547,7.975699655027852,1.1509172916412354
left_impurity_boundary,16,-3.45,8,34,36268744,2.3931465259484168e-15,0,0,0.015273545357740836,-0.007636772678869086,0.8246549366397262,0.25,3.298619746558905,0.03732166274208689,9.554345661974244,1.1553761959075928
left_impurity_boundary,16,-3.45,8,35,36268745,-8.470435557925407e-16,0,0,0.017382689590165867,-0.008691344795082934,0.797429631277185,0.25,3.18971852510874,0.04584837744303175,11.737184625416129,1.1661384105682373
left_impurity_boundary,16,-3.45,8,36,36268746,2.4892257819509607e-15,0,0,0.014097395872187057,-0.007048697936091308,0.7656992042299567,0.26171875,2.9256566609383423,0.039254981456336685,10.049275252822191,1.155975580215454
left_impurity_boundary,16,-3.45,8,37,36268747,8.834874115176435e-16,0,0,0.01801386291992202,-0.00900693145996101,0.780435327364102,0.23828125,3.275269570577215,0.04712263608969734,12.06339483896252,1.15822434425354
left_impurity_boundary,16,-3.45,8,38,36268748,-2.3600157480165055e-15,0,0,0.0010737212242535868,-0.0005368606121264105,0.7458867347427898,0.234375,3.182450068235903,0.04101083766113905,10.498774441251596,1.1575849056243896
left_impurity_boundary,16,-3.45,8,39,36268749,-3.2070593038090463e-15,0,0,0.010335322127250635,0.005167661063624429,0.7545177009978391,0.23046875,3.273839516194014,0.039045185497187,9.995567487279873,1.1660914421081543
left_impurity_boundary,16,-3.45,8,40,36268750,1.3572575359439799e-15,0,0,0.007425600718176106,-0.0037128003590849445,0.7904653827537351,0.28125,2.8105435831243915,0.024077755675786367,6.16390545300131,1.1640961170196533
left_impurity_boundary,16,-3.45,8,41,36268751,1.0000000000000044,1,1,0.00013430577745533295,-6.715288872565962e-05,0.7507393743764943,0.2578125,2.9119587854603415,0.04268657214576643,10.927762469316207,1.1756372451782227
left_impurity_boundary,16,-3.45,8,42,36268752,-8.72443818873673e-16,0,0,0.014365264022721647,-0.007182632011359047,0.7464225630564529,0.25,2.9856902522258117,0.04624354129395137,11.83834657125155,1.1675264835357666
left_impurity_boundary,16,-3.45,8,43,36268753,0.9999999999999972,1,1,0.008352916687854872,-0.004176458343926548,0.7843181901076132,0.2578125,3.0422038889022573,0.026670644803312653,6.827685069648039,1.1691138744354248
left_impurity_boundary,16,-3.45,8,44,36268754,5.28988087646189e-16,0,0,0.002563706000035094,-0.0012818530000145868,0.7828383100511391,0.2578125,3.036463748077146,0.03368660341023823,8.623770473020986,1.1601600646972656
left_impurity_boundary,16,-3.45,8,45,36268755,-3.4146788455156925e-15,0,0,0.0004998793662565571,-0.0002499396831261456,0.7241604978976037,0.24609375,2.942620435901374,0.03720050566456355,9.52332945012827,1.1624248027801514
left_impurity_boundary,16,-3.45,8,46,36268756,1.4754239772344648e-15,0,0,0.00015483591151766466,-7.741795575596719e-05,0.8794258515109552,0.2421875,3.6311777094645894,0.03725087426164641,9.53622381098148,1.1379120349884033
left_impurity_boundary,16,-3.45,8,47,36268757,-5.963540027744093e-17,0,0,0.00848407158363873,-0.004242035791818033,0.7535151097880062,0.265625,2.8367627662607293,0.03744831957692024,9.586769811691582,1.1665689945220947
left_impurity_boundary,16,-3.45,8,48,36268758,-2.4745930216976998e-15,0,0,0.029247026524011233,-0.014623513262004728,0.8087610836219367,0.265625,3.0447476089296437,0.0370227673447817,9.477828440264116,1.162038803100586
left_impurity_boundary,16,-3.45,8,49,36268759,0.9999999999999954,1,1,0.010263697107227188,-0.005131848553612706,0.7770048988669597,0.21875,3.552022394820387,0.027753278285858676,7.104839241179821,1.1652138233184814
left_impurity_boundary,16,-3.445,9,0,36269710,-3.039196695620694e-15,0,0,0.007919454206807508,-0.00395972710340331,0.7897286644678754,0.203125,3.8878949635341558,0.046847364996158714,11.99292543901663,1.1678524017333984
left_impurity_boundary,16,-3.445,9,1,36269711,-5.243497787357215e-15,0,0,0.03761087021719156,-0.018805435108594892,0.7951721425392168,0.22265625,3.571299447193675,0.04781372496506081,12.240313591055568,1.1543452739715576
left_impurity_boundary,16,-3.445,9,2,36269712,0.9999999999999978,1,1,0.0032417397704519353,-0.0016208698852241512,0.7513091647613988,0.234375,3.2055857696486347,0.03877281980756872,9.925841870737592,1.1679940223693848
left_impurity_boundary,16,-3.445,9,3,36269713,1.0000000000000038,1,1,0.02652453009147404,-0.0132622650457348,0.7425479672469948,0.26171875,2.837198203212398,0.030069299547953628,7.697740684276129,1.1609392166137695
left_impurity_boundary,16,-3.445,9,4,36269714,0.9999999999999952,1,1,0.008244011579627397,-0.004122005789811034,0.7755452795619159,0.25390625,3.0544552548900072,0.05097998839375878,13.050877028802248,1.1667494773864746
left_impurity_boundary,16,-3.445,9,5,36269715,0.9999999999999996,1,1,0.010262980456038129,-0.005131490228017732,0.8238920566352523,0.2578125,3.1957025227064335,0.027883307264676523,7.13812665975719,1.164693832397461
left_impurity_boundary,16,-3.445,9,6,36269716,1.4489193548889355e-15,0,0,0.006775996473355583,-0.003387998236674683,0.7480787989070747,0.2421875,3.0888414922614698,0.05282448215219174,13.523067430961085,1.1678814888000488
left_impurity_boundary,16,-3.445,9,7,36269717,0.999999999999998,1,1,0.0156410881143767,-0.007820544057187462,0.7878145786679203,0.2578125,3.055765638469509,0.040824929715119945,10.451182007070706,1.1686387062072754
left_impurity_boundary,16,-3.445,9,8,36269718,0.9999999999999954,1,1,0.010964792520478994,-0.005482396260238609,0.7848297933463149,0.2578125,3.044188289343282,0.029259625999005567,7.490464255745425,1.1817963123321533
left_impurity_boundary,16,-3.445,9,9,36269719,-4.6598439161233715e-15,0,0,0.02109687713458186,-0.010548438567289153,0.7478982151751363,0.2578125,2.9009385315884075,0.04386722342911626,11.230009197853763,1.178457260131836
left_impurity_boundary,16,-3.445,9,10,36269720,3.466583730942354e-15,0,0,0.004012696743106836,-0.002006348371550364,0.7783213722150287,0.26171875,2.9738846460753336,0.039424611295894946,10.092700491749106,1.1583917140960693
left_impurity_boundary,16,-3.445,9,11,36269721,1.0,1,1,0.0013701813605906592,-0.0006850906802919883,0.7448009156910471,0.24609375,3.0264926097921916,0.029712799950325563,7.606476787283344,1.18644380569458
left_impurity_boundary,16,-3.445,9,12,36269722,1.4997198810512e-15,0,0,0.014170221209655942,-0.007085110604827527,0.8011238187459881,0.28125,2.84844024443018,0.02616809237576577,6.699031648196037,1.1807386875152588
left_impurity_boundary,16,-3.445,9,13,36269723,8.879048485752318e-16,0,0,0.00893747523202748,-0.00446873761601374,0.8153430321372576,0.2109375,3.865329930132184,0.038783833314010405,9.928661328386664,1.1768224239349365
left_impurity_boundary,16,-3.445,9,14,36269724,4.051341961440594e-15,0,0,0.012234758446997063,-0.006117379223496755,0.7996983911200296,0.265625,3.0106292371577585,0.04321705669262861,11.063566513312924,1.1654472351074219
left_impurity_boundary,16,-3.445,9,15,36269725,-3.3550434452382513e-15,0,0,0.0031039393002689304,-0.001551969650131965,0.8026210150509312,0.25390625,3.161091997739052,0.029747368349922535,7.615326297580169,1.1687588691711426
left_impurity_boundary,16,-3.445,9,16,36269726,0.9999999999999968,1,1,0.014575721164564293,-0.007287860582280814,0.6997302836778191,0.2421875,2.8892089132503496,0.03146613825510914,8.05533139330794,1.1689515113830566
left_impurity_boundary,16,-3.445,9,17,36269727,-3.1739285258771346e-15,0,0,0.0011544560931175823,-0.0005772280465561313,0.8319791391912986,0.26171875,3.1789053676563053,0.027873079268629662,7.1355082927691935,1.172457218170166
left_impurity_boundary,16,-3.445,9,18,36269728,3.689664302350559e-15,0,0,0.004570884789933061,-0.002285442394963866,0.8064670301507646,0.265625,3.03611117233229,0.03451427104338584,8.835653387106776,1.189584732055664
left_impurity_boundary,16,-3.445,9,19,36269729,1.0000000000000024,1,1,0.00016800303707395367,-8.400151853595152e-05,0.7656265080458663,0.2578125,2.9697028190869967,0.03432762398453691,8.78787174004145,1.1814360618591309
left_impurity_boundary,16,-3.445,9,20,36269730,1.0000000000000018,1,1,0.013779387215426375,-0.006889693607710079,0.7611708930173915,0.25,3.044683572069566,0.0360989325840574,9.241326741518694,1.1720521450042725
left_impurity_boundary,16,-3.445,9,21,36269731,1.0000000000000018,1,1,0.002637911389679156,-0.0013189556948393257,0.7741793273757158,0.2265625,3.4170673760031596,0.03738335193895879,9.57013809637345,1.1751699447631836
left_impurity_boundary,16,-3.445,9,22,36269732,5.774694593532198e-15,0,0,0.008768526563723178,-0.0043842632818593685,0.7089402578927178,0.17578125,4.033082356011906,0.05482706894637591,14.035729650272232,1.1603341102600098
left_impurity_boundary,16,-3.445,9,23,36269733,0.9999999999999958,1,1,0.020217037882571454,-0.010108518941284395,0.7925814249789009,0.25390625,3.1215514583784407,0.02916111595451979,7.4652456843570665,1.1715447902679443
left_impurity_boundary,16,-3.445,9,24,36269734,-4.700843253814112e-15,0,0,0.13334767475017628,-0.06667383737508725,0.6773920706398747,0.203125,3.3348532708424603,0.03149982612630636,8.063955488334429,1.1741580963134766
left_impurity_boundary,16,-3.445,9,25,36269735,1.987846675914698e-17,0,0,0.012258185057752335,-0.006129092528875724,0.7918471661964818,0.25390625,3.118659608404605,0.03635670531988805,9.30731656189134,1.1623263359069824
left_impurity_boundary,16,-3.445,9,26,36269736,-1.3475943923805056e-15,0,0,0.01373047269501182,-0.0068652363475045775,0.7770713488058895,0.24609375,3.1576232586398048,0.032431861800921696,8.302556621035954,1.161510944366455
left_impurity_boundary,16,-3.445,9,27,36269737,1.000000000000003,1,1,0.015091216586325729,-0.0075456082931602,0.8152001422188743,0.265625,3.0689887707063503,0.03564384811193477,9.124825116655302,1.164879560470581
left_impurity_boundary,16,-3.445,9,28,36269738,2.7161716107845555e-15,0,0,0.013412118159287445,-0.006706059079642834,0.8008652347673955,0.25390625,3.1541769246223574,0.03391837366429141,8.6831036580586,1.170745849609375
left_impurity_boundary,16,-3.445,9,29,36269739,4.787397411161231e-16,0,0,0.012444401677346839,-0.006222200838672087,0.8375525972714585,0.2421875,3.4582816919595705,0.02533030215424354,6.484557351486346,1.1789917945861816
left_impurity_boundary,16,-3.445,9,30,36269740,2.473764752249402e-15,0,0,0.0014149952471404186,-0.0007074976235685764,0.8102428326100073,0.265625,3.050325958061204,0.03539908388028089,9.062165473351907,1.1776881217956543
left_impurity_boundary,16,-3.445,9,31,36269741,2.2230751992312707e-15,0,0,0.011228689860515395,0.005614344930256365,0.7765050457456472,0.2421875,3.20621438243364,0.036901274445536175,9.44672625805726,1.1527519226074219
left_impurity_boundary,16,-3.445,9,32,36269742,2.226388277024462e-15,0,0,0.005386028034841672,-0.0026930140174172834,0.7979894500339556,0.265625,3.004195576598421,0.03503107671735496,8.96795563964287,1.1861917972564697
left_impurity_boundary,16,-3.445,9,33,36269743,-3.8012045880546614e-15,0,0,0.029843246333391527,-0.014921623166694431,0.7783176973611615,0.25390625,3.065374315760882,0.032430609654718646,8.302236071607973,1.1824734210968018
left_impurity_boundary,16,-3.445,9,34,36269744,1.1612337665135027e-15,0,0,0.03537283076460884,-0.017686415382303977,0.826309025138119,0.25390625,3.25438631439013,0.048037058845881844,12.297487064545752,1.165318250656128
left_impurity_boundary,16,-3.445,9,35,36269745,0.999999999999998,1,1,0.02119942503462724,-0.01059971251731362,0.7573121529934992,0.22265625,3.4012615994093998,0.03706077054816724,9.487557260330814,1.167466402053833
left_impurity_boundary,16,-3.445,9,36,36269746,4.972929767579936e-15,0,0,0.009169017027328863,-0.004584508513662655,0.7723948982960996,0.25390625,3.0420475994431,0.04446315039657292,11.382566501522668,1.1724953651428223
left_impurity_boundary,16,-3.445,9,37,36269747,0.9999999999999954,1,1,0.02364701245230094,-0.011823506226148695,0.8087768276730903,0.27734375,2.9161530687931143,0.03151739331327948,8.068452688199548,1.181575059890747
left_impurity_boundary,16,-3.445,9,38,36269748,1.0000000000000044,1,1,0.013591446402494434,-0.006795723201244108,0.7699862615863903,0.26953125,2.856760622697332,0.034743608014356775,8.894363651675334,1.1539711952209473
left_impurity_boundary,16,-3.445,9,39,36269749,0.999999999999998,1,1,0.005060564489204111,-0.0025302822446002793,0.824650030157915,0.2734375,3.0158629674346606,0.02722380520098299,6.969294131451646,1.1611051559448242
left_impurity_boundary,16,-3.445,9,40,36269750,0.9999999999999978,1,1,0.018564417053682725,0.00928220852684003,0.8243379899396808,0.25390625,3.246623468070127,0.03814204016919964,9.764362283315108,1.1726207733154297
left_impurity_boundary,16,-3.445,9,41,36269751,0.9999999999999989,1,1,0.004805823606121251,-0.002402911803057073,0.7846122318332335,0.23828125,3.292798874578816,0.04524442243268575,11.582572142767551,1.1839139461517334
left_impurity_boundary,16,-3.445,9,42,36269752,0.9999999999999983,1,1,0.02670895434881171,-0.013354477174403634,0.7757631425478774,0.25390625,3.0553132998808707,0.03103614187898162,7.945252321019295,1.2068359851837158
left_impurity_boundary,16,-3.445,9,43,36269753,-1.96078987393697e-15,0,0,0.002466505221788668,0.001233252610892101,0.863738880952192,0.265625,3.251722845937664,0.03238000512050564,8.289281310849443,1.1730825901031494
left_impurity_boundary,16,-3.445,9,44,36269754,1.0000000000000007,1,1,0.0172665016897664,-0.008633250844882312,0.8014398755234405,0.234375,3.4194768022333464,0.034510741243566075,8.834749758352915,1.159360408782959
left_impurity_boundary,16,-3.445,9,45,36269755,-1.380449080496318e-15,0,0,0.0010143106149568086,-0.0005071553074753894,0.7346816113064116,0.2265625,3.2427326292145064,0.03520965931231872,9.013672783953592,1.1841604709625244
left_impurity_boundary,16,-3.445,9,46,36269756,3.4933644431039823e-15,0,0,0.0021451462289163916,-0.0010725731144567512,0.7109925105130549,0.28125,2.527973370713084,0.025863747144999217,6.6211192691197995,1.1912405490875244
left_impurity_boundary,16,-3.445,9,47,36269757,-1.6388691483652289e-15,0,0,0.022774084985320187,-0.011387042492660093,0.7280155918347153,0.2109375,3.451333176105317,0.05268184251007609,13.48655168257948,1.1686174869537354
left_impurity_boundary,16,-3.445,9,48,36269758,1.0000000000000009,1,1,0.005574512975485391,-0.0027872564877400308,0.81382542505523,0.26171875,3.109541922599088,0.030895213574381537,7.909174675041673,1.1619787216186523
left_impurity_boundary,16,-3.445,9,49,36269759,-3.04803156973587e-16,0,0,0.030284137618254547,-0.015142068809126386,0.7887783362140531,0.2578125,3.0595038495575393,0.04547562940492674,11.641761127661246,1.1666851043701172
